============================================================
  Generated by:           Genus(TM) Synthesis Solution GENUS15.20 - 15.20-p004_1
  Generated on:           Jan 04 2026  07:26:09 am
  Module:                 FFT_8Points
  Wireload mode:          enclosed
  Area mode:              timing library
============================================================

                                                     Leakage    Dynamic     Total   
                   Instance                   Cells Power(nW)  Power(nW)  Power(nW) 
------------------------------------------------------------------------------------
FFT_8Points                                   67303 10863.675 173337.106 184200.781 
  BFU8_07                                     28446  5283.895  51307.229  56591.124 
    INPUT_DATA_5                               5267  1553.168  11995.367  13548.536 
      mul1_sub                                 1513   643.451   4399.997   5043.448 
        MAN_MUL_UNIT                           1117   600.119   4193.424   4793.544 
          MUL_UNIT_MAN_UNIT                    1109   598.865   4192.479   4791.344 
            u_booth                             371   388.053   4067.068   4455.121 
            u_wallace                           394   165.464      0.000    165.464 
              STAGE_GEN[0].u_stage              116    55.382      0.000     55.382 
              STAGE_GEN[1].u_stage               85    38.365      0.000     38.365 
              STAGE_GEN[2].u_stage               61    27.338      0.000     27.338 
              STAGE_GEN[3].u_stage               45    18.370      0.000     18.370 
              STAGE_GEN[4].u_stage               44    15.048      0.000     15.048 
              STAGE_GEN[5].u_stage               43    10.961      0.000     10.961 
            u_cla                               282    34.596     94.531    129.127 
              cla_tree                          201    18.423     29.620     48.042 
                MULTI_GROUP.next_level           32     3.334      3.781      7.115 
                  COMPUTE_DE..Y[1].cla_unit      11     1.149      0.945      2.094 
                  COMPUTE_DE..Y[2].cla_unit       8     0.790      2.206      2.996 
                  COMPUTE_DE..Y[0].cla_unit       2     0.296      0.000      0.296 
                  MULTI_GROUP.next_level          1     0.148      0.000      0.148 
                    COMPUTE_DE..Y[0].cla_unit     1     0.148      0.000      0.148 
                COMPUTE_DE..Y[3].cla_unit        11     1.174      0.000      1.174 
                COMPUTE_DE..Y[5].cla_unit        11     1.174      0.000      1.174 
                COMPUTE_DE..Y[2].cla_unit        11     1.114      0.000      1.114 
                COMPUTE_DE..Y[4].cla_unit        11     1.114      0.000      1.114 
                COMPUTE_DE..Y[6].cla_unit        11     1.070      0.630      1.700 
                COMPUTE_DE..Y[8].cla_unit        11     1.041      2.206      3.246 
                COMPUTE_DE..Y[9].cla_unit        11     0.915      3.781      4.697 
                COMPUTE_DE..[10].cla_unit        11     0.915      2.521      3.436 
                COMPUTE_DE..Y[7].cla_unit        11     0.884      1.576      2.459 
                COMPUTE_DE..[11].cla_unit         7     0.538      2.521      3.058 
            u_merge                              62    10.752     30.880     41.632 
              csa_row[27].u_fa                    2     0.274      0.000      0.274 
              csa_row[28].u_fa                    2     0.274      0.000      0.274 
              csa_row[30].u_fa                    2     0.274      0.000      0.274 
              csa_row[31].u_fa                    2     0.274      0.000      0.274 
              csa_row[33].u_fa                    2     0.274      0.000      0.274 
              csa_row[38].u_fa                    2     0.274      0.000      0.274 
              csa_row[39].u_fa                    2     0.274      0.000      0.274 
              csa_row[40].u_fa                    2     0.274      0.000      0.274 
              csa_row[43].u_fa                    2     0.274      0.000      0.274 
              csa_row[10].u_fa                    1     0.257      0.945      1.203 
              csa_row[11].u_fa                    1     0.257      0.945      1.203 
              csa_row[12].u_fa                    1     0.257      0.000      0.257 
              csa_row[13].u_fa                    1     0.257      0.945      1.203 
              csa_row[14].u_fa                    1     0.257      0.000      0.257 
              csa_row[15].u_fa                    1     0.257      0.000      0.257 
              csa_row[16].u_fa                    1     0.257      0.000      0.257 
              csa_row[17].u_fa                    1     0.257      0.945      1.203 
              csa_row[18].u_fa                    1     0.257      0.945      1.203 
              csa_row[19].u_fa                    1     0.257      0.945      1.203 
              csa_row[20].u_fa                    1     0.257      0.000      0.257 
              csa_row[21].u_fa                    1     0.257      0.945      1.203 
              csa_row[22].u_fa                    1     0.257      0.000      0.257 
              csa_row[23].u_fa                    1     0.257      0.000      0.257 
              csa_row[24].u_fa                    1     0.257      0.000      0.257 
              csa_row[29].u_fa                    1     0.257      0.000      0.257 
              csa_row[45].u_fa                    1     0.257      0.945      1.203 
              csa_row[6].u_fa                     1     0.257      0.630      0.888 
              csa_row[7].u_fa                     1     0.257      0.000      0.257 
              csa_row[8].u_fa                     1     0.257      0.000      0.257 
              csa_row[9].u_fa                     1     0.257      0.945      1.203 
              csa_row[25].u_fa                    2     0.251      2.206      2.456 
              csa_row[26].u_fa                    2     0.251      2.206      2.456 
              csa_row[41].u_fa                    2     0.251      2.206      2.456 
              csa_row[44].u_fa                    2     0.251      2.206      2.456 
              csa_row[34].u_fa                    2     0.250      2.206      2.456 
              csa_row[35].u_fa                    2     0.250      2.206      2.456 
              csa_row[36].u_fa                    2     0.250      2.206      2.456 
              csa_row[37].u_fa                    2     0.250      2.206      2.456 
              csa_row[42].u_fa                    2     0.250      2.206      2.456 
              csa_row[46].u_fa                    2     0.250      1.891      2.141 
              csa_row[32].u_fa                    2     0.227      0.000      0.227 
              csa_row[47].u_fa                    1     0.154      0.000      0.154 
        NOR_UNIT                                178    20.270     56.404     76.673 
          SHF_left_unit                         124    14.419     26.784     41.203 
        MAN_ROUNDING_UNIT                        24     5.544      2.836      8.380 
        MUL_EXP_ADJUST_UNIT                      45     5.263     34.299     39.561 
          CLA_8BIT_UNIT                          30     3.858     24.134     27.991 
            CLA_4BIT_UNIT_0                      18     1.909     16.297     18.206 
            CLA_4BIT_UNIT_1                      11     1.800      7.836      9.637 
        LOPD_UNIT                                58     4.170      7.247     11.417 
          LOPD_16bit_UNIT_MSB                    34     2.545      5.987      8.532 
            LOPD_8bit_unit_0                     14     0.988      4.411      5.400 
            LOPD_8bit_unit_1                     14     0.952      1.576      2.528 
          LOPD_8bit_UNIT_LSB                     14     0.904      1.260      2.165 
        EXP_ROUNDING_UNIT                        15     1.737      6.278      8.016 
        MUL_EXP_UNIT                             21     1.599     23.111     24.710 
        PSC_UNIT                                 12     1.022      5.221      6.243 
      mul1_add                                 1513   631.802   4033.305   4665.107 
        MAN_MUL_UNIT                           1117   587.506   3870.188   4457.694 
          MUL_UNIT_MAN_UNIT                    1109   586.219   3870.188   4456.407 
            u_booth                             371   375.695   3748.243   4123.937 
            u_wallace                           394   165.464      0.000    165.464 
              STAGE_GEN[0].u_stage              116    55.382      0.000     55.382 
              STAGE_GEN[1].u_stage               85    38.365      0.000     38.365 
              STAGE_GEN[2].u_stage               61    27.338      0.000     27.338 
              STAGE_GEN[3].u_stage               45    18.370      0.000     18.370 
              STAGE_GEN[4].u_stage               44    15.048      0.000     15.048 
              STAGE_GEN[5].u_stage               43    10.961      0.000     10.961 
            u_cla                               282    34.216     95.161    129.377 
              cla_tree                          201    18.234     32.456     50.690 
                MULTI_GROUP.next_level           32     3.237      5.357      8.594 
                  COMPUTE_DE..Y[1].cla_unit      11     1.120      0.945      2.065 
                  COMPUTE_DE..Y[2].cla_unit       8     0.703      2.521      3.224 
                  COMPUTE_DE..Y[0].cla_unit       2     0.296      0.000      0.296 
                  MULTI_GROUP.next_level          1     0.162      0.945      1.107 
                    COMPUTE_DE..Y[0].cla_unit     1     0.162      0.945      1.107 
                COMPUTE_DE..Y[2].cla_unit        11     1.154      0.000      1.154 
                COMPUTE_DE..Y[6].cla_unit        11     1.145      0.945      2.090 
                COMPUTE_DE..Y[4].cla_unit        11     1.114      0.000      1.114 
                COMPUTE_DE..Y[3].cla_unit        11     1.114      0.000      1.114 
                COMPUTE_DE..Y[5].cla_unit        11     1.095      0.000      1.095 
                COMPUTE_DE..[10].cla_unit        11     0.935      3.781      4.717 
                COMPUTE_DE..Y[8].cla_unit        11     0.905      3.781      4.686 
                COMPUTE_DE..Y[7].cla_unit        11     0.885      0.630      1.515 
                COMPUTE_DE..Y[9].cla_unit        11     0.821      0.945      1.766 
                COMPUTE_DE..[11].cla_unit         7     0.578      0.315      0.893 
            u_merge                              62    10.845     26.784     37.629 
              csa_row[27].u_fa                    2     0.274      0.000      0.274 
              csa_row[28].u_fa                    2     0.274      0.000      0.274 
              csa_row[31].u_fa                    2     0.274      0.000      0.274 
              csa_row[32].u_fa                    2     0.274      0.000      0.274 
              csa_row[34].u_fa                    2     0.274      0.000      0.274 
              csa_row[35].u_fa                    2     0.274      0.000      0.274 
              csa_row[36].u_fa                    2     0.274      0.000      0.274 
              csa_row[37].u_fa                    2     0.274      0.000      0.274 
              csa_row[38].u_fa                    2     0.274      0.000      0.274 
              csa_row[40].u_fa                    2     0.274      0.000      0.274 
              csa_row[44].u_fa                    2     0.274      0.000      0.274 
              csa_row[46].u_fa                    2     0.274      0.000      0.274 
              csa_row[10].u_fa                    1     0.257      0.000      0.257 
              csa_row[11].u_fa                    1     0.257      0.945      1.203 
              csa_row[12].u_fa                    1     0.257      0.000      0.257 
              csa_row[13].u_fa                    1     0.257      0.000      0.257 
              csa_row[14].u_fa                    1     0.257      0.945      1.203 
              csa_row[15].u_fa                    1     0.257      0.945      1.203 
              csa_row[16].u_fa                    1     0.257      0.000      0.257 
              csa_row[17].u_fa                    1     0.257      0.000      0.257 
              csa_row[18].u_fa                    1     0.257      0.945      1.203 
              csa_row[19].u_fa                    1     0.257      0.945      1.203 
              csa_row[20].u_fa                    1     0.257      0.945      1.203 
              csa_row[21].u_fa                    1     0.257      0.945      1.203 
              csa_row[22].u_fa                    1     0.257      0.000      0.257 
              csa_row[23].u_fa                    1     0.257      0.945      1.203 
              csa_row[24].u_fa                    1     0.257      0.000      0.257 
              csa_row[29].u_fa                    1     0.257      0.000      0.257 
              csa_row[45].u_fa                    1     0.257      0.000      0.257 
              csa_row[6].u_fa                     1     0.257      0.630      0.888 
              csa_row[7].u_fa                     1     0.257      0.000      0.257 
              csa_row[8].u_fa                     1     0.257      0.000      0.257 
              csa_row[9].u_fa                     1     0.257      0.945      1.203 
              csa_row[25].u_fa                    2     0.251      2.206      2.456 
              csa_row[33].u_fa                    2     0.251      2.206      2.456 
              csa_row[39].u_fa                    2     0.251      2.206      2.456 
              csa_row[43].u_fa                    2     0.251      2.206      2.456 
              csa_row[26].u_fa                    2     0.250      2.206      2.456 
              csa_row[30].u_fa                    2     0.250      2.206      2.456 
              csa_row[41].u_fa                    2     0.250      2.206      2.456 
              csa_row[42].u_fa                    2     0.250      2.206      2.456 
              csa_row[47].u_fa                    1     0.154      0.000      0.154 
        NOR_UNIT                                178    20.257     33.401     53.658 
          SHF_left_unit                         124    14.510     20.797     35.307 
        MAN_ROUNDING_UNIT                        24     5.689      2.836      8.525 
        MUL_EXP_ADJUST_UNIT                      45     5.353     24.216     29.569 
          CLA_8BIT_UNIT                          30     3.910     14.996     18.906 
            CLA_4BIT_UNIT_0                      18     1.961      7.160      9.121 
            CLA_4BIT_UNIT_1                      11     1.800      7.836      9.637 
        LOPD_UNIT                                58     4.337      9.138     13.475 
          LOPD_16bit_UNIT_MSB                    34     2.674      6.932      9.607 
            LOPD_8bit_unit_0                     14     1.178      3.151      4.329 
            LOPD_8bit_unit_1                     14     0.891      3.781      4.672 
          LOPD_8bit_UNIT_LSB                     14     0.961      2.206      3.167 
        EXP_ROUNDING_UNIT                        15     1.737      6.278      8.016 
        MUL_EXP_UNIT                             21     1.414      8.331      9.745 
        PSC_UNIT                                 12     1.295     11.711     13.005 
      DATA_A_RE                                1120   139.147   1699.282   1838.429 
        MAN_ALU                                 216    26.845    304.498    331.343 
          ALU_SUB_UNIT                          120    15.036    171.181    186.218 
            CLA_BLOCK_..CLA_4BIT_UNIT            18     2.556     39.738     42.295 
            CLA_BLOCK_..CLA_4BIT_UNIT            18     2.392      0.000      2.392 
            CLA_BLOCK_..CLA_4BIT_UNIT            18     2.129     38.758     40.887 
            CLA_BLOCK_..CLA_4BIT_UNIT            18     2.127     23.078     25.206 
            CLA_BLOCK_..CLA_4BIT_UNIT            18     1.966     24.778     26.744 
            CLA_BLOCK_..CLA_4BIT_UNIT            15     1.927     26.995     28.922 
        NOR_UNIT                                205    25.333    313.027    338.360 
          SHF_left_unit                         142    17.035    232.536    249.571 
        SHF_RIGHT_MAN                           134    16.025    266.752    282.777 
        PSC_UNIT                                 86    10.008     87.389     97.397 
        MAN_COMP_24BIT                           78     9.496     65.443     74.939 
          u_i_data_4                             13     1.714     24.891     26.604 
          u_i_data_3                             13     1.669      3.351      5.020 
          u_i_data_2                             13     1.552     11.556     13.108 
          u_i_data_1                             13     1.485      6.766      8.251 
          u_i_data_5                             10     1.408      0.000      1.408 
          u_i_data_0                             10     0.994     14.793     15.787 
        MAN_SWAP                                 48     7.721     74.319     82.040 
        MAN_RND                                  26     6.089     43.689     49.778 
        LOPD_24BIT                               58     5.803     36.456     42.259 
          LOPD_16bit_UNIT_MSB                    34     3.332     24.778     28.110 
            LOPD_8bit_unit_1                     14     1.349      6.859      8.208 
            LOPD_8bit_unit_0                     14     1.302     17.904     19.205 
          LOPD_8bit_UNIT_LSB                     14     1.384     11.138     12.521 
        MAN_SWAP_PRE                             46     5.724     76.136     81.860 
        EXP_ADJUST                               37     4.898     16.949     21.846 
          CLA_8BIT_UNIT                          30     4.551     16.949     21.500 
            CLA_4BIT_UNIT_0                      18     2.593      8.539     11.132 
            CLA_4BIT_UNIT_1                      11     1.810      8.409     10.219 
        EXP_SUB                                  25     2.628     58.454     61.082 
          CLA_8BIT_UNIT                          20     2.416     54.088     56.504 
            CLA_4BIT_UNIT_0                      17     2.031     54.088     56.120 
            CLA_4BIT_UNIT_1                       2     0.287      0.000      0.287 
        EXP_COM_8BIT                             24     2.292     13.779     16.071 
          COMP_LESS_UNIT                         24     2.292     13.779     16.071 
            u_high                               13     1.184      3.734      4.917 
            u_low                                10     0.936     10.046     10.981 
        EXP_RND                                  15     1.872      7.868      9.740 
        EXP_SWAP                                 13     1.357     14.218     15.574 
        MAN_ALU_PROC_RND                          7     0.930     21.231     22.161 
        SIGN_UNIT                                 1     0.133      6.905      7.038 
      DATA_A_IM                                1121   138.769   1862.783   2001.552 
        MAN_ALU                                 214    26.990    216.357    243.346 
          ALU_SUB_UNIT                          120    14.996     93.257    108.252 
            CLA_BLOCK_..CLA_4BIT_UNIT            18     2.515     28.326     30.841 
            CLA_BLOCK_..CLA_4BIT_UNIT            18     2.312      0.606      2.918 
            CLA_BLOCK_..CLA_4BIT_UNIT            18     2.226      0.608      2.834 
            CLA_BLOCK_..CLA_4BIT_UNIT            18     2.157      7.866     10.023 
            CLA_BLOCK_..CLA_4BIT_UNIT            15     1.937     25.578     27.515 
            CLA_BLOCK_..CLA_4BIT_UNIT            18     1.810     25.334     27.144 
        NOR_UNIT                                205    23.988    391.933    415.921 
          SHF_left_unit                         142    16.573    234.164    250.737 
        SHF_RIGHT_MAN                           134    16.677    280.307    296.984 
        PSC_UNIT                                 88    10.544    103.603    114.146 
        MAN_COMP_24BIT                           78     9.496     65.444     74.940 
          u_i_data_4                             13     1.714     24.891     26.604 
          u_i_data_3                             13     1.669      3.351      5.020 
          u_i_data_2                             13     1.552     11.555     13.107 
          u_i_data_1                             13     1.485      6.766      8.251 
          u_i_data_5                             10     1.408      0.000      1.408 
          u_i_data_0                             10     0.994     14.794     15.788 
        MAN_SWAP                                 48     7.643     74.949     82.591 
        MAN_RND                                  26     6.010     49.854     55.863 
        MAN_SWAP_PRE                             46     5.679     77.723     83.402 
        LOPD_24BIT                               58     5.378     43.072     48.450 
          LOPD_16bit_UNIT_MSB                    34     3.286     28.489     31.776 
            LOPD_8bit_unit_0                     14     1.330     11.680     13.010 
            LOPD_8bit_unit_1                     14     1.291     13.910     15.200 
          LOPD_8bit_UNIT_LSB                     14     1.016      9.221     10.236 
        EXP_ADJUST                               37     4.791     84.462     89.253 
          CLA_8BIT_UNIT                          30     4.084     57.712     61.796 
            CLA_4BIT_UNIT_0                      18     2.329     31.655     33.984 
            CLA_4BIT_UNIT_1                      11     1.613     22.756     24.369 
        EXP_SUB                                  25     2.628     60.973     63.602 
          CLA_8BIT_UNIT                          20     2.416     56.608     59.023 
            CLA_4BIT_UNIT_0                      17     2.031     56.608     58.639 
            CLA_4BIT_UNIT_1                       2     0.287      0.000      0.287 
        EXP_COM_8BIT                             24     2.292     13.779     16.071 
          COMP_LESS_UNIT                         24     2.292     13.779     16.071 
            u_high                               13     1.184      3.734      4.917 
            u_low                                10     0.936     10.046     10.981 
        EXP_RND                                  15     1.906     11.165     13.071 
        EXP_SWAP                                 13     1.357     14.218     15.574 
        MAN_ALU_PROC_RND                          7     0.930     21.231     22.162 
        SIGN_UNIT                                 2     0.160      3.898      4.058 
    INPUT_DATA_7                               5267  1538.930  12673.507  14212.437 
      mul1_sub                                 1513   637.092   5459.659   6096.751 
        MAN_MUL_UNIT                           1117   593.879   5151.414   5745.293 
          MUL_UNIT_MAN_UNIT                    1109   592.379   5149.523   5741.902 
            u_booth                             371   381.428   4997.643   5379.071 
            u_wallace                           394   165.464      0.000    165.464 
              STAGE_GEN[0].u_stage              116    55.382      0.000     55.382 
              STAGE_GEN[1].u_stage               85    38.365      0.000     38.365 
              STAGE_GEN[2].u_stage               61    27.338      0.000     27.338 
              STAGE_GEN[3].u_stage               45    18.370      0.000     18.370 
              STAGE_GEN[4].u_stage               44    15.048      0.000     15.048 
              STAGE_GEN[5].u_stage               43    10.961      0.000     10.961 
            u_cla                               282    34.735    117.219    151.954 
              cla_tree                          201    18.520     33.401     51.921 
                MULTI_GROUP.next_level           32     3.322      5.042      8.364 
                  COMPUTE_DE..Y[1].cla_unit      11     1.149      0.945      2.094 
                  COMPUTE_DE..Y[2].cla_unit       8     0.778      3.466      4.245 
                  COMPUTE_DE..Y[0].cla_unit       2     0.296      0.000      0.296 
                  MULTI_GROUP.next_level          1     0.148      0.000      0.148 
                    COMPUTE_DE..Y[0].cla_unit     1     0.148      0.000      0.148 
                COMPUTE_DE..Y[3].cla_unit        11     1.174      0.000      1.174 
                COMPUTE_DE..Y[4].cla_unit        11     1.115      0.000      1.115 
                COMPUTE_DE..Y[2].cla_unit        11     1.114      0.000      1.114 
                COMPUTE_DE..Y[5].cla_unit        11     1.114      0.000      1.114 
                COMPUTE_DE..Y[6].cla_unit        11     1.070      0.630      1.700 
                COMPUTE_DE..Y[8].cla_unit        11     1.026      2.206      3.232 
                COMPUTE_DE..[10].cla_unit        11     0.952      3.466      4.418 
                COMPUTE_DE..Y[9].cla_unit        11     0.936      3.781      4.717 
                COMPUTE_DE..Y[7].cla_unit        11     0.883      1.576      2.459 
                COMPUTE_DE..[11].cla_unit         7     0.630      2.521      3.151 
            u_merge                              62    10.752     34.661     45.414 
              csa_row[27].u_fa                    2     0.274      0.000      0.274 
              csa_row[28].u_fa                    2     0.274      0.000      0.274 
              csa_row[30].u_fa                    2     0.274      0.000      0.274 
              csa_row[31].u_fa                    2     0.274      0.000      0.274 
              csa_row[36].u_fa                    2     0.274      0.000      0.274 
              csa_row[40].u_fa                    2     0.274      0.000      0.274 
              csa_row[42].u_fa                    2     0.274      0.000      0.274 
              csa_row[46].u_fa                    2     0.274      0.000      0.274 
              csa_row[10].u_fa                    1     0.257      0.945      1.203 
              csa_row[11].u_fa                    1     0.257      0.945      1.203 
              csa_row[12].u_fa                    1     0.257      0.000      0.257 
              csa_row[13].u_fa                    1     0.257      0.945      1.203 
              csa_row[14].u_fa                    1     0.257      0.000      0.257 
              csa_row[15].u_fa                    1     0.257      0.000      0.257 
              csa_row[16].u_fa                    1     0.257      0.945      1.203 
              csa_row[17].u_fa                    1     0.257      0.000      0.257 
              csa_row[18].u_fa                    1     0.257      0.000      0.257 
              csa_row[19].u_fa                    1     0.257      0.000      0.257 
              csa_row[20].u_fa                    1     0.257      0.000      0.257 
              csa_row[21].u_fa                    1     0.257      0.630      0.888 
              csa_row[22].u_fa                    1     0.257      0.000      0.257 
              csa_row[23].u_fa                    1     0.257      0.945      1.203 
              csa_row[24].u_fa                    1     0.257      0.000      0.257 
              csa_row[29].u_fa                    1     0.257      0.000      0.257 
              csa_row[45].u_fa                    1     0.257      0.945      1.203 
              csa_row[6].u_fa                     1     0.257      0.000      0.257 
              csa_row[7].u_fa                     1     0.257      0.945      1.203 
              csa_row[8].u_fa                     1     0.257      0.000      0.257 
              csa_row[9].u_fa                     1     0.257      0.945      1.203 
              csa_row[33].u_fa                    2     0.251      2.206      2.456 
              csa_row[39].u_fa                    2     0.251      2.206      2.456 
              csa_row[41].u_fa                    2     0.251      2.206      2.456 
              csa_row[43].u_fa                    2     0.251      2.206      2.456 
              csa_row[25].u_fa                    2     0.250      2.206      2.456 
              csa_row[26].u_fa                    2     0.250      2.206      2.456 
              csa_row[32].u_fa                    2     0.250      2.206      2.456 
              csa_row[34].u_fa                    2     0.250      2.206      2.456 
              csa_row[35].u_fa                    2     0.250      2.206      2.456 
              csa_row[37].u_fa                    2     0.250      2.206      2.456 
              csa_row[38].u_fa                    2     0.250      2.206      2.456 
              csa_row[44].u_fa                    2     0.250      2.206      2.456 
              csa_row[47].u_fa                    1     0.154      0.000      0.154 
        NOR_UNIT                                178    19.468     79.091     98.559 
          SHF_left_unit                         124    13.723     43.169     56.893 
        MUL_EXP_ADJUST_UNIT                      45     5.534     36.294     41.828 
          CLA_8BIT_UNIT                          30     3.927     21.519     25.446 
            CLA_4BIT_UNIT_0                      18     1.979     13.683     15.662 
            CLA_4BIT_UNIT_1                      11     1.800      7.836      9.637 
        MAN_ROUNDING_UNIT                        24     5.486      4.096      9.582 
        LOPD_UNIT                                58     4.246     14.495     18.741 
          LOPD_16bit_UNIT_MSB                    34     2.667      8.823     11.490 
            LOPD_8bit_unit_0                     14     1.029      4.411      5.440 
            LOPD_8bit_unit_1                     14     0.975      4.096      5.072 
          LOPD_8bit_UNIT_LSB                     14     0.905      2.206      3.111 
        EXP_ROUNDING_UNIT                        15     1.644      8.762     10.406 
        MUL_EXP_UNIT                             21     1.473      8.496      9.969 
        PSC_UNIT                                 12     1.278     23.831     25.110 
      mul1_add                                 1513   628.881   2976.858   3605.739 
        MAN_MUL_UNIT                           1117   584.055   2656.023   3240.078 
          MUL_UNIT_MAN_UNIT                    1109   582.806   2655.708   3238.514 
            u_booth                             371   371.914   2504.143   2876.057 
            u_wallace                           394   165.464      0.000    165.464 
              STAGE_GEN[0].u_stage              116    55.382      0.000     55.382 
              STAGE_GEN[1].u_stage               85    38.365      0.000     38.365 
              STAGE_GEN[2].u_stage               61    27.338      0.000     27.338 
              STAGE_GEN[3].u_stage               45    18.370      0.000     18.370 
              STAGE_GEN[4].u_stage               44    15.048      0.000     15.048 
              STAGE_GEN[5].u_stage               43    10.961      0.000     10.961 
            u_cla                               282    34.699    114.068    148.767 
              cla_tree                          201    18.461     31.826     50.287 
                MULTI_GROUP.next_level           32     3.320      4.727      8.047 
                  COMPUTE_DE..Y[1].cla_unit      11     1.149      0.945      2.094 
                  COMPUTE_DE..Y[2].cla_unit       8     0.776      3.151      3.927 
                  COMPUTE_DE..Y[0].cla_unit       2     0.296      0.000      0.296 
                  MULTI_GROUP.next_level          1     0.148      0.000      0.148 
                    COMPUTE_DE..Y[0].cla_unit     1     0.148      0.000      0.148 
                COMPUTE_DE..Y[3].cla_unit        11     1.174      0.000      1.174 
                COMPUTE_DE..Y[4].cla_unit        11     1.154      0.000      1.154 
                COMPUTE_DE..Y[2].cla_unit        11     1.114      0.000      1.114 
                COMPUTE_DE..Y[5].cla_unit        11     1.095      0.000      1.095 
                COMPUTE_DE..Y[6].cla_unit        11     1.090      1.576      2.665 
                COMPUTE_DE..Y[9].cla_unit        11     1.057      4.411      5.468 
                COMPUTE_DE..Y[8].cla_unit        11     0.956      2.836      3.792 
                COMPUTE_DE..Y[7].cla_unit        11     0.934      1.576      2.509 
                COMPUTE_DE..[10].cla_unit        11     0.874      3.466      4.341 
                COMPUTE_DE..[11].cla_unit         7     0.584      1.260      1.844 
            u_merge                              62    10.729     37.497     48.226 
              csa_row[26].u_fa                    2     0.274      0.000      0.274 
              csa_row[27].u_fa                    2     0.274      0.000      0.274 
              csa_row[28].u_fa                    2     0.274      0.000      0.274 
              csa_row[33].u_fa                    2     0.274      0.000      0.274 
              csa_row[34].u_fa                    2     0.274      0.000      0.274 
              csa_row[41].u_fa                    2     0.274      0.000      0.274 
              csa_row[42].u_fa                    2     0.274      0.000      0.274 
              csa_row[10].u_fa                    1     0.257      0.945      1.203 
              csa_row[11].u_fa                    1     0.257      0.945      1.203 
              csa_row[12].u_fa                    1     0.257      0.000      0.257 
              csa_row[13].u_fa                    1     0.257      0.000      0.257 
              csa_row[14].u_fa                    1     0.257      0.000      0.257 
              csa_row[15].u_fa                    1     0.257      0.000      0.257 
              csa_row[16].u_fa                    1     0.257      0.000      0.257 
              csa_row[17].u_fa                    1     0.257      0.945      1.203 
              csa_row[18].u_fa                    1     0.257      0.000      0.257 
              csa_row[19].u_fa                    1     0.257      0.945      1.203 
              csa_row[20].u_fa                    1     0.257      0.945      1.203 
              csa_row[21].u_fa                    1     0.257      0.945      1.203 
              csa_row[22].u_fa                    1     0.257      0.000      0.257 
              csa_row[23].u_fa                    1     0.257      0.945      1.203 
              csa_row[24].u_fa                    1     0.257      0.000      0.257 
              csa_row[29].u_fa                    1     0.257      0.945      1.203 
              csa_row[45].u_fa                    1     0.257      0.000      0.257 
              csa_row[6].u_fa                     1     0.257      0.630      0.888 
              csa_row[7].u_fa                     1     0.257      0.945      1.203 
              csa_row[8].u_fa                     1     0.257      0.000      0.257 
              csa_row[9].u_fa                     1     0.257      0.000      0.257 
              csa_row[25].u_fa                    2     0.251      2.206      2.456 
              csa_row[35].u_fa                    2     0.251      2.206      2.456 
              csa_row[38].u_fa                    2     0.251      2.206      2.456 
              csa_row[39].u_fa                    2     0.251      2.206      2.456 
              csa_row[40].u_fa                    2     0.251      2.206      2.456 
              csa_row[46].u_fa                    2     0.251      1.891      2.141 
              csa_row[30].u_fa                    2     0.250      2.206      2.456 
              csa_row[31].u_fa                    2     0.250      2.206      2.456 
              csa_row[32].u_fa                    2     0.250      2.206      2.456 
              csa_row[36].u_fa                    2     0.250      2.206      2.456 
              csa_row[37].u_fa                    2     0.250      2.206      2.456 
              csa_row[43].u_fa                    2     0.250      2.206      2.456 
              csa_row[44].u_fa                    2     0.250      2.206      2.456 
              csa_row[47].u_fa                    1     0.154      0.000      0.154 
        NOR_UNIT                                178    20.169     92.010    112.180 
          SHF_left_unit                         124    14.500     56.089     70.589 
        MUL_EXP_ADJUST_UNIT                      45     5.553     27.589     33.141 
          CLA_8BIT_UNIT                          30     3.918     17.423     21.341 
            CLA_4BIT_UNIT_0                      18     1.990      9.531     11.521 
            CLA_4BIT_UNIT_1                      11     1.800      7.836      9.637 
        MAN_ROUNDING_UNIT                        24     5.462      3.466      8.928 
        LOPD_UNIT                                58     4.281     13.549     17.831 
          LOPD_16bit_UNIT_MSB                    34     2.694      5.987      8.681 
            LOPD_8bit_unit_1                     14     1.011      3.151      4.162 
            LOPD_8bit_unit_0                     14     1.000      2.521      3.521 
          LOPD_8bit_UNIT_LSB                     14     0.919      3.466      4.385 
        EXP_ROUNDING_UNIT                        15     1.609      6.278      7.887 
        MUL_EXP_UNIT                             21     1.581     19.375     20.955 
        PSC_UNIT                                 12     1.565     21.280     22.845 
      DATA_A_RE                                1120   136.888   2000.662   2137.550 
        MAN_ALU                                 216    27.322    318.814    346.136 
          ALU_SUB_UNIT                          120    15.437    161.546    176.983 
            CLA_BLOCK_..CLA_4BIT_UNIT            18     2.753     20.106     22.859 
            CLA_BLOCK_..CLA_4BIT_UNIT            18     2.351     25.001     27.353 
            CLA_BLOCK_..CLA_4BIT_UNIT            18     2.217     18.138     20.355 
            CLA_BLOCK_..CLA_4BIT_UNIT            18     2.170     27.991     30.161 
            CLA_BLOCK_..CLA_4BIT_UNIT            18     2.072     41.262     43.335 
            CLA_BLOCK_..CLA_4BIT_UNIT            15     1.810     17.340     19.150 
        NOR_UNIT                                205    24.365    346.052    370.416 
          SHF_left_unit                         142    16.637    257.208    273.845 
        SHF_RIGHT_MAN                           134    16.137    331.440    347.577 
        PSC_UNIT                                 86     9.692    131.996    141.688 
        MAN_COMP_24BIT                           78     9.112    115.456    124.568 
          u_i_data_3                             13     1.560      9.512     11.072 
          u_i_data_4                             13     1.556     30.983     32.539 
          u_i_data_2                             13     1.546     27.784     29.330 
          u_i_data_1                             13     1.457     15.559     17.016 
          u_i_data_5                             10     1.328      4.763      6.091 
          u_i_data_0                             10     0.933     18.625     19.558 
        MAN_SWAP                                 48     7.594    103.811    111.405 
        MAN_RND                                  26     6.047     51.208     57.255 
        LOPD_24BIT                               58     5.545     59.898     65.443 
          LOPD_16bit_UNIT_MSB                    34     3.116     33.417     36.533 
            LOPD_8bit_unit_1                     14     1.236     11.397     12.634 
            LOPD_8bit_unit_0                     14     1.198     22.004     23.202 
          LOPD_8bit_UNIT_LSB                     14     1.342     25.940     27.282 
        MAN_SWAP_PRE                             46     5.379     96.849    102.229 
        EXP_ADJUST                               37     4.871     39.486     44.357 
          CLA_8BIT_UNIT                          30     4.524     39.486     44.010 
            CLA_4BIT_UNIT_0                      18     2.587     31.020     33.607 
            CLA_4BIT_UNIT_1                      11     1.810      8.409     10.219 
        EXP_SUB                                  25     2.562     61.389     63.951 
          CLA_8BIT_UNIT                          20     2.382     59.679     62.061 
            CLA_4BIT_UNIT_0                      17     1.997     59.679     61.676 
            CLA_4BIT_UNIT_1                       2     0.287      0.000      0.287 
        EXP_COM_8BIT                             24     2.204     12.416     14.619 
          COMP_LESS_UNIT                         24     2.204     12.416     14.619 
            u_high                               13     1.184      3.734      4.917 
            u_low                                10     0.847      8.682      9.529 
        EXP_RND                                  15     1.884     15.098     16.982 
        EXP_SWAP                                 13     1.332     20.482     21.814 
        MAN_ALU_PROC_RND                          7     0.903     13.652     14.556 
        SIGN_UNIT                                 1     0.132      2.808      2.939 
      DATA_A_IM                                1121   136.069   2236.328   2372.397 
        MAN_ALU                                 214    26.347    356.711    383.058 
          ALU_SUB_UNIT                          120    14.440    212.088    226.528 
            CLA_BLOCK_..CLA_4BIT_UNIT            18     2.328     41.529     43.857 
            CLA_BLOCK_..CLA_4BIT_UNIT            15     2.141      2.591      4.732 
            CLA_BLOCK_..CLA_4BIT_UNIT            18     2.095     28.558     30.654 
            CLA_BLOCK_..CLA_4BIT_UNIT            18     2.052     39.352     41.404 
            CLA_BLOCK_..CLA_4BIT_UNIT            18     1.964     40.613     42.577 
            CLA_BLOCK_..CLA_4BIT_UNIT            18     1.956     38.858     40.814 
        NOR_UNIT                                205    23.691    381.937    405.628 
          SHF_left_unit                         142    16.614    214.021    230.634 
        SHF_RIGHT_MAN                           134    16.778    347.434    364.212 
        PSC_UNIT                                 88    10.510    116.713    127.223 
        MAN_COMP_24BIT                           78     9.112    115.450    124.561 
          u_i_data_3                             13     1.560      9.512     11.072 
          u_i_data_4                             13     1.556     30.976     32.532 
          u_i_data_2                             13     1.546     27.784     29.330 
          u_i_data_1                             13     1.457     15.558     17.015 
          u_i_data_5                             10     1.328      4.763      6.091 
          u_i_data_0                             10     0.933     18.626     19.560 
        MAN_SWAP                                 48     7.501    104.131    111.632 
        MAN_RND                                  26     6.007     39.411     45.418 
        MAN_SWAP_PRE                             46     5.321     98.133    103.454 
        LOPD_24BIT                               58     5.198     42.135     47.332 
          LOPD_16bit_UNIT_MSB                    34     3.048     20.164     23.211 
            LOPD_8bit_unit_1                     14     1.224      4.257      5.481 
            LOPD_8bit_unit_0                     14     1.119     13.007     14.126 
          LOPD_8bit_UNIT_LSB                     14     1.073     16.610     17.683 
        EXP_ADJUST                               37     4.840     75.756     80.596 
          CLA_8BIT_UNIT                          30     4.133     49.007     53.140 
            CLA_4BIT_UNIT_0                      18     2.395     22.779     25.174 
            CLA_4BIT_UNIT_1                      11     1.613     22.756     24.369 
        EXP_SUB                                  25     2.562     62.645     65.207 
          CLA_8BIT_UNIT                          20     2.382     60.935     63.317 
            CLA_4BIT_UNIT_0                      17     1.997     60.935     62.932 
            CLA_4BIT_UNIT_1                       2     0.287      0.000      0.287 
        EXP_COM_8BIT                             24     2.204     12.416     14.619 
          COMP_LESS_UNIT                         24     2.204     12.416     14.619 
            u_high                               13     1.184      3.734      4.917 
            u_low                                10     0.847      8.682      9.529 
        EXP_RND                                  15     1.828      7.869      9.697 
        EXP_SWAP                                 13     1.332     20.482     21.814 
        MAN_ALU_PROC_RND                          7     0.903     13.652     14.556 
        SIGN_UNIT                                 2     0.180      3.886      4.066 
    BFU2_UNIT3                                 4476   555.137   5867.323   6422.460 
      DATA_B_IM                                1119   139.726   1780.628   1920.354 
        MAN_ALU                                 214    27.582    275.718    303.301 
          ALU_SUB_UNIT                          120    15.338    119.494    134.832 
            CLA_BLOCK_..CLA_4BIT_UNIT            18     2.582     26.156     28.737 
            CLA_BLOCK_..CLA_4BIT_UNIT            18     2.195     27.127     29.322 
            CLA_BLOCK_..CLA_4BIT_UNIT            15     2.161     15.360     17.522 
            CLA_BLOCK_..CLA_4BIT_UNIT            18     2.150     18.170     20.320 
            CLA_BLOCK_..CLA_4BIT_UNIT            18     2.129     15.710     17.839 
            CLA_BLOCK_..CLA_4BIT_UNIT            18     2.041     14.220     16.261 
        NOR_UNIT                                205    23.951    306.454    330.405 
          SHF_left_unit                         142    16.309    186.105    202.415 
        SHF_RIGHT_MAN                           134    15.628    180.699    196.327 
        PSC_UNIT                                 87    11.280    101.333    112.614 
        MAN_COMP_24BIT                           78     9.564    104.683    114.248 
          u_i_data_3                             13     1.661     15.600     17.261 
          u_i_data_4                             13     1.642     15.492     17.134 
          u_i_data_2                             13     1.570     12.706     14.276 
          u_i_data_1                             13     1.535     11.351     12.887 
          u_i_data_5                             10     1.231      7.626      8.856 
          u_i_data_0                             10     1.036      6.000      7.036 
        MAN_SWAP                                 48     6.819    126.506    133.325 
        MAN_SWAP_PRE                             46     6.570     91.460     98.029 
        MAN_RND                                  26     6.174     47.283     53.457 
        LOPD_24BIT                               58     5.122     38.018     43.140 
          LOPD_16bit_UNIT_MSB                    34     3.095     23.209     26.304 
            LOPD_8bit_unit_0                     14     1.221     11.163     12.384 
            LOPD_8bit_unit_1                     14     1.190      9.130     10.320 
          LOPD_8bit_UNIT_LSB                     14     0.962      9.177     10.140 
        EXP_ADJUST                               37     4.731     81.023     85.754 
          CLA_8BIT_UNIT                          30     4.261     76.649     80.909 
            CLA_4BIT_UNIT_0                      18     2.422     41.847     44.269 
            CLA_4BIT_UNIT_1                      11     1.698     32.155     33.853 
        EXP_SUB                                  25     2.820    109.810    112.629 
          CLA_8BIT_UNIT                          20     2.575    100.313    102.889 
            CLA_4BIT_UNIT_0                      17     2.203     87.393     89.596 
            CLA_4BIT_UNIT_1                       2     0.295     12.908     13.203 
        EXP_COM_8BIT                             24     2.517     87.893     90.410 
          COMP_LESS_UNIT                         24     2.517     87.893     90.410 
            u_high                               13     1.385     25.944     27.329 
            u_low                                10     0.951     15.815     16.767 
        EXP_RND                                  15     1.959     22.963     24.921 
        EXP_SWAP                                 13     1.576     32.085     33.661 
        MAN_ALU_PROC_RND                          7     0.943     17.857     18.800 
        SIGN_UNIT                                 2     0.133      2.707      2.841 
      DATA_A_IM                                1119   138.847   2043.095   2181.942 
        MAN_ALU                                 216    26.599    376.980    403.579 
          ALU_SUB_UNIT                          120    14.365    232.127    246.492 
            CLA_BLOCK_..CLA_4BIT_UNIT            18     2.426     24.046     26.471 
            CLA_BLOCK_..CLA_4BIT_UNIT            18     2.089     35.130     37.219 
            CLA_BLOCK_..CLA_4BIT_UNIT            18     2.087     30.762     32.848 
            CLA_BLOCK_..CLA_4BIT_UNIT            18     2.048     39.621     41.669 
            CLA_BLOCK_..CLA_4BIT_UNIT            18     2.045     44.121     46.166 
            CLA_BLOCK_..CLA_4BIT_UNIT            15     1.851     31.191     33.042 
        NOR_UNIT                                205    25.433    441.036    466.469 
          SHF_left_unit                         142    17.745    287.932    305.677 
        SHF_RIGHT_MAN                           134    14.954    174.015    188.970 
        PSC_UNIT                                 86    10.503    106.492    116.995 
        MAN_COMP_24BIT                           78     9.564    104.703    114.268 
          u_i_data_3                             13     1.661     15.606     17.268 
          u_i_data_4                             13     1.642     15.498     17.140 
          u_i_data_2                             13     1.570     12.713     14.283 
          u_i_data_1                             13     1.535     11.351     12.887 
          u_i_data_5                             10     1.231      7.626      8.856 
          u_i_data_0                             10     1.036      6.000      7.036 
        MAN_SWAP                                 48     6.863    127.411    134.274 
        MAN_SWAP_PRE                             46     6.635     92.674     99.309 
        MAN_RND                                  26     6.164     48.757     54.921 
        LOPD_24BIT                               58     5.320     75.947     81.267 
          LOPD_16bit_UNIT_MSB                    34     3.249     58.141     61.390 
            LOPD_8bit_unit_0                     14     1.299     17.503     18.802 
            LOPD_8bit_unit_1                     14     1.280     34.805     36.085 
          LOPD_8bit_UNIT_LSB                     14     1.103      7.082      8.186 
        EXP_ADJUST                               37     4.785     86.717     91.502 
          CLA_8BIT_UNIT                          30     4.093     63.541     67.634 
            CLA_4BIT_UNIT_0                      18     2.354     39.007     41.361 
            CLA_4BIT_UNIT_1                      11     1.619     21.875     23.495 
        EXP_SUB                                  25     2.820    106.662    109.482 
          CLA_8BIT_UNIT                          20     2.575     97.166     99.741 
            CLA_4BIT_UNIT_0                      17     2.203     84.246     86.449 
            CLA_4BIT_UNIT_1                       2     0.295     12.908     13.203 
        EXP_COM_8BIT                             24     2.517     87.893     90.410 
          COMP_LESS_UNIT                         24     2.517     87.893     90.410 
            u_high                               13     1.385     25.944     27.329 
            u_low                                10     0.951     15.815     16.767 
        EXP_RND                                  15     1.884     15.099     16.983 
        EXP_SWAP                                 13     1.576     32.085     33.661 
        MAN_ALU_PROC_RND                          7     0.943     17.857     18.800 
        SIGN_UNIT                                 1     0.112      2.505      2.617 
      DATA_A_RE                                1119   138.624    944.445   1083.069 
        MAN_ALU                                 216    28.353    187.746    216.098 
          ALU_SUB_UNIT                          120    15.746    104.879    120.625 
            CLA_BLOCK_..CLA_4BIT_UNIT            18     2.403     19.549     21.953 
            CLA_BLOCK_..CLA_4BIT_UNIT            18     2.346     24.478     26.823 
            CLA_BLOCK_..CLA_4BIT_UNIT            18     2.291     19.124     21.415 
            CLA_BLOCK_..CLA_4BIT_UNIT            18     2.278     18.544     20.823 
            CLA_BLOCK_..CLA_4BIT_UNIT            15     2.210      0.000      2.210 
            CLA_BLOCK_..CLA_4BIT_UNIT            18     2.195     19.951     22.146 
        NOR_UNIT                                205    24.379    183.725    208.104 
          SHF_left_unit                         142    16.394    134.041    150.435 
        SHF_RIGHT_MAN                           134    14.789     85.663    100.451 
        PSC_UNIT                                 86    10.340     58.460     68.800 
        MAN_COMP_24BIT                           78     9.713     82.981     92.694 
          u_i_data_2                             13     1.717     13.589     15.306 
          u_i_data_4                             13     1.698      0.000      1.698 
          u_i_data_3                             13     1.662     16.460     18.122 
          u_i_data_1                             13     1.491     25.999     27.491 
          u_i_data_5                             10     1.413      9.194     10.607 
          u_i_data_0                             10     1.008      5.329      6.337 
        MAN_SWAP                                 48     8.042     53.700     61.742 
        MAN_RND                                  26     5.950     32.166     38.116 
        MAN_SWAP_PRE                             46     5.583     61.117     66.701 
        LOPD_24BIT                               58     5.501     47.898     53.399 
          LOPD_16bit_UNIT_MSB                    34     3.276     36.666     39.941 
            LOPD_8bit_unit_1                     14     1.328      8.871     10.199 
            LOPD_8bit_unit_0                     14     1.324     27.754     29.078 
          LOPD_8bit_UNIT_LSB                     14     1.138     10.692     11.830 
        EXP_ADJUST                               37     4.722     21.175     25.898 
          CLA_8BIT_UNIT                          30     4.376     21.175     25.551 
            CLA_4BIT_UNIT_0                      18     2.458     12.709     15.167 
            CLA_4BIT_UNIT_1                      11     1.798      8.409     10.207 
        EXP_SUB                                  25     2.802      2.095      4.897 
          CLA_8BIT_UNIT                          20     2.558      0.070      2.628 
            CLA_4BIT_UNIT_0                      17     2.157      0.070      2.227 
            CLA_4BIT_UNIT_1                       2     0.304      0.000      0.304 
        EXP_COM_8BIT                             24     2.744      9.598     12.341 
          COMP_LESS_UNIT                         24     2.744      9.598     12.341 
            u_high                               13     1.523      6.840      8.364 
            u_low                                10     1.006      2.758      3.764 
        EXP_RND                                  15     1.828      7.869      9.697 
        EXP_SWAP                                 13     1.386     11.852     13.238 
        MAN_ALU_PROC_RND                          7     0.901      0.000      0.901 
        SIGN_UNIT                                 1     0.112      2.505      2.617 
      DATA_B_RE                                1119   137.941   1099.154   1237.095 
        MAN_ALU                                 214    27.688    293.642    321.329 
          ALU_SUB_UNIT                          120    14.569    192.679    207.248 
            CLA_BLOCK_..CLA_4BIT_UNIT            18     2.740     25.975     28.715 
            CLA_BLOCK_..CLA_4BIT_UNIT            18     2.146     21.809     23.955 
            CLA_BLOCK_..CLA_4BIT_UNIT            18     2.032     28.786     30.818 
            CLA_BLOCK_..CLA_4BIT_UNIT            18     1.982     33.216     35.198 
            CLA_BLOCK_..CLA_4BIT_UNIT            18     1.955     34.923     36.878 
            CLA_BLOCK_..CLA_4BIT_UNIT            15     1.929     24.513     26.442 
        NOR_UNIT                                205    23.622    242.834    266.457 
          SHF_left_unit                         142    16.091    176.866    192.957 
        SHF_RIGHT_MAN                           134    15.350     89.562    104.913 
        PSC_UNIT                                 87    10.853     47.550     58.402 
        MAN_COMP_24BIT                           78     9.713     82.975     92.687 
          u_i_data_2                             13     1.717     13.589     15.306 
          u_i_data_4                             13     1.698      0.000      1.698 
          u_i_data_3                             13     1.662     16.453     18.115 
          u_i_data_1                             13     1.491     25.999     27.491 
          u_i_data_5                             10     1.413      9.194     10.607 
          u_i_data_0                             10     1.008      5.329      6.337 
        MAN_SWAP                                 48     8.041     53.690     61.731 
        MAN_RND                                  26     5.973     43.305     49.277 
        MAN_SWAP_PRE                             46     5.539     61.129     66.668 
        LOPD_24BIT                               58     5.192     27.981     33.174 
          LOPD_16bit_UNIT_MSB                    34     2.908     18.920     21.828 
            LOPD_8bit_unit_1                     14     1.142     12.610     13.752 
            LOPD_8bit_unit_0                     14     1.084      6.295      7.379 
          LOPD_8bit_UNIT_LSB                     14     1.124      9.061     10.185 
        EXP_ADJUST                               37     4.722     21.175     25.898 
          CLA_8BIT_UNIT                          30     4.376     21.175     25.551 
            CLA_4BIT_UNIT_0                      18     2.458     12.709     15.167 
            CLA_4BIT_UNIT_1                      11     1.798      8.409     10.207 
        EXP_SUB                                  25     2.802      2.095      4.897 
          CLA_8BIT_UNIT                          20     2.558      0.070      2.628 
            CLA_4BIT_UNIT_0                      17     2.157      0.070      2.227 
            CLA_4BIT_UNIT_1                       2     0.304      0.000      0.304 
        EXP_COM_8BIT                             24     2.744      9.598     12.341 
          COMP_LESS_UNIT                         24     2.744      9.598     12.341 
            u_high                               13     1.523      6.840      8.364 
            u_low                                10     1.006      2.758      3.764 
        EXP_RND                                  15     1.828      7.869      9.697 
        EXP_SWAP                                 13     1.386     11.852     13.238 
        MAN_ALU_PROC_RND                          7     0.901      0.000      0.901 
        SIGN_UNIT                                 2     0.133      2.707      2.841 
    BFU2_UNIT1                                 4476   552.968   6447.806   7000.774 
      DATA_B_RE                                1119   140.739   1648.790   1789.529 
        MAN_ALU                                 214    28.249    344.168    372.417 
          ALU_SUB_UNIT                          120    15.526    175.454    190.980 
            CLA_BLOCK_..CLA_4BIT_UNIT            18     2.844     18.972     21.816 
            CLA_BLOCK_..CLA_4BIT_UNIT            18     2.253     12.819     15.072 
            CLA_BLOCK_..CLA_4BIT_UNIT            18     2.245     37.606     39.850 
            CLA_BLOCK_..CLA_4BIT_UNIT            18     2.194     30.341     32.535 
            CLA_BLOCK_..CLA_4BIT_UNIT            18     2.051     40.786     42.836 
            CLA_BLOCK_..CLA_4BIT_UNIT            15     1.969     24.232     26.201 
        NOR_UNIT                                205    24.306    333.013    357.319 
          SHF_left_unit                         142    16.503    244.059    260.562 
        SHF_RIGHT_MAN                           134    15.741    307.883    323.623 
        PSC_UNIT                                 87    10.311     90.836    101.147 
        MAN_COMP_24BIT                           78     9.722     92.437    102.159 
          u_i_data_4                             13     1.681     15.027     16.708 
          u_i_data_1                             13     1.678     29.550     31.228 
          u_i_data_3                             13     1.646      0.000      1.646 
          u_i_data_2                             13     1.575     21.093     22.668 
          u_i_data_5                             10     1.389      4.628      6.017 
          u_i_data_0                             10     0.984     16.650     17.634 
        MAN_SWAP                                 48     7.855     65.855     73.710 
        MAN_RND                                  26     6.156     47.794     53.950 
        MAN_SWAP_PRE                             46     5.642     78.065     83.707 
        LOPD_24BIT                               58     5.517     55.226     60.743 
          LOPD_16bit_UNIT_MSB                    34     3.116     37.002     40.118 
            LOPD_8bit_unit_0                     14     1.244     21.193     22.437 
            LOPD_8bit_unit_1                     14     1.229     15.785     17.013 
          LOPD_8bit_UNIT_LSB                     14     1.277     17.953     19.230 
        EXP_ADJUST                               37     5.032     16.949     21.981 
          CLA_8BIT_UNIT                          30     4.686     16.949     21.634 
            CLA_4BIT_UNIT_0                      18     2.747      8.539     11.286 
            CLA_4BIT_UNIT_1                      11     1.798      8.409     10.207 
        EXP_SUB                                  25     2.855     91.701     94.556 
          CLA_8BIT_UNIT                          20     2.610     85.625     88.236 
            CLA_4BIT_UNIT_0                      17     2.222     74.096     76.318 
            CLA_4BIT_UNIT_1                       2     0.312      9.286      9.598 
        EXP_COM_8BIT                             24     2.694     13.824     16.519 
          COMP_LESS_UNIT                         24     2.694     13.824     16.519 
            u_high                               13     1.523      6.840      8.364 
            u_low                                10     0.916      6.984      7.900 
        EXP_RND                                  15     1.940      7.868      9.808 
        EXP_SWAP                                 13     1.513     17.005     18.519 
        MAN_ALU_PROC_RND                          7     0.970     22.201     23.171 
        SIGN_UNIT                                 2     0.121      1.622      1.743 
      DATA_B_IM                                1119   138.019   1394.490   1532.509 
        MAN_ALU                                 214    27.025    351.533    378.558 
          ALU_SUB_UNIT                          120    14.524    204.926    219.450 
            CLA_BLOCK_..CLA_4BIT_UNIT            18     2.350     39.010     41.360 
            CLA_BLOCK_..CLA_4BIT_UNIT            18     2.160     32.238     34.398 
            CLA_BLOCK_..CLA_4BIT_UNIT            18     2.154     34.981     37.135 
            CLA_BLOCK_..CLA_4BIT_UNIT            18     2.106     13.099     15.204 
            CLA_BLOCK_..CLA_4BIT_UNIT            15     1.934     30.712     32.646 
            CLA_BLOCK_..CLA_4BIT_UNIT            18     1.899     32.259     34.158 
        NOR_UNIT                                205    23.465    197.018    220.483 
          SHF_left_unit                         142    15.991    142.358    158.348 
        SHF_RIGHT_MAN                           134    15.273    216.389    231.662 
        PSC_UNIT                                 87    10.514     67.638     78.151 
        MAN_COMP_24BIT                           78     9.678     71.952     81.630 
          u_i_data_4                             13     1.809      8.994     10.803 
          u_i_data_2                             13     1.738     16.382     18.120 
          u_i_data_3                             13     1.539      6.371      7.909 
          u_i_data_1                             13     1.488     27.231     28.718 
          u_i_data_5                             10     1.129      8.486      9.615 
          u_i_data_0                             10     1.098      2.424      3.522 
        MAN_SWAP                                 48     7.490     52.077     59.567 
        MAN_SWAP_PRE                             46     6.364     81.445     87.809 
        MAN_RND                                  26     6.161     38.453     44.614 
        LOPD_24BIT                               58     5.192     32.897     38.089 
          LOPD_16bit_UNIT_MSB                    34     3.136     29.715     32.851 
            LOPD_8bit_unit_1                     14     1.327     16.257     17.584 
            LOPD_8bit_unit_0                     14     1.147     13.427     14.574 
          LOPD_8bit_UNIT_LSB                     14     0.895      3.182      4.076 
        EXP_ADJUST                               37     4.955     25.034     29.989 
          CLA_8BIT_UNIT                          30     4.609     25.034     29.642 
            CLA_4BIT_UNIT_0                      18     2.670     16.624     19.294 
            CLA_4BIT_UNIT_1                      11     1.798      8.409     10.207 
        EXP_SUB                                  25     2.734     54.549     57.283 
          CLA_8BIT_UNIT                          20     2.426     49.418     51.845 
            CLA_4BIT_UNIT_0                      17     2.034     36.511     38.544 
            CLA_4BIT_UNIT_1                       2     0.295     12.908     13.203 
        EXP_COM_8BIT                             24     2.507     78.160     80.667 
          COMP_LESS_UNIT                         24     2.507     78.160     80.667 
            u_high                               13     1.385     25.944     27.329 
            u_low                                10     0.941      6.083      7.023 
        EXP_RND                                  15     1.906     11.165     13.071 
        EXP_SWAP                                 13     1.748     29.719     31.466 
        MAN_ALU_PROC_RND                          7     0.949     23.567     24.516 
        SIGN_UNIT                                 2     0.147      0.695      0.842 
      DATA_A_IM                                1119   137.129   1606.189   1743.318 
        MAN_ALU                                 216    25.703    313.629    339.332 
          ALU_SUB_UNIT                          120    13.589    157.252    170.841 
            CLA_BLOCK_..CLA_4BIT_UNIT            18     2.473     33.276     35.749 
            CLA_BLOCK_..CLA_4BIT_UNIT            18     1.908     32.688     34.596 
            CLA_BLOCK_..CLA_4BIT_UNIT            15     1.888     30.531     32.419 
            CLA_BLOCK_..CLA_4BIT_UNIT            18     1.853     24.253     26.106 
            CLA_BLOCK_..CLA_4BIT_UNIT            18     1.836     12.595     14.431 
            CLA_BLOCK_..CLA_4BIT_UNIT            18     1.814      8.505     10.319 
        NOR_UNIT                                205    24.605    354.399    379.004 
          SHF_left_unit                         142    16.821    227.987    244.808 
        SHF_RIGHT_MAN                           134    14.635    209.705    224.340 
        PSC_UNIT                                 86    10.227     87.619     97.846 
        MAN_COMP_24BIT                           78     9.678     71.957     81.636 
          u_i_data_4                             13     1.809      8.994     10.803 
          u_i_data_2                             13     1.738     16.389     18.127 
          u_i_data_3                             13     1.539      6.371      7.909 
          u_i_data_1                             13     1.488     27.231     28.718 
          u_i_data_5                             10     1.129      8.486      9.615 
          u_i_data_0                             10     1.098      2.422      3.521 
        MAN_SWAP                                 48     7.505     52.393     59.898 
        MAN_SWAP_PRE                             46     6.429     80.801     87.230 
        MAN_RND                                  26     6.119     56.621     62.740 
        LOPD_24BIT                               58     5.244     47.691     52.934 
          LOPD_16bit_UNIT_MSB                    34     3.062     23.801     26.862 
            LOPD_8bit_unit_0                     14     1.200      8.973     10.173 
            LOPD_8bit_unit_1                     14     1.196     11.896     13.092 
          LOPD_8bit_UNIT_LSB                     14     1.105     18.529     19.634 
        EXP_ADJUST                               37     5.094     32.374     37.468 
          CLA_8BIT_UNIT                          30     4.624     28.000     32.624 
            CLA_4BIT_UNIT_0                      18     2.685     19.591     22.276 
            CLA_4BIT_UNIT_1                      11     1.798      8.409     10.207 
        EXP_SUB                                  25     2.734     52.975     55.710 
          CLA_8BIT_UNIT                          20     2.426     47.845     50.271 
            CLA_4BIT_UNIT_0                      17     2.034     34.937     36.971 
            CLA_4BIT_UNIT_1                       2     0.295     12.908     13.203 
        EXP_COM_8BIT                             24     2.507     78.160     80.667 
          COMP_LESS_UNIT                         24     2.507     78.160     80.667 
            u_high                               13     1.385     25.944     27.329 
            u_low                                10     0.941      6.083      7.023 
        EXP_RND                                  15     1.918     11.801     13.719 
        EXP_SWAP                                 13     1.748     29.719     31.466 
        MAN_ALU_PROC_RND                          7     0.949     23.567     24.516 
        SIGN_UNIT                                 1     0.110      3.243      3.353 
      DATA_A_RE                                1119   137.082   1798.337   1935.418 
        MAN_ALU                                 216    26.560    411.929    438.489 
          ALU_SUB_UNIT                          120    14.169    210.823    224.991 
            CLA_BLOCK_..CLA_4BIT_UNIT            18     2.244     37.921     40.165 
            CLA_BLOCK_..CLA_4BIT_UNIT            18     2.226     44.579     46.805 
            CLA_BLOCK_..CLA_4BIT_UNIT            18     2.021     30.121     32.142 
            CLA_BLOCK_..CLA_4BIT_UNIT            18     1.955     35.239     37.194 
            CLA_BLOCK_..CLA_4BIT_UNIT            18     1.936     29.356     31.292 
            CLA_BLOCK_..CLA_4BIT_UNIT            15     1.913     18.653     20.566 
        NOR_UNIT                                205    23.490    426.746    450.235 
          SHF_left_unit                         142    16.138    314.560    330.698 
        SHF_RIGHT_MAN                           134    15.078    291.211    306.289 
        PSC_UNIT                                 86    10.105     91.853    101.958 
        MAN_COMP_24BIT                           78     9.722     92.444    102.165 
          u_i_data_4                             13     1.681     15.027     16.708 
          u_i_data_1                             13     1.678     29.550     31.228 
          u_i_data_3                             13     1.646      0.000      1.646 
          u_i_data_2                             13     1.575     21.099     22.674 
          u_i_data_5                             10     1.389      4.628      6.017 
          u_i_data_0                             10     0.984     16.650     17.634 
        MAN_SWAP                                 48     7.877     65.857     73.735 
        MAN_RND                                  26     6.041     63.840     69.881 
        MAN_SWAP_PRE                             46     5.686     76.478     82.164 
        LOPD_24BIT                               58     5.291     53.129     58.420 
          LOPD_16bit_UNIT_MSB                    34     3.090     34.862     37.952 
            LOPD_8bit_unit_0                     14     1.209     15.669     16.878 
            LOPD_8bit_unit_1                     14     1.200     19.177     20.376 
          LOPD_8bit_UNIT_LSB                     14     1.077     17.997     19.074 
        EXP_ADJUST                               37     5.032     16.949     21.981 
          CLA_8BIT_UNIT                          30     4.686     16.949     21.634 
            CLA_4BIT_UNIT_0                      18     2.747      8.539     11.286 
            CLA_4BIT_UNIT_1                      11     1.798      8.409     10.207 
        EXP_SUB                                  25     2.855     89.817     92.672 
          CLA_8BIT_UNIT                          20     2.610     83.741     86.352 
            CLA_4BIT_UNIT_0                      17     2.222     72.211     74.434 
            CLA_4BIT_UNIT_1                       2     0.312      9.286      9.598 
        EXP_COM_8BIT                             24     2.694     13.824     16.519 
          COMP_LESS_UNIT                         24     2.694     13.824     16.519 
            u_high                               13     1.523      6.840      8.364 
            u_low                                10     0.916      6.984      7.900 
        EXP_RND                                  15     1.940      7.868      9.808 
        EXP_SWAP                                 13     1.513     17.005     18.519 
        MAN_ALU_PROC_RND                          7     0.970     22.201     23.170 
        SIGN_UNIT                                 1     0.092      2.493      2.584 
    BFU2_UNIT0                                 4478   542.912   7269.205   7812.117 
      DATA_B_IM                                1120   138.091   1841.653   1979.744 
        MAN_ALU                                 214    26.164    378.345    404.510 
          ALU_SUB_UNIT                          120    14.205    194.182    208.387 
            CLA_BLOCK_..CLA_4BIT_UNIT            18     2.384     35.048     37.432 
            CLA_BLOCK_..CLA_4BIT_UNIT            18     2.080     30.745     32.825 
            CLA_BLOCK_..CLA_4BIT_UNIT            18     1.990     30.531     32.521 
            CLA_BLOCK_..CLA_4BIT_UNIT            18     1.974     21.268     23.242 
            CLA_BLOCK_..CLA_4BIT_UNIT            18     1.972     29.519     31.491 
            CLA_BLOCK_..CLA_4BIT_UNIT            15     1.922     28.521     30.443 
        NOR_UNIT                                205    24.505    341.319    365.824 
          SHF_left_unit                         142    16.873    211.895    228.768 
        SHF_RIGHT_MAN                           134    15.811    249.645    265.456 
        PSC_UNIT                                 88    10.960     69.869     80.829 
        MAN_COMP_24BIT                           78     8.906    111.291    120.197 
          u_i_data_2                             13     1.545     17.914     19.460 
          u_i_data_1                             13     1.538     18.179     19.717 
          u_i_data_4                             13     1.513     21.329     22.842 
          u_i_data_3                             13     1.481     20.868     22.349 
          u_i_data_5                             10     1.089     11.435     12.524 
          u_i_data_0                             10     1.007     19.362     20.369 
        MAN_SWAP                                 48     7.206     97.910    105.115 
        MAN_SWAP_PRE                             46     6.290    127.440    133.730 
        MAN_RND                                  26     6.160     41.448     47.609 
        LOPD_24BIT                               58     5.283     68.087     73.370 
          LOPD_16bit_UNIT_MSB                    34     3.140     38.406     41.546 
            LOPD_8bit_unit_1                     14     1.262     17.925     19.188 
            LOPD_8bit_unit_0                     14     1.208     14.650     15.858 
          LOPD_8bit_UNIT_LSB                     14     1.188     18.688     19.876 
        EXP_ADJUST                               37     5.031     45.819     50.849 
          CLA_8BIT_UNIT                          30     4.244     22.103     26.347 
            CLA_4BIT_UNIT_0                      18     2.378     12.282     14.661 
            CLA_4BIT_UNIT_1                      11     1.745      9.809     11.554 
        EXP_SUB                                  25     2.841     61.839     64.680 
          CLA_8BIT_UNIT                          20     2.565     54.053     56.618 
            CLA_4BIT_UNIT_0                      17     2.213     54.041     56.253 
            CLA_4BIT_UNIT_1                       2     0.275      0.000      0.275 
        EXP_COM_8BIT                             24     2.476     76.227     78.703 
          COMP_LESS_UNIT                         24     2.476     76.227     78.703 
            u_high                               13     1.361     18.422     19.783 
            u_low                                10     0.968     11.507     12.475 
        EXP_RND                                  15     1.841     11.164     13.005 
        EXP_SWAP                                 13     1.833     43.558     45.391 
        MAN_ALU_PROC_RND                          7     0.905      0.000      0.905 
        SIGN_UNIT                                 2     0.179      3.657      3.836 
      DATA_A_IM                                1119   137.827   1743.740   1881.567 
        MAN_ALU                                 216    25.913    346.674    372.587 
          ALU_SUB_UNIT                          120    14.307    185.648    199.956 
            CLA_BLOCK_..CLA_4BIT_UNIT            18     2.526     41.092     43.619 
            CLA_BLOCK_..CLA_4BIT_UNIT            18     2.077     28.547     30.624 
            CLA_BLOCK_..CLA_4BIT_UNIT            18     2.040     25.726     27.767 
            CLA_BLOCK_..CLA_4BIT_UNIT            18     1.957     24.025     25.982 
            CLA_BLOCK_..CLA_4BIT_UNIT            15     1.890     27.042     28.932 
            CLA_BLOCK_..CLA_4BIT_UNIT            18     1.875     26.644     28.519 
        NOR_UNIT                                205    25.188    253.314    278.503 
          SHF_left_unit                         142    17.166    125.521    142.687 
        SHF_RIGHT_MAN                           134    15.141    240.157    255.299 
        PSC_UNIT                                 86    10.272     71.545     81.817 
        MAN_COMP_24BIT                           78     8.906    111.291    120.197 
          u_i_data_2                             13     1.545     17.915     19.460 
          u_i_data_1                             13     1.538     18.179     19.717 
          u_i_data_4                             13     1.513     21.329     22.842 
          u_i_data_3                             13     1.481     20.868     22.349 
          u_i_data_5                             10     1.089     11.435     12.524 
          u_i_data_0                             10     1.007     19.361     20.369 
        MAN_SWAP                                 48     7.242     98.532    105.775 
        MAN_SWAP_PRE                             46     6.362    125.536    131.899 
        MAN_RND                                  26     6.207     35.419     41.625 
        LOPD_24BIT                               58     5.474     61.461     66.935 
          LOPD_16bit_UNIT_MSB                    34     3.027     30.840     33.867 
            LOPD_8bit_unit_1                     14     1.188     20.873     22.060 
            LOPD_8bit_unit_0                     14     1.154      7.052      8.206 
          LOPD_8bit_UNIT_LSB                     14     1.420     24.719     26.139 
        EXP_ADJUST                               37     5.189     96.921    102.110 
          CLA_8BIT_UNIT                          30     4.491     66.368     70.859 
            CLA_4BIT_UNIT_0                      18     2.608     33.139     35.746 
            CLA_4BIT_UNIT_1                      11     1.763     30.572     32.334 
        EXP_SUB                                  25     2.841     60.583     63.424 
          CLA_8BIT_UNIT                          20     2.565     52.797     55.362 
            CLA_4BIT_UNIT_0                      17     2.213     52.785     54.997 
            CLA_4BIT_UNIT_1                       2     0.275      0.000      0.275 
        EXP_COM_8BIT                             24     2.476     76.227     78.703 
          COMP_LESS_UNIT                         24     2.476     76.227     78.703 
            u_high                               13     1.361     18.422     19.783 
            u_low                                10     0.968     11.507     12.475 
        EXP_RND                                  15     1.938     19.668     21.606 
        EXP_SWAP                                 13     1.833     43.558     45.391 
        MAN_ALU_PROC_RND                          7     0.905      0.000      0.905 
        SIGN_UNIT                                 1     0.149      0.702      0.851 
      DATA_B_RE                                1120   134.809   1985.484   2120.293 
        MAN_ALU                                 214    26.722    316.444    343.166 
          ALU_SUB_UNIT                          120    14.808    193.075    207.883 
            CLA_BLOCK_..CLA_4BIT_UNIT            18     2.431     36.175     38.606 
            CLA_BLOCK_..CLA_4BIT_UNIT            18     2.262     27.181     29.443 
            CLA_BLOCK_..CLA_4BIT_UNIT            18     2.103     32.415     34.518 
            CLA_BLOCK_..CLA_4BIT_UNIT            18     2.102     33.644     35.746 
            CLA_BLOCK_..CLA_4BIT_UNIT            18     1.998     12.265     14.262 
            CLA_BLOCK_..CLA_4BIT_UNIT            15     1.975     32.451     34.426 
        NOR_UNIT                                205    24.079    437.898    461.977 
          SHF_left_unit                         142    16.269    299.154    315.423 
        SHF_RIGHT_MAN                           134    14.738    316.703    331.442 
        PSC_UNIT                                 88    10.165    100.886    111.051 
        MAN_COMP_24BIT                           78     8.694     98.947    107.641 
          u_i_data_2                             13     1.540     16.910     18.450 
          u_i_data_4                             13     1.494     16.887     18.382 
          u_i_data_1                             13     1.489      5.620      7.109 
          u_i_data_3                             13     1.385     20.832     22.217 
          u_i_data_5                             10     1.020     14.234     15.253 
          u_i_data_0                             10     1.002     20.201     21.203 
        MAN_SWAP                                 48     6.924    121.777    128.701 
        MAN_RND                                  26     6.097     38.293     44.390 
        MAN_SWAP_PRE                             46     5.858    136.824    142.683 
        LOPD_24BIT                               58     5.472     67.580     73.052 
          LOPD_16bit_UNIT_MSB                    34     3.206     50.371     53.577 
            LOPD_8bit_unit_1                     14     1.311     29.111     30.422 
            LOPD_8bit_unit_0                     14     1.261     13.532     14.793 
          LOPD_8bit_UNIT_LSB                     14     1.177      6.922      8.099 
        EXP_ADJUST                               37     5.056     79.463     84.519 
          CLA_8BIT_UNIT                          30     4.369     57.701     62.070 
            CLA_4BIT_UNIT_0                      18     2.629     33.168     35.797 
            CLA_4BIT_UNIT_1                      11     1.619     21.875     23.495 
        EXP_SUB                                  25     2.795     27.519     30.314 
          CLA_8BIT_UNIT                          20     2.550     22.073     24.624 
            CLA_4BIT_UNIT_0                      17     2.199      9.166     11.364 
            CLA_4BIT_UNIT_1                       2     0.295     12.908     13.203 
        EXP_COM_8BIT                             24     2.417     76.919     79.336 
          COMP_LESS_UNIT                         24     2.417     76.919     79.336 
            u_high                               13     1.384     26.592     27.976 
            u_low                                10     0.843      4.360      5.203 
        EXP_RND                                  15     1.928     15.099     17.027 
        EXP_SWAP                                 13     1.676     29.711     31.387 
        MAN_ALU_PROC_RND                          7     0.917     22.487     23.404 
        SIGN_UNIT                                 2     0.123      3.657      3.779 
      DATA_A_RE                                1119   132.184   1698.328   1830.512 
        MAN_ALU                                 216    25.149    267.412    292.561 
          ALU_SUB_UNIT                          120    13.776    144.002    157.777 
            CLA_BLOCK_..CLA_4BIT_UNIT            18     2.481     31.576     34.057 
            CLA_BLOCK_..CLA_4BIT_UNIT            18     2.067     39.715     41.782 
            CLA_BLOCK_..CLA_4BIT_UNIT            18     1.915     13.713     15.628 
            CLA_BLOCK_..CLA_4BIT_UNIT            18     1.885     25.709     27.594 
            CLA_BLOCK_..CLA_4BIT_UNIT            18     1.877      9.022     10.899 
            CLA_BLOCK_..CLA_4BIT_UNIT            15     1.758     18.970     20.728 
        NOR_UNIT                                205    23.821    330.344    354.165 
          SHF_left_unit                         142    16.218    194.251    210.470 
        SHF_RIGHT_MAN                           134    14.204    308.448    322.651 
        PSC_UNIT                                 86     9.981     72.899     82.880 
        MAN_COMP_24BIT                           78     8.694     98.948    107.641 
          u_i_data_2                             13     1.540     16.911     18.450 
          u_i_data_4                             13     1.494     16.888     18.382 
          u_i_data_1                             13     1.489      5.620      7.110 
          u_i_data_3                             13     1.385     20.832     22.217 
          u_i_data_5                             10     1.020     14.234     15.254 
          u_i_data_0                             10     1.002     20.199     21.202 
        MAN_SWAP                                 48     6.989    123.335    130.324 
        MAN_RND                                  26     6.069     47.107     53.176 
        MAN_SWAP_PRE                             46     5.959    136.780    142.739 
        LOPD_24BIT                               58     5.284     32.118     37.402 
          LOPD_16bit_UNIT_MSB                    34     2.878     14.901     17.780 
            LOPD_8bit_unit_0                     14     1.168      9.284     10.452 
            LOPD_8bit_unit_1                     14     1.029      5.601      6.630 
          LOPD_8bit_UNIT_LSB                     14     1.244     17.217     18.461 
        EXP_ADJUST                               37     5.010     31.934     36.944 
          CLA_8BIT_UNIT                          30     4.624     28.000     32.624 
            CLA_4BIT_UNIT_0                      18     2.685     19.591     22.276 
            CLA_4BIT_UNIT_1                      11     1.798      8.409     10.207 
        EXP_SUB                                  25     2.795     27.519     30.314 
          CLA_8BIT_UNIT                          20     2.550     22.073     24.624 
            CLA_4BIT_UNIT_0                      17     2.199      9.166     11.364 
            CLA_4BIT_UNIT_1                       2     0.295     12.908     13.203 
        EXP_COM_8BIT                             24     2.417     76.919     79.336 
          COMP_LESS_UNIT                         24     2.417     76.919     79.336 
            u_high                               13     1.384     26.592     27.976 
            u_low                                10     0.843      4.360      5.203 
        EXP_RND                                  15     1.918     11.801     13.719 
        EXP_SWAP                                 13     1.676     29.711     31.387 
        MAN_ALU_PROC_RND                          7     0.917     22.487     23.404 
        SIGN_UNIT                                 1     0.110      0.702      0.812 
    BFU2_UNIT2                                 4478   540.552   7039.436   7579.988 
      DATA_A_RE                                1119   136.755   1801.758   1938.513 
        MAN_ALU                                 216    25.744    381.848    407.593 
          ALU_SUB_UNIT                          120    14.423    233.245    247.668 
            CLA_BLOCK_..CLA_4BIT_UNIT            18     2.453     43.165     45.618 
            CLA_BLOCK_..CLA_4BIT_UNIT            18     2.078     36.081     38.159 
            CLA_BLOCK_..CLA_4BIT_UNIT            18     2.063     35.948     38.011 
            CLA_BLOCK_..CLA_4BIT_UNIT            18     2.059     22.654     24.713 
            CLA_BLOCK_..CLA_4BIT_UNIT            18     1.999     35.215     37.214 
            CLA_BLOCK_..CLA_4BIT_UNIT            15     1.962     33.325     35.287 
        NOR_UNIT                                205    24.845    358.800    383.645 
          SHF_left_unit                         142    16.987    222.944    239.931 
        SHF_RIGHT_MAN                           134    14.846    310.778    325.624 
        PSC_UNIT                                 86     9.813     79.602     89.414 
        MAN_COMP_24BIT                           78     8.792    108.069    116.861 
          u_i_data_2                             13     1.513     21.305     22.818 
          u_i_data_4                             13     1.503     14.923     16.426 
          u_i_data_1                             13     1.443     24.900     26.343 
          u_i_data_3                             13     1.410     20.585     21.995 
          u_i_data_5                             10     1.200      9.922     11.122 
          u_i_data_0                             10     0.958     14.368     15.326 
        MAN_SWAP                                 48     7.156     85.664     92.820 
        MAN_SWAP_PRE                             46     6.878     73.074     79.952 
        MAN_RND                                  26     6.227     54.325     60.552 
        LOPD_24BIT                               58     5.667     53.662     59.329 
          LOPD_16bit_UNIT_MSB                    34     3.307     27.492     30.799 
            LOPD_8bit_unit_1                     14     1.376     21.495     22.871 
            LOPD_8bit_unit_0                     14     1.246      3.082      4.327 
          LOPD_8bit_UNIT_LSB                     14     1.320     20.538     21.858 
        EXP_ADJUST                               37     5.212     45.686     50.898 
          CLA_8BIT_UNIT                          30     4.741     41.312     46.054 
            CLA_4BIT_UNIT_0                      18     2.685     19.591     22.276 
            CLA_4BIT_UNIT_1                      11     1.916     21.721     23.637 
        EXP_SUB                                  25     2.714     40.068     42.782 
          CLA_8BIT_UNIT                          20     2.406     34.937     37.343 
            CLA_4BIT_UNIT_0                      17     2.034     34.937     36.971 
            CLA_4BIT_UNIT_1                       2     0.275      0.000      0.275 
        EXP_COM_8BIT                             24     2.351     25.357     27.708 
          COMP_LESS_UNIT                         24     2.351     25.357     27.708 
            u_high                               13     1.361     18.422     19.783 
            u_low                                10     0.844      6.920      7.764 
        EXP_SWAP                                 13     2.039     30.198     32.237 
        EXP_RND                                  15     1.962     19.667     21.629 
        MAN_ALU_PROC_RND                          7     0.949     21.115     22.064 
        SIGN_UNIT                                 1     0.185      0.000      0.185 
      DATA_B_RE                                1120   135.907   1528.048   1663.954 
        MAN_ALU                                 214    25.830    264.621    290.451 
          ALU_SUB_UNIT                          120    14.316    133.373    147.689 
            CLA_BLOCK_..CLA_4BIT_UNIT            18     2.545     37.158     39.703 
            CLA_BLOCK_..CLA_4BIT_UNIT            18     2.176     13.693     15.869 
            CLA_BLOCK_..CLA_4BIT_UNIT            18     2.001     29.280     31.280 
            CLA_BLOCK_..CLA_4BIT_UNIT            18     1.998     15.726     17.724 
            CLA_BLOCK_..CLA_4BIT_UNIT            15     1.870     25.066     26.937 
            CLA_BLOCK_..CLA_4BIT_UNIT            18     1.779      9.331     11.110 
        NOR_UNIT                                205    23.709    264.601    288.310 
          SHF_left_unit                         142    16.245    190.334    206.579 
        SHF_RIGHT_MAN                           134    15.469    327.034    342.503 
        PSC_UNIT                                 88    10.163     78.278     88.441 
        MAN_COMP_24BIT                           78     8.792    108.060    116.852 
          u_i_data_2                             13     1.513     21.305     22.818 
          u_i_data_4                             13     1.503     14.916     16.420 
          u_i_data_1                             13     1.443     24.898     26.341 
          u_i_data_3                             13     1.410     20.585     21.995 
          u_i_data_5                             10     1.200      9.922     11.122 
          u_i_data_0                             10     0.958     14.369     15.326 
        MAN_SWAP                                 48     7.077     84.414     91.491 
        MAN_SWAP_PRE                             46     6.791     73.407     80.198 
        MAN_RND                                  26     6.134     40.840     46.974 
        LOPD_24BIT                               58     5.321     42.560     47.881 
          LOPD_16bit_UNIT_MSB                    34     3.001     21.041     24.042 
            LOPD_8bit_unit_1                     14     1.270     16.390     17.661 
            LOPD_8bit_unit_0                     14     1.070      4.651      5.720 
          LOPD_8bit_UNIT_LSB                     14     1.158     21.519     22.677 
        EXP_ADJUST                               37     5.073     38.346     43.419 
          CLA_8BIT_UNIT                          30     4.727     38.346     43.072 
            CLA_4BIT_UNIT_0                      18     2.670     16.624     19.294 
            CLA_4BIT_UNIT_1                      11     1.916     21.721     23.637 
        EXP_SUB                                  25     2.714     41.326     44.041 
          CLA_8BIT_UNIT                          20     2.406     36.196     38.602 
            CLA_4BIT_UNIT_0                      17     2.034     36.196     38.230 
            CLA_4BIT_UNIT_1                       2     0.275      0.000      0.275 
        EXP_COM_8BIT                             24     2.351     25.357     27.708 
          COMP_LESS_UNIT                         24     2.351     25.357     27.708 
            u_high                               13     1.361     18.422     19.783 
            u_low                                10     0.844      6.920      7.764 
        EXP_SWAP                                 13     2.039     30.198     32.237 
        EXP_RND                                  15     1.950     19.030     20.980 
        MAN_ALU_PROC_RND                          7     0.949     21.115     22.064 
        SIGN_UNIT                                 2     0.185      0.000      0.185 
      DATA_B_IM                                1120   134.875   1752.108   1886.984 
        MAN_ALU                                 214    26.241    343.573    369.814 
          ALU_SUB_UNIT                          120    14.654    205.262    219.916 
            CLA_BLOCK_..CLA_4BIT_UNIT            18     2.302     30.646     32.948 
            CLA_BLOCK_..CLA_4BIT_UNIT            18     2.299     25.360     27.659 
            CLA_BLOCK_..CLA_4BIT_UNIT            18     2.082     30.042     32.125 
            CLA_BLOCK_..CLA_4BIT_UNIT            18     2.072     35.441     37.513 
            CLA_BLOCK_..CLA_4BIT_UNIT            18     2.014     36.588     38.601 
            CLA_BLOCK_..CLA_4BIT_UNIT            15     1.954     34.317     36.270 
        NOR_UNIT                                205    24.115    261.509    285.624 
          SHF_left_unit                         142    16.329    192.326    208.655 
        SHF_RIGHT_MAN                           134    15.619    318.358    333.977 
        PSC_UNIT                                 88     9.980     99.251    109.232 
        MAN_COMP_24BIT                           78     9.081     74.282     83.362 
          u_i_data_4                             13     1.622      5.756      7.378 
          u_i_data_3                             13     1.533      8.331      9.864 
          u_i_data_1                             13     1.494     19.142     20.636 
          u_i_data_2                             13     1.484     12.944     14.427 
          u_i_data_5                             10     1.198      8.263      9.461 
          u_i_data_0                             10     0.873     15.714     16.587 
        MAN_SWAP                                 48     7.066    110.471    117.537 
        MAN_RND                                  26     6.021     36.159     42.180 
        MAN_SWAP_PRE                             46     5.802    130.875    136.677 
        LOPD_24BIT                               58     5.623     22.336     27.959 
          LOPD_16bit_UNIT_MSB                    34     3.161     14.528     17.688 
            LOPD_8bit_unit_0                     14     1.245     13.686     14.931 
            LOPD_8bit_unit_1                     14     1.235      0.826      2.061 
          LOPD_8bit_UNIT_LSB                     14     1.338      7.538      8.877 
        EXP_ADJUST                               37     4.782     31.526     36.308 
          CLA_8BIT_UNIT                          30     4.435     31.526     35.962 
            CLA_4BIT_UNIT_0                      18     2.517     23.060     25.578 
            CLA_4BIT_UNIT_1                      11     1.798      8.409     10.207 
        EXP_SUB                                  25     2.769     66.705     69.475 
          CLA_8BIT_UNIT                          20     2.525     61.260     63.785 
            CLA_4BIT_UNIT_0                      17     2.132     48.352     50.484 
            CLA_4BIT_UNIT_1                       2     0.295     12.908     13.203 
        EXP_COM_8BIT                             24     2.366     88.229     90.596 
          COMP_LESS_UNIT                         24     2.366     88.229     90.596 
            u_high                               13     1.384     26.592     27.976 
            u_low                                10     0.802     15.504     16.306 
        EXP_RND                                  15     1.850     11.801     13.651 
        EXP_SWAP                                 13     1.607     31.289     32.896 
        MAN_ALU_PROC_RND                          7     0.930     21.231     22.162 
        SIGN_UNIT                                 2     0.123      3.657      3.779 
      DATA_A_IM                                1119   133.015   1957.522   2090.537 
        MAN_ALU                                 216    25.330    323.894    349.224 
          ALU_SUB_UNIT                          120    13.722    174.323    188.046 
            CLA_BLOCK_..CLA_4BIT_UNIT            18     2.595     35.404     37.999 
            CLA_BLOCK_..CLA_4BIT_UNIT            18     2.045     25.069     27.114 
            CLA_BLOCK_..CLA_4BIT_UNIT            18     1.940     30.165     32.105 
            CLA_BLOCK_..CLA_4BIT_UNIT            18     1.894     27.688     29.582 
            CLA_BLOCK_..CLA_4BIT_UNIT            18     1.835     17.980     19.815 
            CLA_BLOCK_..CLA_4BIT_UNIT            15     1.761     35.014     36.775 
        NOR_UNIT                                205    23.672    370.209    393.880 
          SHF_left_unit                         142    15.809    228.443    244.251 
        SHF_RIGHT_MAN                           134    14.940    306.257    321.197 
        PSC_UNIT                                 86     9.716     86.186     95.902 
        MAN_COMP_24BIT                           78     9.081     74.282     83.363 
          u_i_data_4                             13     1.622      5.757      7.379 
          u_i_data_3                             13     1.533      8.331      9.864 
          u_i_data_1                             13     1.494     19.142     20.637 
          u_i_data_2                             13     1.484     12.945     14.428 
          u_i_data_5                             10     1.198      8.263      9.461 
          u_i_data_0                             10     0.873     15.713     16.586 
        MAN_SWAP                                 48     7.138    110.784    117.923 
        MAN_RND                                  26     6.085     50.822     56.907 
        MAN_SWAP_PRE                             46     5.910    131.763    137.673 
        LOPD_24BIT                               58     5.263     44.895     50.157 
          LOPD_16bit_UNIT_MSB                    34     3.121     28.201     31.322 
            LOPD_8bit_unit_1                     14     1.259     22.139     23.399 
            LOPD_8bit_unit_0                     14     1.196      3.163      4.359 
          LOPD_8bit_UNIT_LSB                     14     1.102     11.062     12.164 
        EXP_ADJUST                               37     4.799     86.661     91.460 
          CLA_8BIT_UNIT                          30     4.301     82.404     86.705 
            CLA_4BIT_UNIT_0                      18     2.463     47.602     50.065 
            CLA_4BIT_UNIT_1                      11     1.698     32.155     33.853 
        EXP_SUB                                  25     2.769     64.186     66.955 
          CLA_8BIT_UNIT                          20     2.525     58.740     61.265 
            CLA_4BIT_UNIT_0                      17     2.132     45.833     47.965 
            CLA_4BIT_UNIT_1                       2     0.295     12.908     13.203 
        EXP_COM_8BIT                             24     2.366     88.229     90.596 
          COMP_LESS_UNIT                         24     2.366     88.229     90.596 
            u_high                               13     1.384     26.592     27.976 
            u_low                                10     0.802     15.504     16.306 
        EXP_RND                                  15     1.981     19.031     21.012 
        EXP_SWAP                                 13     1.607     31.289     32.896 
        MAN_ALU_PROC_RND                          7     0.930     21.231     22.161 
        SIGN_UNIT                                 1     0.110      0.702      0.812 
  BFU4_06                                      8957  1147.404  12112.438  13259.842 
    BFU2_UNIT0                                 4478   575.171   6065.161   6640.332 
      DATA_A_RE                                1119   145.490   1204.689   1350.179 
        MAN_ALU                                 216    29.473    124.503    153.976 
          ALU_SUB_UNIT                          120    16.374     62.770     79.144 
            CLA_BLOCK_..CLA_4BIT_UNIT            18     2.900      9.759     12.659 
            CLA_BLOCK_..CLA_4BIT_UNIT            18     2.428      8.066     10.493 
            CLA_BLOCK_..CLA_4BIT_UNIT            18     2.340     17.730     20.070 
            CLA_BLOCK_..CLA_4BIT_UNIT            18     2.262     27.181     29.443 
            CLA_BLOCK_..CLA_4BIT_UNIT            15     2.210      0.000      2.210 
            CLA_BLOCK_..CLA_4BIT_UNIT            18     2.188      0.034      2.222 
        NOR_UNIT                                205    24.806    223.610    248.416 
          SHF_left_unit                         142    16.612    165.295    181.906 
        SHF_RIGHT_MAN                           134    14.665    163.033    177.698 
        PSC_UNIT                                 86    11.886    111.247    123.133 
        MAN_COMP_24BIT                           78     9.740     56.933     66.672 
          u_i_data_4                             13     1.698      0.000      1.698 
          u_i_data_2                             13     1.676     20.377     22.053 
          u_i_data_3                             13     1.610      7.808      9.418 
          u_i_data_1                             13     1.591     15.389     16.980 
          u_i_data_5                             10     1.308      7.658      8.966 
          u_i_data_0                             10     1.056      4.642      5.698 
        MAN_SWAP                                 48     8.311     43.354     51.665 
        MAN_SWAP_PRE                             46     6.242     58.931     65.173 
        MAN_RND                                  26     6.099     35.341     41.441 
        LOPD_24BIT                               58     5.722     43.559     49.281 
          LOPD_16bit_UNIT_MSB                    34     3.220     24.782     28.002 
            LOPD_8bit_unit_0                     14     1.387     24.758     26.144 
            LOPD_8bit_unit_1                     14     1.190      0.000      1.190 
          LOPD_8bit_UNIT_LSB                     14     1.378     18.777     20.156 
        EXP_ADJUST                               37     4.971     57.955     62.926 
          CLA_8BIT_UNIT                          30     4.624     57.955     62.579 
            CLA_4BIT_UNIT_0                      18     2.588     28.943     31.531 
            CLA_4BIT_UNIT_1                      11     1.916     28.956     30.871 
        EXP_COM_8BIT                             24     2.930     37.376     40.306 
          COMP_LESS_UNIT                         24     2.930     37.376     40.306 
            u_high                               13     1.674     31.048     32.723 
            u_low                                10     1.085      6.311      7.396 
        EXP_SUB                                  25     2.770     50.526     53.295 
          CLA_8BIT_UNIT                          20     2.398     48.815     51.214 
            CLA_4BIT_UNIT_0                      17     2.031     35.443     37.474 
            CLA_4BIT_UNIT_1                       2     0.270     13.373     13.643 
        EXP_RND                                  15     1.911     26.899     28.810 
        EXP_SWAP                                 13     1.729     32.969     34.698 
        MAN_ALU_PROC_RND                          7     0.916     27.247     28.162 
        SIGN_UNIT                                 1     0.112      2.662      2.774 
      DATA_B_IM                                1120   144.802   1740.572   1885.374 
        MAN_ALU                                 214    28.088    304.553    332.641 
          ALU_SUB_UNIT                          120    15.393    140.345    155.738 
            CLA_BLOCK_..CLA_4BIT_UNIT            18     2.775     17.161     19.936 
            CLA_BLOCK_..CLA_4BIT_UNIT            18     2.224     19.040     21.264 
            CLA_BLOCK_..CLA_4BIT_UNIT            18     2.124     27.921     30.045 
            CLA_BLOCK_..CLA_4BIT_UNIT            15     2.122     18.834     20.956 
            CLA_BLOCK_..CLA_4BIT_UNIT            18     2.114     11.583     13.697 
            CLA_BLOCK_..CLA_4BIT_UNIT            18     2.004     35.693     37.697 
        NOR_UNIT                                205    24.843    373.718    398.562 
          SHF_left_unit                         142    16.833    248.001    264.833 
        SHF_RIGHT_MAN                           134    15.869    230.487    246.356 
        PSC_UNIT                                 88    11.611    103.946    115.557 
        MAN_COMP_24BIT                           78     9.616    104.507    114.122 
          u_i_data_2                             13     1.662     32.016     33.678 
          u_i_data_4                             13     1.655     25.196     26.851 
          u_i_data_3                             13     1.651     16.523     18.174 
          u_i_data_1                             13     1.609      8.328      9.937 
          u_i_data_5                             10     1.329      5.959      7.288 
          u_i_data_0                             10     1.085      9.174     10.260 
        MAN_SWAP                                 48     7.827     68.086     75.912 
        MAN_SWAP_PRE                             46     7.548     58.962     66.510 
        MAN_RND                                  26     6.091     45.796     51.887 
        LOPD_24BIT                               58     5.571     44.392     49.963 
          LOPD_16bit_UNIT_MSB                    34     3.386     31.851     35.237 
            LOPD_8bit_unit_0                     14     1.433     11.744     13.177 
            LOPD_8bit_unit_1                     14     1.287     17.175     18.462 
          LOPD_8bit_UNIT_LSB                     14     1.134      7.179      8.313 
        EXP_ADJUST                               37     5.138     76.755     81.892 
          CLA_8BIT_UNIT                          30     4.667     72.382     77.049 
            CLA_4BIT_UNIT_0                      18     2.631     43.370     46.001 
            CLA_4BIT_UNIT_1                      11     1.916     28.956     30.871 
        EXP_SUB                                  25     2.764     71.566     74.331 
          CLA_8BIT_UNIT                          20     2.488     68.146     70.634 
            CLA_4BIT_UNIT_0                      17     2.136     68.134     70.270 
            CLA_4BIT_UNIT_1                       2     0.275      0.000      0.275 
        EXP_COM_8BIT                             24     2.464     18.221     20.685 
          COMP_LESS_UNIT                         24     2.464     18.221     20.685 
            u_high                               13     1.456     10.467     11.923 
            u_low                                10     0.882      7.754      8.635 
        EXP_SWAP                                 13     2.000     37.392     39.392 
        EXP_RND                                  15     1.911     26.899     28.810 
        MAN_ALU_PROC_RND                          7     0.883     19.219     20.102 
        SIGN_UNIT                                 2     0.149      2.867      3.016 
      DATA_B_RE                                1120   144.800   1354.702   1499.502 
        MAN_ALU                                 214    27.365    213.592    240.958 
          ALU_SUB_UNIT                          120    13.195    136.635    149.830 
            CLA_BLOCK_..CLA_4BIT_UNIT            18     2.065     29.260     31.325 
            CLA_BLOCK_..CLA_4BIT_UNIT            18     2.032     26.076     28.108 
            CLA_BLOCK_..CLA_4BIT_UNIT            18     1.940     30.463     32.404 
            CLA_BLOCK_..CLA_4BIT_UNIT            18     1.902     13.307     15.209 
            CLA_BLOCK_..CLA_4BIT_UNIT            18     1.880     21.137     23.017 
            CLA_BLOCK_..CLA_4BIT_UNIT            15     1.862      0.000      1.862 
        NOR_UNIT                                205    25.118    250.578    275.696 
          SHF_left_unit                         142    16.857    182.000    198.857 
        SHF_RIGHT_MAN                           134    15.296    173.612    188.909 
        PSC_UNIT                                 88    12.283    114.288    126.571 
        MAN_COMP_24BIT                           78     9.740     56.926     66.666 
          u_i_data_4                             13     1.698      0.000      1.698 
          u_i_data_2                             13     1.676     20.370     22.047 
          u_i_data_3                             13     1.610      7.808      9.418 
          u_i_data_1                             13     1.591     15.389     16.980 
          u_i_data_5                             10     1.308      7.658      8.966 
          u_i_data_0                             10     1.056      4.642      5.698 
        MAN_SWAP                                 48     8.289     43.036     51.325 
        MAN_SWAP_PRE                             46     6.198     59.258     65.455 
        MAN_RND                                  26     6.085     42.164     48.249 
        LOPD_24BIT                               58     5.853     53.699     59.552 
          LOPD_16bit_UNIT_MSB                    34     3.267     27.933     31.200 
            LOPD_8bit_unit_0                     14     1.387     24.758     26.144 
            LOPD_8bit_unit_1                     14     1.237      3.151      4.388 
          LOPD_8bit_UNIT_LSB                     14     1.462     25.766     27.228 
        EXP_ADJUST                               37     4.971     57.955     62.926 
          CLA_8BIT_UNIT                          30     4.624     57.955     62.579 
            CLA_4BIT_UNIT_0                      18     2.588     28.943     31.531 
            CLA_4BIT_UNIT_1                      11     1.916     28.956     30.871 
        EXP_COM_8BIT                             24     2.930     37.376     40.306 
          COMP_LESS_UNIT                         24     2.930     37.376     40.306 
            u_high                               13     1.674     31.048     32.723 
            u_low                                10     1.085      6.311      7.396 
        EXP_SUB                                  25     2.770     51.784     54.554 
          CLA_8BIT_UNIT                          20     2.398     50.074     52.472 
            CLA_4BIT_UNIT_0                      17     2.031     36.702     38.732 
            CLA_4BIT_UNIT_1                       2     0.270     13.373     13.643 
        EXP_RND                                  15     1.911     26.899     28.810 
        EXP_SWAP                                 13     1.729     32.969     34.698 
        MAN_ALU_PROC_RND                          7     0.916     27.247     28.163 
        SIGN_UNIT                                 2     0.133      2.865      2.998 
      DATA_A_IM                                1119   140.079   1765.198   1905.277 
        MAN_ALU                                 216    27.446    331.813    359.259 
          ALU_SUB_UNIT                          120    14.960    145.706    160.666 
            CLA_BLOCK_..CLA_4BIT_UNIT            18     2.301     12.529     14.830 
            CLA_BLOCK_..CLA_4BIT_UNIT            18     2.279     22.017     24.296 
            CLA_BLOCK_..CLA_4BIT_UNIT            18     2.263     25.886     28.149 
            CLA_BLOCK_..CLA_4BIT_UNIT            18     2.211     19.040     21.251 
            CLA_BLOCK_..CLA_4BIT_UNIT            18     2.084     31.044     33.128 
            CLA_BLOCK_..CLA_4BIT_UNIT            15     1.942     27.464     29.406 
        NOR_UNIT                                205    23.140    446.502    469.642 
          SHF_left_unit                         142    15.961    279.254    295.214 
        SHF_RIGHT_MAN                           134    15.143    222.795    237.938 
        PSC_UNIT                                 86    11.153    104.584    115.736 
        MAN_COMP_24BIT                           78     9.616    104.506    114.121 
          u_i_data_2                             13     1.662     32.016     33.678 
          u_i_data_4                             13     1.655     25.197     26.852 
          u_i_data_3                             13     1.651     16.523     18.174 
          u_i_data_1                             13     1.609      8.328      9.937 
          u_i_data_5                             10     1.329      5.959      7.288 
          u_i_data_0                             10     1.085      9.172     10.258 
        MAN_SWAP                                 48     7.849     67.456     75.305 
        MAN_SWAP_PRE                             46     7.592     58.953     66.546 
        MAN_RND                                  26     6.030     52.970     59.000 
        LOPD_24BIT                               58     5.151     43.586     48.737 
          LOPD_16bit_UNIT_MSB                    34     2.967     29.448     32.415 
            LOPD_8bit_unit_1                     14     1.159     17.094     18.254 
            LOPD_8bit_unit_0                     14     1.102      9.455     10.557 
          LOPD_8bit_UNIT_LSB                     14     1.108      8.776      9.884 
        EXP_ADJUST                               37     4.976     54.079     59.055 
          CLA_8BIT_UNIT                          30     4.273     28.429     32.702 
            CLA_4BIT_UNIT_0                      18     2.422     25.277     27.699 
            CLA_4BIT_UNIT_1                      11     1.752      3.083      4.835 
        EXP_SUB                                  25     2.764     70.306     73.071 
          CLA_8BIT_UNIT                          20     2.488     66.886     69.374 
            CLA_4BIT_UNIT_0                      17     2.136     66.873     69.009 
            CLA_4BIT_UNIT_1                       2     0.275      0.000      0.275 
        EXP_COM_8BIT                             24     2.464     18.221     20.685 
          COMP_LESS_UNIT                         24     2.464     18.221     20.685 
            u_high                               13     1.456     10.467     11.923 
            u_low                                10     0.882      7.754      8.635 
        EXP_SWAP                                 13     2.000     37.392     39.392 
        EXP_RND                                  15     1.801      0.000      1.801 
        MAN_ALU_PROC_RND                          7     0.883     19.219     20.102 
        SIGN_UNIT                                 1     0.127      2.660      2.787 
    BFU2_UNIT1                                 4478   572.152   6047.278   6619.430 
      DATA_B_IM                                1120   148.204   1328.094   1476.298 
        MAN_ALU                                 214    28.948    220.202    249.151 
          ALU_SUB_UNIT                          120    15.825    119.284    135.109 
            CLA_BLOCK_..CLA_4BIT_UNIT            18     2.898      7.455     10.353 
            CLA_BLOCK_..CLA_4BIT_UNIT            18     2.432      7.899     10.331 
            CLA_BLOCK_..CLA_4BIT_UNIT            18     2.189     31.159     33.348 
            CLA_BLOCK_..CLA_4BIT_UNIT            15     2.126      8.216     10.342 
            CLA_BLOCK_..CLA_4BIT_UNIT            18     2.124     27.921     30.045 
            CLA_BLOCK_..CLA_4BIT_UNIT            18     1.993     31.345     33.339 
        NOR_UNIT                                205    26.241    229.359    255.600 
          SHF_left_unit                         142    17.823    172.640    190.463 
        SHF_RIGHT_MAN                           134    15.029    145.659    160.688 
        PSC_UNIT                                 88    12.131    127.846    139.977 
        MAN_COMP_24BIT                           78     9.341     79.335     88.676 
          u_i_data_3                             13     1.639     25.490     27.128 
          u_i_data_4                             13     1.637      6.598      8.235 
          u_i_data_1                             13     1.613      7.408      9.021 
          u_i_data_2                             13     1.579     28.096     29.675 
          u_i_data_5                             10     1.104     10.567     11.671 
          u_i_data_0                             10     0.995      0.062      1.056 
        MAN_SWAP                                 48     8.054     61.532     69.585 
        MAN_SWAP_PRE                             46     7.900     58.677     66.577 
        MAN_RND                                  26     6.209     30.666     36.875 
        LOPD_24BIT                               58     5.952     84.110     90.063 
          LOPD_16bit_UNIT_MSB                    34     3.368     53.353     56.721 
            LOPD_8bit_unit_0                     14     1.360     25.745     27.105 
            LOPD_8bit_unit_1                     14     1.360     24.684     26.044 
          LOPD_8bit_UNIT_LSB                     14     1.545     25.396     26.940 
        EXP_ADJUST                               37     4.940     74.607     79.547 
          CLA_8BIT_UNIT                          30     4.477     74.279     78.756 
            CLA_4BIT_UNIT_0                      18     2.490     44.759     47.249 
            CLA_4BIT_UNIT_1                      11     1.847     26.873     28.720 
        EXP_SUB                                  25     2.750     16.977     19.727 
          CLA_8BIT_UNIT                          20     2.537      9.506     12.044 
            CLA_4BIT_UNIT_0                      17     2.206      9.506     11.712 
            CLA_4BIT_UNIT_1                       2     0.275      0.000      0.275 
        EXP_COM_8BIT                             24     2.401     16.918     19.319 
          COMP_LESS_UNIT                         24     2.401     16.918     19.319 
            u_high                               13     1.456     10.467     11.923 
            u_low                                10     0.819      6.451      7.270 
        EXP_RND                                  15     2.008      7.230      9.238 
        EXP_SWAP                                 13     1.937     41.458     43.394 
        MAN_ALU_PROC_RND                          7     0.905      0.000      0.905 
        SIGN_UNIT                                 2     0.144      0.000      0.144 
      DATA_A_IM                                1119   145.272   1391.222   1536.494 
        MAN_ALU                                 216    26.840    263.923    290.764 
          ALU_SUB_UNIT                          120    13.489    166.844    180.333 
            CLA_BLOCK_..CLA_4BIT_UNIT            18     2.184     33.593     35.778 
            CLA_BLOCK_..CLA_4BIT_UNIT            18     2.079     26.128     28.208 
            CLA_BLOCK_..CLA_4BIT_UNIT            18     2.032     38.302     40.334 
            CLA_BLOCK_..CLA_4BIT_UNIT            18     1.941     11.755     13.697 
            CLA_BLOCK_..CLA_4BIT_UNIT            18     1.920     17.047     18.967 
            CLA_BLOCK_..CLA_4BIT_UNIT            15     1.865      9.915     11.780 
        NOR_UNIT                                205    26.482    208.457    234.939 
          SHF_left_unit                         142    17.997    167.183    185.181 
        SHF_RIGHT_MAN                           134    14.473    139.705    154.179 
        PSC_UNIT                                 86    11.818    129.577    141.396 
        MAN_COMP_24BIT                           78     9.341     79.342     88.683 
          u_i_data_3                             13     1.639     25.490     27.129 
          u_i_data_4                             13     1.637      6.598      8.235 
          u_i_data_1                             13     1.613      7.408      9.021 
          u_i_data_2                             13     1.579     28.103     29.682 
          u_i_data_5                             10     1.104     10.567     11.671 
          u_i_data_0                             10     0.995      0.062      1.056 
        MAN_SWAP                                 48     8.112     63.410     71.521 
        MAN_SWAP_PRE                             46     7.944     58.352     66.296 
        MAN_RND                                  26     6.270     25.261     31.532 
        LOPD_24BIT                               58     5.986     77.374     83.360 
          LOPD_16bit_UNIT_MSB                    34     3.485     41.255     44.741 
            LOPD_8bit_unit_1                     14     1.467     11.976     13.443 
            LOPD_8bit_unit_0                     14     1.366     23.457     24.823 
          LOPD_8bit_UNIT_LSB                     14     1.545     25.396     26.941 
        EXP_ADJUST                               37     4.965     78.869     83.834 
          CLA_8BIT_UNIT                          30     3.936     73.751     77.687 
            CLA_4BIT_UNIT_0                      18     2.289     37.862     40.151 
            CLA_4BIT_UNIT_1                      11     1.548     35.889     37.437 
        EXP_SUB                                  25     2.750     16.977     19.727 
          CLA_8BIT_UNIT                          20     2.537      9.506     12.044 
            CLA_4BIT_UNIT_0                      17     2.206      9.506     11.712 
            CLA_4BIT_UNIT_1                       2     0.275      0.000      0.275 
        EXP_COM_8BIT                             24     2.401     16.918     19.319 
          COMP_LESS_UNIT                         24     2.401     16.918     19.319 
            u_high                               13     1.456     10.467     11.923 
            u_low                                10     0.819      6.451      7.270 
        EXP_SWAP                                 13     1.937     41.458     43.394 
        EXP_RND                                  15     1.921     23.602     25.523 
        MAN_ALU_PROC_RND                          7     0.905      0.000      0.905 
        SIGN_UNIT                                 1     0.146      0.000      0.146 
      DATA_B_RE                                1120   141.200   1632.771   1773.971 
        MAN_ALU                                 214    26.545    349.178    375.722 
          ALU_SUB_UNIT                          120    15.030    203.076    218.106 
            CLA_BLOCK_..CLA_4BIT_UNIT            18     2.699     16.736     19.435 
            CLA_BLOCK_..CLA_4BIT_UNIT            18     2.174     27.452     29.626 
            CLA_BLOCK_..CLA_4BIT_UNIT            18     2.122     42.530     44.653 
            CLA_BLOCK_..CLA_4BIT_UNIT            18     2.051     40.786     42.836 
            CLA_BLOCK_..CLA_4BIT_UNIT            18     2.033     28.568     30.601 
            CLA_BLOCK_..CLA_4BIT_UNIT            15     1.986     27.855     29.841 
        NOR_UNIT                                205    24.672    214.456    239.128 
          SHF_left_unit                         142    16.895    154.457    171.352 
        SHF_RIGHT_MAN                           134    17.118    263.886    281.004 
        PSC_UNIT                                 88    10.612    110.678    121.290 
        MAN_COMP_24BIT                           78     9.035     83.425     92.460 
          u_i_data_4                             13     1.639     11.515     13.154 
          u_i_data_2                             13     1.479     19.030     20.509 
          u_i_data_3                             13     1.463     13.783     15.246 
          u_i_data_1                             13     1.456     10.108     11.563 
          u_i_data_5                             10     1.389      4.628      6.017 
          u_i_data_0                             10     0.974     17.929     18.903 
        MAN_SWAP                                 48     7.219     93.222    100.440 
        MAN_SWAP_PRE                             46     6.909     98.490    105.399 
        MAN_RND                                  26     6.049     39.397     45.446 
        LOPD_24BIT                               58     5.766     44.742     50.508 
          LOPD_16bit_UNIT_MSB                    34     3.042     31.562     34.604 
            LOPD_8bit_unit_1                     14     1.182     14.455     15.636 
            LOPD_8bit_unit_0                     14     1.179     17.092     18.271 
          LOPD_8bit_UNIT_LSB                     14     1.710     12.639     14.350 
        EXP_ADJUST                               37     4.965     60.113     65.078 
          CLA_8BIT_UNIT                          30     4.619     60.113     64.731 
            CLA_4BIT_UNIT_0                      18     2.583     31.101     33.683 
            CLA_4BIT_UNIT_1                      11     1.916     28.956     30.871 
        EXP_SUB                                  25     2.827     50.979     53.806 
          CLA_8BIT_UNIT                          20     2.487     47.559     50.046 
            CLA_4BIT_UNIT_0                      17     2.114     47.559     49.673 
            CLA_4BIT_UNIT_1                       2     0.275      0.000      0.275 
        EXP_COM_8BIT                             24     2.594     15.302     17.896 
          COMP_LESS_UNIT                         24     2.594     15.302     17.896 
            u_high                               13     1.456     10.467     11.923 
            u_low                                10     1.012      4.834      5.847 
        EXP_SWAP                                 13     2.093     36.305     38.399 
        EXP_RND                                  15     1.911     26.899     28.810 
        MAN_ALU_PROC_RND                          7     0.898     15.965     16.864 
        SIGN_UNIT                                 2     0.174      0.006      0.180 
      DATA_A_RE                                1119   137.476   1695.190   1832.666 
        MAN_ALU                                 216    25.449    393.028    418.477 
          ALU_SUB_UNIT                          120    14.228    223.951    238.179 
            CLA_BLOCK_..CLA_4BIT_UNIT            18     2.265     37.239     39.503 
            CLA_BLOCK_..CLA_4BIT_UNIT            18     2.110     35.021     37.131 
            CLA_BLOCK_..CLA_4BIT_UNIT            18     2.064     28.812     30.875 
            CLA_BLOCK_..CLA_4BIT_UNIT            15     1.991     27.471     29.462 
            CLA_BLOCK_..CLA_4BIT_UNIT            18     1.961     32.921     34.882 
            CLA_BLOCK_..CLA_4BIT_UNIT            18     1.904     40.870     42.773 
        NOR_UNIT                                205    23.342    245.133    268.475 
          SHF_left_unit                         142    15.860    173.145    189.005 
        SHF_RIGHT_MAN                           134    16.476    250.142    266.618 
        PSC_UNIT                                 86    10.605     92.072    102.677 
        MAN_COMP_24BIT                           78     9.035     83.429     92.464 
          u_i_data_4                             13     1.639     11.515     13.154 
          u_i_data_2                             13     1.479     19.031     20.510 
          u_i_data_3                             13     1.463     13.784     15.246 
          u_i_data_1                             13     1.456     10.110     11.565 
          u_i_data_5                             10     1.389      4.628      6.017 
          u_i_data_0                             10     0.974     17.929     18.903 
        MAN_SWAP                                 48     7.283     95.412    102.695 
        MAN_SWAP_PRE                             46     6.981     98.779    105.760 
        MAN_RND                                  26     6.057     45.945     52.002 
        LOPD_24BIT                               58     5.064     36.991     42.055 
          LOPD_16bit_UNIT_MSB                    34     3.000     27.168     30.168 
            LOPD_8bit_unit_0                     14     1.205     17.503     18.708 
            LOPD_8bit_unit_1                     14     1.134      9.633     10.767 
          LOPD_8bit_UNIT_LSB                     14     0.903      9.823     10.725 
        EXP_ADJUST                               37     4.965     60.113     65.078 
          CLA_8BIT_UNIT                          30     4.619     60.113     64.731 
            CLA_4BIT_UNIT_0                      18     2.583     31.101     33.683 
            CLA_4BIT_UNIT_1                      11     1.916     28.956     30.871 
        EXP_SUB                                  25     2.827     48.460     51.286 
          CLA_8BIT_UNIT                          20     2.487     45.039     47.526 
            CLA_4BIT_UNIT_0                      17     2.114     45.039     47.154 
            CLA_4BIT_UNIT_1                       2     0.275      0.000      0.275 
        EXP_COM_8BIT                             24     2.594     15.302     17.896 
          COMP_LESS_UNIT                         24     2.594     15.302     17.896 
            u_high                               13     1.456     10.467     11.923 
            u_low                                10     1.012      4.834      5.847 
        EXP_SWAP                                 13     2.093     36.305     38.399 
        EXP_RND                                  15     1.911     26.899     28.810 
        MAN_ALU_PROC_RND                          7     0.898     15.965     16.863 
        SIGN_UNIT                                 1     0.129      0.006      0.135 
  BFU4_17                                      8957  1121.850  14509.116  15630.966 
    BFU2_UNIT1                                 4478   568.919   6832.857   7401.776 
      DATA_B_IM                                1120   147.616   1723.385   1871.001 
        MAN_ALU                                 214    28.468    386.511    414.978 
          ALU_SUB_UNIT                          120    15.158    209.627    224.785 
            CLA_BLOCK_..CLA_4BIT_UNIT            18     2.720     24.815     27.535 
            CLA_BLOCK_..CLA_4BIT_UNIT            18     2.281     25.954     28.235 
            CLA_BLOCK_..CLA_4BIT_UNIT            18     2.120     41.622     43.742 
            CLA_BLOCK_..CLA_4BIT_UNIT            18     2.110     34.926     37.035 
            CLA_BLOCK_..CLA_4BIT_UNIT            18     2.000     36.734     38.734 
            CLA_BLOCK_..CLA_4BIT_UNIT            15     1.992     24.995     26.987 
        NOR_UNIT                                205    25.626    269.735    295.361 
          SHF_left_unit                         142    17.390    193.262    210.652 
        SHF_RIGHT_MAN                           134    15.706    202.135    217.841 
        PSC_UNIT                                 88    11.427    145.596    157.023 
        MAN_COMP_24BIT                           78     9.671     99.280    108.951 
          u_i_data_4                             13     1.681     22.573     24.254 
          u_i_data_3                             13     1.572     11.159     12.731 
          u_i_data_2                             13     1.571     24.002     25.573 
          u_i_data_1                             13     1.534     12.025     13.559 
          u_i_data_5                             10     1.412     15.274     16.687 
          u_i_data_0                             10     1.076      9.198     10.274 
        MAN_SWAP                                 48     8.136     64.343     72.479 
        MAN_SWAP_PRE                             46     7.928     66.184     74.113 
        MAN_RND                                  26     6.164     52.805     58.969 
        LOPD_24BIT                               58     5.921     71.062     76.983 
          LOPD_16bit_UNIT_MSB                    34     3.260     45.833     49.093 
            LOPD_8bit_unit_0                     14     1.387     24.758     26.144 
            LOPD_8bit_unit_1                     14     1.230     21.051     22.281 
          LOPD_8bit_UNIT_LSB                     14     1.574     24.959     26.533 
        EXP_ADJUST                               37     4.965     60.113     65.078 
          CLA_8BIT_UNIT                          30     4.619     60.113     64.731 
            CLA_4BIT_UNIT_0                      18     2.583     31.101     33.683 
            CLA_4BIT_UNIT_1                      11     1.916     28.956     30.871 
        EXP_SUB                                  25     2.857     58.084     60.941 
          CLA_8BIT_UNIT                          20     2.581     54.664     57.245 
            CLA_4BIT_UNIT_0                      17     2.208     54.664     56.872 
            CLA_4BIT_UNIT_1                       2     0.275      0.000      0.275 
        EXP_COM_8BIT                             24     2.544     19.255     21.800 
          COMP_LESS_UNIT                         24     2.544     19.255     21.800 
            u_high                               13     1.456     10.467     11.923 
            u_low                                10     0.962      8.788      9.750 
        EXP_SWAP                                 13     2.016     36.305     38.321 
        EXP_RND                                  15     1.911     26.899     28.810 
        MAN_ALU_PROC_RND                          7     0.949     23.567     24.516 
        SIGN_UNIT                                 2     0.164      0.006      0.170 
      DATA_A_IM                                1119   145.456   1737.620   1883.076 
        MAN_ALU                                 216    27.002    357.693    384.695 
          ALU_SUB_UNIT                          120    13.910    205.110    219.019 
            CLA_BLOCK_..CLA_4BIT_UNIT            18     2.352     30.724     33.076 
            CLA_BLOCK_..CLA_4BIT_UNIT            18     2.115     31.049     33.164 
            CLA_BLOCK_..CLA_4BIT_UNIT            18     2.112     28.356     30.468 
            CLA_BLOCK_..CLA_4BIT_UNIT            18     2.028     22.395     24.424 
            CLA_BLOCK_..CLA_4BIT_UNIT            18     2.025     37.532     39.558 
            CLA_BLOCK_..CLA_4BIT_UNIT            15     1.772     23.984     25.755 
        NOR_UNIT                                205    25.964    308.633    334.597 
          SHF_left_unit                         142    17.672    184.429    202.101 
        SHF_RIGHT_MAN                           134    15.052    191.452    206.504 
        PSC_UNIT                                 86    11.390    138.482    149.872 
        MAN_COMP_24BIT                           78     9.671     99.281    108.951 
          u_i_data_4                             13     1.681     22.574     24.255 
          u_i_data_3                             13     1.572     11.159     12.731 
          u_i_data_2                             13     1.571     24.002     25.573 
          u_i_data_1                             13     1.534     12.025     13.559 
          u_i_data_5                             10     1.412     15.274     16.687 
          u_i_data_0                             10     1.076      9.198     10.274 
        MAN_SWAP                                 48     8.181     64.965     73.146 
        MAN_SWAP_PRE                             46     7.958     64.924     72.882 
        MAN_RND                                  26     6.189     38.765     44.955 
        LOPD_24BIT                               58     5.609     68.512     74.121 
          LOPD_16bit_UNIT_MSB                    34     3.230     40.709     43.939 
            LOPD_8bit_unit_0                     14     1.446     25.119     26.565 
            LOPD_8bit_unit_1                     14     1.175     12.634     13.810 
          LOPD_8bit_UNIT_LSB                     14     1.376     22.171     23.547 
        EXP_ADJUST                               37     4.867     99.888    104.755 
          CLA_8BIT_UNIT                          30     4.160     73.139     77.299 
            CLA_4BIT_UNIT_0                      18     2.369     35.878     38.246 
            CLA_4BIT_UNIT_1                      11     1.692     34.426     36.118 
        EXP_SUB                                  25     2.857     56.828     59.685 
          CLA_8BIT_UNIT                          20     2.581     53.408     55.989 
            CLA_4BIT_UNIT_0                      17     2.208     53.408     55.616 
            CLA_4BIT_UNIT_1                       2     0.275      0.000      0.275 
        EXP_COM_8BIT                             24     2.544     19.255     21.800 
          COMP_LESS_UNIT                         24     2.544     19.255     21.800 
            u_high                               13     1.456     10.467     11.923 
            u_low                                10     0.962      8.788      9.750 
        EXP_SWAP                                 13     2.016     36.305     38.321 
        EXP_RND                                  15     1.877     23.602     25.479 
        MAN_ALU_PROC_RND                          7     0.949     23.567     24.516 
        SIGN_UNIT                                 1     0.166      0.006      0.172 
      DATA_B_RE                                1120   138.644   1773.236   1911.880 
        MAN_ALU                                 214    27.050    327.799    354.849 
          ALU_SUB_UNIT                          120    15.087    174.048    189.135 
            CLA_BLOCK_..CLA_4BIT_UNIT            18     2.542     19.884     22.426 
            CLA_BLOCK_..CLA_4BIT_UNIT            18     2.286      9.343     11.629 
            CLA_BLOCK_..CLA_4BIT_UNIT            18     2.240     30.748     32.988 
            CLA_BLOCK_..CLA_4BIT_UNIT            18     2.060     36.335     38.395 
            CLA_BLOCK_..CLA_4BIT_UNIT            18     2.056     39.068     41.124 
            CLA_BLOCK_..CLA_4BIT_UNIT            15     1.913     26.125     28.038 
        NOR_UNIT                                205    23.967    352.986    376.953 
          SHF_left_unit                         142    16.322    258.940    275.262 
        SHF_RIGHT_MAN                           134    15.655    304.097    319.752 
        PSC_UNIT                                 88    10.943     96.508    107.451 
        MAN_COMP_24BIT                           78     9.421     91.980    101.401 
          u_i_data_2                             13     1.764     30.808     32.572 
          u_i_data_4                             13     1.586     12.678     14.264 
          u_i_data_3                             13     1.528     12.157     13.685 
          u_i_data_1                             13     1.508     17.715     19.223 
          u_i_data_5                             10     1.357      8.201      9.558 
          u_i_data_0                             10     1.054      4.708      5.762 
        MAN_SWAP                                 48     7.567     81.899     89.466 
        MAN_RND                                  26     6.130     53.740     59.870 
        MAN_SWAP_PRE                             46     5.617     60.177     65.794 
        LOPD_24BIT                               58     5.433     62.212     67.645 
          LOPD_16bit_UNIT_MSB                    34     3.088     36.716     39.804 
            LOPD_8bit_unit_0                     14     1.226     19.649     20.875 
            LOPD_8bit_unit_1                     14     1.181     17.051     18.231 
          LOPD_8bit_UNIT_LSB                     14     1.257     24.956     26.213 
        EXP_ADJUST                               37     4.900     51.489     56.389 
          CLA_8BIT_UNIT                          30     4.553     51.489     56.042 
            CLA_4BIT_UNIT_0                      18     2.517     22.477     24.994 
            CLA_4BIT_UNIT_1                      11     1.916     28.956     30.871 
        EXP_SUB                                  25     2.694     67.685     70.379 
          CLA_8BIT_UNIT                          20     2.418     64.264     66.683 
            CLA_4BIT_UNIT_0                      17     2.046     64.264     66.310 
            CLA_4BIT_UNIT_1                       2     0.275      0.000      0.275 
        EXP_COM_8BIT                             24     2.604     21.195     23.799 
          COMP_LESS_UNIT                         24     2.604     21.195     23.799 
            u_high                               13     1.456     10.467     11.923 
            u_low                                10     0.976     10.728     11.703 
        EXP_RND                                  15     1.889     22.964     24.854 
        EXP_SWAP                                 13     1.526     30.964     32.490 
        MAN_ALU_PROC_RND                          7     0.970     22.201     23.171 
        SIGN_UNIT                                 2     0.157      0.000      0.157 
      DATA_A_RE                                1119   137.203   1598.616   1735.819 
        MAN_ALU                                 216    26.845    263.761    290.606 
          ALU_SUB_UNIT                          120    15.016    138.032    153.048 
            CLA_BLOCK_..CLA_4BIT_UNIT            18     2.621     15.237     17.857 
            CLA_BLOCK_..CLA_4BIT_UNIT            18     2.170     19.668     21.838 
            CLA_BLOCK_..CLA_4BIT_UNIT            18     2.139     32.093     34.231 
            CLA_BLOCK_..CLA_4BIT_UNIT            18     2.116     22.368     24.484 
            CLA_BLOCK_..CLA_4BIT_UNIT            18     2.027      6.830      8.857 
            CLA_BLOCK_..CLA_4BIT_UNIT            15     1.978     33.886     35.864 
        NOR_UNIT                                205    23.545    272.537    296.082 
          SHF_left_unit                         142    16.055    198.142    214.197 
        SHF_RIGHT_MAN                           134    15.041    293.015    308.056 
        PSC_UNIT                                 86    10.788     95.076    105.864 
        MAN_COMP_24BIT                           78     9.421     91.981    101.402 
          u_i_data_2                             13     1.764     30.808     32.572 
          u_i_data_4                             13     1.586     12.679     14.265 
          u_i_data_3                             13     1.528     12.157     13.685 
          u_i_data_1                             13     1.508     17.715     19.223 
          u_i_data_5                             10     1.357      8.201      9.558 
          u_i_data_0                             10     1.054      4.708      5.762 
        MAN_SWAP                                 48     7.646     82.829     90.475 
        MAN_RND                                  26     6.144     39.305     45.449 
        MAN_SWAP_PRE                             46     5.661     59.850     65.512 
        LOPD_24BIT                               58     5.306     29.373     34.679 
          LOPD_16bit_UNIT_MSB                    34     2.987     13.798     16.785 
            LOPD_8bit_unit_0                     14     1.177      3.514      4.691 
            LOPD_8bit_unit_1                     14     1.148     10.284     11.433 
          LOPD_8bit_UNIT_LSB                     14     1.195     15.305     16.499 
        EXP_ADJUST                               37     4.900     51.489     56.389 
          CLA_8BIT_UNIT                          30     4.553     51.489     56.042 
            CLA_4BIT_UNIT_0                      18     2.517     22.477     24.994 
            CLA_4BIT_UNIT_1                      11     1.916     28.956     30.871 
        EXP_SUB                                  25     2.694     65.165     67.860 
          CLA_8BIT_UNIT                          20     2.418     61.745     64.163 
            CLA_4BIT_UNIT_0                      17     2.046     61.745     63.790 
            CLA_4BIT_UNIT_1                       2     0.275      0.000      0.275 
        EXP_COM_8BIT                             24     2.604     21.195     23.799 
          COMP_LESS_UNIT                         24     2.604     21.195     23.799 
            u_high                               13     1.456     10.467     11.923 
            u_low                                10     0.976     10.728     11.703 
        EXP_RND                                  15     1.889     22.964     24.854 
        EXP_SWAP                                 13     1.526     30.964     32.490 
        MAN_ALU_PROC_RND                          7     0.970     22.201     23.170 
        SIGN_UNIT                                 1     0.111      0.000      0.111 
    BFU2_UNIT0                                 4478   552.882   7671.397   8224.279 
      DATA_A_IM                                1119   142.292   1733.455   1875.747 
        MAN_ALU                                 216    27.645    303.811    331.456 
          ALU_SUB_UNIT                          120    15.541    153.059    168.599 
            CLA_BLOCK_..CLA_4BIT_UNIT            18     2.823     12.305     15.127 
            CLA_BLOCK_..CLA_4BIT_UNIT            18     2.294     20.003     22.297 
            CLA_BLOCK_..CLA_4BIT_UNIT            18     2.247     26.829     29.076 
            CLA_BLOCK_..CLA_4BIT_UNIT            18     2.111     39.099     41.210 
            CLA_BLOCK_..CLA_4BIT_UNIT            18     2.090     23.709     25.798 
            CLA_BLOCK_..CLA_4BIT_UNIT            15     1.940     21.111     23.051 
        NOR_UNIT                                205    25.390    324.022    349.411 
          SHF_left_unit                         142    17.079    199.075    216.154 
        SHF_RIGHT_MAN                           134    14.997    232.096    247.093 
        PSC_UNIT                                 86    10.789     97.983    108.773 
        MAN_COMP_24BIT                           78     9.254    119.934    129.188 
          u_i_data_2                             13     1.622     13.906     15.528 
          u_i_data_4                             13     1.614     24.027     25.641 
          u_i_data_1                             13     1.537     23.261     24.798 
          u_i_data_3                             13     1.480     23.679     25.159 
          u_i_data_5                             10     1.225     15.511     16.736 
          u_i_data_0                             10     1.028     14.852     15.880 
        MAN_SWAP                                 48     7.806     87.256     95.062 
        MAN_SWAP_PRE                             46     6.917    109.863    116.780 
        MAN_RND                                  26     6.178     45.413     51.592 
        LOPD_24BIT                               58     5.787     57.880     63.667 
          LOPD_16bit_UNIT_MSB                    34     3.126     32.651     35.777 
            LOPD_8bit_unit_0                     14     1.264     12.426     13.690 
            LOPD_8bit_unit_1                     14     1.181     20.209     21.390 
          LOPD_8bit_UNIT_LSB                     14     1.574     24.959     26.533 
        EXP_ADJUST                               37     4.806     71.397     76.202 
          CLA_8BIT_UNIT                          30     4.420     67.463     71.883 
            CLA_4BIT_UNIT_0                      18     2.432     37.943     40.375 
            CLA_4BIT_UNIT_1                      11     1.847     26.873     28.720 
        EXP_SUB                                  25     2.792     71.291     74.082 
          CLA_8BIT_UNIT                          20     2.611     66.160     68.771 
            CLA_4BIT_UNIT_0                      17     2.259     66.148     68.406 
            CLA_4BIT_UNIT_1                       2     0.275      0.000      0.275 
        EXP_COM_8BIT                             24     2.384     69.747     72.131 
          COMP_LESS_UNIT                         24     2.384     69.747     72.131 
            u_high                               13     1.456     10.467     11.923 
            u_low                                10     0.779     13.117     13.896 
        EXP_RND                                  15     2.021      7.868      9.888 
        EXP_SWAP                                 13     1.635     42.781     44.416 
        MAN_ALU_PROC_RND                          7     0.905      0.000      0.905 
        SIGN_UNIT                                 1     0.129      3.393      3.523 
      DATA_B_IM                                1120   141.165   1894.536   2035.701 
        MAN_ALU                                 214    26.598    305.194    331.792 
          ALU_SUB_UNIT                          120    13.777    177.438    191.215 
            CLA_BLOCK_..CLA_4BIT_UNIT            18     2.208     31.968     34.177 
            CLA_BLOCK_..CLA_4BIT_UNIT            18     2.057     34.491     36.548 
            CLA_BLOCK_..CLA_4BIT_UNIT            18     1.999     11.429     13.429 
            CLA_BLOCK_..CLA_4BIT_UNIT            15     1.979     10.094     12.073 
            CLA_BLOCK_..CLA_4BIT_UNIT            18     1.979     35.170     37.148 
            CLA_BLOCK_..CLA_4BIT_UNIT            18     1.964     34.767     36.731 
        NOR_UNIT                                205    24.571    353.593    378.165 
          SHF_left_unit                         142    16.727    220.490    237.217 
        SHF_RIGHT_MAN                           134    15.615    242.421    258.036 
        PSC_UNIT                                 88    11.563    128.654    140.217 
        MAN_COMP_24BIT                           78     9.254    119.923    129.177 
          u_i_data_2                             13     1.622     13.899     15.521 
          u_i_data_4                             13     1.614     24.026     25.640 
          u_i_data_1                             13     1.537     23.261     24.798 
          u_i_data_3                             13     1.480     23.676     25.156 
          u_i_data_5                             10     1.225     15.511     16.736 
          u_i_data_0                             10     1.028     14.852     15.880 
        MAN_SWAP                                 48     7.755     86.318     94.073 
        MAN_SWAP_PRE                             46     6.852    109.590    116.442 
        MAN_RND                                  26     6.229     39.696     45.925 
        LOPD_24BIT                               58     5.434     53.737     59.171 
          LOPD_16bit_UNIT_MSB                    34     3.193     23.871     27.064 
            LOPD_8bit_unit_0                     14     1.363     15.035     16.398 
            LOPD_8bit_unit_1                     14     1.145      5.922      7.066 
          LOPD_8bit_UNIT_LSB                     14     1.238     24.234     25.472 
        EXP_ADJUST                               37     5.050    106.345    111.395 
          CLA_8BIT_UNIT                          30     4.349     80.695     85.044 
            CLA_4BIT_UNIT_0                      18     2.466     47.435     49.901 
            CLA_4BIT_UNIT_1                      11     1.763     30.602     32.365 
        EXP_SUB                                  25     2.792     72.545     75.337 
          CLA_8BIT_UNIT                          20     2.611     67.415     70.026 
            CLA_4BIT_UNIT_0                      17     2.259     67.402     69.661 
            CLA_4BIT_UNIT_1                       2     0.275      0.000      0.275 
        EXP_COM_8BIT                             24     2.384     69.747     72.131 
          COMP_LESS_UNIT                         24     2.384     69.747     72.131 
            u_high                               13     1.456     10.467     11.923 
            u_low                                10     0.779     13.117     13.896 
        EXP_RND                                  15     1.911     19.031     20.942 
        EXP_SWAP                                 13     1.635     42.781     44.416 
        MAN_ALU_PROC_RND                          7     0.905      0.000      0.905 
        SIGN_UNIT                                 2     0.151      1.780      1.931 
      DATA_B_RE                                1120   136.762   2208.214   2344.977 
        MAN_ALU                                 214    25.614    414.403    440.017 
          ALU_SUB_UNIT                          120    14.318    211.198    225.516 
            CLA_BLOCK_..CLA_4BIT_UNIT            18     2.633     22.775     25.408 
            CLA_BLOCK_..CLA_4BIT_UNIT            18     2.099     29.261     31.360 
            CLA_BLOCK_..CLA_4BIT_UNIT            18     2.048     33.874     35.923 
            CLA_BLOCK_..CLA_4BIT_UNIT            18     1.952     34.744     36.696 
            CLA_BLOCK_..CLA_4BIT_UNIT            18     1.940     32.403     34.343 
            CLA_BLOCK_..CLA_4BIT_UNIT            15     1.831     37.542     39.373 
        NOR_UNIT                                205    24.646    399.374    424.020 
          SHF_left_unit                         142    16.695    251.712    268.407 
        SHF_RIGHT_MAN                           134    15.633    394.382    410.015 
        PSC_UNIT                                 88    10.904    108.734    119.638 
        MAN_COMP_24BIT                           78     8.669     97.923    106.591 
          u_i_data_1                             13     1.549      6.268      7.817 
          u_i_data_2                             13     1.455     21.192     22.647 
          u_i_data_4                             13     1.433     25.439     26.872 
          u_i_data_3                             13     1.432     25.618     27.050 
          u_i_data_5                             10     1.304      7.899      9.203 
          u_i_data_0                             10     0.808      4.372      5.180 
        MAN_SWAP                                 48     6.780     86.278     93.058 
        MAN_RND                                  26     6.053     64.345     70.398 
        MAN_SWAP_PRE                             46     5.748    122.325    128.073 
        LOPD_24BIT                               58     5.406     70.839     76.245 
          LOPD_16bit_UNIT_MSB                    34     3.277     46.934     50.211 
            LOPD_8bit_unit_0                     14     1.370     19.686     21.055 
            LOPD_8bit_unit_1                     14     1.237     21.418     22.655 
          LOPD_8bit_UNIT_LSB                     14     1.149     12.912     14.061 
        EXP_ADJUST                               37     4.988     73.980     78.968 
          CLA_8BIT_UNIT                          30     4.513     69.603     74.116 
            CLA_4BIT_UNIT_0                      18     2.526     40.083     42.609 
            CLA_4BIT_UNIT_1                      11     1.847     26.873     28.720 
        EXP_SUB                                  25     2.714     69.395     72.109 
          CLA_8BIT_UNIT                          20     2.406     64.264     66.670 
            CLA_4BIT_UNIT_0                      17     2.033     64.264     66.298 
            CLA_4BIT_UNIT_1                       2     0.275      0.000      0.275 
        EXP_COM_8BIT                             24     2.507     64.808     67.315 
          COMP_LESS_UNIT                         24     2.507     64.808     67.315 
            u_high                               13     1.456     10.467     11.923 
            u_low                                10     0.901      8.179      9.080 
        EXP_RND                                  15     2.043      3.934      5.977 
        EXP_SWAP                                 13     1.807     47.638     49.446 
        MAN_ALU_PROC_RND                          7     0.933     19.233     20.166 
        SIGN_UNIT                                 2     0.126      0.688      0.814 
      DATA_A_RE                                1119   132.663   1835.191   1967.854 
        MAN_ALU                                 216    25.090    312.896    337.986 
          ALU_SUB_UNIT                          120    14.188    169.480    183.667 
            CLA_BLOCK_..CLA_4BIT_UNIT            18     2.331     11.733     14.064 
            CLA_BLOCK_..CLA_4BIT_UNIT            18     2.233     43.620     45.853 
            CLA_BLOCK_..CLA_4BIT_UNIT            18     2.099     29.741     31.840 
            CLA_BLOCK_..CLA_4BIT_UNIT            15     1.929     40.618     42.546 
            CLA_BLOCK_..CLA_4BIT_UNIT            18     1.908     19.364     21.273 
            CLA_BLOCK_..CLA_4BIT_UNIT            18     1.831     15.054     16.885 
        NOR_UNIT                                205    23.156    213.520    236.676 
          SHF_left_unit                         142    16.112    158.960    175.071 
        SHF_RIGHT_MAN                           134    14.985    376.309    391.294 
        PSC_UNIT                                 86    10.432    115.429    125.861 
        MAN_COMP_24BIT                           78     8.669     97.927    106.595 
          u_i_data_1                             13     1.549      6.268      7.817 
          u_i_data_2                             13     1.455     21.196     22.651 
          u_i_data_4                             13     1.433     25.439     26.872 
          u_i_data_3                             13     1.432     25.619     27.051 
          u_i_data_5                             10     1.304      7.899      9.203 
          u_i_data_0                             10     0.808      4.372      5.180 
        MAN_SWAP                                 48     6.845     88.150     94.995 
        MAN_RND                                  26     6.044     35.295     41.339 
        MAN_SWAP_PRE                             46     5.856    121.661    127.517 
        LOPD_24BIT                               58     5.007     18.546     23.553 
          LOPD_16bit_UNIT_MSB                    34     2.751      6.154      8.904 
            LOPD_8bit_unit_0                     14     1.042      5.122      6.164 
            LOPD_8bit_unit_1                     14     1.009      1.031      2.040 
          LOPD_8bit_UNIT_LSB                     14     1.095     12.392     13.488 
        EXP_ADJUST                               37     4.969     60.032     65.001 
          CLA_8BIT_UNIT                          30     4.622     60.032     64.655 
            CLA_4BIT_UNIT_0                      18     2.587     31.020     33.607 
            CLA_4BIT_UNIT_1                      11     1.916     28.956     30.871 
        EXP_SUB                                  25     2.714     66.875     69.589 
          CLA_8BIT_UNIT                          20     2.406     61.745     64.151 
            CLA_4BIT_UNIT_0                      17     2.033     61.745     63.778 
            CLA_4BIT_UNIT_1                       2     0.275      0.000      0.275 
        EXP_COM_8BIT                             24     2.507     64.808     67.315 
          COMP_LESS_UNIT                         24     2.507     64.808     67.315 
            u_high                               13     1.456     10.467     11.923 
            u_low                                10     0.901      8.179      9.080 
        EXP_RND                                  15     1.911     26.898     28.809 
        EXP_SWAP                                 13     1.807     47.638     49.446 
        MAN_ALU_PROC_RND                          7     0.933     19.233     20.166 
        SIGN_UNIT                                 1     0.130      3.453      3.583 
  BFU2_S1_04                                   4478   551.072   7621.168   8172.240 
    DATA_B_IM                                  1120   139.712   1653.794   1793.506 
      MAN_ALU                                   214    27.029    291.610    318.639 
        ALU_SUB_UNIT                            120    14.952    171.503    186.455 
          CLA_BLOCK_..CLA_4BIT_UNIT              18     2.571     33.920     36.491 
          CLA_BLOCK_..CLA_4BIT_UNIT              18     2.254     26.669     28.923 
          CLA_BLOCK_..CLA_4BIT_UNIT              18     2.197     33.789     35.987 
          CLA_BLOCK_..CLA_4BIT_UNIT              18     2.123     21.215     23.339 
          CLA_BLOCK_..CLA_4BIT_UNIT              15     1.925     18.202     20.126 
          CLA_BLOCK_..CLA_4BIT_UNIT              18     1.922     22.991     24.913 
      NOR_UNIT                                  205    24.419    217.342    241.761 
        SHF_left_unit                           142    16.430    157.503    173.933 
      SHF_RIGHT_MAN                             134    16.006    272.232    288.238 
      PSC_UNIT                                   88    10.766     81.238     92.004 
      MAN_COMP_24BIT                             78     8.994     94.369    103.363 
        u_i_data_4                               13     1.575     20.214     21.789 
        u_i_data_2                               13     1.575     16.469     18.044 
        u_i_data_1                               13     1.504     13.420     14.923 
        u_i_data_3                               13     1.323     17.871     19.194 
        u_i_data_5                               10     1.211      9.418     10.628 
        u_i_data_0                               10     1.005     10.303     11.307 
      MAN_SWAP                                   48     7.503     85.352     92.855 
      MAN_SWAP_PRE                               46     6.273    124.230    130.503 
      MAN_RND                                    26     6.126     38.235     44.360 
      LOPD_24BIT                                 58     5.558     50.357     55.915 
        LOPD_16bit_UNIT_MSB                      34     3.113     25.776     28.889 
          LOPD_8bit_unit_0                       14     1.299      9.455     10.754 
          LOPD_8bit_unit_1                       14     1.152     16.322     17.474 
        LOPD_8bit_UNIT_LSB                       14     1.284     24.581     25.864 
      EXP_ADJUST                                 37     4.971     57.955     62.926 
        CLA_8BIT_UNIT                            30     4.624     57.955     62.579 
          CLA_4BIT_UNIT_0                        18     2.588     28.943     31.531 
          CLA_4BIT_UNIT_1                        11     1.916     28.956     30.871 
      EXP_SUB                                    25     2.709     37.717     40.426 
        CLA_8BIT_UNIT                            20     2.433     30.246     32.679 
          CLA_4BIT_UNIT_0                        17     2.060     30.246     32.306 
          CLA_4BIT_UNIT_1                         2     0.275      0.000      0.275 
      EXP_COM_8BIT                               24     2.569     74.917     77.486 
        COMP_LESS_UNIT                           24     2.569     74.917     77.486 
          u_high                                 13     1.456     10.458     11.914 
          u_low                                  10     0.963     18.297     19.261 
      EXP_RND                                    15     1.911     26.899     28.810 
      EXP_SWAP                                   13     1.771     50.509     52.279 
      MAN_ALU_PROC_RND                            7     0.933     19.233     20.166 
      SIGN_UNIT                                   2     0.126      0.688      0.814 
    DATA_A_IM                                  1119   138.071   1992.644   2130.716 
      MAN_ALU                                   216    26.084    326.832    352.916 
        ALU_SUB_UNIT                            120    13.726    182.176    195.903 
          CLA_BLOCK_..CLA_4BIT_UNIT              18     2.377     42.566     44.943 
          CLA_BLOCK_..CLA_4BIT_UNIT              18     2.079     27.159     29.238 
          CLA_BLOCK_..CLA_4BIT_UNIT              18     2.030     34.310     36.340 
          CLA_BLOCK_..CLA_4BIT_UNIT              18     1.862     21.671     23.533 
          CLA_BLOCK_..CLA_4BIT_UNIT              18     1.796     17.967     19.763 
          CLA_BLOCK_..CLA_4BIT_UNIT              15     1.789     25.387     27.175 
      NOR_UNIT                                  205    24.791    416.105    440.896 
        SHF_left_unit                           142    17.054    262.990    280.044 
      SHF_RIGHT_MAN                             134    15.229    265.131    280.360 
      PSC_UNIT                                   86    10.538     91.253    101.791 
      MAN_COMP_24BIT                             78     8.994     94.376    103.370 
        u_i_data_4                               13     1.575     20.221     21.796 
        u_i_data_2                               13     1.575     16.469     18.044 
        u_i_data_1                               13     1.504     13.421     14.925 
        u_i_data_3                               13     1.323     17.871     19.194 
        u_i_data_5                               10     1.211      9.418     10.628 
        u_i_data_0                               10     1.005     10.301     11.305 
      MAN_SWAP                                   48     7.567     85.978     93.546 
      MAN_SWAP_PRE                               46     6.367    124.202    130.569 
      MAN_RND                                    26     6.117     56.279     62.395 
      LOPD_24BIT                                 58     5.520     53.823     59.343 
        LOPD_16bit_UNIT_MSB                      34     3.220     33.000     36.220 
          LOPD_8bit_unit_0                       14     1.310     22.610     23.920 
          LOPD_8bit_unit_1                       14     1.225      7.474      8.699 
        LOPD_8bit_UNIT_LSB                       14     1.223     15.461     16.684 
      EXP_ADJUST                                 37     4.776    108.914    113.690 
        CLA_8BIT_UNIT                            30     4.069     82.164     86.233 
          CLA_4BIT_UNIT_0                        18     2.277     44.903     47.180 
          CLA_4BIT_UNIT_1                        11     1.692     34.426     36.118 
      EXP_SUB                                    25     2.709     37.717     40.426 
        CLA_8BIT_UNIT                            20     2.433     30.246     32.679 
          CLA_4BIT_UNIT_0                        17     2.060     30.246     32.306 
          CLA_4BIT_UNIT_1                         2     0.275      0.000      0.275 
      EXP_COM_8BIT                               24     2.569     74.917     77.486 
        COMP_LESS_UNIT                           24     2.569     74.917     77.486 
          u_high                                 13     1.456     10.458     11.914 
          u_low                                  10     0.963     18.297     19.261 
      EXP_RND                                    15     1.899     27.535     29.434 
      EXP_SWAP                                   13     1.771     50.509     52.279 
      MAN_ALU_PROC_RND                            7     0.933     19.233     20.166 
      SIGN_UNIT                                   1     0.130      3.453      3.583 
    DATA_A_RE                                  1119   137.597   2151.855   2289.453 
      MAN_ALU                                   216    26.340    430.405    456.745 
        ALU_SUB_UNIT                            120    14.701    265.812    280.513 
          CLA_BLOCK_..CLA_4BIT_UNIT              18     2.511     48.824     51.335 
          CLA_BLOCK_..CLA_4BIT_UNIT              18     2.127     39.669     41.796 
          CLA_BLOCK_..CLA_4BIT_UNIT              18     2.119     44.553     46.671 
          CLA_BLOCK_..CLA_4BIT_UNIT              18     2.101     31.267     33.367 
          CLA_BLOCK_..CLA_4BIT_UNIT              18     2.067     43.567     45.634 
          CLA_BLOCK_..CLA_4BIT_UNIT              15     1.873     32.527     34.400 
      NOR_UNIT                                  205    24.456    393.868    418.324 
        SHF_left_unit                           142    16.524    249.549    266.073 
      SHF_RIGHT_MAN                             134    15.126    322.975    338.101 
      PSC_UNIT                                   86    10.413    118.705    129.118 
      MAN_COMP_24BIT                             78     8.810    109.015    117.825 
        u_i_data_1                               13     1.575     21.694     23.269 
        u_i_data_2                               13     1.510     16.649     18.159 
        u_i_data_3                               13     1.465     17.594     19.059 
        u_i_data_4                               13     1.402     25.969     27.371 
        u_i_data_5                               10     1.189     10.637     11.826 
        u_i_data_0                               10     0.998      8.296      9.294 
      MAN_SWAP                                   48     7.141    109.835    116.976 
      MAN_SWAP_PRE                               46     6.187    151.554    157.741 
      MAN_RND                                    26     6.096     60.243     66.339 
      LOPD_24BIT                                 58     5.600     42.735     48.335 
        LOPD_16bit_UNIT_MSB                      34     3.173     24.053     27.227 
          LOPD_8bit_unit_0                       14     1.246     14.246     15.491 
          LOPD_8bit_unit_1                       14     1.222      6.909      8.132 
        LOPD_8bit_UNIT_LSB                       14     1.412     13.050     14.462 
      EXP_ADJUST                                 37     5.004     72.374     77.378 
        CLA_8BIT_UNIT                            30     4.506     68.117     72.623 
          CLA_4BIT_UNIT_0                        18     2.518     38.598     41.116 
          CLA_4BIT_UNIT_1                        11     1.847     26.873     28.720 
      EXP_SUB                                    25     2.776     64.356     67.133 
        CLA_8BIT_UNIT                            20     2.500     56.886     59.386 
          CLA_4BIT_UNIT_0                        17     2.127     56.886     59.013 
          CLA_4BIT_UNIT_1                         2     0.275      0.000      0.275 
      EXP_COM_8BIT                               24     2.519     70.031     72.550 
        COMP_LESS_UNIT                           24     2.519     70.031     72.550 
          u_high                                 13     1.456     10.458     11.914 
          u_low                                  10     0.914     13.411     14.325 
      EXP_RND                                    15     2.043      3.933      5.976 
      EXP_SWAP                                   13     1.769     50.926     52.695 
      MAN_ALU_PROC_RND                            7     0.958     14.603     15.561 
      SIGN_UNIT                                   1     0.129      3.393      3.522 
    DATA_B_RE                                  1120   135.691   1822.875   1958.566 
      MAN_ALU                                   214    26.444    270.383    296.827 
        ALU_SUB_UNIT                            120    14.739    128.167    142.906 
          CLA_BLOCK_..CLA_4BIT_UNIT              18     2.505     24.265     26.770 
          CLA_BLOCK_..CLA_4BIT_UNIT              18     2.193     11.863     14.055 
          CLA_BLOCK_..CLA_4BIT_UNIT              18     2.147     16.562     18.709 
          CLA_BLOCK_..CLA_4BIT_UNIT              18     2.061     19.465     21.526 
          CLA_BLOCK_..CLA_4BIT_UNIT              18     1.946     20.939     22.885 
          CLA_BLOCK_..CLA_4BIT_UNIT              15     1.883     29.205     31.088 
      NOR_UNIT                                  205    23.046    216.479    239.525 
        SHF_left_unit                           142    15.814    156.042    171.856 
      SHF_RIGHT_MAN                             134    15.706    334.337    350.044 
      PSC_UNIT                                   88    10.609    117.881    128.490 
      MAN_COMP_24BIT                             78     8.810    109.005    117.815 
        u_i_data_1                               13     1.575     21.692     23.267 
        u_i_data_2                               13     1.510     16.648     18.158 
        u_i_data_3                               13     1.465     17.593     19.058 
        u_i_data_4                               13     1.402     25.963     27.365 
        u_i_data_5                               10     1.189     10.636     11.826 
        u_i_data_0                               10     0.998      8.296      9.294 
      MAN_SWAP                                   48     7.077    107.329    114.406 
      MAN_RND                                    26     6.167     36.787     42.954 
      MAN_SWAP_PRE                               46     6.093    151.296    157.389 
      LOPD_24BIT                                 58     5.027     28.461     33.488 
        LOPD_16bit_UNIT_MSB                      34     2.879     24.049     26.929 
          LOPD_8bit_unit_1                       14     1.152     19.316     20.468 
          LOPD_8bit_unit_0                       14     1.046      4.718      5.764 
        LOPD_8bit_UNIT_LSB                       14     0.987      4.412      5.399 
      EXP_ADJUST                                 37     4.965     60.113     65.078 
        CLA_8BIT_UNIT                            30     4.619     60.113     64.731 
          CLA_4BIT_UNIT_0                        18     2.583     31.101     33.683 
          CLA_4BIT_UNIT_1                        11     1.916     28.956     30.871 
      EXP_SUB                                    25     2.776     65.617     68.393 
        CLA_8BIT_UNIT                            20     2.500     58.146     60.646 
          CLA_4BIT_UNIT_0                        17     2.127     58.146     60.273 
          CLA_4BIT_UNIT_1                         2     0.275      0.000      0.275 
      EXP_COM_8BIT                               24     2.519     70.031     72.550 
        COMP_LESS_UNIT                           24     2.519     70.031     72.550 
          u_high                                 13     1.456     10.458     11.914 
          u_low                                  10     0.914     13.411     14.325 
      EXP_RND                                    15     1.911     26.899     28.810 
      EXP_SWAP                                   13     1.769     50.926     52.695 
      MAN_ALU_PROC_RND                            7     0.958     14.603     15.561 
      SIGN_UNIT                                   2     0.151      1.779      1.930 
  BFU2_S1_26                                   4478   550.033   8113.658   8663.691 
    DATA_A_IM                                  1119   138.957   2021.319   2160.276 
      MAN_ALU                                   216    26.683    390.623    417.305 
        ALU_SUB_UNIT                            120    14.769    228.222    242.990 
          CLA_BLOCK_..CLA_4BIT_UNIT              18     2.577     33.852     36.429 
          CLA_BLOCK_..CLA_4BIT_UNIT              18     2.101     31.829     33.930 
          CLA_BLOCK_..CLA_4BIT_UNIT              18     2.085     32.734     34.819 
          CLA_BLOCK_..CLA_4BIT_UNIT              18     2.061     35.431     37.492 
          CLA_BLOCK_..CLA_4BIT_UNIT              18     2.052     27.312     29.363 
          CLA_BLOCK_..CLA_4BIT_UNIT              15     1.990     38.723     40.714 
      NOR_UNIT                                  205    24.416    384.216    408.632 
        SHF_left_unit                           142    16.230    269.029    285.258 
      SHF_RIGHT_MAN                             134    15.577    333.092    348.669 
      PSC_UNIT                                   86     9.876    100.215    110.091 
      MAN_COMP_24BIT                             78     9.171    146.879    156.050 
        u_i_data_4                               13     1.704     26.597     28.301 
        u_i_data_3                               13     1.570     29.445     31.016 
        u_i_data_1                               13     1.509     27.024     28.533 
        u_i_data_2                               13     1.458     25.656     27.114 
        u_i_data_5                               10     1.235      7.240      8.476 
        u_i_data_0                               10     0.958     20.427     21.385 
      MAN_SWAP                                   48     7.401    108.892    116.294 
      MAN_SWAP_PRE                               46     6.267    136.049    142.316 
      MAN_RND                                    26     6.009     28.136     34.145 
      LOPD_24BIT                                 58     5.694     48.683     54.377 
        LOPD_16bit_UNIT_MSB                      34     3.454     29.840     33.294 
          LOPD_8bit_unit_1                       14     1.436     11.284     12.720 
          LOPD_8bit_unit_0                       14     1.384     13.858     15.242 
        LOPD_8bit_UNIT_LSB                       14     1.104     13.646     14.750 
      EXP_ADJUST                                 37     5.287     41.680     46.967 
        CLA_8BIT_UNIT                            30     4.789     37.424     42.213 
          CLA_4BIT_UNIT_0                        18     2.733      8.468     11.201 
          CLA_4BIT_UNIT_1                        11     1.916     28.956     30.871 
      EXP_SUB                                    25     2.827     56.528     59.356 
        CLA_8BIT_UNIT                            20     2.488     52.793     55.280 
          CLA_4BIT_UNIT_0                        17     2.115     52.793     54.908 
          CLA_4BIT_UNIT_1                         2     0.275      0.000      0.275 
      EXP_COM_8BIT                               24     2.571     62.437     65.008 
        COMP_LESS_UNIT                           24     2.571     62.437     65.008 
          u_high                                 13     1.456     10.458     11.914 
          u_low                                  10     0.965      5.817      6.783 
      EXP_RND                                    15     1.943     19.669     21.612 
      EXP_SWAP                                   13     1.926     39.968     41.894 
      MAN_ALU_PROC_RND                            7     0.915     19.659     20.573 
      SIGN_UNIT                                   1     0.090      0.690      0.780 
    DATA_B_IM                                  1120   138.566   2120.232   2258.798 
      MAN_ALU                                   214    26.099    356.187    382.286 
        ALU_SUB_UNIT                            120    14.320    195.936    210.256 
          CLA_BLOCK_..CLA_4BIT_UNIT              18     2.350     27.931     30.282 
          CLA_BLOCK_..CLA_4BIT_UNIT              18     2.245     17.876     20.122 
          CLA_BLOCK_..CLA_4BIT_UNIT              18     2.206     34.423     36.629 
          CLA_BLOCK_..CLA_4BIT_UNIT              18     2.008     30.627     32.635 
          CLA_BLOCK_..CLA_4BIT_UNIT              18     1.878     20.136     22.014 
          CLA_BLOCK_..CLA_4BIT_UNIT              15     1.875     42.633     44.508 
      NOR_UNIT                                  205    24.062    390.527    414.590 
        SHF_left_unit                           142    16.630    230.259    246.889 
      SHF_RIGHT_MAN                             134    16.365    346.583    362.948 
      PSC_UNIT                                   88    10.546    116.356    126.902 
      MAN_COMP_24BIT                             78     9.171    146.868    156.039 
        u_i_data_4                               13     1.704     26.590     28.294 
        u_i_data_3                               13     1.570     29.445     31.016 
        u_i_data_1                               13     1.509     27.024     28.533 
        u_i_data_2                               13     1.458     25.651     27.109 
        u_i_data_5                               10     1.235      7.240      8.476 
        u_i_data_0                               10     0.958     20.428     21.386 
      MAN_SWAP                                   48     7.322    107.645    114.967 
      MAN_SWAP_PRE                               46     6.195    136.709    142.903 
      MAN_RND                                    26     6.037     46.245     52.282 
      LOPD_24BIT                                 58     4.974     39.879     44.854 
        LOPD_16bit_UNIT_MSB                      34     2.858     18.847     21.705 
          LOPD_8bit_unit_0                       14     1.110      8.166      9.277 
          LOPD_8bit_unit_1                       14     1.042      7.781      8.823 
        LOPD_8bit_UNIT_LSB                       14     1.089     15.130     16.220 
      EXP_ADJUST                                 37     4.945    101.610    106.555 
        CLA_8BIT_UNIT                            30     4.238     74.861     79.099 
          CLA_4BIT_UNIT_0                        18     2.446     37.600     40.046 
          CLA_4BIT_UNIT_1                        11     1.692     34.426     36.118 
      EXP_SUB                                    25     2.827     57.789     60.616 
        CLA_8BIT_UNIT                            20     2.488     54.053     56.541 
          CLA_4BIT_UNIT_0                        17     2.115     54.053     56.168 
          CLA_4BIT_UNIT_1                         2     0.275      0.000      0.275 
      EXP_COM_8BIT                               24     2.571     62.437     65.008 
        COMP_LESS_UNIT                           24     2.571     62.437     65.008 
          u_high                                 13     1.456     10.458     11.914 
          u_low                                  10     0.965      5.817      6.783 
      EXP_RND                                    15     2.011     19.669     21.680 
      EXP_SWAP                                   13     1.926     39.968     41.894 
      MAN_ALU_PROC_RND                            7     0.915     19.659     20.574 
      SIGN_UNIT                                   2     0.120      2.988      3.107 
    DATA_B_RE                                  1120   136.256   1992.410   2128.666 
      MAN_ALU                                   214    25.531    406.642    432.174 
        ALU_SUB_UNIT                            120    13.776    238.160    251.936 
          CLA_BLOCK_..CLA_4BIT_UNIT              18     2.277     39.546     41.823 
          CLA_BLOCK_..CLA_4BIT_UNIT              18     2.083     39.414     41.497 
          CLA_BLOCK_..CLA_4BIT_UNIT              15     1.980     29.794     31.775 
          CLA_BLOCK_..CLA_4BIT_UNIT              18     1.973     37.606     39.579 
          CLA_BLOCK_..CLA_4BIT_UNIT              18     1.940     25.861     27.801 
          CLA_BLOCK_..CLA_4BIT_UNIT              18     1.880     34.539     36.419 
      NOR_UNIT                                  205    23.540    289.406    312.945 
        SHF_left_unit                           142    16.133    208.135    224.268 
      SHF_RIGHT_MAN                             134    16.129    319.931    336.060 
      PSC_UNIT                                   88    10.935     91.507    102.442 
      MAN_COMP_24BIT                             78     9.108     97.190    106.298 
        u_i_data_4                               13     1.676     20.686     22.362 
        u_i_data_2                               13     1.500     27.707     29.208 
        u_i_data_3                               13     1.493     16.575     18.068 
        u_i_data_1                               13     1.383     10.136     11.519 
        u_i_data_5                               10     1.308      7.658      8.966 
        u_i_data_0                               10     0.995     14.265     15.261 
      MAN_SWAP                                   48     7.189    105.803    112.992 
      MAN_RND                                    26     6.061     53.062     59.122 
      MAN_SWAP_PRE                               46     6.048    152.654    158.702 
      LOPD_24BIT                                 58     5.281     41.884     47.165 
        LOPD_16bit_UNIT_MSB                      34     2.866     18.757     21.624 
          LOPD_8bit_unit_1                       14     1.137     16.691     17.828 
          LOPD_8bit_unit_0                       14     1.048      2.050      3.098 
        LOPD_8bit_UNIT_LSB                       14     1.327     22.857     24.184 
      EXP_ADJUST                                 37     4.971     57.955     62.926 
        CLA_8BIT_UNIT                            30     4.624     57.955     62.579 
          CLA_4BIT_UNIT_0                        18     2.588     28.943     31.531 
          CLA_4BIT_UNIT_1                        11     1.916     28.956     30.871 
      EXP_SUB                                    25     2.715     69.027     71.742 
        CLA_8BIT_UNIT                            20     2.407     63.896     66.303 
          CLA_4BIT_UNIT_0                        17     2.034     63.896     65.931 
          CLA_4BIT_UNIT_1                         2     0.275      0.000      0.275 
      EXP_COM_8BIT                               24     2.538     76.758     79.296 
        COMP_LESS_UNIT                           24     2.538     76.758     79.296 
          u_high                                 13     1.456     10.458     11.914 
          u_low                                  10     0.933     20.138     21.071 
      EXP_RND                                    15     1.911     26.899     28.810 
      EXP_SWAP                                   13     1.809     47.632     49.441 
      MAN_ALU_PROC_RND                            7     0.899     23.553     24.452 
      SIGN_UNIT                                   2     0.155      0.695      0.849 
    DATA_A_RE                                  1119   136.254   1979.697   2115.951 
      MAN_ALU                                   216    26.315    386.045    412.360 
        ALU_SUB_UNIT                            120    14.679    225.556    240.236 
          CLA_BLOCK_..CLA_4BIT_UNIT              18     2.742     25.958     28.699 
          CLA_BLOCK_..CLA_4BIT_UNIT              18     2.166     37.570     39.735 
          CLA_BLOCK_..CLA_4BIT_UNIT              18     2.070     33.864     35.934 
          CLA_BLOCK_..CLA_4BIT_UNIT              18     2.014     36.480     38.495 
          CLA_BLOCK_..CLA_4BIT_UNIT              15     1.928     27.223     29.151 
          CLA_BLOCK_..CLA_4BIT_UNIT              18     1.923     38.287     40.210 
      NOR_UNIT                                  205    23.719    313.408    337.126 
        SHF_left_unit                           142    16.003    229.921    245.924 
      SHF_RIGHT_MAN                             134    15.480    299.675    315.155 
      PSC_UNIT                                   86    10.416     85.610     96.026 
      MAN_COMP_24BIT                             78     9.108     97.199    106.307 
        u_i_data_4                               13     1.676     20.692     22.369 
        u_i_data_2                               13     1.500     27.710     29.210 
        u_i_data_3                               13     1.493     16.576     18.069 
        u_i_data_1                               13     1.383     10.136     11.519 
        u_i_data_5                               10     1.308      7.658      8.966 
        u_i_data_0                               10     0.995     14.265     15.260 
      MAN_SWAP                                   48     7.239    107.684    114.923 
      MAN_SWAP_PRE                               46     6.142    152.291    158.433 
      MAN_RND                                    26     6.102     53.188     59.289 
      LOPD_24BIT                                 58     5.298     46.015     51.313 
        LOPD_16bit_UNIT_MSB                      34     3.157     33.039     36.196 
          LOPD_8bit_unit_0                       14     1.405     19.467     20.872 
          LOPD_8bit_unit_1                       14     1.090     13.540     14.630 
        LOPD_8bit_UNIT_LSB                       14     1.017     12.706     13.723 
      EXP_ADJUST                                 37     4.971     57.955     62.926 
        CLA_8BIT_UNIT                            30     4.624     57.955     62.579 
          CLA_4BIT_UNIT_0                        18     2.588     28.943     31.531 
          CLA_4BIT_UNIT_1                        11     1.916     28.956     30.871 
      EXP_SUB                                    25     2.715     66.507     69.223 
        CLA_8BIT_UNIT                            20     2.407     61.377     63.784 
          CLA_4BIT_UNIT_0                        17     2.034     61.377     63.411 
          CLA_4BIT_UNIT_1                         2     0.275      0.000      0.275 
      EXP_COM_8BIT                               24     2.538     76.758     79.296 
        COMP_LESS_UNIT                           24     2.538     76.758     79.296 
          u_high                                 13     1.456     10.458     11.914 
          u_low                                  10     0.933     20.138     21.071 
      EXP_RND                                    15     1.911     26.899     28.810 
      EXP_SWAP                                   13     1.809     47.632     49.441 
      MAN_ALU_PROC_RND                            7     0.899     23.553     24.452 
      SIGN_UNIT                                   1     0.149      3.400      3.549 
  BFU2_S1_15                                   4478   549.883   7150.084   7699.968 
    DATA_B_IM                                  1120   138.994   1868.144   2007.138 
      MAN_ALU                                   214    27.002    323.744    350.746 
        ALU_SUB_UNIT                            120    15.310    171.484    186.795 
          CLA_BLOCK_..CLA_4BIT_UNIT              18     2.712     27.233     29.944 
          CLA_BLOCK_..CLA_4BIT_UNIT              18     2.386     18.493     20.879 
          CLA_BLOCK_..CLA_4BIT_UNIT              18     2.246     27.071     29.318 
          CLA_BLOCK_..CLA_4BIT_UNIT              18     2.102     33.023     35.125 
          CLA_BLOCK_..CLA_4BIT_UNIT              18     2.010     41.577     43.587 
          CLA_BLOCK_..CLA_4BIT_UNIT              15     1.863     17.177     19.040 
      NOR_UNIT                                  205    24.426    303.321    327.747 
        SHF_left_unit                           142    16.461    224.325    240.786 
      SHF_RIGHT_MAN                             134    15.985    289.549    305.534 
      PSC_UNIT                                   88    10.400     85.805     96.205 
      MAN_COMP_24BIT                             78     9.132    107.491    116.623 
        u_i_data_2                               13     1.616     26.394     28.011 
        u_i_data_4                               13     1.575     24.206     25.781 
        u_i_data_1                               13     1.552     15.959     17.511 
        u_i_data_3                               13     1.377     12.855     14.232 
        u_i_data_5                               10     1.214      3.697      4.910 
        u_i_data_0                               10     1.048     20.355     21.403 
      MAN_SWAP                                   48     7.155    108.261    115.416 
      MAN_SWAP_PRE                               46     6.242    122.987    129.229 
      MAN_RND                                    26     6.214     50.166     56.380 
      LOPD_24BIT                                 58     5.393     54.211     59.603 
        LOPD_16bit_UNIT_MSB                      34     3.191     37.192     40.383 
          LOPD_8bit_unit_1                       14     1.288     26.072     27.360 
          LOPD_8bit_unit_0                       14     1.203     11.120     12.323 
        LOPD_8bit_UNIT_LSB                       14     1.077     16.748     17.825 
      EXP_ADJUST                                 37     4.965     60.113     65.078 
        CLA_8BIT_UNIT                            30     4.619     60.113     64.731 
          CLA_4BIT_UNIT_0                        18     2.583     31.101     33.683 
          CLA_4BIT_UNIT_1                        11     1.916     28.956     30.871 
      EXP_SUB                                    25     2.776     65.617     68.393 
        CLA_8BIT_UNIT                            20     2.500     58.146     60.646 
          CLA_4BIT_UNIT_0                        17     2.127     58.146     60.273 
          CLA_4BIT_UNIT_1                         2     0.275      0.000      0.275 
      EXP_COM_8BIT                               24     2.603     75.637     78.240 
        COMP_LESS_UNIT                           24     2.603     75.637     78.240 
          u_high                                 13     1.456     10.458     11.914 
          u_low                                  10     0.998     19.018     20.015 
      EXP_RND                                    15     1.911     26.899     28.810 
      EXP_SWAP                                   13     1.770     50.929     52.699 
      MAN_ALU_PROC_RND                            7     0.905      0.000      0.905 
      SIGN_UNIT                                   2     0.123      1.773      1.896 
    DATA_B_RE                                  1120   138.090   1388.426   1526.516 
      MAN_ALU                                   214    26.454    305.045    331.499 
        ALU_SUB_UNIT                            120    14.770    179.213    193.983 
          CLA_BLOCK_..CLA_4BIT_UNIT              18     2.540     16.738     19.278 
          CLA_BLOCK_..CLA_4BIT_UNIT              18     2.187     15.030     17.217 
          CLA_BLOCK_..CLA_4BIT_UNIT              18     2.177     12.908     15.085 
          CLA_BLOCK_..CLA_4BIT_UNIT              18     2.033     34.157     36.190 
          CLA_BLOCK_..CLA_4BIT_UNIT              18     2.022     45.829     47.851 
          CLA_BLOCK_..CLA_4BIT_UNIT              15     1.904     31.893     33.796 
      NOR_UNIT                                  205    23.592    173.232    196.824 
        SHF_left_unit                           142    16.189    125.902    142.091 
      SHF_RIGHT_MAN                             134    16.508    260.748    277.256 
      PSC_UNIT                                   88    10.752     95.281    106.033 
      MAN_COMP_24BIT                             78     9.318    125.509    134.827 
        u_i_data_4                               13     1.633     31.235     32.868 
        u_i_data_3                               13     1.571     28.511     30.082 
        u_i_data_2                               13     1.570     10.429     11.999 
        u_i_data_1                               13     1.480     23.679     25.159 
        u_i_data_5                               10     1.399      3.135      4.534 
        u_i_data_0                               10     0.943     22.081     23.024 
      MAN_SWAP                                   48     7.214     99.140    106.355 
      MAN_RND                                    26     6.010     25.641     31.651 
      LOPD_24BIT                                 58     5.444     23.324     28.767 
        LOPD_16bit_UNIT_MSB                      34     3.219     12.927     16.146 
          LOPD_8bit_unit_0                       14     1.401      2.244      3.645 
          LOPD_8bit_unit_1                       14     1.137     10.667     11.804 
        LOPD_8bit_UNIT_LSB                       14     1.063     10.397     11.460 
      MAN_SWAP_PRE                               46     5.246     69.894     75.140 
      EXP_ADJUST                                 37     5.147     37.424     42.570 
        CLA_8BIT_UNIT                            30     4.800     37.424     42.224 
          CLA_4BIT_UNIT_0                        18     2.744      8.468     11.212 
          CLA_4BIT_UNIT_1                        11     1.916     28.956     30.871 
      EXP_SUB                                    25     2.883     34.194     37.077 
        CLA_8BIT_UNIT                            20     2.607     31.089     33.696 
          CLA_4BIT_UNIT_0                        17     2.234     31.089     33.323 
          CLA_4BIT_UNIT_1                         2     0.275      0.000      0.275 
      EXP_COM_8BIT                               24     2.591     16.789     19.380 
        COMP_LESS_UNIT                           24     2.591     16.789     19.380 
          u_high                                 13     1.456     10.458     11.914 
          u_low                                  10     0.963      6.331      7.294 
      EXP_RND                                    15     1.967     19.669     21.636 
      EXP_SWAP                                   13     1.615     27.197     28.812 
      MAN_ALU_PROC_RND                            7     0.913      6.543      7.456 
      SIGN_UNIT                                   2     0.157      0.000      0.157 
    DATA_A_RE                                  1119   136.845   1959.240   2096.086 
      MAN_ALU                                   216    25.613    387.114    412.727 
        ALU_SUB_UNIT                            120    14.052    209.293    223.345 
          CLA_BLOCK_..CLA_4BIT_UNIT              18     2.432     34.146     36.578 
          CLA_BLOCK_..CLA_4BIT_UNIT              18     2.069     34.778     36.847 
          CLA_BLOCK_..CLA_4BIT_UNIT              18     2.024     34.848     36.872 
          CLA_BLOCK_..CLA_4BIT_UNIT              18     1.956     20.545     22.501 
          CLA_BLOCK_..CLA_4BIT_UNIT              15     1.904     31.577     33.480 
          CLA_BLOCK_..CLA_4BIT_UNIT              18     1.810     26.420     28.230 
      NOR_UNIT                                  205    24.657    468.686    493.343 
        SHF_left_unit                           142    17.190    296.393    313.583 
      SHF_RIGHT_MAN                             134    15.724    257.593    273.317 
      PSC_UNIT                                   86    10.344     66.373     76.716 
      MAN_COMP_24BIT                             78     9.318    125.510    134.828 
        u_i_data_4                               13     1.633     31.235     32.868 
        u_i_data_3                               13     1.571     28.511     30.082 
        u_i_data_2                               13     1.570     10.429     11.999 
        u_i_data_1                               13     1.480     23.681     25.160 
        u_i_data_5                               10     1.399      3.135      4.534 
        u_i_data_0                               10     0.943     22.080     23.024 
      MAN_SWAP                                   48     7.265     99.756    107.021 
      MAN_RND                                    26     6.100     60.887     66.987 
      MAN_SWAP_PRE                               46     5.319     68.621     73.940 
      LOPD_24BIT                                 58     5.311     65.627     70.938 
        LOPD_16bit_UNIT_MSB                      34     3.094     36.528     39.622 
          LOPD_8bit_unit_0                       14     1.267     20.562     21.829 
          LOPD_8bit_unit_1                       14     1.143     13.050     14.193 
        LOPD_8bit_UNIT_LSB                       14     1.214     23.197     24.410 
      EXP_ADJUST                                 37     5.030    104.369    109.398 
        CLA_8BIT_UNIT                            30     4.322     77.619     81.942 
          CLA_4BIT_UNIT_0                        18     2.510     40.535     43.045 
          CLA_4BIT_UNIT_1                        11     1.692     34.426     36.118 
      EXP_SUB                                    25     2.883     34.194     37.077 
        CLA_8BIT_UNIT                            20     2.607     31.089     33.696 
          CLA_4BIT_UNIT_0                        17     2.234     31.089     33.323 
          CLA_4BIT_UNIT_1                         2     0.275      0.000      0.275 
      EXP_COM_8BIT                               24     2.591     16.789     19.380 
        COMP_LESS_UNIT                           24     2.591     16.789     19.380 
          u_high                                 13     1.456     10.458     11.914 
          u_low                                  10     0.963      6.331      7.294 
      EXP_RND                                    15     1.933     30.832     32.765 
      EXP_SWAP                                   13     1.615     27.197     28.812 
      MAN_ALU_PROC_RND                            7     0.913      6.543      7.456 
      SIGN_UNIT                                   1     0.111      0.000      0.111 
    DATA_A_IM                                  1119   135.954   1934.274   2070.228 
      MAN_ALU                                   216    24.860    343.055    367.916 
        ALU_SUB_UNIT                            120    13.532    203.649    217.181 
          CLA_BLOCK_..CLA_4BIT_UNIT              18     2.122     31.872     33.994 
          CLA_BLOCK_..CLA_4BIT_UNIT              18     1.966     24.360     26.327 
          CLA_BLOCK_..CLA_4BIT_UNIT              18     1.959     30.384     32.343 
          CLA_BLOCK_..CLA_4BIT_UNIT              18     1.945     30.003     31.948 
          CLA_BLOCK_..CLA_4BIT_UNIT              18     1.922     34.635     36.557 
          CLA_BLOCK_..CLA_4BIT_UNIT              15     1.850     31.247     33.097 
      NOR_UNIT                                  205    24.313    313.607    337.920 
        SHF_left_unit                           142    16.619    186.926    203.544 
      SHF_RIGHT_MAN                             134    15.368    281.373    296.741 
      PSC_UNIT                                   86    10.355    100.004    110.359 
      MAN_COMP_24BIT                             78     9.132    107.492    116.624 
        u_i_data_2                               13     1.616     26.396     28.012 
        u_i_data_4                               13     1.575     24.206     25.781 
        u_i_data_1                               13     1.552     15.960     17.512 
        u_i_data_3                               13     1.377     12.856     14.233 
        u_i_data_5                               10     1.214      3.697      4.910 
        u_i_data_0                               10     1.048     20.353     21.402 
      MAN_SWAP                                   48     7.220    110.134    117.353 
      MAN_SWAP_PRE                               46     6.342    123.261    129.603 
      MAN_RND                                    26     6.179     32.122     38.301 
      LOPD_24BIT                                 58     5.352     54.191     59.543 
        LOPD_16bit_UNIT_MSB                      34     3.016     18.008     21.024 
          LOPD_8bit_unit_0                       14     1.222      6.121      7.343 
          LOPD_8bit_unit_1                       14     1.109      8.971     10.080 
        LOPD_8bit_UNIT_LSB                       14     1.357     30.281     31.639 
      EXP_ADJUST                                 37     4.867     99.888    104.755 
        CLA_8BIT_UNIT                            30     4.160     73.139     77.299 
          CLA_4BIT_UNIT_0                        18     2.369     35.878     38.246 
          CLA_4BIT_UNIT_1                        11     1.692     34.426     36.118 
      EXP_SUB                                    25     2.776     64.356     67.133 
        CLA_8BIT_UNIT                            20     2.500     56.886     59.386 
          CLA_4BIT_UNIT_0                        17     2.127     56.886     59.013 
          CLA_4BIT_UNIT_1                         2     0.275      0.000      0.275 
      EXP_COM_8BIT                               24     2.603     75.637     78.240 
        COMP_LESS_UNIT                           24     2.603     75.637     78.240 
          u_high                                 13     1.456     10.458     11.914 
          u_low                                  10     0.998     19.018     20.015 
      EXP_RND                                    15     1.877     23.602     25.479 
      EXP_SWAP                                   13     1.770     50.929     52.699 
      MAN_ALU_PROC_RND                            7     0.905      0.000      0.905 
      SIGN_UNIT                                   1     0.110      3.407      3.517 
  BFU2_S1_37                                   4478   540.472   8095.804   8636.275 
    DATA_B_RE                                  1120   137.845   1983.586   2121.431 
      NOR_UNIT                                  205    25.978    353.513    379.491 
        SHF_left_unit                           142    17.437    240.580    258.017 
      MAN_ALU                                   214    25.937    344.756    370.694 
        ALU_SUB_UNIT                            120    14.211    214.526    228.737 
          CLA_BLOCK_..CLA_4BIT_UNIT              18     2.444     33.202     35.646 
          CLA_BLOCK_..CLA_4BIT_UNIT              18     2.141     39.039     41.181 
          CLA_BLOCK_..CLA_4BIT_UNIT              18     2.037     21.377     23.414 
          CLA_BLOCK_..CLA_4BIT_UNIT              15     2.009     39.153     41.161 
          CLA_BLOCK_..CLA_4BIT_UNIT              18     1.984     30.709     32.692 
          CLA_BLOCK_..CLA_4BIT_UNIT              18     1.890     24.496     26.386 
      SHF_RIGHT_MAN                             134    16.014    305.493    321.507 
      PSC_UNIT                                   88     9.989    120.554    130.542 
      MAN_COMP_24BIT                             78     8.733     95.787    104.520 
        u_i_data_2                               13     1.552     18.563     20.115 
        u_i_data_4                               13     1.510      9.105     10.615 
        u_i_data_1                               13     1.456     21.668     23.124 
        u_i_data_3                               13     1.316     23.517     24.833 
        u_i_data_5                               10     1.258      7.776      9.033 
        u_i_data_0                               10     0.898     10.922     11.819 
      MAN_SWAP                                   48     6.940    123.645    130.585 
      MAN_RND                                    26     6.228     30.978     37.206 
      MAN_SWAP_PRE                               46     5.864    130.100    135.964 
      LOPD_24BIT                                 58     5.720     56.191     61.911 
        LOPD_16bit_UNIT_MSB                      34     3.478     30.638     34.115 
          LOPD_8bit_unit_1                       14     1.506      5.527      7.033 
          LOPD_8bit_unit_0                       14     1.338     17.230     18.568 
        LOPD_8bit_UNIT_LSB                       14     1.190     14.996     16.186 
      EXP_ADJUST                                 37     4.953    100.700    105.653 
        CLA_8BIT_UNIT                            30     4.266     78.938     83.204 
          CLA_4BIT_UNIT_0                        18     2.383     45.678     48.061 
          CLA_4BIT_UNIT_1                        11     1.763     30.602     32.365 
      EXP_SUB                                    25     2.708     56.834     59.543 
        CLA_8BIT_UNIT                            20     2.432     49.048     51.480 
          CLA_4BIT_UNIT_0                        17     2.080     49.036     51.116 
          CLA_4BIT_UNIT_1                         2     0.275      0.000      0.275 
      EXP_COM_8BIT                               24     2.556     69.116     71.672 
        COMP_LESS_UNIT                           24     2.556     69.116     71.672 
          u_high                                 13     1.456     10.458     11.914 
          u_low                                  10     0.951     12.496     13.447 
      EXP_RND                                    15     1.943     19.669     21.612 
      EXP_SWAP                                   13     1.761     41.811     43.572 
      MAN_ALU_PROC_RND                            7     0.927      9.719     10.646 
      SIGN_UNIT                                   2     0.123      3.813      3.936 
    DATA_A_IM                                  1119   134.761   2190.896   2325.657 
      MAN_ALU                                   216    25.027    361.870    386.897 
        ALU_SUB_UNIT                            120    13.853    165.996    179.850 
          CLA_BLOCK_..CLA_4BIT_UNIT              18     2.643     32.703     35.346 
          CLA_BLOCK_..CLA_4BIT_UNIT              18     2.017     12.911     14.928 
          CLA_BLOCK_..CLA_4BIT_UNIT              18     1.970     13.229     15.199 
          CLA_BLOCK_..CLA_4BIT_UNIT              18     1.948     34.580     36.528 
          CLA_BLOCK_..CLA_4BIT_UNIT              15     1.854     28.673     30.527 
          CLA_BLOCK_..CLA_4BIT_UNIT              18     1.819     21.256     23.075 
      NOR_UNIT                                  205    24.873    393.019    417.893 
        SHF_left_unit                           142    16.732    260.488    277.220 
      SHF_RIGHT_MAN                             134    15.202    346.995    362.197 
      PSC_UNIT                                   86     9.745    113.418    123.163 
      MAN_COMP_24BIT                             78     8.663    105.309    113.971 
        u_i_data_3                               13     1.501     14.658     16.158 
        u_i_data_2                               13     1.495     11.990     13.485 
        u_i_data_4                               13     1.431     23.802     25.233 
        u_i_data_1                               13     1.330     23.900     25.230 
        u_i_data_5                               10     1.087     12.282     13.369 
        u_i_data_0                               10     1.001     17.543     18.544 
      MAN_SWAP                                   48     6.799    129.596    136.395 
      MAN_RND                                    26     6.197     45.670     51.866 
      LOPD_24BIT                                 58     5.799     85.263     91.062 
        LOPD_16bit_UNIT_MSB                      34     3.450     57.987     61.436 
          LOPD_8bit_unit_0                       14     1.424     23.527     24.951 
          LOPD_8bit_unit_1                       14     1.359     25.745     27.104 
        LOPD_8bit_UNIT_LSB                       14     1.279     17.051     18.330 
      MAN_SWAP_PRE                               46     5.737    133.001    138.738 
      EXP_ADJUST                                 37     5.067     96.882    101.949 
        CLA_8BIT_UNIT                            30     4.380     75.120     79.500 
          CLA_4BIT_UNIT_0                        18     2.466     47.435     49.901 
          CLA_4BIT_UNIT_1                        11     1.794     25.027     26.821 
      EXP_SUB                                    25     2.738     65.148     67.886 
        CLA_8BIT_UNIT                            20     2.493     55.652     58.145 
          CLA_4BIT_UNIT_0                        17     2.141     55.639     57.780 
          CLA_4BIT_UNIT_1                         2     0.275      0.000      0.275 
      EXP_COM_8BIT                               24     2.537     67.503     70.041 
        COMP_LESS_UNIT                           24     2.537     67.503     70.041 
          u_high                                 13     1.456     10.458     11.914 
          u_low                                  10     0.932     10.884     11.816 
      EXP_RND                                    15     1.933     15.100     17.033 
      EXP_SWAP                                   13     1.705     48.420     50.125 
      MAN_ALU_PROC_RND                            7     0.949     23.567     24.516 
      SIGN_UNIT                                   1     0.130      3.453      3.583 
    DATA_A_RE                                  1119   134.107   1835.518   1969.624 
      MAN_ALU                                   216    25.023    315.045    340.068 
        ALU_SUB_UNIT                            120    13.729    169.173    182.902 
          CLA_BLOCK_..CLA_4BIT_UNIT              18     2.412     30.314     32.727 
          CLA_BLOCK_..CLA_4BIT_UNIT              18     1.969     31.068     33.038 
          CLA_BLOCK_..CLA_4BIT_UNIT              18     1.950     13.613     15.564 
          CLA_BLOCK_..CLA_4BIT_UNIT              18     1.899     33.627     35.526 
          CLA_BLOCK_..CLA_4BIT_UNIT              18     1.879      9.503     11.381 
          CLA_BLOCK_..CLA_4BIT_UNIT              15     1.782     40.927     42.710 
      NOR_UNIT                                  205    24.451    309.049    333.500 
        SHF_left_unit                           142    16.901    177.068    193.969 
      SHF_RIGHT_MAN                             134    15.400    291.131    306.531 
      PSC_UNIT                                   86     9.689    100.730    110.418 
      MAN_COMP_24BIT                             78     8.733     95.796    104.529 
        u_i_data_2                               13     1.552     18.563     20.115 
        u_i_data_4                               13     1.510      9.106     10.616 
        u_i_data_1                               13     1.456     21.669     23.125 
        u_i_data_3                               13     1.316     23.523     24.840 
        u_i_data_5                               10     1.258      7.776      9.033 
        u_i_data_0                               10     0.898     10.921     11.819 
      MAN_SWAP                                   48     7.005    123.643    130.647 
      MAN_RND                                    26     6.134     28.870     35.004 
      MAN_SWAP_PRE                               46     5.950    130.059    136.009 
      LOPD_24BIT                                 58     5.139     27.977     33.116 
        LOPD_16bit_UNIT_MSB                      34     2.995     16.387     19.382 
          LOPD_8bit_unit_0                       14     1.261     11.100     12.360 
          LOPD_8bit_unit_1                       14     1.029      2.388      3.417 
        LOPD_8bit_UNIT_LSB                       14     1.067      6.229      7.296 
      EXP_ADJUST                                 37     4.886     99.975    104.861 
        CLA_8BIT_UNIT                            30     4.187     69.422     73.609 
          CLA_4BIT_UNIT_0                        18     2.374     32.338     34.712 
          CLA_4BIT_UNIT_1                        11     1.692     34.426     36.118 
      EXP_SUB                                    25     2.708     55.577     58.286 
        CLA_8BIT_UNIT                            20     2.432     47.791     50.223 
          CLA_4BIT_UNIT_0                        17     2.080     47.779     49.859 
          CLA_4BIT_UNIT_1                         2     0.275      0.000      0.275 
      EXP_COM_8BIT                               24     2.556     69.116     71.672 
        COMP_LESS_UNIT                           24     2.556     69.116     71.672 
          u_high                                 13     1.456     10.458     11.914 
          u_low                                  10     0.951     12.496     13.447 
      EXP_RND                                    15     1.967     19.668     21.635 
      EXP_SWAP                                   13     1.761     41.811     43.572 
      MAN_ALU_PROC_RND                            7     0.927      9.719     10.646 
      SIGN_UNIT                                   1     0.110      0.702      0.812 
    DATA_B_IM                                  1120   133.759   2085.804   2219.563 
      MAN_ALU                                   214    25.186    390.993    416.179 
        ALU_SUB_UNIT                            120    14.126    209.122    223.247 
          CLA_BLOCK_..CLA_4BIT_UNIT              18     2.394     12.174     14.568 
          CLA_BLOCK_..CLA_4BIT_UNIT              18     2.048     43.757     45.804 
          CLA_BLOCK_..CLA_4BIT_UNIT              18     2.034     35.524     37.558 
          CLA_BLOCK_..CLA_4BIT_UNIT              18     2.019     32.436     34.455 
          CLA_BLOCK_..CLA_4BIT_UNIT              18     1.953     36.658     38.611 
          CLA_BLOCK_..CLA_4BIT_UNIT              15     1.845     32.478     34.322 
      NOR_UNIT                                  205    23.627    319.316    342.942 
        SHF_left_unit                           142    16.274    191.620    207.894 
      SHF_RIGHT_MAN                             134    15.768    358.286    374.054 
      PSC_UNIT                                   88    10.467    140.751    151.218 
      MAN_COMP_24BIT                             78     8.663    105.307    113.969 
        u_i_data_3                               13     1.501     14.657     16.158 
        u_i_data_2                               13     1.495     11.989     13.484 
        u_i_data_4                               13     1.431     23.802     25.233 
        u_i_data_1                               13     1.330     23.898     25.228 
        u_i_data_5                               10     1.087     12.282     13.369 
        u_i_data_0                               10     1.001     17.544     18.545 
      MAN_SWAP                                   48     6.734    127.723    134.457 
      MAN_RND                                    26     6.056     61.782     67.838 
      MAN_SWAP_PRE                               46     5.615    132.734    138.349 
      LOPD_24BIT                                 58     4.947     30.971     35.919 
        LOPD_16bit_UNIT_MSB                      34     2.786     21.601     24.387 
          LOPD_8bit_unit_0                       14     1.059     10.108     11.167 
          LOPD_8bit_unit_1                       14     1.046     11.477     12.524 
        LOPD_8bit_UNIT_LSB                       14     1.000      9.370     10.370 
      EXP_ADJUST                                 37     4.806     71.397     76.202 
        CLA_8BIT_UNIT                            30     4.420     67.463     71.883 
          CLA_4BIT_UNIT_0                        18     2.432     37.943     40.375 
          CLA_4BIT_UNIT_1                        11     1.847     26.873     28.720 
      EXP_SUB                                    25     2.738     65.147     67.885 
        CLA_8BIT_UNIT                            20     2.493     55.651     58.145 
          CLA_4BIT_UNIT_0                        17     2.141     55.639     57.780 
          CLA_4BIT_UNIT_1                         2     0.275      0.000      0.275 
      EXP_COM_8BIT                               24     2.537     67.503     70.041 
        COMP_LESS_UNIT                           24     2.537     67.503     70.041 
          u_high                                 13     1.456     10.458     11.914 
          u_low                                  10     0.932     10.884     11.816 
      EXP_RND                                    15     2.021      7.868      9.888 
      EXP_SWAP                                   13     1.705     48.420     50.125 
      MAN_ALU_PROC_RND                            7     0.949     23.567     24.516 
      SIGN_UNIT                                   2     0.126      0.688      0.814 
  DETECT_START_STAGE1                             4     1.578     18.780     20.358 

