============================================================
  Generated by:           Genus(TM) Synthesis Solution GENUS15.20 - 15.20-p004_1
  Generated on:           Jan 04 2026  07:49:46 am
  Module:                 FFT_8Points
  Wireload mode:          enclosed
  Area mode:              timing library
============================================================

                                                     Leakage    Dynamic     Total   
                   Instance                   Cells Power(nW)  Power(nW)  Power(nW) 
------------------------------------------------------------------------------------
FFT_8Points                                   67099 24293.005 266808.520 291101.525 
  BFU8_07                                     28492 11973.428  80513.749  92487.177 
    INPUT_DATA_5                               5270  3496.849  18602.618  22099.467 
      mul1_sub                                 1513  1441.415   6513.502   7954.917 
        MAN_MUL_UNIT                           1117  1344.827   6010.215   7355.042 
          MUL_UNIT_MAN_UNIT                    1109  1341.554   6008.853   7350.408 
            u_booth                             371   866.758   5812.833   6679.592 
            u_wallace                           394   372.970      0.000    372.970 
              STAGE_GEN[0].u_stage              116   124.965      0.000    124.965 
              STAGE_GEN[1].u_stage               85    86.532      0.000     86.532 
              STAGE_GEN[2].u_stage               61    61.658      0.000     61.658 
              STAGE_GEN[3].u_stage               45    41.398      0.000     41.398 
              STAGE_GEN[4].u_stage               44    33.853      0.000     33.853 
              STAGE_GEN[5].u_stage               43    24.565      0.000     24.565 
            u_cla                               282    77.376    161.989    239.364 
              cla_tree                          201    41.532     51.047     92.579 
                MULTI_GROUP.next_level           32     7.054      7.714     14.768 
                  COMPUTE_DE..Y[1].cla_unit      11     2.540      1.361      3.901 
                  COMPUTE_DE..Y[2].cla_unit       8     1.504      3.630      5.134 
                  COMPUTE_DE..Y[0].cla_unit       2     0.666      0.000      0.666 
                  MULTI_GROUP.next_level          1     0.366      1.361      1.727 
                    COMPUTE_DE..Y[0].cla_unit     1     0.366      1.361      1.727 
                COMPUTE_DE..Y[5].cla_unit        11     2.644      0.000      2.644 
                COMPUTE_DE..Y[4].cla_unit        11     2.597      0.000      2.597 
                COMPUTE_DE..Y[2].cla_unit        11     2.593      0.000      2.593 
                COMPUTE_DE..Y[3].cla_unit        11     2.503      0.000      2.503 
                COMPUTE_DE..Y[7].cla_unit        11     2.350      1.134      3.485 
                COMPUTE_DE..Y[6].cla_unit        11     2.219      0.000      2.219 
                COMPUTE_DE..Y[9].cla_unit        11     2.169      4.764      6.934 
                COMPUTE_DE..[10].cla_unit        11     2.127      4.084      6.211 
                COMPUTE_DE..Y[8].cla_unit        11     2.078      5.218      7.296 
                COMPUTE_DE..[11].cla_unit         7     1.202      3.630      4.832 
            u_merge                              62    24.450     34.031     58.481 
              csa_row[25].u_fa                    2     0.617      0.000      0.617 
              csa_row[26].u_fa                    2     0.617      0.000      0.617 
              csa_row[27].u_fa                    2     0.617      0.000      0.617 
              csa_row[31].u_fa                    2     0.617      0.000      0.617 
              csa_row[32].u_fa                    2     0.617      0.000      0.617 
              csa_row[34].u_fa                    2     0.617      0.000      0.617 
              csa_row[35].u_fa                    2     0.617      0.000      0.617 
              csa_row[37].u_fa                    2     0.617      0.000      0.617 
              csa_row[38].u_fa                    2     0.617      0.000      0.617 
              csa_row[40].u_fa                    2     0.617      0.000      0.617 
              csa_row[42].u_fa                    2     0.617      0.000      0.617 
              csa_row[43].u_fa                    2     0.617      0.000      0.617 
              csa_row[44].u_fa                    2     0.617      0.000      0.617 
              csa_row[46].u_fa                    2     0.617      0.000      0.617 
              csa_row[10].u_fa                    1     0.577      0.000      0.577 
              csa_row[11].u_fa                    1     0.577      1.361      1.938 
              csa_row[12].u_fa                    1     0.577      0.000      0.577 
              csa_row[13].u_fa                    1     0.577      0.000      0.577 
              csa_row[14].u_fa                    1     0.577      1.361      1.938 
              csa_row[15].u_fa                    1     0.577      1.361      1.938 
              csa_row[16].u_fa                    1     0.577      0.000      0.577 
              csa_row[17].u_fa                    1     0.577      0.000      0.577 
              csa_row[18].u_fa                    1     0.577      0.000      0.577 
              csa_row[19].u_fa                    1     0.577      1.361      1.938 
              csa_row[20].u_fa                    1     0.577      0.000      0.577 
              csa_row[21].u_fa                    1     0.577      0.000      0.577 
              csa_row[22].u_fa                    1     0.577      0.000      0.577 
              csa_row[23].u_fa                    1     0.577      0.000      0.577 
              csa_row[24].u_fa                    1     0.577      1.361      1.938 
              csa_row[29].u_fa                    1     0.577      1.361      1.938 
              csa_row[45].u_fa                    1     0.577      1.361      1.938 
              csa_row[6].u_fa                     1     0.577      0.000      0.577 
              csa_row[7].u_fa                     1     0.577      1.361      1.938 
              csa_row[8].u_fa                     1     0.577      0.000      0.577 
              csa_row[9].u_fa                     1     0.577      1.361      1.938 
              csa_row[30].u_fa                    2     0.560      3.630      4.190 
              csa_row[33].u_fa                    2     0.560      3.630      4.190 
              csa_row[36].u_fa                    2     0.560      3.630      4.190 
              csa_row[41].u_fa                    2     0.560      3.630      4.190 
              csa_row[28].u_fa                    2     0.560      3.630      4.190 
              csa_row[39].u_fa                    2     0.560      3.630      4.190 
              csa_row[47].u_fa                    1     0.345      0.000      0.345 
        NOR_UNIT                                178    45.796    136.125    181.921 
          SHF_left_unit                         124    33.236     82.583    115.818 
        MAN_ROUNDING_UNIT                        24    12.178      5.899     18.077 
        MUL_EXP_ADJUST_UNIT                      45    11.852     87.763     99.615 
          CLA_8BIT_UNIT                          30     8.802     51.143     59.945 
            CLA_4BIT_UNIT_0                      18     4.337     22.130     26.468 
            CLA_4BIT_UNIT_1                      11     4.131     29.012     33.144 
        LOPD_UNIT                                58     9.107     26.318     35.425 
          LOPD_16bit_UNIT_MSB                    34     5.882      9.756     15.638 
            LOPD_8bit_unit_1                     14     2.295      5.445      7.740 
            LOPD_8bit_unit_0                     14     2.008      3.403      5.411 
          LOPD_8bit_UNIT_LSB                     14     1.834      2.042      3.876 
        EXP_ROUNDING_UNIT                        15     3.916     21.883     25.799 
        MUL_EXP_UNIT                             21     3.581     25.363     28.944 
        PSC_UNIT                                 12     2.042      8.998     11.040 
      mul1_add                                 1513  1431.965   6408.910   7840.875 
        MAN_MUL_UNIT                           1117  1335.326   6021.105   7356.430 
          MUL_UNIT_MAN_UNIT                    1109  1332.311   6018.836   7351.147 
            u_booth                             371   857.744   5809.657   6667.402 
            u_wallace                           394   372.970      0.000    372.970 
              STAGE_GEN[0].u_stage              116   124.965      0.000    124.965 
              STAGE_GEN[1].u_stage               85    86.532      0.000     86.532 
              STAGE_GEN[2].u_stage               61    61.658      0.000     61.658 
              STAGE_GEN[3].u_stage               45    41.398      0.000     41.398 
              STAGE_GEN[4].u_stage               44    33.853      0.000     33.853 
              STAGE_GEN[5].u_stage               43    24.565      0.000     24.565 
            u_cla                               282    77.375    160.628    238.003 
              cla_tree                          201    41.422     37.661     79.083 
                MULTI_GROUP.next_level           32     7.171      3.176     10.347 
                  COMPUTE_DE..Y[1].cla_unit      11     2.495      1.361      3.856 
                  COMPUTE_DE..Y[2].cla_unit       8     1.632      0.907      2.539 
                  COMPUTE_DE..Y[0].cla_unit       2     0.666      0.000      0.666 
                  MULTI_GROUP.next_level          1     0.333      0.000      0.333 
                    COMPUTE_DE..Y[0].cla_unit     1     0.333      0.000      0.333 
                COMPUTE_DE..Y[3].cla_unit        11     2.644      0.000      2.644 
                COMPUTE_DE..Y[4].cla_unit        11     2.593      0.000      2.593 
                COMPUTE_DE..Y[8].cla_unit        11     2.426      3.630      6.056 
                COMPUTE_DE..Y[5].cla_unit        11     2.416      0.000      2.416 
                COMPUTE_DE..Y[2].cla_unit        11     2.416      0.000      2.416 
                COMPUTE_DE..Y[6].cla_unit        11     2.310      2.723      5.033 
                COMPUTE_DE..Y[7].cla_unit        11     2.085      2.496      4.581 
                COMPUTE_DE..Y[9].cla_unit        11     2.009      4.537      6.546 
                COMPUTE_DE..[10].cla_unit        11     1.961      7.714      9.675 
                COMPUTE_DE..[11].cla_unit         7     1.291      0.454      1.745 
            u_merge                              62    24.221     48.551     72.773 
              csa_row[26].u_fa                    2     0.617      0.000      0.617 
              csa_row[27].u_fa                    2     0.617      0.000      0.617 
              csa_row[28].u_fa                    2     0.617      0.000      0.617 
              csa_row[32].u_fa                    2     0.617      0.000      0.617 
              csa_row[35].u_fa                    2     0.617      0.000      0.617 
              csa_row[38].u_fa                    2     0.617      0.000      0.617 
              csa_row[39].u_fa                    2     0.617      0.000      0.617 
              csa_row[41].u_fa                    2     0.617      0.000      0.617 
              csa_row[44].u_fa                    2     0.617      0.000      0.617 
              csa_row[46].u_fa                    2     0.617      0.000      0.617 
              csa_row[10].u_fa                    1     0.577      1.361      1.938 
              csa_row[11].u_fa                    1     0.577      0.000      0.577 
              csa_row[12].u_fa                    1     0.577      0.000      0.577 
              csa_row[13].u_fa                    1     0.577      0.000      0.577 
              csa_row[14].u_fa                    1     0.577      0.000      0.577 
              csa_row[15].u_fa                    1     0.577      0.000      0.577 
              csa_row[16].u_fa                    1     0.577      0.000      0.577 
              csa_row[17].u_fa                    1     0.577      1.361      1.938 
              csa_row[18].u_fa                    1     0.577      0.000      0.577 
              csa_row[19].u_fa                    1     0.577      1.361      1.938 
              csa_row[20].u_fa                    1     0.577      1.361      1.938 
              csa_row[21].u_fa                    1     0.577      0.000      0.577 
              csa_row[22].u_fa                    1     0.577      1.361      1.938 
              csa_row[23].u_fa                    1     0.577      0.000      0.577 
              csa_row[24].u_fa                    1     0.577      1.361      1.938 
              csa_row[29].u_fa                    1     0.577      1.361      1.938 
              csa_row[45].u_fa                    1     0.577      0.000      0.577 
              csa_row[6].u_fa                     1     0.577      0.000      0.577 
              csa_row[7].u_fa                     1     0.577      1.361      1.938 
              csa_row[8].u_fa                     1     0.577      1.361      1.938 
              csa_row[9].u_fa                     1     0.577      0.000      0.577 
              csa_row[30].u_fa                    2     0.560      3.630      4.190 
              csa_row[31].u_fa                    2     0.560      3.630      4.190 
              csa_row[33].u_fa                    2     0.560      3.630      4.190 
              csa_row[36].u_fa                    2     0.560      3.630      4.190 
              csa_row[42].u_fa                    2     0.560      3.630      4.190 
              csa_row[43].u_fa                    2     0.560      3.630      4.190 
              csa_row[25].u_fa                    2     0.560      3.630      4.190 
              csa_row[34].u_fa                    2     0.560      3.630      4.190 
              csa_row[37].u_fa                    2     0.560      3.630      4.190 
              csa_row[40].u_fa                    2     0.560      3.630      4.190 
              csa_row[47].u_fa                    1     0.345      0.000      0.345 
        NOR_UNIT                                178    44.736     68.063    112.799 
          SHF_left_unit                         124    32.488     44.468     76.955 
        MAN_ROUNDING_UNIT                        24    12.275      5.899     18.174 
        MUL_EXP_ADJUST_UNIT                      45    11.900     69.577     81.477 
          CLA_8BIT_UNIT                          30     8.906     41.548     50.454 
            CLA_4BIT_UNIT_0                      18     4.441     12.536     16.977 
            CLA_4BIT_UNIT_1                      11     4.131     29.012     33.144 
        LOPD_UNIT                                58     9.420     14.520     23.940 
          LOPD_16bit_UNIT_MSB                    34     5.783      9.756     15.539 
            LOPD_8bit_unit_0                     14     2.190      4.991      7.182 
            LOPD_8bit_unit_1                     14     2.140      4.764      6.905 
          LOPD_8bit_UNIT_LSB                     14     2.061      4.764      6.826 
        EXP_ROUNDING_UNIT                        15     4.000     18.289     22.289 
        MUL_EXP_UNIT                             21     3.581     25.363     28.944 
        PSC_UNIT                                 12     2.517     12.304     14.822 
      DATA_A_RE                                1122   314.215   2813.351   3127.566 
        MAN_ALU                                 219    65.892    314.510    380.401 
          ALU_SUB_UNIT                          122    35.435    171.912    207.348 
            CLA_BLOCK_..CLA_4BIT_UNIT            20     6.262     13.159     19.420 
            CLA_BLOCK_..CLA_4BIT_UNIT            18     5.213     47.815     53.028 
            CLA_BLOCK_..CLA_4BIT_UNIT            15     5.039     55.129     60.167 
            CLA_BLOCK_..CLA_4BIT_UNIT            18     4.964     29.889     34.853 
            CLA_BLOCK_..CLA_4BIT_UNIT            18     4.916     25.877     30.793 
            CLA_BLOCK_..CLA_4BIT_UNIT            18     4.512      0.028      4.540 
        NOR_UNIT                                205    53.586    404.351    457.937 
          SHF_left_unit                         142    36.039    296.814    332.853 
        SHF_RIGHT_MAN                           133    32.348    453.785    486.133 
        PSC_UNIT                                 86    23.525    151.802    175.326 
        MAN_COMP_24BIT                           80    21.885    122.666    144.551 
          u_i_data_4                             13     3.751     38.007     41.758 
          u_i_data_3                             13     3.732     26.583     30.314 
          u_i_data_2                             13     3.590     31.057     34.647 
          u_i_data_1                             13     3.417     15.576     18.993 
          u_i_data_5                             12     3.014      3.743      6.757 
          u_i_data_0                             10     2.452      7.667     10.119 
        MAN_SWAP                                 48    18.224     89.894    108.119 
        MAN_SWAP_PRE                             46    14.464    225.617    240.081 
        MAN_RND                                  26    13.769     67.954     81.724 
        LOPD_24BIT                               58    11.929     47.952     59.880 
          LOPD_16bit_UNIT_MSB                    34     6.951     35.440     42.391 
            LOPD_8bit_unit_0                     14     2.785     20.081     22.866 
            LOPD_8bit_unit_1                     14     2.586     15.359     17.946 
          LOPD_8bit_UNIT_LSB                     14     2.361     12.511     14.873 
        EXP_ADJUST                               37    10.092     49.037     59.129 
          CLA_8BIT_UNIT                          30     9.319     49.037     58.356 
            CLA_4BIT_UNIT_0                      18     4.640     16.005     20.645 
            CLA_4BIT_UNIT_1                      11     4.361     33.032     37.393 
        EXP_SUB                                  25     6.719    134.445    141.163 
          CLA_8BIT_UNIT                          20     6.248    122.730    128.978 
            CLA_4BIT_UNIT_0                      17     5.335    107.662    112.998 
            CLA_4BIT_UNIT_1                       2     0.692     11.822     12.514 
        EXP_COM_8BIT                             24     5.353    131.075    136.428 
          COMP_LESS_UNIT                         24     5.353    131.075    136.428 
            u_high                               13     3.163     41.738     44.902 
            u_low                                10     1.869     18.224     20.093 
        EXP_RND                                  15     4.296     23.115     27.411 
        EXP_SWAP                                 13     3.745     64.960     68.705 
        MAN_ALU_PROC_RND                          7     2.079     29.049     31.128 
        SIGN_UNIT                                 1     0.339     11.768     12.107 
      DATA_A_IM                                1122   309.255   2866.854   3176.109 
        MAN_ALU                                 215    62.819    405.851    468.669 
          ALU_SUB_UNIT                          120    30.208    252.693    282.901 
            CLA_BLOCK_..CLA_4BIT_UNIT            18     5.103     37.423     42.526 
            CLA_BLOCK_..CLA_4BIT_UNIT            18     4.337     26.539     30.876 
            CLA_BLOCK_..CLA_4BIT_UNIT            18     4.314     43.519     47.833 
            CLA_BLOCK_..CLA_4BIT_UNIT            18     4.295     46.601     50.896 
            CLA_BLOCK_..CLA_4BIT_UNIT            18     4.226     20.573     24.799 
            CLA_BLOCK_..CLA_4BIT_UNIT            15     4.036     62.060     66.097 
        NOR_UNIT                                205    53.043    385.570    438.613 
          SHF_left_unit                         142    36.249    280.499    316.747 
        SHF_RIGHT_MAN                           134    32.245    445.824    478.069 
        PSC_UNIT                                 88    22.638    159.310    181.948 
        MAN_COMP_24BIT                           80    21.837    121.708    143.544 
          u_i_data_4                             13     3.751     38.003     41.754 
          u_i_data_3                             13     3.732     26.579     30.310 
          u_i_data_2                             13     3.590     31.057     34.647 
          u_i_data_1                             13     3.417     15.576     18.993 
          u_i_data_5                             12     3.014      3.743      6.757 
          u_i_data_0                             10     2.403      6.717      9.121 
        MAN_SWAP                                 48    18.131     88.518    106.649 
        MAN_SWAP_PRE                             46    14.547    224.718    239.265 
        MAN_RND                                  26    13.699     67.381     81.080 
        LOPD_24BIT                               58    11.526     42.132     53.658 
          LOPD_16bit_UNIT_MSB                    34     6.481     25.388     31.870 
            LOPD_8bit_unit_1                     14     2.571     18.775     21.346 
            LOPD_8bit_unit_0                     14     2.375      6.580      8.955 
          LOPD_8bit_UNIT_LSB                     14     2.428     16.743     19.172 
        EXP_ADJUST                               37    10.092     49.037     59.129 
          CLA_8BIT_UNIT                          30     9.319     49.037     58.356 
            CLA_4BIT_UNIT_0                      18     4.640     16.005     20.645 
            CLA_4BIT_UNIT_1                      11     4.361     33.032     37.393 
        EXP_SUB                                  25     6.719    134.902    141.621 
          CLA_8BIT_UNIT                          20     6.248    123.187    129.435 
            CLA_4BIT_UNIT_0                      17     5.335    108.573    113.909 
            CLA_4BIT_UNIT_1                       2     0.692     11.368     12.060 
        EXP_COM_8BIT                             24     5.353    131.075    136.428 
          COMP_LESS_UNIT                         24     5.353    131.075    136.428 
            u_high                               13     3.163     41.738     44.902 
            u_low                                10     1.869     18.224     20.093 
        EXP_RND                                  15     4.296     23.115     27.411 
        EXP_SWAP                                 13     3.810     64.960     68.771 
        MAN_ALU_PROC_RND                          7     2.079     29.034     31.113 
        SIGN_UNIT                                 2     0.339      2.574      2.913 
    INPUT_DATA_7                               5270  3486.157  19917.027  23403.184 
      mul1_add                                 1513  1435.903   7052.274   8488.176 
        MAN_MUL_UNIT                           1117  1337.224   6585.142   7922.367 
          MUL_UNIT_MAN_UNIT                    1109  1334.340   6584.235   7918.575 
            u_booth                             371   860.024   6303.137   7163.161 
            u_wallace                           394   372.970      0.000    372.970 
              STAGE_GEN[0].u_stage              116   124.965      0.000    124.965 
              STAGE_GEN[1].u_stage               85    86.532      0.000     86.532 
              STAGE_GEN[2].u_stage               61    61.658      0.000     61.658 
              STAGE_GEN[3].u_stage               45    41.398      0.000     41.398 
              STAGE_GEN[4].u_stage               44    33.853      0.000     33.853 
              STAGE_GEN[5].u_stage               43    24.565      0.000     24.565 
            u_cla                               282    77.295    214.170    291.465 
              cla_tree                          201    41.630     66.248    107.877 
                MULTI_GROUP.next_level           32     7.064      4.991     12.055 
                  COMPUTE_DE..Y[1].cla_unit      11     2.490      0.000      2.490 
                  COMPUTE_DE..Y[2].cla_unit       8     1.414      4.991      6.405 
                  COMPUTE_DE..Y[0].cla_unit       2     0.666      0.000      0.666 
                  MULTI_GROUP.next_level          1     0.399      0.000      0.399 
                    COMPUTE_DE..Y[0].cla_unit     1     0.399      0.000      0.399 
                COMPUTE_DE..Y[3].cla_unit        11     2.597      0.000      2.597 
                COMPUTE_DE..Y[5].cla_unit        11     2.506      0.000      2.506 
                COMPUTE_DE..Y[4].cla_unit        11     2.365      0.000      2.365 
                COMPUTE_DE..Y[2].cla_unit        11     2.365      0.000      2.365 
                COMPUTE_DE..Y[6].cla_unit        11     2.316      1.134      3.450 
                COMPUTE_DE..Y[7].cla_unit        11     2.295      7.260      9.555 
                COMPUTE_DE..[10].cla_unit        11     2.273      5.445      7.718 
                COMPUTE_DE..Y[9].cla_unit        11     2.172      5.218      7.390 
                COMPUTE_DE..Y[8].cla_unit        11     1.952      5.218      7.170 
                COMPUTE_DE..[11].cla_unit         7     1.453      4.537      5.990 
            u_merge                              62    24.050     66.928     90.978 
              csa_row[26].u_fa                    2     0.617      0.000      0.617 
              csa_row[28].u_fa                    2     0.617      0.000      0.617 
              csa_row[31].u_fa                    2     0.617      0.000      0.617 
              csa_row[32].u_fa                    2     0.617      0.000      0.617 
              csa_row[34].u_fa                    2     0.617      0.000      0.617 
              csa_row[37].u_fa                    2     0.617      0.000      0.617 
              csa_row[38].u_fa                    2     0.617      0.000      0.617 
              csa_row[10].u_fa                    1     0.577      1.361      1.938 
              csa_row[11].u_fa                    1     0.577      1.361      1.938 
              csa_row[12].u_fa                    1     0.577      0.000      0.577 
              csa_row[13].u_fa                    1     0.577      0.000      0.577 
              csa_row[14].u_fa                    1     0.577      0.000      0.577 
              csa_row[15].u_fa                    1     0.577      1.361      1.938 
              csa_row[16].u_fa                    1     0.577      1.361      1.938 
              csa_row[17].u_fa                    1     0.577      1.361      1.938 
              csa_row[18].u_fa                    1     0.577      1.361      1.938 
              csa_row[19].u_fa                    1     0.577      1.361      1.938 
              csa_row[20].u_fa                    1     0.577      1.361      1.938 
              csa_row[21].u_fa                    1     0.577      1.361      1.938 
              csa_row[22].u_fa                    1     0.577      0.000      0.577 
              csa_row[23].u_fa                    1     0.577      0.000      0.577 
              csa_row[24].u_fa                    1     0.577      1.361      1.938 
              csa_row[29].u_fa                    1     0.577      1.361      1.938 
              csa_row[45].u_fa                    1     0.577      1.361      1.938 
              csa_row[6].u_fa                     1     0.577      0.000      0.577 
              csa_row[7].u_fa                     1     0.577      1.361      1.938 
              csa_row[8].u_fa                     1     0.577      1.361      1.938 
              csa_row[9].u_fa                     1     0.577      1.361      1.938 
              csa_row[25].u_fa                    2     0.560      3.630      4.190 
              csa_row[27].u_fa                    2     0.560      3.630      4.190 
              csa_row[33].u_fa                    2     0.560      3.630      4.190 
              csa_row[35].u_fa                    2     0.560      3.630      4.190 
              csa_row[40].u_fa                    2     0.560      3.630      4.190 
              csa_row[42].u_fa                    2     0.560      3.630      4.190 
              csa_row[44].u_fa                    2     0.560      3.630      4.190 
              csa_row[30].u_fa                    2     0.560      3.630      4.190 
              csa_row[36].u_fa                    2     0.560      3.630      4.190 
              csa_row[39].u_fa                    2     0.560      3.630      4.190 
              csa_row[41].u_fa                    2     0.560      3.630      4.190 
              csa_row[43].u_fa                    2     0.560      3.630      4.190 
              csa_row[46].u_fa                    2     0.560      2.949      3.509 
              csa_row[47].u_fa                    1     0.345      0.000      0.345 
        NOR_UNIT                                178    46.139     89.162    135.301 
          SHF_left_unit                         124    32.736     57.626     90.362 
        MAN_ROUNDING_UNIT                        24    12.490      6.353     18.842 
        MUL_EXP_ADJUST_UNIT                      45    11.800     84.735     96.535 
          CLA_8BIT_UNIT                          30     8.804     49.703     58.507 
            CLA_4BIT_UNIT_0                      18     4.340     20.690     25.030 
            CLA_4BIT_UNIT_1                      11     4.131     29.012     33.144 
        LOPD_UNIT                                58     9.484     22.461     31.944 
          LOPD_16bit_UNIT_MSB                    34     5.957      7.714     13.671 
            LOPD_8bit_unit_0                     14     2.282      3.176      5.458 
            LOPD_8bit_unit_1                     14     2.188      3.630      5.818 
          LOPD_8bit_UNIT_LSB                     14     2.169      3.403      5.572 
        EXP_ROUNDING_UNIT                        15     3.916     21.883     25.799 
        MUL_EXP_UNIT                             21     3.855     34.576     38.431 
        PSC_UNIT                                 12     2.343     10.160     12.502 
      mul1_sub                                 1513  1426.687   7003.439   8430.126 
        MAN_MUL_UNIT                           1117  1328.357   6528.646   7857.002 
          MUL_UNIT_MAN_UNIT                    1109  1325.516   6527.285   7852.801 
            u_booth                             371   851.010   6296.099   7147.109 
            u_wallace                           394   372.970      0.000    372.970 
              STAGE_GEN[0].u_stage              116   124.965      0.000    124.965 
              STAGE_GEN[1].u_stage               85    86.532      0.000     86.532 
              STAGE_GEN[2].u_stage               61    61.658      0.000     61.658 
              STAGE_GEN[3].u_stage               45    41.398      0.000     41.398 
              STAGE_GEN[4].u_stage               44    33.853      0.000     33.853 
              STAGE_GEN[5].u_stage               43    24.565      0.000     24.565 
            u_cla                               282    77.313    179.912    257.225 
              cla_tree                          201    41.514     53.542     95.057 
                MULTI_GROUP.next_level           32     7.392      8.168     15.560 
                  COMPUTE_DE..Y[1].cla_unit      11     2.634      1.361      3.996 
                  COMPUTE_DE..Y[2].cla_unit       8     1.650      4.084      5.734 
                  COMPUTE_DE..Y[0].cla_unit       2     0.666      0.000      0.666 
                  MULTI_GROUP.next_level          1     0.366      1.361      1.727 
                    COMPUTE_DE..Y[0].cla_unit     1     0.366      1.361      1.727 
                COMPUTE_DE..Y[2].cla_unit        11     2.640      0.000      2.640 
                COMPUTE_DE..Y[5].cla_unit        11     2.507      0.000      2.507 
                COMPUTE_DE..Y[3].cla_unit        11     2.499      0.000      2.499 
                COMPUTE_DE..Y[4].cla_unit        11     2.463      0.000      2.463 
                COMPUTE_DE..Y[8].cla_unit        11     2.304      7.260      9.564 
                COMPUTE_DE..Y[7].cla_unit        11     2.267      1.134      3.402 
                COMPUTE_DE..Y[6].cla_unit        11     2.266      0.000      2.266 
                COMPUTE_DE..Y[9].cla_unit        11     2.126      4.084      6.210 
                COMPUTE_DE..[10].cla_unit        11     1.953      5.672      7.624 
                COMPUTE_DE..[11].cla_unit         7     1.267      4.084      5.351 
            u_merge                              62    24.222     51.274     75.496 
              csa_row[25].u_fa                    2     0.617      0.000      0.617 
              csa_row[26].u_fa                    2     0.617      0.000      0.617 
              csa_row[34].u_fa                    2     0.617      0.000      0.617 
              csa_row[36].u_fa                    2     0.617      0.000      0.617 
              csa_row[38].u_fa                    2     0.617      0.000      0.617 
              csa_row[39].u_fa                    2     0.617      0.000      0.617 
              csa_row[41].u_fa                    2     0.617      0.000      0.617 
              csa_row[42].u_fa                    2     0.617      0.000      0.617 
              csa_row[44].u_fa                    2     0.617      0.000      0.617 
              csa_row[46].u_fa                    2     0.617      0.000      0.617 
              csa_row[10].u_fa                    1     0.577      0.000      0.577 
              csa_row[11].u_fa                    1     0.577      0.000      0.577 
              csa_row[12].u_fa                    1     0.577      0.000      0.577 
              csa_row[13].u_fa                    1     0.577      1.361      1.938 
              csa_row[14].u_fa                    1     0.577      1.361      1.938 
              csa_row[15].u_fa                    1     0.577      1.361      1.938 
              csa_row[16].u_fa                    1     0.577      1.361      1.938 
              csa_row[17].u_fa                    1     0.577      0.000      0.577 
              csa_row[18].u_fa                    1     0.577      0.000      0.577 
              csa_row[19].u_fa                    1     0.577      1.361      1.938 
              csa_row[20].u_fa                    1     0.577      1.361      1.938 
              csa_row[21].u_fa                    1     0.577      1.361      1.938 
              csa_row[22].u_fa                    1     0.577      0.000      0.577 
              csa_row[23].u_fa                    1     0.577      0.000      0.577 
              csa_row[24].u_fa                    1     0.577      1.361      1.938 
              csa_row[29].u_fa                    1     0.577      0.000      0.577 
              csa_row[45].u_fa                    1     0.577      1.361      1.938 
              csa_row[6].u_fa                     1     0.577      0.000      0.577 
              csa_row[7].u_fa                     1     0.577      1.361      1.938 
              csa_row[8].u_fa                     1     0.577      0.000      0.577 
              csa_row[9].u_fa                     1     0.577      1.361      1.938 
              csa_row[27].u_fa                    2     0.560      3.630      4.190 
              csa_row[28].u_fa                    2     0.560      3.630      4.190 
              csa_row[30].u_fa                    2     0.560      3.630      4.190 
              csa_row[32].u_fa                    2     0.560      3.630      4.190 
              csa_row[33].u_fa                    2     0.560      3.630      4.190 
              csa_row[35].u_fa                    2     0.560      3.630      4.190 
              csa_row[37].u_fa                    2     0.560      3.630      4.190 
              csa_row[40].u_fa                    2     0.560      3.630      4.190 
              csa_row[31].u_fa                    2     0.560      3.630      4.190 
              csa_row[43].u_fa                    2     0.560      3.630      4.190 
              csa_row[47].u_fa                    1     0.345      0.000      0.345 
        NOR_UNIT                                178    44.880    146.334    191.214 
          SHF_left_unit                         124    31.727     90.977    122.704 
        MAN_ROUNDING_UNIT                        24    12.480      4.991     17.471 
        MUL_EXP_ADJUST_UNIT                      45    12.203     69.560     81.762 
          CLA_8BIT_UNIT                          30     8.957     39.942     48.899 
            CLA_4BIT_UNIT_0                      18     4.492     10.930     15.422 
            CLA_4BIT_UNIT_1                      11     4.131     29.012     33.144 
        LOPD_UNIT                                58     9.462     30.628     40.090 
          LOPD_16bit_UNIT_MSB                    34     6.157     15.881     22.038 
            LOPD_8bit_unit_1                     14     2.395      7.033      9.428 
            LOPD_8bit_unit_0                     14     2.274      7.941     10.215 
          LOPD_8bit_UNIT_LSB                     14     1.942      1.588      3.531 
        MUL_EXP_UNIT                             21     3.855     34.576     38.431 
        EXP_ROUNDING_UNIT                        15     3.833     18.289     22.121 
        PSC_UNIT                                 12     2.735     10.482     13.217 
      DATA_A_RE                                1122   313.829   2958.326   3272.155 
        MAN_ALU                                 219    66.078    351.942    418.020 
          ALU_SUB_UNIT                          122    35.725    189.065    224.790 
            CLA_BLOCK_..CLA_4BIT_UNIT            20     6.468     12.328     18.796 
            CLA_BLOCK_..CLA_4BIT_UNIT            18     5.036     29.308     34.345 
            CLA_BLOCK_..CLA_4BIT_UNIT            18     5.004     41.433     46.437 
            CLA_BLOCK_..CLA_4BIT_UNIT            18     4.964     55.028     59.992 
            CLA_BLOCK_..CLA_4BIT_UNIT            15     4.892     29.904     34.796 
            CLA_BLOCK_..CLA_4BIT_UNIT            18     4.830     21.047     25.878 
        NOR_UNIT                                205    54.495    419.453    473.949 
          SHF_left_unit                         142    37.333    307.024    344.356 
        SHF_RIGHT_MAN                           133    31.395    498.586    529.981 
        PSC_UNIT                                 86    22.769    171.952    194.721 
        MAN_COMP_24BIT                           80    21.876     95.946    117.822 
          u_i_data_3                             13     3.888     12.746     16.633 
          u_i_data_4                             13     3.688     18.345     22.033 
          u_i_data_1                             13     3.583     32.723     36.306 
          u_i_data_2                             13     3.426     27.465     30.890 
          u_i_data_5                             12     2.894      4.594      7.488 
          u_i_data_0                             10     2.335      0.073      2.408 
        MAN_SWAP                                 48    17.959     84.182    102.141 
        MAN_SWAP_PRE                             46    14.068    228.628    242.696 
        MAN_RND                                  26    13.598     72.969     86.568 
        LOPD_24BIT                               58    12.417     68.227     80.645 
          LOPD_16bit_UNIT_MSB                    34     6.781     21.475     28.256 
            LOPD_8bit_unit_1                     14     2.664     10.681     13.345 
            LOPD_8bit_unit_0                     14     2.582     10.761     13.343 
          LOPD_8bit_UNIT_LSB                     14     3.104     46.319     49.423 
        EXP_ADJUST                               37    10.242     63.852     74.093 
          CLA_8BIT_UNIT                          30     9.469     63.852     73.320 
            CLA_4BIT_UNIT_0                      18     4.790     30.820     35.609 
            CLA_4BIT_UNIT_1                      11     4.361     33.032     37.393 
        EXP_SUB                                  25     6.613    109.922    116.534 
          CLA_8BIT_UNIT                          20     6.142     98.206    104.349 
            CLA_4BIT_UNIT_0                      17     5.230     83.139     88.369 
            CLA_4BIT_UNIT_1                       2     0.692     11.822     12.514 
        EXP_COM_8BIT                             24     5.501    131.512    137.013 
          COMP_LESS_UNIT                         24     5.501    131.512    137.013 
            u_high                               13     3.163     41.738     44.902 
            u_low                                10     2.017     18.661     20.678 
        EXP_RND                                  15     4.375     27.951     32.326 
        EXP_SWAP                                 13     3.833     71.016     74.849 
        MAN_ALU_PROC_RND                          7     2.000     24.127     26.127 
        SIGN_UNIT                                 1     0.392      0.989      1.382 
      DATA_A_IM                                1122   309.738   2902.988   3212.727 
        MAN_ALU                                 215    61.296    379.816    441.112 
          ALU_SUB_UNIT                          120    29.089    213.761    242.851 
            CLA_BLOCK_..CLA_4BIT_UNIT            18     4.793     36.758     41.552 
            CLA_BLOCK_..CLA_4BIT_UNIT            18     4.252     53.845     58.097 
            CLA_BLOCK_..CLA_4BIT_UNIT            18     4.230     51.731     55.961 
            CLA_BLOCK_..CLA_4BIT_UNIT            18     4.184     31.289     35.473 
            CLA_BLOCK_..CLA_4BIT_UNIT            15     4.021     27.226     31.248 
            CLA_BLOCK_..CLA_4BIT_UNIT            18     3.899     12.693     16.593 
        NOR_UNIT                                205    55.387    427.908    483.296 
          SHF_left_unit                         142    37.580    315.690    353.271 
        SHF_RIGHT_MAN                           134    31.417    486.607    518.024 
        PSC_UNIT                                 88    22.587    109.220    131.807 
        MAN_COMP_24BIT                           80    21.794     95.941    117.735 
          u_i_data_3                             13     3.888     12.746     16.633 
          u_i_data_4                             13     3.688     18.340     22.028 
          u_i_data_1                             13     3.583     32.723     36.306 
          u_i_data_2                             13     3.426     27.464     30.890 
          u_i_data_5                             12     2.894      4.594      7.488 
          u_i_data_0                             10     2.252      0.073      2.326 
        MAN_SWAP                                 48    17.899     83.730    101.629 
        MAN_SWAP_PRE                             46    14.066    226.858    240.924 
        MAN_RND                                  26    13.700     74.021     87.721 
        LOPD_24BIT                               58    12.411     48.067     60.478 
          LOPD_16bit_UNIT_MSB                    34     6.933     29.151     36.084 
            LOPD_8bit_unit_1                     14     2.785     14.421     17.207 
            LOPD_8bit_unit_0                     14     2.613     14.696     17.310 
          LOPD_8bit_UNIT_LSB                     14     2.945     18.483     21.428 
        EXP_ADJUST                               37    10.242     63.851     74.092 
          CLA_8BIT_UNIT                          30     9.469     63.851     73.319 
            CLA_4BIT_UNIT_0                      18     4.790     30.819     35.608 
            CLA_4BIT_UNIT_1                      11     4.361     33.032     37.393 
        EXP_SUB                                  25     6.613    109.468    116.081 
          CLA_8BIT_UNIT                          20     6.142     97.752    103.895 
            CLA_4BIT_UNIT_0                      17     5.230     83.139     88.369 
            CLA_4BIT_UNIT_1                       2     0.692     11.368     12.060 
        EXP_COM_8BIT                             24     5.501    131.512    137.013 
          COMP_LESS_UNIT                         24     5.501    131.512    137.013 
            u_high                               13     3.163     41.738     44.902 
            u_low                                10     2.017     18.661     20.678 
        EXP_RND                                  15     4.375     27.951     32.326 
        EXP_SWAP                                 13     3.882     71.914     75.796 
        MAN_ALU_PROC_RND                          7     2.000     24.113     26.112 
        SIGN_UNIT                                 2     0.414      4.555      4.969 
    BFU2_UNIT3                                 4486  1265.755   9984.393  11250.148 
      DATA_A_RE                                1122   320.240   2361.193   2681.433 
        MAN_ALU                                 219    64.578    566.400    630.978 
          ALU_SUB_UNIT                          122    33.089    370.528    403.617 
            CLA_BLOCK_..CLA_4BIT_UNIT            20     5.290     72.533     77.824 
            CLA_BLOCK_..CLA_4BIT_UNIT            18     5.082     33.626     38.708 
            CLA_BLOCK_..CLA_4BIT_UNIT            18     4.755     57.096     61.851 
            CLA_BLOCK_..CLA_4BIT_UNIT            18     4.627     64.464     69.091 
            CLA_BLOCK_..CLA_4BIT_UNIT            18     4.590     61.721     66.311 
            CLA_BLOCK_..CLA_4BIT_UNIT            15     4.445     50.059     54.504 
        NOR_UNIT                                205    57.729    296.101    353.830 
          SHF_left_unit                         142    39.025    210.945    249.969 
        SHF_RIGHT_MAN                           133    33.549    378.239    411.788 
        PSC_UNIT                                 86    23.250    126.799    150.049 
        MAN_COMP_24BIT                           80    20.646    143.386    164.031 
          u_i_data_3                             13     3.678     36.423     40.100 
          u_i_data_1                             13     3.521      7.906     11.427 
          u_i_data_2                             13     3.380     19.987     23.367 
          u_i_data_4                             13     3.345     28.643     31.988 
          u_i_data_5                             12     2.955      0.000      2.955 
          u_i_data_0                             10     2.207     31.047     33.254 
        MAN_SWAP                                 48    18.482    157.139    175.621 
        MAN_SWAP_PRE                             46    15.509    180.305    195.814 
        MAN_RND                                  26    13.906     47.627     61.534 
        LOPD_24BIT                               58    13.281     82.780     96.061 
          LOPD_16bit_UNIT_MSB                    34     7.477     71.782     79.259 
            LOPD_8bit_unit_0                     14     3.248     32.885     36.133 
            LOPD_8bit_unit_1                     14     2.824     38.825     41.650 
          LOPD_8bit_UNIT_LSB                     14     3.437     10.565     14.002 
        EXP_ADJUST                               37    10.273     19.825     30.098 
          CLA_8BIT_UNIT                          30     9.500     19.825     29.325 
            CLA_4BIT_UNIT_0                      18     4.937      0.000      4.937 
            CLA_4BIT_UNIT_1                      11     4.245     19.825     24.070 
        EXP_SUB                                  25     6.364     78.953     85.317 
          CLA_8BIT_UNIT                          20     5.894     73.322     79.216 
            CLA_4BIT_UNIT_0                      17     5.024     64.753     69.777 
            CLA_4BIT_UNIT_1                       2     0.649      5.324      5.973 
        EXP_COM_8BIT                             24     5.784    124.129    129.912 
          COMP_LESS_UNIT                         24     5.784    124.129    129.912 
            u_high                               13     3.519     41.861     45.380 
            u_low                                10     1.899     11.186     13.085 
        EXP_RND                                  15     4.234     11.559     15.793 
        EXP_SWAP                                 13     3.709     41.374     45.083 
        MAN_ALU_PROC_RND                          7     2.139     23.658     25.797 
        SIGN_UNIT                                 1     0.246      4.705      4.951 
      DATA_B_RE                                1121   316.946   2730.619   3047.565 
        MAN_ALU                                 215    65.924    563.074    628.998 
          ALU_SUB_UNIT                          120    34.400    287.987    322.387 
            CLA_BLOCK_..CLA_4BIT_UNIT            18     6.030     55.257     61.287 
            CLA_BLOCK_..CLA_4BIT_UNIT            18     5.026     10.566     15.592 
            CLA_BLOCK_..CLA_4BIT_UNIT            15     4.984     35.747     40.731 
            CLA_BLOCK_..CLA_4BIT_UNIT            18     4.851     56.205     61.055 
            CLA_BLOCK_..CLA_4BIT_UNIT            18     4.579     61.298     65.877 
            CLA_BLOCK_..CLA_4BIT_UNIT            18     4.424     55.249     59.673 
        NOR_UNIT                                205    53.649    532.594    586.243 
          SHF_left_unit                         142    37.458    286.840    324.298 
        SHF_RIGHT_MAN                           134    33.867    373.781    407.648 
        PSC_UNIT                                 87    24.230    105.959    130.190 
        MAN_COMP_24BIT                           80    20.646    143.383    164.029 
          u_i_data_3                             13     3.678     36.419     40.096 
          u_i_data_1                             13     3.521      7.906     11.427 
          u_i_data_2                             13     3.380     19.987     23.367 
          u_i_data_4                             13     3.345     28.643     31.988 
          u_i_data_5                             12     2.955      0.000      2.955 
          u_i_data_0                             10     2.207     31.048     33.255 
        MAN_SWAP                                 48    18.288    153.914    172.202 
        MAN_SWAP_PRE                             46    15.735    183.944    199.679 
        MAN_RND                                  26    13.622     52.448     66.070 
        LOPD_24BIT                               58    11.243     70.890     82.133 
          LOPD_16bit_UNIT_MSB                    34     6.625     47.451     54.076 
            LOPD_8bit_unit_1                     14     2.772     33.236     36.009 
            LOPD_8bit_unit_0                     14     2.264      9.940     12.204 
          LOPD_8bit_UNIT_LSB                     14     2.222     15.168     17.390 
        EXP_ADJUST                               37     9.941    143.552    153.492 
          CLA_8BIT_UNIT                          30     8.345    101.963    110.308 
            CLA_4BIT_UNIT_0                      18     4.308     46.403     50.710 
            CLA_4BIT_UNIT_1                      11     3.765     51.665     55.430 
        EXP_SUB                                  25     6.364     78.726     85.090 
          CLA_8BIT_UNIT                          20     5.894     73.095     78.989 
            CLA_4BIT_UNIT_0                      17     5.024     64.526     69.550 
            CLA_4BIT_UNIT_1                       2     0.649      5.324      5.973 
        EXP_COM_8BIT                             24     5.784    124.129    129.912 
          COMP_LESS_UNIT                         24     5.784    124.129    129.912 
            u_high                               13     3.519     41.861     45.380 
            u_low                                10     1.899     11.186     13.085 
        EXP_RND                                  15     4.313     16.395     20.708 
        EXP_SWAP                                 13     3.709     41.374     45.083 
        MAN_ALU_PROC_RND                          7     2.139     23.658     25.797 
        SIGN_UNIT                                 2     0.328      0.993      1.322 
      DATA_B_IM                                1121   315.429   2461.883   2777.312 
        MAN_ALU                                 215    63.180    495.046    558.226 
          ALU_SUB_UNIT                          120    33.237    227.072    260.309 
            CLA_BLOCK_..CLA_4BIT_UNIT            18     5.403     27.908     33.310 
            CLA_BLOCK_..CLA_4BIT_UNIT            15     5.006     13.360     18.367 
            CLA_BLOCK_..CLA_4BIT_UNIT            18     4.770     46.677     51.447 
            CLA_BLOCK_..CLA_4BIT_UNIT            18     4.697     32.880     37.578 
            CLA_BLOCK_..CLA_4BIT_UNIT            18     4.479     52.470     56.949 
            CLA_BLOCK_..CLA_4BIT_UNIT            18     4.372     36.816     41.187 
        NOR_UNIT                                205    53.990    420.150    474.140 
          SHF_left_unit                         142    36.817    296.815    333.632 
        SHF_RIGHT_MAN                           134    33.786    327.443    361.229 
        PSC_UNIT                                 87    24.056    102.730    126.786 
        MAN_COMP_24BIT                           80    21.427    139.104    160.532 
          u_i_data_2                             13     3.657     28.772     32.429 
          u_i_data_3                             13     3.594     18.339     21.933 
          u_i_data_4                             13     3.553     41.683     45.236 
          u_i_data_1                             13     3.394     26.385     29.779 
          u_i_data_5                             12     3.050      7.996     11.046 
          u_i_data_0                             10     2.276      9.959     12.236 
        MAN_SWAP                                 48    17.658    102.521    120.179 
        MAN_SWAP_PRE                             46    15.332    175.378    190.710 
        MAN_RND                                  26    13.652     73.133     86.785 
        LOPD_24BIT                               58    12.059     49.207     61.267 
          LOPD_16bit_UNIT_MSB                    34     6.902     22.266     29.168 
            LOPD_8bit_unit_0                     14     2.689     14.659     17.348 
            LOPD_8bit_unit_1                     14     2.634      7.607     10.242 
          LOPD_8bit_UNIT_LSB                     14     2.708     26.075     28.783 
        EXP_ADJUST                               37    10.529     61.197     71.726 
          CLA_8BIT_UNIT                          30     9.756     61.197     70.953 
            CLA_4BIT_UNIT_0                      18     5.138     28.780     33.918 
            CLA_4BIT_UNIT_1                      11     4.300     32.417     36.717 
        EXP_SUB                                  25     6.571    126.978    133.550 
          CLA_8BIT_UNIT                          20     6.177    117.511    123.688 
            CLA_4BIT_UNIT_0                      17     5.210    108.942    114.151 
            CLA_4BIT_UNIT_1                       2     0.746      5.324      6.070 
        EXP_COM_8BIT                             24     5.430    120.807    126.237 
          COMP_LESS_UNIT                         24     5.430    120.807    126.237 
            u_high                               13     2.985     33.440     36.425 
            u_low                                10     2.124     16.253     18.378 
        EXP_RND                                  15     4.403     28.895     33.297 
        EXP_SWAP                                 13     3.826     69.227     73.053 
        MAN_ALU_PROC_RND                          7     2.082     40.845     42.927 
        SIGN_UNIT                                 2     0.274      5.310      5.584 
      DATA_A_IM                                1122   313.140   2430.699   2743.839 
        MAN_ALU                                 219    62.025    514.394    576.419 
          ALU_SUB_UNIT                          122    31.481    253.565    285.046 
            CLA_BLOCK_..CLA_4BIT_UNIT            20     5.348     37.809     43.157 
            CLA_BLOCK_..CLA_4BIT_UNIT            18     4.570     27.139     31.709 
            CLA_BLOCK_..CLA_4BIT_UNIT            18     4.424     51.926     56.351 
            CLA_BLOCK_..CLA_4BIT_UNIT            18     4.402     40.713     45.115 
            CLA_BLOCK_..CLA_4BIT_UNIT            18     4.267     16.977     21.245 
            CLA_BLOCK_..CLA_4BIT_UNIT            15     4.234     46.270     50.504 
        NOR_UNIT                                205    53.670    397.051    450.721 
          SHF_left_unit                         142    36.383    279.613    315.996 
        SHF_RIGHT_MAN                           133    33.047    325.056    358.103 
        PSC_UNIT                                 86    23.619    119.527    143.146 
        MAN_COMP_24BIT                           80    21.427    139.109    160.536 
          u_i_data_2                             13     3.657     28.772     32.429 
          u_i_data_3                             13     3.594     18.339     21.934 
          u_i_data_4                             13     3.553     41.687     45.240 
          u_i_data_1                             13     3.394     26.385     29.779 
          u_i_data_5                             12     3.050      7.996     11.046 
          u_i_data_0                             10     2.276      9.959     12.235 
        MAN_SWAP                                 48    17.853    106.173    124.026 
        MAN_SWAP_PRE                             46    15.105    173.116    188.221 
        MAN_RND                                  26    13.563     57.913     71.475 
        LOPD_24BIT                               58    12.575     56.684     69.260 
          LOPD_16bit_UNIT_MSB                    34     7.279     31.835     39.114 
            LOPD_8bit_unit_0                     14     3.014     14.286     17.300 
            LOPD_8bit_unit_1                     14     2.775     17.549     20.324 
          LOPD_8bit_UNIT_LSB                     14     2.847     23.984     26.831 
        EXP_ADJUST                               37    10.663     59.737     70.400 
          CLA_8BIT_UNIT                          30     9.890     59.737     69.627 
            CLA_4BIT_UNIT_0                      18     5.271     27.320     32.592 
            CLA_4BIT_UNIT_1                      11     4.300     32.417     36.717 
        EXP_SUB                                  25     6.571    124.924    131.495 
          CLA_8BIT_UNIT                          20     6.177    115.456    121.633 
            CLA_4BIT_UNIT_0                      17     5.210    106.887    112.097 
            CLA_4BIT_UNIT_1                       2     0.746      5.324      6.070 
        EXP_COM_8BIT                             24     5.430    120.807    126.237 
          COMP_LESS_UNIT                         24     5.430    120.807    126.237 
            u_high                               13     2.985     33.440     36.425 
            u_low                                10     2.124     16.253     18.378 
        EXP_RND                                  15     4.403     28.894     33.296 
        EXP_SWAP                                 13     3.826     69.227     73.053 
        MAN_ALU_PROC_RND                          7     2.082     40.845     42.927 
        SIGN_UNIT                                 1     0.246      1.004      1.250 
    BFU2_UNIT0                                 4488  1249.657  11932.230  13181.887 
      DATA_A_RE                                1122   317.028   2790.836   3107.864 
        MAN_ALU                                 219    64.761    558.068    622.829 
          ALU_SUB_UNIT                          122    34.836    282.485    317.321 
            CLA_BLOCK_..CLA_4BIT_UNIT            20     6.028     24.684     30.712 
            CLA_BLOCK_..CLA_4BIT_UNIT            18     5.204     39.271     44.475 
            CLA_BLOCK_..CLA_4BIT_UNIT            18     4.971     41.467     46.438 
            CLA_BLOCK_..CLA_4BIT_UNIT            18     4.964     41.406     46.370 
            CLA_BLOCK_..CLA_4BIT_UNIT            15     4.595     41.639     46.234 
            CLA_BLOCK_..CLA_4BIT_UNIT            18     4.576     66.184     70.760 
        NOR_UNIT                                205    54.148    496.167    550.314 
          SHF_left_unit                         142    36.417    361.147    397.563 
        SHF_RIGHT_MAN                           133    33.417    476.100    509.517 
        PSC_UNIT                                 86    24.049    157.734    181.783 
        MAN_COMP_24BIT                           80    21.334    153.324    174.658 
          u_i_data_2                             13     3.913     23.634     27.547 
          u_i_data_4                             13     3.775     26.446     30.221 
          u_i_data_3                             13     3.568     31.718     35.286 
          u_i_data_1                             13     3.307     31.642     34.949 
          u_i_data_5                             12     2.987     10.716     13.703 
          u_i_data_0                             10     2.133     25.638     27.771 
        MAN_SWAP                                 48    17.772    175.019    192.792 
        MAN_SWAP_PRE                             46    16.468    157.456    173.924 
        MAN_RND                                  26    13.970     81.254     95.224 
        LOPD_24BIT                               58    12.068     94.886    106.954 
          LOPD_16bit_UNIT_MSB                    34     6.994     69.276     76.270 
            LOPD_8bit_unit_0                     14     2.984     40.407     43.391 
            LOPD_8bit_unit_1                     14     2.565     28.769     31.334 
          LOPD_8bit_UNIT_LSB                     14     2.540     25.177     27.717 
        EXP_ADJUST                               37    10.541     49.527     60.068 
          CLA_8BIT_UNIT                          30     9.768     49.527     59.295 
            CLA_4BIT_UNIT_0                      18     5.253     29.628     34.880 
            CLA_4BIT_UNIT_1                      11     4.245     19.821     24.066 
        EXP_SUB                                  25     6.195    127.151    133.346 
          CLA_8BIT_UNIT                          20     5.800    124.903    130.703 
            CLA_4BIT_UNIT_0                      17     4.887    109.835    114.722 
            CLA_4BIT_UNIT_1                       2     0.693     11.822     12.514 
        EXP_COM_8BIT                             24     5.053     40.930     45.983 
          COMP_LESS_UNIT                         24     5.053     40.930     45.983 
            u_high                               13     3.143     20.724     23.866 
            u_low                                10     1.654     20.097     21.751 
        EXP_RND                                  15     4.262     22.174     26.436 
        EXP_SWAP                                 13     4.035     31.624     35.660 
        MAN_ALU_PROC_RND                          7     2.089     22.998     25.087 
        SIGN_UNIT                                 1     0.374      0.009      0.383 
      DATA_B_RE                                1122   311.844   2673.041   2984.884 
        MAN_ALU                                 215    60.884    538.638    599.521 
          ALU_SUB_UNIT                          120    30.487    271.529    302.015 
            CLA_BLOCK_..CLA_4BIT_UNIT            18     5.158     37.423     42.581 
            CLA_BLOCK_..CLA_4BIT_UNIT            15     4.456     40.486     44.942 
            CLA_BLOCK_..CLA_4BIT_UNIT            18     4.434     29.163     33.597 
            CLA_BLOCK_..CLA_4BIT_UNIT            18     4.298     43.652     47.951 
            CLA_BLOCK_..CLA_4BIT_UNIT            18     4.293     32.516     36.809 
            CLA_BLOCK_..CLA_4BIT_UNIT            18     4.202     54.012     58.215 
        NOR_UNIT                                205    54.505    462.336    516.841 
          SHF_left_unit                         142    36.690    334.698    371.389 
        SHF_RIGHT_MAN                           134    33.479    468.064    501.543 
        PSC_UNIT                                 88    22.299    116.779    139.078 
        MAN_COMP_24BIT                           80    21.268    153.328    174.596 
          u_i_data_2                             13     3.913     23.634     27.547 
          u_i_data_4                             13     3.775     26.446     30.221 
          u_i_data_3                             13     3.568     31.719     35.287 
          u_i_data_1                             13     3.307     31.642     34.949 
          u_i_data_5                             12     2.987     10.719     13.705 
          u_i_data_0                             10     2.068     25.639     27.706 
        MAN_SWAP                                 48    17.578    170.661    188.239 
        MAN_SWAP_PRE                             46    16.517    158.833    175.350 
        MAN_RND                                  26    13.933     75.364     89.297 
        LOPD_24BIT                               58    12.284     88.450    100.734 
          LOPD_16bit_UNIT_MSB                    34     7.068     63.322     70.390 
            LOPD_8bit_unit_0                     14     2.979     42.809     45.789 
            LOPD_8bit_unit_1                     14     2.600     20.445     23.045 
          LOPD_8bit_UNIT_LSB                     14     2.683     24.695     27.378 
        EXP_ADJUST                               37    10.541     49.525     60.066 
          CLA_8BIT_UNIT                          30     9.768     49.525     59.293 
            CLA_4BIT_UNIT_0                      18     5.253     29.625     34.878 
            CLA_4BIT_UNIT_1                      11     4.245     19.821     24.066 
        EXP_SUB                                  25     6.195    127.609    133.804 
          CLA_8BIT_UNIT                          20     5.800    125.361    131.161 
            CLA_4BIT_UNIT_0                      17     4.887    110.748    115.634 
            CLA_4BIT_UNIT_1                       2     0.693     11.368     12.061 
        EXP_COM_8BIT                             24     5.053     40.930     45.983 
          COMP_LESS_UNIT                         24     5.053     40.930     45.983 
            u_high                               13     3.143     20.724     23.866 
            u_low                                10     1.654     20.097     21.751 
        EXP_RND                                  15     4.262     22.174     26.436 
        EXP_SWAP                                 13     4.084     32.543     36.627 
        MAN_ALU_PROC_RND                          7     2.089     22.983     25.072 
        SIGN_UNIT                                 2     0.371      0.009      0.380 
      DATA_B_IM                                1122   310.681   3085.367   3396.047 
        MAN_ALU                                 215    64.107    575.829    639.936 
          ALU_SUB_UNIT                          120    34.014    308.861    342.875 
            CLA_BLOCK_..CLA_4BIT_UNIT            18     6.203     12.725     18.928 
            CLA_BLOCK_..CLA_4BIT_UNIT            18     4.919     54.351     59.270 
            CLA_BLOCK_..CLA_4BIT_UNIT            18     4.813     58.859     63.672 
            CLA_BLOCK_..CLA_4BIT_UNIT            18     4.706     52.337     57.043 
            CLA_BLOCK_..CLA_4BIT_UNIT            18     4.492     56.712     61.204 
            CLA_BLOCK_..CLA_4BIT_UNIT            15     4.383     46.044     50.427 
        NOR_UNIT                                205    53.217    482.180    535.398 
          SHF_left_unit                         142    36.012    350.491    386.503 
        SHF_RIGHT_MAN                           134    33.719    516.902    550.622 
        PSC_UNIT                                 88    22.508    126.383    148.891 
        MAN_COMP_24BIT                           80    20.718    149.856    170.574 
          u_i_data_4                             13     3.690     17.148     20.838 
          u_i_data_3                             13     3.682     48.396     52.078 
          u_i_data_2                             13     3.340     38.313     41.653 
          u_i_data_1                             13     3.201     12.922     16.123 
          u_i_data_5                             12     2.958     24.330     27.287 
          u_i_data_0                             10     2.253      8.671     10.924 
        MAN_SWAP                                 48    17.447    196.547    213.994 
        MAN_SWAP_PRE                             46    14.429    259.261    273.690 
        MAN_RND                                  26    13.616     78.090     91.706 
        LOPD_24BIT                               58    11.828     45.147     56.975 
          LOPD_16bit_UNIT_MSB                    34     6.889     23.616     30.504 
            LOPD_8bit_unit_0                     14     2.790     16.494     19.284 
            LOPD_8bit_unit_1                     14     2.565      7.088      9.653 
          LOPD_8bit_UNIT_LSB                     14     2.407     21.098     23.505 
        EXP_ADJUST                               37    10.612     77.500     88.112 
          CLA_8BIT_UNIT                          30     9.839     77.500     87.339 
            CLA_4BIT_UNIT_0                      18     5.268     45.009     50.277 
            CLA_4BIT_UNIT_1                      11     4.300     32.413     36.713 
        EXP_SUB                                  25     6.250    135.774    142.024 
          CLA_8BIT_UNIT                          20     5.480    130.370    135.850 
            CLA_4BIT_UNIT_0                      17     4.650    130.370    135.021 
            CLA_4BIT_UNIT_1                       2     0.611      0.000      0.611 
        EXP_COM_8BIT                             24     5.479    109.243    114.721 
          COMP_LESS_UNIT                         24     5.479    109.243    114.721 
            u_high                               13     3.121     13.589     16.710 
            u_low                                10     2.130     24.233     26.363 
        EXP_RND                                  15     4.324     33.730     38.053 
        EXP_SWAP                                 13     4.017     69.389     73.405 
        MAN_ALU_PROC_RND                          7     1.966     29.158     31.123 
        SIGN_UNIT                                 2     0.274      5.310      5.584 
      DATA_A_IM                                1122   310.105   3382.986   3693.092 
        MAN_ALU                                 219    61.536    610.853    672.389 
          ALU_SUB_UNIT                          122    32.007    356.454    388.460 
            CLA_BLOCK_..CLA_4BIT_UNIT            20     5.289     57.841     63.130 
            CLA_BLOCK_..CLA_4BIT_UNIT            18     4.817     49.189     54.006 
            CLA_BLOCK_..CLA_4BIT_UNIT            15     4.541     41.349     45.890 
            CLA_BLOCK_..CLA_4BIT_UNIT            18     4.480     44.134     48.614 
            CLA_BLOCK_..CLA_4BIT_UNIT            18     4.446     57.836     62.282 
            CLA_BLOCK_..CLA_4BIT_UNIT            18     4.385     58.729     63.114 
        NOR_UNIT                                205    53.973    613.384    667.357 
          SHF_left_unit                         142    37.259    374.089    411.348 
        SHF_RIGHT_MAN                           133    33.907    519.903    553.810 
        PSC_UNIT                                 86    24.179    149.307    173.485 
        MAN_COMP_24BIT                           80    20.800    149.858    170.659 
          u_i_data_4                             13     3.690     17.148     20.838 
          u_i_data_3                             13     3.682     48.396     52.078 
          u_i_data_2                             13     3.340     38.313     41.653 
          u_i_data_1                             13     3.201     12.922     16.123 
          u_i_data_5                             12     2.958     24.328     27.285 
          u_i_data_0                             10     2.335      8.676     11.011 
        MAN_SWAP                                 48    17.641    197.019    214.660 
        MAN_SWAP_PRE                             46    14.414    259.707    274.121 
        MAN_RND                                  26    13.535     72.678     86.213 
        LOPD_24BIT                               58    11.499     52.728     64.227 
          LOPD_16bit_UNIT_MSB                    34     6.852     37.324     44.176 
            LOPD_8bit_unit_0                     14     2.698     20.228     22.926 
            LOPD_8bit_unit_1                     14     2.655     12.754     15.409 
          LOPD_8bit_UNIT_LSB                     14     2.221      7.565      9.786 
        EXP_ADJUST                               37    10.287    151.294    161.581 
          CLA_8BIT_UNIT                          30     8.691    109.705    118.397 
            CLA_4BIT_UNIT_0                      18     4.669     54.355     59.024 
            CLA_4BIT_UNIT_1                      11     3.798     51.193     54.990 
        EXP_SUB                                  25     6.250    134.865    141.115 
          CLA_8BIT_UNIT                          20     5.480    129.461    134.941 
            CLA_4BIT_UNIT_0                      17     4.650    129.461    134.111 
            CLA_4BIT_UNIT_1                       2     0.611      0.000      0.611 
        EXP_COM_8BIT                             24     5.479    109.243    114.721 
          COMP_LESS_UNIT                         24     5.479    109.243    114.721 
            u_high                               13     3.121     13.589     16.710 
            u_low                                10     2.130     24.233     26.363 
        EXP_RND                                  15     4.296     34.672     38.969 
        EXP_SWAP                                 13     3.985     68.501     72.486 
        MAN_ALU_PROC_RND                          7     1.966     29.157     31.123 
        SIGN_UNIT                                 1     0.246      1.004      1.250 
    BFU2_UNIT2                                 4488  1238.158  10483.298  11721.455 
      DATA_A_RE                                1122   311.719   2210.460   2522.179 
        MAN_ALU                                 219    62.624    481.472    544.096 
          ALU_SUB_UNIT                          122    33.591    233.581    267.172 
            CLA_BLOCK_..CLA_4BIT_UNIT            20     5.549     50.855     56.404 
            CLA_BLOCK_..CLA_4BIT_UNIT            18     5.188     14.064     19.252 
            CLA_BLOCK_..CLA_4BIT_UNIT            15     4.824     24.607     29.431 
            CLA_BLOCK_..CLA_4BIT_UNIT            18     4.673     67.134     71.807 
            CLA_BLOCK_..CLA_4BIT_UNIT            18     4.585     25.820     30.405 
            CLA_BLOCK_..CLA_4BIT_UNIT            18     4.445     34.767     39.212 
        NOR_UNIT                                205    51.985    354.630    406.615 
          SHF_left_unit                         142    35.768    254.053    289.821 
        SHF_RIGHT_MAN                           133    34.920    357.086    392.006 
        PSC_UNIT                                 86    24.205    109.282    133.488 
        MAN_COMP_24BIT                           80    21.227    135.396    156.623 
          u_i_data_4                             13     3.749     23.942     27.691 
          u_i_data_3                             13     3.647     50.461     54.108 
          u_i_data_2                             13     3.630     17.639     21.269 
          u_i_data_1                             13     3.354     22.942     26.296 
          u_i_data_5                             12     2.987     10.716     13.703 
          u_i_data_0                             10     2.254      3.753      6.007 
        MAN_SWAP                                 48    17.476    137.620    155.096 
        MAN_SWAP_PRE                             46    15.774    149.409    165.183 
        MAN_RND                                  26    13.581     60.230     73.811 
        LOPD_24BIT                               58    11.766     33.452     45.218 
          LOPD_16bit_UNIT_MSB                    34     6.523      9.416     15.938 
            LOPD_8bit_unit_0                     14     2.630      1.210      3.840 
            LOPD_8bit_unit_1                     14     2.314      8.206     10.519 
          LOPD_8bit_UNIT_LSB                     14     2.710     23.604     26.314 
        EXP_ADJUST                               37    10.541     49.527     60.068 
          CLA_8BIT_UNIT                          30     9.768     49.527     59.295 
            CLA_4BIT_UNIT_0                      18     5.253     29.628     34.880 
            CLA_4BIT_UNIT_1                      11     4.245     19.821     24.066 
        EXP_SUB                                  25     6.209     48.932     55.142 
          CLA_8BIT_UNIT                          20     5.514     46.684     52.199 
            CLA_4BIT_UNIT_0                      17     4.685     46.684     51.369 
            CLA_4BIT_UNIT_1                       2     0.611      0.000      0.611 
        EXP_COM_8BIT                             24     5.417     24.441     29.857 
          COMP_LESS_UNIT                         24     5.417     24.441     29.857 
            u_high                               13     3.143     20.724     23.866 
            u_low                                10     1.986      3.685      5.671 
        EXP_SWAP                                 13     4.390     31.624     36.014 
        EXP_RND                                  15     4.262     22.174     26.436 
        MAN_ALU_PROC_RND                          7     2.045     28.786     30.831 
        SIGN_UNIT                                 1     0.286      3.684      3.970 
      DATA_B_RE                                1122   310.411   2532.501   2842.912 
        MAN_ALU                                 215    63.164    633.424    696.588 
          ALU_SUB_UNIT                          120    33.223    345.410    378.633 
            CLA_BLOCK_..CLA_4BIT_UNIT            18     5.997     52.124     58.121 
            CLA_BLOCK_..CLA_4BIT_UNIT            18     4.835     28.543     33.379 
            CLA_BLOCK_..CLA_4BIT_UNIT            18     4.591     53.258     57.849 
            CLA_BLOCK_..CLA_4BIT_UNIT            18     4.576     65.730     70.306 
            CLA_BLOCK_..CLA_4BIT_UNIT            15     4.552     46.100     50.653 
            CLA_BLOCK_..CLA_4BIT_UNIT            18     4.416     52.917     57.334 
        NOR_UNIT                                205    52.466    484.915    537.381 
          SHF_left_unit                         142    35.587    353.405    388.992 
        SHF_RIGHT_MAN                           134    34.580    356.276    390.856 
        PSC_UNIT                                 88    22.300    121.250    143.550 
        MAN_COMP_24BIT                           80    21.162    135.394    156.556 
          u_i_data_4                             13     3.749     23.942     27.691 
          u_i_data_3                             13     3.647     50.457     54.104 
          u_i_data_2                             13     3.630     17.638     21.269 
          u_i_data_1                             13     3.354     22.942     26.296 
          u_i_data_5                             12     2.987     10.719     13.705 
          u_i_data_0                             10     2.189      3.754      5.943 
        MAN_SWAP                                 48    17.215    134.872    152.086 
        MAN_SWAP_PRE                             46    15.789    151.253    167.043 
        MAN_RND                                  26    13.693     81.307     95.000 
        LOPD_24BIT                               58    11.716     63.516     75.232 
          LOPD_16bit_UNIT_MSB                    34     6.616     33.661     40.277 
            LOPD_8bit_unit_1                     14     2.572     23.632     26.204 
            LOPD_8bit_unit_0                     14     2.509      9.996     12.505 
          LOPD_8bit_UNIT_LSB                     14     2.651     28.988     31.639 
        EXP_ADJUST                               37    10.541     49.525     60.066 
          CLA_8BIT_UNIT                          30     9.768     49.525     59.293 
            CLA_4BIT_UNIT_0                      18     5.253     29.625     34.878 
            CLA_4BIT_UNIT_1                      11     4.245     19.821     24.066 
        EXP_SUB                                  25     6.209     49.842     56.051 
          CLA_8BIT_UNIT                          20     5.514     47.594     53.108 
            CLA_4BIT_UNIT_0                      17     4.685     47.594     52.278 
            CLA_4BIT_UNIT_1                       2     0.611      0.000      0.611 
        EXP_COM_8BIT                             24     5.417     24.441     29.857 
          COMP_LESS_UNIT                         24     5.417     24.441     29.857 
            u_high                               13     3.143     20.724     23.866 
            u_low                                10     1.986      3.685      5.671 
        EXP_SWAP                                 13     4.438     32.543     36.982 
        EXP_RND                                  15     4.262     22.174     26.436 
        MAN_ALU_PROC_RND                          7     2.045     28.772     30.817 
        SIGN_UNIT                                 2     0.334      3.953      4.288 
      DATA_A_IM                                1122   309.512   2819.606   3129.118 
        MAN_ALU                                 219    62.489    494.566    557.055 
          ALU_SUB_UNIT                          122    33.109    304.595    337.704 
            CLA_BLOCK_..CLA_4BIT_UNIT            20     5.750     52.477     58.227 
            CLA_BLOCK_..CLA_4BIT_UNIT            15     4.865     33.331     38.195 
            CLA_BLOCK_..CLA_4BIT_UNIT            18     4.793     32.750     37.543 
            CLA_BLOCK_..CLA_4BIT_UNIT            18     4.711     54.489     59.200 
            CLA_BLOCK_..CLA_4BIT_UNIT            18     4.468     53.407     57.875 
            CLA_BLOCK_..CLA_4BIT_UNIT            18     4.185     49.655     53.840 
        NOR_UNIT                                205    53.414    352.242    405.656 
          SHF_left_unit                         142    36.142    254.087    290.229 
        SHF_RIGHT_MAN                           133    33.242    526.751    559.992 
        PSC_UNIT                                 86    24.115    153.442    177.557 
        MAN_COMP_24BIT                           80    20.362    192.338    212.700 
          u_i_data_4                             13     3.673     36.457     40.130 
          u_i_data_3                             13     3.620     40.901     44.521 
          u_i_data_2                             13     3.245     45.493     48.738 
          u_i_data_5                             12     3.073     13.103     16.176 
          u_i_data_1                             13     2.871     25.038     27.909 
          u_i_data_0                             10     2.149     22.195     24.344 
        MAN_SWAP                                 48    17.443    152.523    169.966 
        MAN_SWAP_PRE                             46    14.288    248.220    262.508 
        MAN_RND                                  26    13.569     62.910     76.479 
        LOPD_24BIT                               58    12.352     50.737     63.089 
          LOPD_16bit_UNIT_MSB                    34     7.058     29.111     36.170 
            LOPD_8bit_unit_1                     14     2.791      8.250     11.041 
            LOPD_8bit_unit_0                     14     2.733     20.828     23.561 
          LOPD_8bit_UNIT_LSB                     14     2.760     21.193     23.953 
        EXP_ADJUST                               37    10.596     62.119     72.715 
          CLA_8BIT_UNIT                          30     9.823     62.119     71.942 
            CLA_4BIT_UNIT_0                      18     5.253     29.628     34.880 
            CLA_4BIT_UNIT_1                      11     4.300     32.413     36.713 
        EXP_SUB                                  25     6.134    115.031    121.165 
          CLA_8BIT_UNIT                          20     5.513    103.316    108.829 
            CLA_4BIT_UNIT_0                      17     4.683    103.316    107.999 
            CLA_4BIT_UNIT_1                       2     0.611      0.000      0.611 
        EXP_COM_8BIT                             24     5.366    108.526    113.892 
          COMP_LESS_UNIT                         24     5.366    108.526    113.892 
            u_high                               13     3.121     13.589     16.710 
            u_low                                10     2.017     23.516     25.533 
        EXP_RND                                  15     4.272     27.951     32.223 
        EXP_SWAP                                 13     3.755     69.128     72.883 
        MAN_ALU_PROC_RND                          7     2.000     24.127     26.127 
        SIGN_UNIT                                 1     0.201      0.988      1.189 
      DATA_B_IM                                1122   306.516   2920.731   3227.247 
        MAN_ALU                                 215    62.180    510.836    573.016 
          ALU_SUB_UNIT                          120    32.125    295.203    327.328 
            CLA_BLOCK_..CLA_4BIT_UNIT            18     5.569     56.937     62.505 
            CLA_BLOCK_..CLA_4BIT_UNIT            18     5.000     33.941     38.941 
            CLA_BLOCK_..CLA_4BIT_UNIT            18     4.554     48.354     52.908 
            CLA_BLOCK_..CLA_4BIT_UNIT            15     4.369     49.772     54.141 
            CLA_BLOCK_..CLA_4BIT_UNIT            18     4.246     36.883     41.129 
            CLA_BLOCK_..CLA_4BIT_UNIT            18     4.142     33.159     37.300 
        NOR_UNIT                                205    52.680    407.762    460.442 
          SHF_left_unit                         142    35.786    292.886    328.672 
        SHF_RIGHT_MAN                           134    33.175    529.191    562.366 
        PSC_UNIT                                 88    23.151    145.421    168.572 
        MAN_COMP_24BIT                           80    20.280    192.330    212.610 
          u_i_data_4                             13     3.673     36.457     40.131 
          u_i_data_3                             13     3.620     40.902     44.522 
          u_i_data_2                             13     3.245     45.492     48.738 
          u_i_data_5                             12     3.073     13.103     16.176 
          u_i_data_1                             13     2.871     25.038     27.909 
          u_i_data_0                             10     2.067     22.186     24.253 
        MAN_SWAP                                 48    17.249    150.681    167.930 
        MAN_SWAP_PRE                             46    14.320    249.581    263.901 
        MAN_RND                                  26    13.585     72.969     86.554 
        LOPD_24BIT                               58    11.987     47.703     59.690 
          LOPD_16bit_UNIT_MSB                    34     6.549     24.183     30.732 
            LOPD_8bit_unit_0                     14     2.508     13.700     16.207 
            LOPD_8bit_unit_1                     14     2.507     10.450     12.957 
          LOPD_8bit_UNIT_LSB                     14     2.905     23.087     25.992 
        EXP_ADJUST                               37    10.195     62.496     72.691 
          CLA_8BIT_UNIT                          30     9.422     62.496     71.917 
            CLA_4BIT_UNIT_0                      18     4.851     30.004     34.856 
            CLA_4BIT_UNIT_1                      11     4.300     32.413     36.713 
        EXP_SUB                                  25     6.134    115.031    121.165 
          CLA_8BIT_UNIT                          20     5.513    103.316    108.829 
            CLA_4BIT_UNIT_0                      17     4.683    103.316    107.999 
            CLA_4BIT_UNIT_1                       2     0.611      0.000      0.611 
        EXP_COM_8BIT                             24     5.366    108.526    113.892 
          COMP_LESS_UNIT                         24     5.366    108.526    113.892 
            u_high                               13     3.121     13.589     16.710 
            u_low                                10     2.017     23.516     25.533 
        EXP_RND                                  15     4.272     27.951     32.223 
        EXP_SWAP                                 13     3.803     70.026     73.830 
        MAN_ALU_PROC_RND                          7     2.000     24.113     26.112 
        SIGN_UNIT                                 2     0.264      4.102      4.365 
    BFU2_UNIT1                                 4486  1236.191   9586.493  10822.684 
      DATA_B_RE                                1121   311.929   2262.766   2574.695 
        MAN_ALU                                 215    64.286    473.758    538.044 
          ALU_SUB_UNIT                          120    33.062    256.284    289.346 
            CLA_BLOCK_..CLA_4BIT_UNIT            18     5.844     45.465     51.309 
            CLA_BLOCK_..CLA_4BIT_UNIT            18     4.687     44.574     49.262 
            CLA_BLOCK_..CLA_4BIT_UNIT            18     4.622     17.542     22.163 
            CLA_BLOCK_..CLA_4BIT_UNIT            18     4.579     61.216     65.794 
            CLA_BLOCK_..CLA_4BIT_UNIT            15     4.467     46.043     50.510 
            CLA_BLOCK_..CLA_4BIT_UNIT            18     4.463     13.452     17.915 
        NOR_UNIT                                205    53.134    257.566    310.700 
          SHF_left_unit                         142    35.943    183.114    219.057 
        SHF_RIGHT_MAN                           134    34.185    391.042    425.227 
        PSC_UNIT                                 87    22.574     87.526    110.100 
        MAN_COMP_24BIT                           80    21.169    116.743    137.912 
          u_i_data_4                             13     3.751     15.198     18.949 
          u_i_data_3                             13     3.576     12.746     16.322 
          u_i_data_2                             13     3.561     28.164     31.725 
          u_i_data_1                             13     3.240     38.145     41.385 
          u_i_data_5                             12     2.925      5.107      8.032 
          u_i_data_0                             10     2.138     14.343     16.481 
        MAN_SWAP                                 48    17.518    126.384    143.901 
        MAN_SWAP_PRE                             46    13.853    221.448    235.301 
        MAN_RND                                  26    13.517     47.440     60.957 
        LOPD_24BIT                               58    12.200     50.585     62.785 
          LOPD_16bit_UNIT_MSB                    34     7.126     37.134     44.260 
            LOPD_8bit_unit_0                     14     2.962      8.677     11.639 
            LOPD_8bit_unit_1                     14     2.630     28.424     31.053 
          LOPD_8bit_UNIT_LSB                     14     2.457     13.451     15.908 
        EXP_ADJUST                               37    10.424     50.305     60.729 
          CLA_8BIT_UNIT                          30     9.651     50.305     59.956 
            CLA_4BIT_UNIT_0                      18     5.087     30.480     35.568 
            CLA_4BIT_UNIT_1                      11     4.245     19.825     24.070 
        EXP_SUB                                  25     6.501    106.023    112.525 
          CLA_8BIT_UNIT                          20     5.881     99.031    104.912 
            CLA_4BIT_UNIT_0                      17     4.961     81.580     86.541 
            CLA_4BIT_UNIT_1                       2     0.698     17.451     18.149 
        EXP_COM_8BIT                             24     6.002    124.743    130.746 
          COMP_LESS_UNIT                         24     6.002    124.743    130.746 
            u_high                               13     3.368     37.504     40.872 
            u_low                                10     2.316     16.081     18.396 
        EXP_RND                                  15     4.495     23.117     27.612 
        EXP_SWAP                                 13     4.094     58.114     62.208 
        MAN_ALU_PROC_RND                          7     2.000     24.113     26.113 
        SIGN_UNIT                                 2     0.328      3.735      4.063 
      DATA_B_IM                                1121   310.695   2469.850   2780.545 
        MAN_ALU                                 215    64.013    404.886    468.900 
          ALU_SUB_UNIT                          120    34.372    245.680    280.053 
            CLA_BLOCK_..CLA_4BIT_UNIT            18     5.780     33.272     39.052 
            CLA_BLOCK_..CLA_4BIT_UNIT            18     5.167     14.492     19.659 
            CLA_BLOCK_..CLA_4BIT_UNIT            18     5.086     44.667     49.753 
            CLA_BLOCK_..CLA_4BIT_UNIT            15     4.859     51.796     56.655 
            CLA_BLOCK_..CLA_4BIT_UNIT            18     4.644     52.247     56.891 
            CLA_BLOCK_..CLA_4BIT_UNIT            18     4.439     36.262     40.701 
        NOR_UNIT                                205    52.151    449.864    502.015 
          SHF_left_unit                         142    35.778    322.938    358.716 
        SHF_RIGHT_MAN                           134    32.131    241.653    273.784 
        PSC_UNIT                                 87    24.209    161.804    186.013 
        MAN_COMP_24BIT                           80    21.794    117.231    139.025 
          u_i_data_3                             13     3.866     18.610     22.476 
          u_i_data_4                             13     3.751     37.999     41.750 
          u_i_data_2                             13     3.546     23.752     27.298 
          u_i_data_1                             13     3.522     16.585     20.107 
          u_i_data_5                             12     2.966      5.611      8.577 
          u_i_data_0                             10     2.286     14.619     16.905 
        MAN_SWAP                                 48    17.349    102.746    120.094 
        MAN_SWAP_PRE                             46    14.744    202.637    217.381 
        MAN_RND                                  26    13.609     76.314     89.924 
        LOPD_24BIT                               58    11.802     84.141     95.942 
          LOPD_16bit_UNIT_MSB                    34     6.758     54.231     60.989 
            LOPD_8bit_unit_0                     14     2.685     27.228     29.913 
            LOPD_8bit_unit_1                     14     2.583     26.937     29.520 
          LOPD_8bit_UNIT_LSB                     14     2.511     29.476     31.987 
        EXP_ADJUST                               37    10.323     78.507     88.830 
          CLA_8BIT_UNIT                          30     9.550     78.507     88.057 
            CLA_4BIT_UNIT_0                      18     4.980     46.011     50.991 
            CLA_4BIT_UNIT_1                      11     4.300     32.417     36.717 
        EXP_SUB                                  25     6.491     84.524     91.014 
          CLA_8BIT_UNIT                          20     6.096     75.056     81.152 
            CLA_4BIT_UNIT_0                      17     5.129     66.487     71.616 
            CLA_4BIT_UNIT_1                       2     0.746      5.324      6.070 
        EXP_COM_8BIT                             24     5.396    119.858    125.254 
          COMP_LESS_UNIT                         24     5.396    119.858    125.254 
            u_high                               13     2.985     33.440     36.425 
            u_low                                10     2.091     15.305     17.395 
        EXP_RND                                  15     4.324     33.730     38.054 
        EXP_SWAP                                 13     3.755     76.179     79.934 
        MAN_ALU_PROC_RND                          7     2.112     21.457     23.569 
        SIGN_UNIT                                 2     0.283      0.984      1.268 
      DATA_A_RE                                1122   308.251   2504.684   2812.936 
        MAN_ALU                                 219    61.973    558.492    620.466 
          ALU_SUB_UNIT                          122    31.493    293.577    325.069 
            CLA_BLOCK_..CLA_4BIT_UNIT            20     5.263     62.054     67.317 
            CLA_BLOCK_..CLA_4BIT_UNIT            15     4.609     44.315     48.924 
            CLA_BLOCK_..CLA_4BIT_UNIT            18     4.590     56.566     61.156 
            CLA_BLOCK_..CLA_4BIT_UNIT            18     4.359     52.905     57.264 
            CLA_BLOCK_..CLA_4BIT_UNIT            18     4.294     14.701     18.995 
            CLA_BLOCK_..CLA_4BIT_UNIT            18     4.273     35.140     39.413 
        NOR_UNIT                                205    53.319    357.830    411.149 
          SHF_left_unit                         142    35.975    257.960    293.934 
        SHF_RIGHT_MAN                           133    33.723    384.193    417.916 
        PSC_UNIT                                 86    21.474    101.621    123.094 
        MAN_COMP_24BIT                           80    21.169    116.747    137.917 
          u_i_data_4                             13     3.751     15.198     18.949 
          u_i_data_3                             13     3.576     12.746     16.322 
          u_i_data_2                             13     3.561     28.164     31.725 
          u_i_data_1                             13     3.240     38.145     41.385 
          u_i_data_5                             12     2.925      5.107      8.032 
          u_i_data_0                             10     2.138     14.347     16.485 
        MAN_SWAP                                 48    17.711    129.609    147.321 
        MAN_SWAP_PRE                             46    13.576    218.669    232.245 
        MAN_RND                                  26    13.567     62.815     76.382 
        LOPD_24BIT                               58    12.097     74.211     86.308 
          LOPD_16bit_UNIT_MSB                    34     6.951     49.328     56.279 
            LOPD_8bit_unit_0                     14     2.787     20.872     23.658 
            LOPD_8bit_unit_1                     14     2.630     28.424     31.053 
          LOPD_8bit_UNIT_LSB                     14     2.613     24.450     27.063 
        EXP_ADJUST                               37    10.684     48.795     59.479 
          CLA_8BIT_UNIT                          30     9.911     48.795     58.706 
            CLA_4BIT_UNIT_0                      18     5.347     28.970     34.317 
            CLA_4BIT_UNIT_1                      11     4.245     19.825     24.070 
        EXP_SUB                                  25     6.501    103.515    110.016 
          CLA_8BIT_UNIT                          20     5.881     96.523    102.404 
            CLA_4BIT_UNIT_0                      17     4.961     78.618     83.579 
            CLA_4BIT_UNIT_1                       2     0.698     17.905     18.603 
        EXP_COM_8BIT                             24     6.002    124.743    130.746 
          COMP_LESS_UNIT                         24     6.002    124.743    130.746 
            u_high                               13     3.368     37.504     40.872 
            u_low                                10     2.316     16.081     18.396 
        EXP_RND                                  15     4.495     23.116     27.612 
        EXP_SWAP                                 13     4.094     58.114     62.208 
        MAN_ALU_PROC_RND                          7     2.000     24.127     26.127 
        SIGN_UNIT                                 1     0.246      0.997      1.243 
      DATA_A_IM                                1122   305.316   2349.192   2654.508 
        MAN_ALU                                 219    60.472    353.897    414.370 
          ALU_SUB_UNIT                          122    30.214    201.278    231.492 
            CLA_BLOCK_..CLA_4BIT_UNIT            20     5.619     41.121     46.740 
            CLA_BLOCK_..CLA_4BIT_UNIT            18     4.175     25.945     30.120 
            CLA_BLOCK_..CLA_4BIT_UNIT            15     4.170     56.914     61.085 
            CLA_BLOCK_..CLA_4BIT_UNIT            18     4.168     24.482     28.650 
            CLA_BLOCK_..CLA_4BIT_UNIT            18     4.129     23.578     27.707 
            CLA_BLOCK_..CLA_4BIT_UNIT            18     4.021     13.281     17.302 
        NOR_UNIT                                205    51.915    439.595    491.510 
          SHF_left_unit                         142    35.818    315.290    351.108 
        SHF_RIGHT_MAN                           133    31.108    238.874    269.982 
        PSC_UNIT                                 86    23.654    144.713    168.367 
        MAN_COMP_24BIT                           80    21.794    117.231    139.025 
          u_i_data_3                             13     3.866     18.609     22.475 
          u_i_data_4                             13     3.751     38.003     41.754 
          u_i_data_2                             13     3.546     23.752     27.298 
          u_i_data_1                             13     3.522     16.585     20.107 
          u_i_data_5                             12     2.966      5.609      8.575 
          u_i_data_0                             10     2.286     14.618     16.904 
        MAN_SWAP                                 48    17.509    104.121    121.631 
        MAN_SWAP_PRE                             46    14.417    195.072    209.489 
        MAN_RND                                  26    13.416     77.704     91.120 
        LOPD_24BIT                               58    11.987     51.374     63.361 
          LOPD_16bit_UNIT_MSB                    34     6.892     37.939     44.831 
            LOPD_8bit_unit_1                     14     2.752     18.850     21.601 
            LOPD_8bit_unit_0                     14     2.561     19.089     21.650 
          LOPD_8bit_UNIT_LSB                     14     2.478     13.435     15.913 
        EXP_ADJUST                               37    10.456     77.854     88.310 
          CLA_8BIT_UNIT                          30     9.683     77.854     87.537 
            CLA_4BIT_UNIT_0                      18     5.113     45.358     50.471 
            CLA_4BIT_UNIT_1                      11     4.300     32.417     36.717 
        EXP_SUB                                  25     6.491     83.843     90.333 
          CLA_8BIT_UNIT                          20     6.096     74.376     80.472 
            CLA_4BIT_UNIT_0                      17     5.129     65.806     70.935 
            CLA_4BIT_UNIT_1                       2     0.746      5.324      6.070 
        EXP_COM_8BIT                             24     5.396    119.858    125.254 
          COMP_LESS_UNIT                         24     5.396    119.858    125.254 
            u_high                               13     2.985     33.440     36.425 
            u_low                                10     2.091     15.305     17.395 
        EXP_RND                                  15     4.324     33.730     38.053 
        EXP_SWAP                                 13     3.755     76.179     79.934 
        MAN_ALU_PROC_RND                          7     2.112     21.457     23.569 
        SIGN_UNIT                                 1     0.290      4.744      5.034 
  BFU4_17                                      8977  2594.343  21558.475  24152.819 
    BFU2_UNIT0                                 4488  1298.272  10502.380  11800.651 
      DATA_A_RE                                1122   327.752   2387.766   2715.518 
        MAN_ALU                                 219    69.624    418.567    488.190 
          ALU_SUB_UNIT                          122    36.835    187.525    224.360 
            CLA_BLOCK_..CLA_4BIT_UNIT            20     5.950     54.310     60.259 
            CLA_BLOCK_..CLA_4BIT_UNIT            18     5.539     11.109     16.648 
            CLA_BLOCK_..CLA_4BIT_UNIT            18     5.286     12.384     17.670 
            CLA_BLOCK_..CLA_4BIT_UNIT            15     5.231     11.115     16.345 
            CLA_BLOCK_..CLA_4BIT_UNIT            18     5.130     40.163     45.293 
            CLA_BLOCK_..CLA_4BIT_UNIT            18     4.952     56.763     61.715 
        NOR_UNIT                                205    56.027    474.250    530.278 
          SHF_left_unit                         142    37.446    350.305    387.751 
        SHF_RIGHT_MAN                           133    32.028    418.414    450.442 
        PSC_UNIT                                 86    25.388    167.484    192.872 
        MAN_COMP_24BIT                           80    21.877    176.072    197.949 
          u_i_data_4                             13     3.883     27.954     31.837 
          u_i_data_2                             13     3.779     38.725     42.503 
          u_i_data_3                             13     3.712     15.021     18.733 
          u_i_data_1                             13     3.683     45.489     49.172 
          u_i_data_5                             12     2.833     11.814     14.648 
          u_i_data_0                             10     2.452     21.829     24.281 
        MAN_SWAP                                 48    19.160     89.890    109.050 
        MAN_SWAP_PRE                             46    14.697     63.612     78.308 
        MAN_RND                                  26    13.856     76.430     90.287 
        LOPD_24BIT                               58    12.938     89.184    102.123 
          LOPD_16bit_UNIT_MSB                    34     7.797     55.749     63.546 
            LOPD_8bit_unit_1                     14     3.185     17.879     21.064 
            LOPD_8bit_unit_0                     14     3.122     37.803     40.925 
          LOPD_8bit_UNIT_LSB                     14     2.608     33.434     36.042 
        EXP_ADJUST                               37    10.455     39.803     50.258 
          CLA_8BIT_UNIT                          30     9.682     39.803     49.484 
            CLA_4BIT_UNIT_0                      18     5.324     27.211     32.535 
            CLA_4BIT_UNIT_1                      11     4.039     12.592     16.631 
        EXP_SUB                                  25     6.592    110.881    117.472 
          CLA_8BIT_UNIT                          20     6.046    101.641    107.687 
            CLA_4BIT_UNIT_0                      17     5.122     93.840     98.962 
            CLA_4BIT_UNIT_1                       2     0.703      4.555      5.259 
        EXP_COM_8BIT                             24     5.531     68.120     73.651 
          COMP_LESS_UNIT                         24     5.531     68.120     73.651 
            u_high                               13     3.203     46.872     50.075 
            u_low                                10     2.046     21.137     23.183 
        EXP_RND                                  15     4.402     17.335     21.737 
        EXP_SWAP                                 13     3.346     33.717     37.063 
        MAN_ALU_PROC_RND                          7     2.055     14.821     16.876 
        SIGN_UNIT                                 1     0.249      4.139      4.388 
      DATA_A_IM                                1122   326.504   2987.720   3314.223 
        MAN_ALU                                 219    65.529    699.202    764.731 
          ALU_SUB_UNIT                          122    34.603    368.162    402.764 
            CLA_BLOCK_..CLA_4BIT_UNIT            20     6.131     56.945     63.076 
            CLA_BLOCK_..CLA_4BIT_UNIT            18     5.045     58.763     63.808 
            CLA_BLOCK_..CLA_4BIT_UNIT            18     4.995     48.781     53.776 
            CLA_BLOCK_..CLA_4BIT_UNIT            18     4.965     59.195     64.161 
            CLA_BLOCK_..CLA_4BIT_UNIT            15     4.799     60.133     64.932 
            CLA_BLOCK_..CLA_4BIT_UNIT            18     4.388     57.267     61.656 
        NOR_UNIT                                205    57.590    665.944    723.534 
          SHF_left_unit                         142    38.774    464.081    502.855 
        SHF_RIGHT_MAN                           133    31.954    150.796    182.750 
        PSC_UNIT                                 86    26.880    200.085    226.965 
        MAN_COMP_24BIT                           80    21.884    174.805    196.689 
          u_i_data_2                             13     3.751     37.549     41.300 
          u_i_data_4                             13     3.751     38.007     41.758 
          u_i_data_1                             13     3.584     36.799     40.383 
          u_i_data_3                             13     3.509     26.126     29.635 
          u_i_data_5                             12     2.940     13.609     16.549 
          u_i_data_0                             10     2.462     21.143     23.605 
        MAN_SWAP                                 48    18.103    163.591    181.694 
        MAN_RND                                  26    13.887     76.908     90.795 
        MAN_SWAP_PRE                             46    13.858    146.133    159.991 
        LOPD_24BIT                               58    12.404    124.627    137.031 
          LOPD_16bit_UNIT_MSB                    34     7.421     76.117     83.538 
            LOPD_8bit_unit_1                     14     3.185     21.475     24.661 
            LOPD_8bit_unit_0                     14     2.884     41.258     44.143 
          LOPD_8bit_UNIT_LSB                     14     2.608     33.434     36.042 
        EXP_ADJUST                               37    10.952     75.819     86.771 
          CLA_8BIT_UNIT                          30     9.886     69.623     79.509 
            CLA_4BIT_UNIT_0                      18     5.146     45.676     50.821 
            CLA_4BIT_UNIT_1                      11     4.422     23.947     28.370 
        EXP_COM_8BIT                             24     6.449     39.260     45.709 
          COMP_LESS_UNIT                         24     6.449     39.260     45.709 
            u_high                               13     3.606     16.349     19.955 
            u_low                                10     2.490     22.833     25.323 
        EXP_SUB                                  25     6.074     61.377     67.451 
          CLA_8BIT_UNIT                          20     5.229     58.221     63.450 
            CLA_4BIT_UNIT_0                      17     4.531     58.200     62.732 
            CLA_4BIT_UNIT_1                       2     0.525      0.000      0.525 
        EXP_RND                                  15     4.557     23.114     27.671 
        EXP_SWAP                                 13     3.917     39.122     43.040 
        MAN_ALU_PROC_RND                          7     2.002      0.000      2.002 
        SIGN_UNIT                                 1     0.249      4.139      4.388 
      DATA_B_RE                                1122   326.170   2145.543   2471.714 
        MAN_ALU                                 215    66.178    438.443    504.621 
          ALU_SUB_UNIT                          120    32.740    280.888    313.629 
            CLA_BLOCK_..CLA_4BIT_UNIT            18     5.655     57.269     62.924 
            CLA_BLOCK_..CLA_4BIT_UNIT            18     4.823     56.796     61.619 
            CLA_BLOCK_..CLA_4BIT_UNIT            18     4.714     63.470     68.184 
            CLA_BLOCK_..CLA_4BIT_UNIT            18     4.703     40.135     44.838 
            CLA_BLOCK_..CLA_4BIT_UNIT            15     4.625     15.851     20.476 
            CLA_BLOCK_..CLA_4BIT_UNIT            18     4.348     12.384     16.732 
        NOR_UNIT                                205    58.113    254.562    312.675 
          SHF_left_unit                         142    40.355    212.493    252.849 
        SHF_RIGHT_MAN                           134    31.998    422.909    454.908 
        PSC_UNIT                                 88    26.013    144.099    170.112 
        MAN_COMP_24BIT                           80    21.795    176.071    197.866 
          u_i_data_4                             13     3.883     27.955     31.837 
          u_i_data_2                             13     3.779     38.724     42.503 
          u_i_data_3                             13     3.712     15.021     18.733 
          u_i_data_1                             13     3.683     45.489     49.172 
          u_i_data_5                             12     2.833     11.814     14.648 
          u_i_data_0                             10     2.370     21.829     24.199 
        MAN_SWAP                                 48    19.000     87.588    106.588 
        MAN_SWAP_PRE                             46    14.645     63.580     78.225 
        MAN_RND                                  26    13.940     26.581     40.521 
        LOPD_24BIT                               58    12.638     54.920     67.557 
          LOPD_16bit_UNIT_MSB                    34     6.940     39.243     46.183 
            LOPD_8bit_unit_0                     14     2.873     15.183     18.056 
            LOPD_8bit_unit_1                     14     2.469     15.509     17.979 
          LOPD_8bit_UNIT_LSB                     14     3.628      0.000      3.628 
        EXP_ADJUST                               37    10.756     90.311    101.067 
          CLA_8BIT_UNIT                          30     8.429     83.047     91.476 
            CLA_4BIT_UNIT_0                      18     4.930     58.571     63.501 
            CLA_4BIT_UNIT_1                      11     3.272     20.608     23.880 
        EXP_SUB                                  25     6.592    111.793    118.385 
          CLA_8BIT_UNIT                          20     6.046    102.553    108.600 
            CLA_4BIT_UNIT_0                      17     5.122     94.752     99.875 
            CLA_4BIT_UNIT_1                       2     0.703      4.555      5.259 
        EXP_COM_8BIT                             24     5.531     68.120     73.651 
          COMP_LESS_UNIT                         24     5.531     68.120     73.651 
            u_high                               13     3.203     46.872     50.075 
            u_low                                10     2.046     21.137     23.183 
        EXP_RND                                  15     4.220     22.171     26.391 
        EXP_SWAP                                 13     3.361     33.717     37.078 
        MAN_ALU_PROC_RND                          7     2.055     14.798     16.854 
        SIGN_UNIT                                 2     0.297      4.409      4.706 
      DATA_B_IM                                1122   317.846   2981.351   3299.197 
        MAN_ALU                                 215    61.999    758.777    820.776 
          ALU_SUB_UNIT                          120    29.583    375.298    404.882 
            CLA_BLOCK_..CLA_4BIT_UNIT            18     5.089     86.080     91.169 
            CLA_BLOCK_..CLA_4BIT_UNIT            18     4.321     36.564     40.885 
            CLA_BLOCK_..CLA_4BIT_UNIT            18     4.255     39.752     44.007 
            CLA_BLOCK_..CLA_4BIT_UNIT            18     4.252     58.012     62.264 
            CLA_BLOCK_..CLA_4BIT_UNIT            18     4.206     60.639     64.845 
            CLA_BLOCK_..CLA_4BIT_UNIT            15     4.036     62.060     66.097 
        NOR_UNIT                                205    54.164    616.624    670.787 
          SHF_left_unit                         142    36.545    451.066    487.611 
        SHF_RIGHT_MAN                           134    32.192    148.482    180.675 
        PSC_UNIT                                 88    25.701    189.566    215.267 
        MAN_COMP_24BIT                           80    21.835    173.845    195.680 
          u_i_data_2                             13     3.751     37.549     41.300 
          u_i_data_4                             13     3.751     38.003     41.754 
          u_i_data_1                             13     3.584     36.799     40.383 
          u_i_data_3                             13     3.509     26.127     29.636 
          u_i_data_5                             12     2.940     13.612     16.552 
          u_i_data_0                             10     2.413     20.184     22.597 
        MAN_SWAP                                 48    18.009    161.762    179.771 
        MAN_SWAP_PRE                             46    14.040    150.752    164.793 
        MAN_RND                                  26    13.894    105.273    119.167 
        LOPD_24BIT                               58    11.957     90.012    101.969 
          LOPD_16bit_UNIT_MSB                    34     6.816     56.577     63.393 
            LOPD_8bit_unit_0                     14     2.863     36.546     39.409 
            LOPD_8bit_unit_1                     14     2.504     19.992     22.496 
          LOPD_8bit_UNIT_LSB                     14     2.608     33.434     36.042 
        EXP_ADJUST                               37    10.809     65.130     75.939 
          CLA_8BIT_UNIT                          30    10.036     65.130     75.166 
            CLA_4BIT_UNIT_0                      18     5.296     41.183     46.478 
            CLA_4BIT_UNIT_1                      11     4.422     23.947     28.370 
        EXP_COM_8BIT                             24     6.449     39.260     45.709 
          COMP_LESS_UNIT                         24     6.449     39.260     45.709 
            u_high                               13     3.606     16.349     19.955 
            u_low                                10     2.490     22.833     25.323 
        EXP_SUB                                  25     6.074     62.286     68.360 
          CLA_8BIT_UNIT                          20     5.229     59.131     64.360 
            CLA_4BIT_UNIT_0                      17     4.531     59.110     63.641 
            CLA_4BIT_UNIT_1                       2     0.525      0.000      0.525 
        EXP_RND                                  15     4.478     27.949     32.428 
        EXP_SWAP                                 13     3.966     40.043     44.008 
        MAN_ALU_PROC_RND                          7     2.002      0.000      2.002 
        SIGN_UNIT                                 2     0.297      4.409      4.706 
    BFU2_UNIT1                                 4488  1295.962  11048.401  12344.364 
      DATA_A_IM                                1122   331.594   2487.704   2819.298 
        MAN_ALU                                 219    70.064    283.047    353.112 
          ALU_SUB_UNIT                          122    37.301    117.031    154.332 
            CLA_BLOCK_..CLA_4BIT_UNIT            20     6.646      0.000      6.646 
            CLA_BLOCK_..CLA_4BIT_UNIT            18     5.629      0.000      5.629 
            CLA_BLOCK_..CLA_4BIT_UNIT            18     5.465      0.000      5.465 
            CLA_BLOCK_..CLA_4BIT_UNIT            18     5.240     14.913     20.153 
            CLA_BLOCK_..CLA_4BIT_UNIT            18     4.837     45.859     50.696 
            CLA_BLOCK_..CLA_4BIT_UNIT            15     4.828     52.219     57.047 
        NOR_UNIT                                205    60.474    205.489    265.963 
          SHF_left_unit                         142    40.797    141.031    181.828 
        SHF_RIGHT_MAN                           133    31.268    627.842    659.110 
        PSC_UNIT                                 86    25.832    294.245    320.077 
        MAN_COMP_24BIT                           80    22.063    151.740    173.803 
          u_i_data_1                             13     3.823     17.681     21.504 
          u_i_data_4                             13     3.817      0.000      3.817 
          u_i_data_2                             13     3.755     46.285     50.041 
          u_i_data_3                             13     3.755     46.576     50.331 
          u_i_data_5                             12     2.931      7.996     10.927 
          u_i_data_0                             10     2.452     21.829     24.281 
        MAN_SWAP                                 48    18.982    105.497    124.478 
        MAN_SWAP_PRE                             46    15.796    190.261    206.057 
        MAN_RND                                  26    13.794     42.123     55.917 
        LOPD_24BIT                               58    13.455     39.337     52.792 
          LOPD_16bit_UNIT_MSB                    34     7.576     22.382     29.958 
            LOPD_8bit_unit_0                     14     3.508      0.000      3.508 
            LOPD_8bit_unit_1                     14     2.748     22.382     25.129 
          LOPD_8bit_UNIT_LSB                     14     3.429     16.521     19.950 
        EXP_ADJUST                               37    10.195     58.031     68.227 
          CLA_8BIT_UNIT                          30     9.422     58.031     67.453 
            CLA_4BIT_UNIT_0                      18     5.113     45.361     50.474 
            CLA_4BIT_UNIT_1                      11     4.039     12.592     16.631 
        EXP_SUB                                  25     6.267    102.948    109.215 
          CLA_8BIT_UNIT                          20     5.722     94.389    100.110 
            CLA_4BIT_UNIT_0                      17     4.848     77.253     82.101 
            CLA_4BIT_UNIT_1                       2     0.655     17.136     17.791 
        EXP_COM_8BIT                             24     5.139    136.664    141.804 
          COMP_LESS_UNIT                         24     5.139    136.664    141.804 
            u_high                               13     2.955     41.825     44.780 
            u_low                                10     1.902     23.472     25.374 
        EXP_RND                                  15     4.220     22.171     26.391 
        EXP_SWAP                                 13     3.622     59.629     63.251 
        MAN_ALU_PROC_RND                          7     2.000     24.127     26.127 
        SIGN_UNIT                                 1     0.246      0.997      1.242 
      DATA_A_RE                                1122   328.383   2557.015   2885.398 
        MAN_ALU                                 219    65.978    522.703    588.681 
          ALU_SUB_UNIT                          122    34.662    362.292    396.954 
            CLA_BLOCK_..CLA_4BIT_UNIT            20     5.872     55.517     61.389 
            CLA_BLOCK_..CLA_4BIT_UNIT            18     5.182     42.786     47.967 
            CLA_BLOCK_..CLA_4BIT_UNIT            15     5.039     55.129     60.167 
            CLA_BLOCK_..CLA_4BIT_UNIT            18     4.950     46.840     51.789 
            CLA_BLOCK_..CLA_4BIT_UNIT            18     4.809     61.697     66.506 
            CLA_BLOCK_..CLA_4BIT_UNIT            18     4.729     65.903     70.631 
        NOR_UNIT                                205    58.379    338.317    396.696 
          SHF_left_unit                         142    39.335    238.342    277.677 
        SHF_RIGHT_MAN                           133    34.411    161.654    196.065 
        PSC_UNIT                                 86    25.051    202.430    227.481 
        MAN_COMP_24BIT                           80    22.043    175.655    197.698 
          u_i_data_3                             13     3.771     26.227     29.998 
          u_i_data_2                             13     3.751     37.549     41.300 
          u_i_data_4                             13     3.751     38.007     41.758 
          u_i_data_1                             13     3.584     36.799     40.383 
          u_i_data_5                             12     3.010     18.712     21.722 
          u_i_data_0                             10     2.290     16.789     19.079 
        MAN_SWAP                                 48    18.272    162.402    180.674 
        MAN_SWAP_PRE                             46    15.494    221.466    236.960 
        MAN_RND                                  26    14.004     63.317     77.321 
        LOPD_24BIT                               58    13.163     73.082     86.245 
          LOPD_16bit_UNIT_MSB                    34     7.340     40.162     47.502 
            LOPD_8bit_unit_0                     14     3.237     16.525     19.762 
            LOPD_8bit_unit_1                     14     2.653     23.599     26.252 
          LOPD_8bit_UNIT_LSB                     14     3.457     32.052     35.510 
        EXP_ADJUST                               37    10.548     92.699    103.247 
          CLA_8BIT_UNIT                          30     9.775     92.699    102.474 
            CLA_4BIT_UNIT_0                      18     5.205     60.208     65.412 
            CLA_4BIT_UNIT_1                      11     4.300     32.413     36.713 
        EXP_SUB                                  25     6.418    128.462    134.880 
          CLA_8BIT_UNIT                          20     5.723    125.306    131.029 
            CLA_4BIT_UNIT_0                      17     4.853    116.734    121.588 
            CLA_4BIT_UNIT_1                       2     0.650      5.326      5.976 
        EXP_COM_8BIT                             24     5.647    122.016    127.663 
          COMP_LESS_UNIT                         24     5.647    122.016    127.663 
            u_high                               13     3.171     36.352     39.523 
            u_low                                10     2.110     14.582     16.692 
        EXP_RND                                  15     4.376     39.508     43.884 
        EXP_SWAP                                 13     4.090     73.142     77.232 
        MAN_ALU_PROC_RND                          7     2.002      0.000      2.002 
        SIGN_UNIT                                 1     0.290      5.161      5.451 
      DATA_B_RE                                1122   320.026   2888.122   3208.148 
        MAN_ALU                                 215    61.980    559.456    621.436 
          ALU_SUB_UNIT                          120    29.166    325.206    354.372 
            CLA_BLOCK_..CLA_4BIT_UNIT            18     4.875     22.325     27.200 
            CLA_BLOCK_..CLA_4BIT_UNIT            18     4.277     50.644     54.921 
            CLA_BLOCK_..CLA_4BIT_UNIT            18     4.252     58.012     62.264 
            CLA_BLOCK_..CLA_4BIT_UNIT            18     4.206     60.639     64.845 
            CLA_BLOCK_..CLA_4BIT_UNIT            18     4.096     39.334     43.430 
            CLA_BLOCK_..CLA_4BIT_UNIT            15     4.036     62.060     66.097 
        NOR_UNIT                                205    55.263    574.981    630.245 
          SHF_left_unit                         142    37.208    418.510    455.718 
        SHF_RIGHT_MAN                           134    34.405    161.518    195.923 
        PSC_UNIT                                 88    25.023    197.639    222.662 
        MAN_COMP_24BIT                           80    21.978    175.644    197.622 
          u_i_data_3                             13     3.771     26.227     29.998 
          u_i_data_2                             13     3.751     37.549     41.300 
          u_i_data_4                             13     3.751     38.003     41.754 
          u_i_data_1                             13     3.584     36.799     40.383 
          u_i_data_5                             12     3.010     18.714     21.724 
          u_i_data_0                             10     2.224     16.780     19.004 
        MAN_SWAP                                 48    18.112    158.961    177.073 
        MAN_SWAP_PRE                             46    15.526    225.024    240.549 
        MAN_RND                                  26    13.958    100.530    114.488 
        LOPD_24BIT                               58    12.186     88.186    100.372 
          LOPD_16bit_UNIT_MSB                    34     6.906     61.633     68.539 
            LOPD_8bit_unit_0                     14     2.804     37.996     40.800 
            LOPD_8bit_unit_1                     14     2.653     23.599     26.252 
          LOPD_8bit_UNIT_LSB                     14     2.747     26.551     29.298 
        EXP_ADJUST                               37    10.548     92.697    103.245 
          CLA_8BIT_UNIT                          30     9.775     92.697    102.472 
            CLA_4BIT_UNIT_0                      18     5.205     60.205     65.410 
            CLA_4BIT_UNIT_1                      11     4.300     32.413     36.713 
        EXP_SUB                                  25     6.418    129.371    135.789 
          CLA_8BIT_UNIT                          20     5.723    126.216    131.939 
            CLA_4BIT_UNIT_0                      17     4.853    117.644    122.497 
            CLA_4BIT_UNIT_1                       2     0.650      5.326      5.976 
        EXP_COM_8BIT                             24     5.647    122.016    127.663 
          COMP_LESS_UNIT                         24     5.647    122.016    127.663 
            u_high                               13     3.171     36.352     39.523 
            u_low                                10     2.110     14.582     16.692 
        EXP_RND                                  15     4.376     39.508     43.884 
        EXP_SWAP                                 13     4.122     74.030     78.152 
        MAN_ALU_PROC_RND                          7     2.002      0.000      2.002 
        SIGN_UNIT                                 2     0.339      2.574      2.913 
      DATA_B_IM                                1122   315.960   3115.560   3431.520 
        MAN_ALU                                 215    65.407    394.805    460.213 
          ALU_SUB_UNIT                          120    33.284    175.328    208.611 
            CLA_BLOCK_..CLA_4BIT_UNIT            18     5.146      0.000      5.146 
            CLA_BLOCK_..CLA_4BIT_UNIT            18     5.064      0.000      5.064 
            CLA_BLOCK_..CLA_4BIT_UNIT            18     4.867     36.886     41.753 
            CLA_BLOCK_..CLA_4BIT_UNIT            15     4.826     53.126     57.952 
            CLA_BLOCK_..CLA_4BIT_UNIT            18     4.825     44.777     49.601 
            CLA_BLOCK_..CLA_4BIT_UNIT            18     4.662     26.851     31.513 
        NOR_UNIT                                205    53.877    569.409    623.285 
          SHF_left_unit                         142    37.703    318.336    356.039 
        SHF_RIGHT_MAN                           134    31.282    626.629    657.911 
        PSC_UNIT                                 88    24.810    268.615    293.426 
        MAN_COMP_24BIT                           80    21.981    151.738    173.719 
          u_i_data_1                             13     3.823     17.681     21.504 
          u_i_data_4                             13     3.817      0.000      3.817 
          u_i_data_2                             13     3.755     46.284     50.040 
          u_i_data_3                             13     3.755     46.576     50.331 
          u_i_data_5                             12     2.931      7.996     10.927 
          u_i_data_0                             10     2.370     21.829     24.199 
        MAN_SWAP                                 48    18.821    103.195    122.016 
        MAN_SWAP_PRE                             46    15.828    188.067    203.895 
        MAN_RND                                  26    13.507     68.131     81.638 
        LOPD_24BIT                               58    10.941     52.353     63.295 
          LOPD_16bit_UNIT_MSB                    34     6.392     28.431     34.823 
            LOPD_8bit_unit_1                     14     2.646     24.156     26.802 
            LOPD_8bit_unit_0                     14     2.158      0.000      2.158 
          LOPD_8bit_UNIT_LSB                     14     2.123     16.084     18.207 
        EXP_ADJUST                               37    10.230    117.837    128.066 
          CLA_8BIT_UNIT                          30     8.634     76.248     84.882 
            CLA_4BIT_UNIT_0                      18     4.862     39.005     43.867 
            CLA_4BIT_UNIT_1                      11     3.547     33.085     36.632 
        EXP_SUB                                  25     6.267    102.495    108.761 
          CLA_8BIT_UNIT                          20     5.722     93.935     99.657 
            CLA_4BIT_UNIT_0                      17     4.848     77.253     82.101 
            CLA_4BIT_UNIT_1                       2     0.655     16.683     17.337 
        EXP_COM_8BIT                             24     5.139    136.664    141.804 
          COMP_LESS_UNIT                         24     5.139    136.664    141.804 
            u_high                               13     2.955     41.825     44.780 
            u_low                                10     1.902     23.472     25.374 
        EXP_RND                                  15     4.141     17.335     21.476 
        EXP_SWAP                                 13     3.671     60.527     64.198 
        MAN_ALU_PROC_RND                          7     2.000     24.113     26.112 
        SIGN_UNIT                                 2     0.328      4.189      4.516 
  BFU4_06                                      8977  2491.898  22376.286  24868.184 
    BFU2_UNIT0                                 4488  1281.710  10729.589  12011.299 
      DATA_A_IM                                1122   324.260   2619.435   2943.695 
        MAN_ALU                                 219    66.164    480.778    546.942 
          ALU_SUB_UNIT                          122    34.574    360.771    395.345 
            CLA_BLOCK_..CLA_4BIT_UNIT            20     6.131     56.945     63.076 
            CLA_BLOCK_..CLA_4BIT_UNIT            18     4.952     48.146     53.098 
            CLA_BLOCK_..CLA_4BIT_UNIT            18     4.934     61.701     66.635 
            CLA_BLOCK_..CLA_4BIT_UNIT            18     4.860     57.522     62.382 
            CLA_BLOCK_..CLA_4BIT_UNIT            15     4.799     60.133     64.932 
            CLA_BLOCK_..CLA_4BIT_UNIT            18     4.672     36.726     41.398 
        NOR_UNIT                                205    56.538    353.044    409.582 
          SHF_left_unit                         142    37.943    253.467    291.410 
        SHF_RIGHT_MAN                           133    32.605    318.605    351.210 
        PSC_UNIT                                 86    25.182    195.627    220.809 
        MAN_COMP_24BIT                           80    22.086    194.740    216.826 
          u_i_data_3                             13     3.751     37.553     41.304 
          u_i_data_4                             13     3.751     38.007     41.758 
          u_i_data_2                             13     3.649     34.513     38.162 
          u_i_data_1                             13     3.569     34.561     38.130 
          u_i_data_5                             12     3.034     10.716     13.750 
          u_i_data_0                             10     2.462     21.143     23.605 
        MAN_SWAP                                 48    18.326    156.654    174.980 
        MAN_SWAP_PRE                             46    15.027    255.732    270.759 
        MAN_RND                                  26    13.385     69.228     82.613 
        LOPD_24BIT                               58    12.985     25.167     38.152 
          LOPD_16bit_UNIT_MSB                    34     8.012      1.217      9.229 
            LOPD_8bit_unit_0                     14     3.508      0.000      3.508 
            LOPD_8bit_unit_1                     14     3.184      1.217      4.401 
          LOPD_8bit_UNIT_LSB                     14     2.356     23.950     26.306 
        EXP_ADJUST                               37    10.731     59.020     69.750 
          CLA_8BIT_UNIT                          30     9.957     59.020     68.977 
            CLA_4BIT_UNIT_0                      18     5.478     27.320     32.799 
            CLA_4BIT_UNIT_1                      11     4.161     31.699     35.860 
        EXP_SUB                                  25     6.433    149.641    156.074 
          CLA_8BIT_UNIT                          20     5.813    137.245    143.058 
            CLA_4BIT_UNIT_0                      17     4.939    121.911    126.850 
            CLA_4BIT_UNIT_1                       2     0.703     11.822     12.525 
        EXP_COM_8BIT                             24     5.887    114.100    119.987 
          COMP_LESS_UNIT                         24     5.887    114.100    119.987 
            u_high                               13     3.268     36.773     40.041 
            u_low                                10     2.253      6.246      8.499 
        EXP_RND                                  15     4.416     28.889     33.304 
        EXP_SWAP                                 13     4.191     70.335     74.526 
        MAN_ALU_PROC_RND                          7     2.082     40.845     42.927 
        SIGN_UNIT                                 1     0.290      5.161      5.452 
      DATA_A_RE                                1122   323.828   2201.801   2525.629 
        MAN_ALU                                 219    65.770    515.896    581.666 
          ALU_SUB_UNIT                          122    34.600    365.359    399.960 
            CLA_BLOCK_..CLA_4BIT_UNIT            20     6.131     56.945     63.076 
            CLA_BLOCK_..CLA_4BIT_UNIT            18     4.965     59.195     64.161 
            CLA_BLOCK_..CLA_4BIT_UNIT            18     4.934     61.701     66.635 
            CLA_BLOCK_..CLA_4BIT_UNIT            18     4.886     54.323     59.210 
            CLA_BLOCK_..CLA_4BIT_UNIT            15     4.786     56.870     61.656 
            CLA_BLOCK_..CLA_4BIT_UNIT            18     4.672     36.726     41.398 
        NOR_UNIT                                205    57.473    350.134    407.607 
          SHF_left_unit                         142    38.396    256.138    294.534 
        SHF_RIGHT_MAN                           133    32.549    152.911    185.460 
        PSC_UNIT                                 86    25.675    233.852    259.528 
        MAN_COMP_24BIT                           80    22.253    178.987    201.241 
          u_i_data_3                             13     3.751     37.553     41.304 
          u_i_data_2                             13     3.746     29.992     33.738 
          u_i_data_4                             13     3.734     35.324     39.058 
          u_i_data_1                             13     3.584     36.799     40.383 
          u_i_data_5                             12     3.034     10.716     13.750 
          u_i_data_0                             10     2.462     21.143     23.605 
        MAN_SWAP                                 48    18.259    155.731    173.990 
        MAN_RND                                  26    13.968     57.427     71.394 
        MAN_SWAP_PRE                             46    13.701    158.547    172.248 
        LOPD_24BIT                               58    13.067     93.064    106.131 
          LOPD_16bit_UNIT_MSB                    34     7.925     59.629     67.554 
            LOPD_8bit_unit_0                     14     3.454     48.274     51.728 
            LOPD_8bit_unit_1                     14     3.156     11.216     14.372 
          LOPD_8bit_UNIT_LSB                     14     2.608     33.434     36.042 
        EXP_ADJUST                               37    10.469     35.786     46.255 
          CLA_8BIT_UNIT                          30     9.696     35.786     45.482 
            CLA_4BIT_UNIT_0                      18     5.271     27.320     32.592 
            CLA_4BIT_UNIT_1                      11     4.106      8.465     12.572 
        EXP_SUB                                  25     6.238     63.265     69.503 
          CLA_8BIT_UNIT                          20     5.393     61.017     66.410 
            CLA_4BIT_UNIT_0                      17     4.564     61.017     65.580 
            CLA_4BIT_UNIT_1                       2     0.611      0.000      0.611 
        EXP_COM_8BIT                             24     5.878     44.054     49.932 
          COMP_LESS_UNIT                         24     5.878     44.054     49.932 
            u_high                               13     2.950     33.507     36.458 
            u_low                                10     2.685     10.513     13.198 
        EXP_RND                                  15     4.341     17.338     21.679 
        EXP_SWAP                                 13     3.588     27.490     31.078 
        MAN_ALU_PROC_RND                          7     2.002      0.000      2.002 
        SIGN_UNIT                                 1     0.249      4.139      4.388 
      DATA_B_RE                                1122   317.816   2941.455   3259.271 
        MAN_ALU                                 215    62.380    622.992    685.373 
          ALU_SUB_UNIT                          120    29.500    378.554    408.055 
            CLA_BLOCK_..CLA_4BIT_UNIT            18     5.089     86.080     91.169 
            CLA_BLOCK_..CLA_4BIT_UNIT            18     4.261     61.939     66.200 
            CLA_BLOCK_..CLA_4BIT_UNIT            18     4.252     58.012     62.264 
            CLA_BLOCK_..CLA_4BIT_UNIT            18     4.235     49.164     53.400 
            CLA_BLOCK_..CLA_4BIT_UNIT            18     4.104     42.964     47.067 
            CLA_BLOCK_..CLA_4BIT_UNIT            15     4.049     48.414     52.463 
        NOR_UNIT                                205    55.172    786.386    841.558 
          SHF_left_unit                         142    37.480    503.331    540.811 
        SHF_RIGHT_MAN                           134    32.780    153.876    186.656 
        PSC_UNIT                                 88    25.884    200.981    226.865 
        MAN_COMP_24BIT                           80    22.205    178.022    200.227 
          u_i_data_3                             13     3.751     37.549     41.300 
          u_i_data_2                             13     3.746     29.992     33.738 
          u_i_data_4                             13     3.734     35.320     39.054 
          u_i_data_1                             13     3.584     36.799     40.383 
          u_i_data_5                             12     3.034     10.719     13.752 
          u_i_data_0                             10     2.413     20.184     22.597 
        MAN_SWAP                                 48    18.165    154.357    172.522 
        MAN_SWAP_PRE                             46    13.883    163.167    177.050 
        MAN_RND                                  26    13.880    105.272    119.153 
        LOPD_24BIT                               58    11.700     96.442    108.142 
          LOPD_16bit_UNIT_MSB                    34     6.749     55.169     61.918 
            LOPD_8bit_unit_0                     14     2.767     39.588     42.356 
            LOPD_8bit_unit_1                     14     2.523     11.267     13.790 
          LOPD_8bit_UNIT_LSB                     14     2.608     33.434     36.042 
        EXP_ADJUST                               37    10.977    118.433    129.411 
          CLA_8BIT_UNIT                          30     9.382     76.845     86.226 
            CLA_4BIT_UNIT_0                      18     5.473     32.698     38.171 
            CLA_4BIT_UNIT_1                      11     3.636     40.251     43.888 
        EXP_SUB                                  25     6.238     63.265     69.503 
          CLA_8BIT_UNIT                          20     5.393     61.017     66.410 
            CLA_4BIT_UNIT_0                      17     4.564     61.017     65.580 
            CLA_4BIT_UNIT_1                       2     0.611      0.000      0.611 
        EXP_COM_8BIT                             24     5.878     44.054     49.932 
          COMP_LESS_UNIT                         24     5.878     44.054     49.932 
            u_high                               13     2.950     33.507     36.458 
            u_low                                10     2.685     10.513     13.198 
        EXP_RND                                  15     4.261     22.174     26.436 
        EXP_SWAP                                 13     3.603     27.490     31.093 
        MAN_ALU_PROC_RND                          7     2.002      0.000      2.002 
        SIGN_UNIT                                 2     0.297      4.409      4.706 
      DATA_B_IM                                1122   315.807   2966.897   3282.704 
        MAN_ALU                                 215    62.672    522.966    585.638 
          ALU_SUB_UNIT                          120    30.304    385.800    416.103 
            CLA_BLOCK_..CLA_4BIT_UNIT            18     5.186     84.519     89.705 
            CLA_BLOCK_..CLA_4BIT_UNIT            18     4.386     55.916     60.302 
            CLA_BLOCK_..CLA_4BIT_UNIT            18     4.375     62.646     67.021 
            CLA_BLOCK_..CLA_4BIT_UNIT            18     4.229     46.490     50.719 
            CLA_BLOCK_..CLA_4BIT_UNIT            15     4.128     64.386     68.514 
            CLA_BLOCK_..CLA_4BIT_UNIT            18     4.104     42.964     47.067 
        NOR_UNIT                                205    53.782    587.323    641.105 
          SHF_left_unit                         142    38.233    323.835    362.068 
        SHF_RIGHT_MAN                           134    32.597    318.125    350.722 
        PSC_UNIT                                 88    24.327    171.126    195.454 
        MAN_COMP_24BIT                           80    22.037    193.775    215.812 
          u_i_data_3                             13     3.751     37.549     41.300 
          u_i_data_4                             13     3.751     38.003     41.754 
          u_i_data_2                             13     3.649     34.513     38.162 
          u_i_data_1                             13     3.569     34.561     38.130 
          u_i_data_5                             12     3.034     10.719     13.752 
          u_i_data_0                             10     2.413     20.184     22.597 
        MAN_SWAP                                 48    18.233    155.280    173.512 
        MAN_SWAP_PRE                             46    15.058    261.566    276.624 
        MAN_RND                                  26    13.558     62.501     76.058 
        EXP_ADJUST                               37    11.076     94.958    106.034 
          CLA_8BIT_UNIT                          30     9.480     53.370     62.850 
            CLA_4BIT_UNIT_0                      18     5.512     20.303     25.815 
            CLA_4BIT_UNIT_1                      11     3.695     33.039     36.734 
        LOPD_24BIT                               58    10.839     39.971     50.810 
          LOPD_16bit_UNIT_MSB                    34     6.109      9.355     15.464 
            LOPD_8bit_unit_1                     14     2.321      3.514      5.835 
            LOPD_8bit_unit_0                     14     2.199      1.566      3.766 
          LOPD_8bit_UNIT_LSB                     14     2.303     22.778     25.082 
        EXP_SUB                                  25     6.433    150.099    156.533 
          CLA_8BIT_UNIT                          20     5.813    137.704    143.516 
            CLA_4BIT_UNIT_0                      17     4.939    122.824    127.762 
            CLA_4BIT_UNIT_1                       2     0.703     11.368     12.071 
        EXP_COM_8BIT                             24     5.887    114.100    119.987 
          COMP_LESS_UNIT                         24     5.887    114.100    119.987 
            u_high                               13     3.268     36.773     40.041 
            u_low                                10     2.253      6.246      8.499 
        EXP_RND                                  15     4.233     22.165     26.398 
        EXP_SWAP                                 13     4.223     70.335     74.558 
        MAN_ALU_PROC_RND                          7     2.082     40.845     42.927 
        SIGN_UNIT                                 2     0.339      2.574      2.913 
    BFU2_UNIT1                                 4488  1210.155  11646.697  12856.852 
      DATA_A_IM                                1122   310.072   3240.579   3550.651 
        MAN_ALU                                 219    65.481    813.755    879.236 
          ALU_SUB_UNIT                          122    33.392    379.822    413.214 
            CLA_BLOCK_..CLA_4BIT_UNIT            20     5.860     59.650     65.510 
            CLA_BLOCK_..CLA_4BIT_UNIT            18     4.747     57.830     62.577 
            CLA_BLOCK_..CLA_4BIT_UNIT            18     4.698     61.829     66.527 
            CLA_BLOCK_..CLA_4BIT_UNIT            18     4.656     56.182     60.838 
            CLA_BLOCK_..CLA_4BIT_UNIT            18     4.649     63.278     67.928 
            CLA_BLOCK_..CLA_4BIT_UNIT            15     4.524     40.862     45.386 
        NOR_UNIT                                205    53.170    783.343    836.514 
          SHF_left_unit                         142    36.206    567.225    603.431 
        SHF_RIGHT_MAN                           133    33.460    290.638    324.098 
        MAN_COMP_24BIT                           80    22.196    191.335    213.531 
          u_i_data_2                             13     3.751     37.549     41.300 
          u_i_data_3                             13     3.751     37.553     41.304 
          u_i_data_4                             13     3.751     38.007     41.758 
          u_i_data_1                             13     3.584     36.799     40.383 
          u_i_data_5                             12     3.010     18.712     21.722 
          u_i_data_0                             10     2.462     21.143     23.605 
        PSC_UNIT                                 86    21.994    194.588    216.582 
        MAN_SWAP                                 48    18.348    149.774    168.123 
        MAN_RND                                  26    13.670    125.963    139.634 
        LOPD_24BIT                               58    12.004     90.276    102.280 
          LOPD_16bit_UNIT_MSB                    34     6.863     56.840     63.703 
            LOPD_8bit_unit_0                     14     2.761     33.203     35.964 
            LOPD_8bit_unit_1                     14     2.653     23.599     26.252 
          LOPD_8bit_UNIT_LSB                     14     2.608     33.434     36.042 
        MAN_SWAP_PRE                             46    11.433    200.091    211.524 
        EXP_ADJUST                               37    10.355     21.246     31.601 
          CLA_8BIT_UNIT                          30     9.582     21.246     30.828 
            CLA_4BIT_UNIT_0                      18     5.158     12.781     17.938 
            CLA_4BIT_UNIT_1                      11     4.106      8.465     12.572 
        EXP_SUB                                  25     6.713    117.478    124.191 
          CLA_8BIT_UNIT                          20     6.318    108.918    115.236 
            CLA_4BIT_UNIT_0                      17     5.322    108.918    114.240 
            CLA_4BIT_UNIT_1                       2     0.774      0.000      0.774 
        EXP_COM_8BIT                             24     5.570     16.489     22.059 
          COMP_LESS_UNIT                         24     5.570     16.489     22.059 
            u_high                               13     3.307      3.946      7.253 
            u_low                                10     1.865     12.542     14.407 
        EXP_RND                                  15     4.392     11.560     15.952 
        EXP_SWAP                                 13     3.208     27.045     30.253 
        MAN_ALU_PROC_RND                          7     2.046     34.969     37.015 
        SIGN_UNIT                                 1     0.291      0.016      0.307 
      DATA_B_IM                                1122   307.792   2002.965   2310.757 
        MAN_ALU                                 215    65.428    250.198    315.626 
          ALU_SUB_UNIT                          120    33.895     31.785     65.680 
            CLA_BLOCK_..CLA_4BIT_UNIT            18     5.272      0.960      6.232 
            CLA_BLOCK_..CLA_4BIT_UNIT            18     5.228      1.032      6.261 
            CLA_BLOCK_..CLA_4BIT_UNIT            18     5.138      1.032      6.170 
            CLA_BLOCK_..CLA_4BIT_UNIT            15     5.004      1.920      6.924 
            CLA_BLOCK_..CLA_4BIT_UNIT            18     4.950      1.015      5.965 
            CLA_BLOCK_..CLA_4BIT_UNIT            18     4.521     21.788     26.309 
        NOR_UNIT                                205    53.396    310.695    364.091 
          SHF_left_unit                         142    38.531    100.563    139.093 
        SHF_RIGHT_MAN                           134    33.242    285.574    318.815 
        MAN_COMP_24BIT                           80    22.147    190.370    212.517 
          u_i_data_2                             13     3.751     37.549     41.300 
          u_i_data_3                             13     3.751     37.549     41.300 
          u_i_data_4                             13     3.751     38.003     41.754 
          u_i_data_1                             13     3.584     36.799     40.383 
          u_i_data_5                             12     3.010     18.714     21.724 
          u_i_data_0                             10     2.413     20.184     22.597 
        PSC_UNIT                                 88    21.341    145.993    167.334 
        MAN_SWAP                                 48    18.255    148.400    166.655 
        MAN_RND                                  26    13.436      3.776     17.212 
        MAN_SWAP_PRE                             46    11.381    205.148    216.529 
        EXP_ADJUST                               37    10.669    133.674    144.343 
          CLA_8BIT_UNIT                          30     9.073     92.085    101.158 
            CLA_4BIT_UNIT_0                      18     5.165     47.938     53.103 
            CLA_4BIT_UNIT_1                      11     3.636     40.251     43.888 
        LOPD_24BIT                               58    10.173     13.888     24.060 
          LOPD_16bit_UNIT_MSB                    34     5.994      6.050     12.044 
            LOPD_8bit_unit_1                     14     2.248      1.775      4.022 
            LOPD_8bit_unit_0                     14     2.158      0.000      2.158 
          LOPD_8bit_UNIT_LSB                     14     1.752      0.000      1.752 
        EXP_SUB                                  25     6.713    118.391    125.104 
          CLA_8BIT_UNIT                          20     6.318    109.831    116.149 
            CLA_4BIT_UNIT_0                      17     5.322    109.831    115.153 
            CLA_4BIT_UNIT_1                       2     0.774      0.000      0.774 
        EXP_COM_8BIT                             24     5.570     16.489     22.059 
          COMP_LESS_UNIT                         24     5.570     16.489     22.059 
            u_high                               13     3.307      3.946      7.253 
            u_low                                10     1.865     12.542     14.407 
        EXP_RND                                  15     4.313     27.954     32.267 
        EXP_SWAP                                 13     3.223     27.045     30.268 
        MAN_ALU_PROC_RND                          7     2.046     34.969     37.015 
        SIGN_UNIT                                 2     0.381      1.581      1.962 
      DATA_B_RE                                1122   297.792   3647.066   3944.858 
        MAN_ALU                                 215    57.879    746.142    804.021 
          ALU_SUB_UNIT                          120    30.586    341.646    372.232 
            CLA_BLOCK_..CLA_4BIT_UNIT            18     5.063     37.846     42.909 
            CLA_BLOCK_..CLA_4BIT_UNIT            18     4.749     42.028     46.777 
            CLA_BLOCK_..CLA_4BIT_UNIT            18     4.647     45.069     49.716 
            CLA_BLOCK_..CLA_4BIT_UNIT            15     4.241     58.008     62.248 
            CLA_BLOCK_..CLA_4BIT_UNIT            18     4.228     58.915     63.143 
            CLA_BLOCK_..CLA_4BIT_UNIT            18     4.131     55.443     59.574 
        NOR_UNIT                                205    55.492    902.271    957.763 
          SHF_left_unit                         142    36.581    658.163    694.744 
        SHF_RIGHT_MAN                           134    34.245    322.125    356.370 
        PSC_UNIT                                 88    20.053    114.761    134.814 
        MAN_COMP_24BIT                           80    19.598    147.425    167.023 
          u_i_data_2                             13     3.461     22.178     25.639 
          u_i_data_1                             13     3.254     15.381     18.635 
          u_i_data_3                             13     3.199     36.831     40.029 
          u_i_data_4                             13     3.199     37.392     40.590 
          u_i_data_5                             12     2.497     19.683     22.180 
          u_i_data_0                             10     2.228     14.417     16.645 
        MAN_SWAP                                 48    15.475    216.337    231.812 
        MAN_RND                                  26    13.631    120.048    133.679 
        LOPD_24BIT                               58    12.535    145.235    157.770 
          LOPD_16bit_UNIT_MSB                    34     7.217     78.771     85.987 
            LOPD_8bit_unit_0                     14     2.910     31.606     34.516 
            LOPD_8bit_unit_1                     14     2.757     33.216     35.973 
          LOPD_8bit_UNIT_LSB                     14     2.604     33.434     36.037 
        MAN_SWAP_PRE                             46    11.834    151.916    163.750 
        EXP_ADJUST                               37    10.629    109.231    119.860 
          CLA_8BIT_UNIT                          30     9.172     91.178    100.349 
            CLA_4BIT_UNIT_0                      18     5.113     54.010     59.123 
            CLA_4BIT_UNIT_1                      11     3.834     33.010     36.844 
        EXP_SUB                                  25     6.400    106.769    113.169 
          CLA_8BIT_UNIT                          20     6.155    104.521    110.676 
            CLA_4BIT_UNIT_0                      17     5.291     89.641     94.933 
            CLA_4BIT_UNIT_1                       2     0.693     11.368     12.061 
        EXP_COM_8BIT                             24     5.344    121.838    127.182 
          COMP_LESS_UNIT                         24     5.344    121.838    127.182 
            u_high                               13     3.376     35.150     38.526 
            u_low                                10     1.602     15.606     17.208 
        EXP_RND                                  15     4.519     17.330     21.849 
        EXP_SWAP                                 13     3.605     63.687     67.293 
        MAN_ALU_PROC_RND                          7     1.966     29.158     31.123 
        SIGN_UNIT                                 2     0.264      4.555      4.819 
      DATA_A_RE                                1122   294.499   2756.087   3050.586 
        MAN_ALU                                 219    58.560    654.533    713.093 
          ALU_SUB_UNIT                          122    32.223    392.099    424.323 
            CLA_BLOCK_..CLA_4BIT_UNIT            20     5.945     51.313     57.257 
            CLA_BLOCK_..CLA_4BIT_UNIT            18     4.698     61.829     66.527 
            CLA_BLOCK_..CLA_4BIT_UNIT            18     4.595     63.264     67.860 
            CLA_BLOCK_..CLA_4BIT_UNIT            18     4.344     59.275     63.619 
            CLA_BLOCK_..CLA_4BIT_UNIT            15     4.337     59.638     63.975 
            CLA_BLOCK_..CLA_4BIT_UNIT            18     4.193     56.628     60.821 
        NOR_UNIT                                205    52.865    446.706    499.571 
          SHF_left_unit                         142    36.342    258.527    294.869 
        SHF_RIGHT_MAN                           133    34.358    318.224    352.582 
        PSC_UNIT                                 86    20.410    116.169    136.579 
        MAN_COMP_24BIT                           80    19.663    147.434    167.097 
          u_i_data_2                             13     3.461     22.179     25.640 
          u_i_data_1                             13     3.254     15.381     18.635 
          u_i_data_3                             13     3.199     36.831     40.029 
          u_i_data_4                             13     3.199     37.394     40.592 
          u_i_data_5                             12     2.497     19.683     22.180 
          u_i_data_0                             10     2.294     14.421     16.715 
        MAN_SWAP                                 48    15.669    219.562    235.231 
        MAN_RND                                  26    13.460     56.729     70.190 
        MAN_SWAP_PRE                             46    11.802    150.115    161.917 
        LOPD_24BIT                               58    11.052     38.787     49.839 
          LOPD_16bit_UNIT_MSB                    34     5.963      6.524     12.487 
            LOPD_8bit_unit_0                     14     2.226      6.524      8.750 
            LOPD_8bit_unit_1                     14     2.158      0.000      2.158 
          LOPD_8bit_UNIT_LSB                     14     2.556     32.262     34.818 
        EXP_ADJUST                               37    10.271     99.645    109.916 
          CLA_8BIT_UNIT                          30     9.406     94.126    103.532 
            CLA_4BIT_UNIT_0                      18     5.076     49.669     54.745 
            CLA_4BIT_UNIT_1                      11     4.012     40.589     44.602 
        EXP_SUB                                  25     6.400    106.310    112.710 
          CLA_8BIT_UNIT                          20     6.155    104.062    110.217 
            CLA_4BIT_UNIT_0                      17     5.291     88.728     94.020 
            CLA_4BIT_UNIT_1                       2     0.693     11.822     12.514 
        EXP_COM_8BIT                             24     5.344    121.838    127.182 
          COMP_LESS_UNIT                         24     5.344    121.838    127.182 
            u_high                               13     3.376     35.150     38.526 
            u_low                                10     1.602     15.606     17.208 
        EXP_RND                                  15     4.542     11.558     16.101 
        EXP_SWAP                                 13     3.540     62.799     66.339 
        MAN_ALU_PROC_RND                          7     1.966     29.157     31.123 
        SIGN_UNIT                                 1     0.201      0.988      1.189 
  BFU2_S1_04                                   4488  1258.044  11584.402  12842.446 
    DATA_A_RE                                  1122   321.929   2741.285   3063.214 
      MAN_ALU                                   219    65.402    517.731    583.133 
        ALU_SUB_UNIT                            122    33.539    434.147    467.686 
          CLA_BLOCK_..CLA_4BIT_UNIT              20     5.693     54.876     60.569 
          CLA_BLOCK_..CLA_4BIT_UNIT              18     4.934     61.701     66.635 
          CLA_BLOCK_..CLA_4BIT_UNIT              18     4.809     61.697     66.506 
          CLA_BLOCK_..CLA_4BIT_UNIT              15     4.799     60.133     64.932 
          CLA_BLOCK_..CLA_4BIT_UNIT              18     4.748     59.151     63.898 
          CLA_BLOCK_..CLA_4BIT_UNIT              18     4.729     65.903     70.631 
      NOR_UNIT                                  205    59.973    298.502    358.475 
        SHF_left_unit                           142    40.155    187.194    227.349 
      SHF_RIGHT_MAN                             133    32.262    452.187    484.449 
      PSC_UNIT                                   86    22.382    159.650    182.031 
      MAN_COMP_24BIT                             80    21.795    204.039    225.834 
        u_i_data_2                               13     3.751     37.549     41.300 
        u_i_data_3                               13     3.751     37.553     41.304 
        u_i_data_4                               13     3.751     38.007     41.758 
        u_i_data_1                               13     3.584     36.799     40.383 
        u_i_data_5                               12     3.010     18.712     21.722 
        u_i_data_0                               10     2.213     16.273     18.486 
      MAN_SWAP                                   48    18.077    168.818    186.895 
      MAN_SWAP_PRE                               46    14.116    333.499    347.615 
      LOPD_24BIT                                 58    13.832     42.580     56.412 
        LOPD_16bit_UNIT_MSB                      34     8.322     21.783     30.105 
          LOPD_8bit_unit_0                       14     3.508      0.000      3.508 
          LOPD_8bit_unit_1                       14     3.393      8.057     11.449 
        LOPD_8bit_UNIT_LSB                       14     3.107      6.367      9.474 
      MAN_RND                                    26    13.681     26.105     39.785 
      EXP_ADJUST                                 37    10.765     94.096    104.861 
        CLA_8BIT_UNIT                            30     9.635     88.107     97.742 
          CLA_4BIT_UNIT_0                        18     5.014     52.989     58.003 
          CLA_4BIT_UNIT_1                        11     4.304     31.250     35.554 
      EXP_SUB                                    25     6.471     49.731     56.202 
        CLA_8BIT_UNIT                            20     6.001     38.016     44.017 
          CLA_4BIT_UNIT_0                        17     5.088     30.215     35.303 
          CLA_4BIT_UNIT_1                         2     0.692      4.555      5.248 
      EXP_COM_8BIT                               24     6.079    119.033    125.113 
        COMP_LESS_UNIT                           24     6.079    119.033    125.113 
          u_high                                 13     3.602     36.375     39.977 
          u_low                                  10     2.111     11.577     13.688 
      EXP_RND                                    15     4.519     17.331     21.849 
      EXP_SWAP                                   13     3.976     77.468     81.444 
      MAN_ALU_PROC_RND                            7     2.000     24.127     26.127 
      SIGN_UNIT                                   1     0.290      5.161      5.451 
    DATA_A_IM                                  1122   318.750   3063.617   3382.367 
      MAN_ALU                                   219    64.515    634.004    698.519 
        ALU_SUB_UNIT                            122    33.944    404.788    438.733 
          CLA_BLOCK_..CLA_4BIT_UNIT              20     5.945     51.313     57.257 
          CLA_BLOCK_..CLA_4BIT_UNIT              18     4.934     61.701     66.635 
          CLA_BLOCK_..CLA_4BIT_UNIT              15     4.799     60.133     64.932 
          CLA_BLOCK_..CLA_4BIT_UNIT              18     4.753     54.228     58.981 
          CLA_BLOCK_..CLA_4BIT_UNIT              18     4.748     59.151     63.898 
          CLA_BLOCK_..CLA_4BIT_UNIT              18     4.698     61.829     66.527 
      NOR_UNIT                                  205    59.010    575.189    634.199 
        SHF_left_unit                           142    39.868    401.111    440.979 
      SHF_RIGHT_MAN                             133    34.048    512.549    546.597 
      PSC_UNIT                                   86    22.759    143.137    165.896 
      MAN_COMP_24BIT                             80    21.127    155.234    176.361 
        u_i_data_3                               13     3.751     37.553     41.304 
        u_i_data_4                               13     3.751     38.007     41.758 
        u_i_data_2                               13     3.390     20.596     23.986 
        u_i_data_1                               13     3.254     15.381     18.635 
        u_i_data_5                               12     3.010     18.712     21.722 
        u_i_data_0                               10     2.294     14.421     16.715 
      MAN_SWAP                                   48    17.663    228.657    246.320 
      MAN_RND                                    26    13.634     63.318     76.952 
      LOPD_24BIT                                 58    12.757    100.591    113.347 
        LOPD_16bit_UNIT_MSB                      34     8.015     45.415     53.430 
          LOPD_8bit_unit_1                       14     3.393      8.057     11.449 
          LOPD_8bit_unit_0                       14     3.250     19.877     23.127 
        LOPD_8bit_UNIT_LSB                       14     2.556     32.262     34.818 
      MAN_SWAP_PRE                               46    12.215    263.182    275.397 
      EXP_ADJUST                                 37    10.832     46.884     57.716 
        CLA_8BIT_UNIT                            30     9.756     40.686     50.441 
          CLA_4BIT_UNIT_0                        18     5.343     40.686     46.029 
          CLA_4BIT_UNIT_1                        11     4.095      0.000      4.095 
      EXP_COM_8BIT                               24     6.501     10.698     17.199 
        COMP_LESS_UNIT                           24     6.501     10.698     17.199 
          u_high                                 13     3.683      0.000      3.683 
          u_low                                  10     2.419     10.698     13.118 
      EXP_SUB                                    25     6.375     53.560     59.935 
        CLA_8BIT_UNIT                            20     5.755     46.568     52.323 
          CLA_4BIT_UNIT_0                        17     4.824     46.568     51.392 
          CLA_4BIT_UNIT_1                         2     0.708      0.000      0.708 
      EXP_RND                                    15     4.258     16.394     20.652 
      EXP_SWAP                                   13     3.607     24.737     28.344 
      MAN_ALU_PROC_RND                            7     2.000     24.127     26.127 
      SIGN_UNIT                                   1     0.249      4.139      4.387 
    DATA_B_IM                                  1122   309.072   2970.408   3279.480 
      MAN_ALU                                   215    61.037    574.784    635.821 
        ALU_SUB_UNIT                            120    30.935    333.347    364.282 
          CLA_BLOCK_..CLA_4BIT_UNIT              18     5.062     37.846     42.908 
          CLA_BLOCK_..CLA_4BIT_UNIT              18     4.747     42.029     46.777 
          CLA_BLOCK_..CLA_4BIT_UNIT              18     4.609     38.985     43.594 
          CLA_BLOCK_..CLA_4BIT_UNIT              18     4.375     62.646     67.021 
          CLA_BLOCK_..CLA_4BIT_UNIT              15     4.128     64.386     68.514 
          CLA_BLOCK_..CLA_4BIT_UNIT              18     4.127     46.820     50.947 
      NOR_UNIT                                  205    54.194    583.263    637.458 
        SHF_left_unit                           142    37.692    337.141    374.833 
      SHF_RIGHT_MAN                             134    33.924    506.569    540.493 
      PSC_UNIT                                   88    23.108    134.320    157.428 
      MAN_COMP_24BIT                             80    21.062    155.224    176.285 
        u_i_data_3                               13     3.751     37.549     41.300 
        u_i_data_4                               13     3.751     38.003     41.754 
        u_i_data_2                               13     3.390     20.596     23.986 
        u_i_data_1                               13     3.254     15.381     18.635 
        u_i_data_5                               12     3.010     18.714     21.724 
        u_i_data_0                               10     2.228     14.417     16.645 
      MAN_SWAP                                   48    17.469    224.981    242.450 
      MAN_RND                                    26    13.514     62.815     76.329 
      MAN_SWAP_PRE                               46    12.263    265.466    277.730 
      LOPD_24BIT                                 58    11.205     59.013     70.218 
        LOPD_16bit_UNIT_MSB                      34     6.254     17.739     23.993 
          LOPD_8bit_unit_0                       14     2.418     11.690     14.107 
          LOPD_8bit_unit_1                       14     2.248      1.775      4.022 
        LOPD_8bit_UNIT_LSB                       14     2.608     33.434     36.042 
      EXP_ADJUST                                 37    11.078    102.125    113.202 
        CLA_8BIT_UNIT                            30     9.482     60.536     70.018 
          CLA_4BIT_UNIT_0                        18     5.512     20.303     25.815 
          CLA_4BIT_UNIT_1                        11     3.697     40.205     43.902 
      EXP_COM_8BIT                               24     6.501     10.698     17.199 
        COMP_LESS_UNIT                           24     6.501     10.698     17.199 
          u_high                                 13     3.683      0.000      3.683 
          u_low                                  10     2.419     10.698     13.118 
      EXP_SUB                                    25     6.375     54.473     60.848 
        CLA_8BIT_UNIT                            20     5.755     47.480     53.236 
          CLA_4BIT_UNIT_0                        17     4.824     47.480     52.305 
          CLA_4BIT_UNIT_1                         2     0.708      0.000      0.708 
      EXP_RND                                    15     4.154     16.395     20.549 
      EXP_SWAP                                   13     3.622     24.737     28.359 
      MAN_ALU_PROC_RND                            7     2.000     24.113     26.112 
      SIGN_UNIT                                   2     0.297      4.408      4.705 
    DATA_B_RE                                  1122   308.294   2809.092   3117.385 
      MAN_ALU                                   215    61.945    476.645    538.590 
        ALU_SUB_UNIT                            120    30.482    371.576    402.058 
          CLA_BLOCK_..CLA_4BIT_UNIT              18     5.243     40.469     45.713 
          CLA_BLOCK_..CLA_4BIT_UNIT              18     4.375     62.646     67.021 
          CLA_BLOCK_..CLA_4BIT_UNIT              18     4.320     61.801     66.121 
          CLA_BLOCK_..CLA_4BIT_UNIT              18     4.319     65.050     69.369 
          CLA_BLOCK_..CLA_4BIT_UNIT              15     4.128     64.386     68.514 
          CLA_BLOCK_..CLA_4BIT_UNIT              18     4.127     46.820     50.947 
      NOR_UNIT                                  205    53.862    409.920    463.782 
        SHF_left_unit                           142    38.353    187.728    226.081 
      SHF_RIGHT_MAN                             134    32.141    441.980    474.121 
      PSC_UNIT                                   88    22.611    179.542    202.153 
      MAN_COMP_24BIT                             80    21.730    204.030    225.760 
        u_i_data_2                               13     3.751     37.549     41.300 
        u_i_data_3                               13     3.751     37.549     41.300 
        u_i_data_4                               13     3.751     38.003     41.754 
        u_i_data_1                               13     3.584     36.799     40.383 
        u_i_data_5                               12     3.010     18.714     21.724 
        u_i_data_0                               10     2.147     16.270     18.417 
      MAN_SWAP                                   48    17.849    165.832    183.681 
      MAN_SWAP_PRE                               46    14.164    335.761    349.925 
      MAN_RND                                    26    13.460     30.917     44.377 
      EXP_ADJUST                                 37    11.048     93.145    104.193 
        CLA_8BIT_UNIT                            30     9.452     51.556     61.008 
          CLA_4BIT_UNIT_0                        18     5.368     11.798     17.166 
          CLA_4BIT_UNIT_1                        11     3.860     39.652     43.512 
      LOPD_24BIT                                 58    10.376     23.081     33.457 
        LOPD_16bit_UNIT_MSB                      34     5.994      6.050     12.044 
          LOPD_8bit_unit_1                       14     2.248      1.775      4.022 
          LOPD_8bit_unit_0                       14     2.158      0.000      2.158 
        LOPD_8bit_UNIT_LSB                       14     1.956      9.193     11.148 
      EXP_SUB                                    25     6.471     49.731     56.202 
        CLA_8BIT_UNIT                            20     6.001     38.016     44.017 
          CLA_4BIT_UNIT_0                        17     5.088     30.215     35.303 
          CLA_4BIT_UNIT_1                         2     0.692      4.555      5.248 
      EXP_COM_8BIT                               24     6.079    119.033    125.113 
        COMP_LESS_UNIT                           24     6.079    119.033    125.113 
          u_high                                 13     3.602     36.375     39.977 
          u_low                                  10     2.111     11.577     13.688 
      EXP_RND                                    15     4.103     23.109     27.212 
      EXP_SWAP                                   13     4.025     78.366     82.391 
      MAN_ALU_PROC_RND                            7     2.000     24.113     26.112 
      SIGN_UNIT                                   2     0.339      2.573      2.912 
  BFU2_S1_15                                   4488  1253.231  15328.093  16581.324 
    DATA_A_RE                                  1122   320.447   3569.564   3890.011 
      MAN_ALU                                   219    63.895    656.544    720.438 
        ALU_SUB_UNIT                            122    33.866    394.932    428.798 
          CLA_BLOCK_..CLA_4BIT_UNIT              20     5.945     51.313     57.257 
          CLA_BLOCK_..CLA_4BIT_UNIT              18     4.895     63.302     68.197 
          CLA_BLOCK_..CLA_4BIT_UNIT              18     4.748     59.151     63.898 
          CLA_BLOCK_..CLA_4BIT_UNIT              15     4.715     54.136     58.851 
          CLA_BLOCK_..CLA_4BIT_UNIT              18     4.698     61.829     66.527 
          CLA_BLOCK_..CLA_4BIT_UNIT              18     4.656     56.182     60.838 
      NOR_UNIT                                  205    57.377    687.638    745.015 
        SHF_left_unit                           142    38.324    492.879    531.203 
      SHF_RIGHT_MAN                             133    35.775    597.827    633.602 
      PSC_UNIT                                   86    21.700    172.291    193.991 
      MAN_COMP_24BIT                             80    21.179    145.131    166.309 
        u_i_data_4                               13     3.695     42.321     46.017 
        u_i_data_3                               13     3.649     34.522     38.171 
        u_i_data_2                               13     3.373     13.877     17.250 
        u_i_data_1                               13     3.254     15.381     18.635 
        u_i_data_5                               12     3.010     18.712     21.722 
        u_i_data_0                               10     2.294     14.421     16.715 
      MAN_SWAP                                   48    17.521    241.501    259.022 
      MAN_SWAP_PRE                               46    16.027    263.499    279.526 
      MAN_RND                                    26    13.621     73.951     87.571 
      LOPD_24BIT                                 58    12.201    141.625    153.825 
        LOPD_16bit_UNIT_MSB                      34     7.459     86.449     93.908 
          LOPD_8bit_unit_1                       14     3.188     29.740     32.928 
          LOPD_8bit_unit_0                       14     2.973     38.608     41.581 
        LOPD_8bit_UNIT_LSB                       14     2.556     32.262     34.818 
      EXP_ADJUST                                 37    11.043     77.158     88.201 
        CLA_8BIT_UNIT                            30     9.967     70.960     80.926 
          CLA_4BIT_UNIT_0                        18     5.348     27.905     33.253 
          CLA_4BIT_UNIT_1                        11     4.300     43.055     47.355 
      EXP_SUB                                    25     6.520    111.029    117.549 
        CLA_8BIT_UNIT                            20     6.050    105.398    111.448 
          CLA_4BIT_UNIT_0                        17     5.180     96.827    102.007 
          CLA_4BIT_UNIT_1                         2     0.649      5.326      5.975 
      EXP_COM_8BIT                               24     5.850     34.477     40.328 
        COMP_LESS_UNIT                           24     5.850     34.477     40.328 
          u_high                                 13     3.428     21.220     24.648 
          u_low                                  10     2.166     13.148     15.314 
      EXP_SWAP                                   13     4.501     41.027     45.528 
      EXP_RND                                    15     4.337     33.724     38.061 
      MAN_ALU_PROC_RND                            7     2.000     24.127     26.127 
      SIGN_UNIT                                   1     0.332      4.146      4.478 
    DATA_B_RE                                  1122   314.728   3630.141   3944.868 
      MAN_ALU                                   215    60.932    617.441    678.372 
        ALU_SUB_UNIT                            120    30.805    312.806    343.610 
          CLA_BLOCK_..CLA_4BIT_UNIT              18     5.062     37.846     42.908 
          CLA_BLOCK_..CLA_4BIT_UNIT              18     4.889     37.030     41.919 
          CLA_BLOCK_..CLA_4BIT_UNIT              18     4.747     42.029     46.777 
          CLA_BLOCK_..CLA_4BIT_UNIT              18     4.363     51.882     56.246 
          CLA_BLOCK_..CLA_4BIT_UNIT              18     4.127     46.820     50.947 
          CLA_BLOCK_..CLA_4BIT_UNIT              15     4.041     48.284     52.325 
      NOR_UNIT                                  205    54.507    767.363    821.870 
        SHF_left_unit                           142    37.437    491.638    529.074 
      SHF_RIGHT_MAN                             134    35.791    593.894    629.685 
      PSC_UNIT                                   88    22.583    166.524    189.107 
      MAN_COMP_24BIT                             80    21.113    145.120    166.233 
        u_i_data_4                               13     3.695     42.317     46.012 
        u_i_data_3                               13     3.649     34.518     38.167 
        u_i_data_2                               13     3.373     13.877     17.250 
        u_i_data_1                               13     3.254     15.381     18.635 
        u_i_data_5                               12     3.010     18.714     21.724 
        u_i_data_0                               10     2.228     14.417     16.645 
      MAN_SWAP                                   48    17.327    237.825    255.152 
      MAN_SWAP_PRE                               46    16.075    265.783    281.859 
      MAN_RND                                    26    13.561    100.028    113.589 
      LOPD_24BIT                                 58    11.529     91.883    103.412 
        LOPD_16bit_UNIT_MSB                      34     6.578     50.610     57.188 
          LOPD_8bit_unit_0                       14     2.804     37.996     40.800 
          LOPD_8bit_unit_1                       14     2.316      8.301     10.616 
        LOPD_8bit_UNIT_LSB                       14     2.608     33.434     36.042 
      EXP_ADJUST                                 37    11.074    133.550    144.624 
        CLA_8BIT_UNIT                            30     9.478     91.961    101.440 
          CLA_4BIT_UNIT_0                        18     5.420     36.951     42.371 
          CLA_4BIT_UNIT_1                        11     3.787     51.115     54.902 
      EXP_SUB                                    25     6.520    111.029    117.549 
        CLA_8BIT_UNIT                            20     6.050    105.398    111.448 
          CLA_4BIT_UNIT_0                        17     5.180     96.827    102.007 
          CLA_4BIT_UNIT_1                         2     0.649      5.326      5.975 
      EXP_COM_8BIT                               24     5.850     34.477     40.328 
        COMP_LESS_UNIT                           24     5.850     34.477     40.328 
          u_high                                 13     3.428     21.220     24.648 
          u_low                                  10     2.166     13.148     15.314 
      EXP_SWAP                                   13     4.516     41.027     45.543 
      EXP_RND                                    15     4.285     39.503     43.788 
      MAN_ALU_PROC_RND                            7     2.000     24.113     26.112 
      SIGN_UNIT                                   2     0.380      4.415      4.795 
    DATA_A_IM                                  1122   311.544   3953.385   4264.930 
      MAN_ALU                                   219    62.949    796.922    859.871 
        ALU_SUB_UNIT                            122    33.712    391.101    424.813 
          CLA_BLOCK_..CLA_4BIT_UNIT              20     5.945     51.313     57.257 
          CLA_BLOCK_..CLA_4BIT_UNIT              15     4.799     60.133     64.932 
          CLA_BLOCK_..CLA_4BIT_UNIT              18     4.747     57.830     62.577 
          CLA_BLOCK_..CLA_4BIT_UNIT              18     4.698     61.829     66.527 
          CLA_BLOCK_..CLA_4BIT_UNIT              18     4.659     54.795     59.454 
          CLA_BLOCK_..CLA_4BIT_UNIT              18     4.656     56.182     60.838 
      NOR_UNIT                                  205    55.597    749.032    804.629 
        SHF_left_unit                           142    37.090    522.938    560.027 
      SHF_RIGHT_MAN                             133    32.173    647.770    679.943 
      PSC_UNIT                                   86    22.357    203.764    226.121 
      MAN_COMP_24BIT                             80    20.803    119.861    140.664 
        u_i_data_4                               13     3.751     38.007     41.758 
        u_i_data_2                               13     3.373     13.877     17.250 
        u_i_data_3                               13     3.373     13.842     17.215 
        u_i_data_1                               13     3.254     15.381     18.635 
        u_i_data_5                               12     2.958     24.328     27.285 
        u_i_data_0                               10     2.294     14.421     16.715 
      MAN_SWAP                                   48    17.325    261.243    278.568 
      MAN_SWAP_PRE                               46    14.116    333.499    347.615 
      MAN_RND                                    26    13.607     84.583     98.190 
      LOPD_24BIT                                 58    12.494    108.098    120.593 
        LOPD_16bit_UNIT_MSB                      34     7.564     60.761     68.325 
          LOPD_8bit_unit_1                       14     3.417     14.803     18.220 
          LOPD_8bit_unit_0                       14     2.761     33.203     35.964 
        LOPD_8bit_UNIT_LSB                       14     2.556     32.262     34.818 
      EXP_ADJUST                                 37    10.452     72.995     83.447 
        CLA_8BIT_UNIT                            30     8.640     37.624     46.263 
          CLA_4BIT_UNIT_0                        18     4.863     14.910     19.773 
          CLA_4BIT_UNIT_1                        11     3.552     22.608     26.160 
      EXP_SUB                                    25     6.052     82.784     88.835 
        CLA_8BIT_UNIT                            20     5.431     71.068     76.500 
          CLA_4BIT_UNIT_0                        17     4.601     71.068     75.670 
          CLA_4BIT_UNIT_1                         2     0.611      0.000      0.611 
      EXP_COM_8BIT                               24     5.714    132.063    137.777 
        COMP_LESS_UNIT                           24     5.714    132.063    137.777 
          u_high                                 13     3.376     35.151     38.527 
          u_low                                  10     2.019     25.753     27.772 
      EXP_RND                                    15     4.594      5.779     10.373 
      EXP_SWAP                                   13     3.915     74.829     78.744 
      MAN_ALU_PROC_RND                            7     2.000     24.127     26.127 
      SIGN_UNIT                                   1     0.290      5.161      5.451 
    DATA_B_IM                                  1122   306.513   4175.003   4481.516 
      MAN_ALU                                   215    61.244    788.943    850.187 
        ALU_SUB_UNIT                            120    31.544    315.017    346.561 
          CLA_BLOCK_..CLA_4BIT_UNIT              18     5.062     37.846     42.908 
          CLA_BLOCK_..CLA_4BIT_UNIT              18     4.979     37.487     42.467 
          CLA_BLOCK_..CLA_4BIT_UNIT              18     4.889     37.030     41.919 
          CLA_BLOCK_..CLA_4BIT_UNIT              18     4.747     42.029     46.777 
          CLA_BLOCK_..CLA_4BIT_UNIT              18     4.259     46.082     50.341 
          CLA_BLOCK_..CLA_4BIT_UNIT              15     4.170     57.822     61.992 
      NOR_UNIT                                  205    53.610    845.102    898.711 
        SHF_left_unit                           142    35.915    553.609    589.524 
      SHF_RIGHT_MAN                             134    32.181    646.096    678.276 
      PSC_UNIT                                   88    22.804    195.840    218.644 
      MAN_COMP_24BIT                             80    20.738    119.855    140.592 
        u_i_data_4                               13     3.751     38.003     41.754 
        u_i_data_2                               13     3.373     13.877     17.250 
        u_i_data_3                               13     3.373     13.843     17.216 
        u_i_data_1                               13     3.254     15.381     18.635 
        u_i_data_5                               12     2.958     24.330     27.287 
        u_i_data_0                               10     2.228     14.417     16.645 
      MAN_SWAP                                   48    17.131    257.567    274.698 
      MAN_SWAP_PRE                               46    14.164    335.761    349.925 
      MAN_RND                                    26    13.619    120.815    134.434 
      LOPD_24BIT                                 58    11.960    102.353    114.313 
        LOPD_16bit_UNIT_MSB                      34     7.009     61.079     68.088 
          LOPD_8bit_unit_1                       14     2.790     23.562     26.352 
          LOPD_8bit_unit_0                       14     2.761     33.203     35.964 
        LOPD_8bit_UNIT_LSB                       14     2.608     33.434     36.042 
      EXP_ADJUST                                 37    10.524    127.054    137.578 
        CLA_8BIT_UNIT                            30     8.938     87.409     96.347 
          CLA_4BIT_UNIT_0                        18     5.087     41.970     47.057 
          CLA_4BIT_UNIT_1                        11     3.674     41.222     44.896 
      EXP_SUB                                    25     6.052     82.784     88.835 
        CLA_8BIT_UNIT                            20     5.431     71.068     76.500 
          CLA_4BIT_UNIT_0                        17     4.601     71.068     75.670 
          CLA_4BIT_UNIT_1                         2     0.611      0.000      0.611 
      EXP_COM_8BIT                               24     5.714    132.063    137.777 
        COMP_LESS_UNIT                           24     5.714    132.063    137.777 
          u_high                                 13     3.376     35.151     38.527 
          u_low                                  10     2.019     25.753     27.772 
      EXP_RND                                    15     4.286     39.503     43.789 
      EXP_SWAP                                   13     3.963     75.728     79.691 
      MAN_ALU_PROC_RND                            7     2.000     24.113     26.112 
      SIGN_UNIT                                   2     0.339      2.573      2.912 
  BFU2_S1_37                                   4488  1248.466  12404.171  13652.637 
    DATA_B_IM                                  1122   318.860   2437.088   2755.948 
      NOR_UNIT                                  205    62.021    222.402    284.423 
        SHF_left_unit                           142    40.507    137.444    177.952 
      MAN_ALU                                   215    60.168    268.643    328.810 
        ALU_SUB_UNIT                            120    30.888     63.893     94.781 
          CLA_BLOCK_..CLA_4BIT_UNIT              18     4.852      0.960      5.812 
          CLA_BLOCK_..CLA_4BIT_UNIT              18     4.731      1.032      5.763 
          CLA_BLOCK_..CLA_4BIT_UNIT              18     4.641      1.032      5.673 
          CLA_BLOCK_..CLA_4BIT_UNIT              15     4.619      1.920      6.539 
          CLA_BLOCK_..CLA_4BIT_UNIT              18     4.546      1.015      5.561 
          CLA_BLOCK_..CLA_4BIT_UNIT              18     4.374     55.125     59.498 
      SHF_RIGHT_MAN                             134    33.779    604.076    637.855 
      PSC_UNIT                                   88    22.308    159.831    182.139 
      MAN_COMP_24BIT                             80    19.738     98.942    118.680 
        u_i_data_2                               13     3.373     13.877     17.250 
        u_i_data_3                               13     3.373     13.843     17.216 
        u_i_data_4                               13     3.373     13.862     17.236 
        u_i_data_1                               13     3.254     15.381     18.635 
        u_i_data_5                               12     2.468     27.532     30.000 
        u_i_data_0                               10     2.228     14.417     16.645 
      MAN_SWAP                                   48    16.467    293.825    310.292 
      MAN_SWAP_PRE                               46    16.075    265.783    281.859 
      LOPD_24BIT                                 58    14.268     73.506     87.773 
        LOPD_16bit_UNIT_MSB                      34     8.063     38.975     47.038 
          LOPD_8bit_unit_0                       14     3.508      0.000      3.508 
          LOPD_8bit_unit_1                       14     3.152     21.160     24.311 
        LOPD_8bit_UNIT_LSB                       14     3.628      0.000      3.628 
      MAN_RND                                    26    14.118     10.157     24.275 
      EXP_ADJUST                                 37    10.238     86.640     96.878 
        CLA_8BIT_UNIT                            30     8.200     72.989     81.189 
          CLA_4BIT_UNIT_0                        18     4.187     33.841     38.028 
          CLA_4BIT_UNIT_1                        11     3.787     35.280     39.067 
      EXP_SUB                                    25     6.195     90.417     96.612 
        CLA_8BIT_UNIT                            20     5.500     80.950     86.450 
          CLA_4BIT_UNIT_0                        17     4.802     80.929     85.731 
          CLA_4BIT_UNIT_1                         2     0.525      0.000      0.525 
      EXP_COM_8BIT                               24     5.447     40.677     46.124 
        COMP_LESS_UNIT                           24     5.447     40.677     46.124 
          u_high                                 13     3.191     27.378     30.568 
          u_low                                  10     1.924     13.299     15.223 
      EXP_SWAP                                   13     4.667     32.799     37.466 
      EXP_RND                                    15     4.608     17.335     21.943 
      MAN_ALU_PROC_RND                            7     2.002      0.000      2.002 
      SIGN_UNIT                                   2     0.380      4.415      4.795 
    DATA_A_RE                                  1122   311.620   3383.709   3695.329 
      MAN_ALU                                   219    66.209    579.932    646.141 
        ALU_SUB_UNIT                            122    35.321    327.621    362.942 
          CLA_BLOCK_..CLA_4BIT_UNIT              20     5.898     46.308     52.206 
          CLA_BLOCK_..CLA_4BIT_UNIT              18     5.171     59.675     64.846 
          CLA_BLOCK_..CLA_4BIT_UNIT              18     5.045     58.763     63.808 
          CLA_BLOCK_..CLA_4BIT_UNIT              15     5.039     55.129     60.167 
          CLA_BLOCK_..CLA_4BIT_UNIT              18     4.965     59.195     64.161 
          CLA_BLOCK_..CLA_4BIT_UNIT              18     4.950     46.840     51.789 
      NOR_UNIT                                  205    52.887    751.842    804.729 
        SHF_left_unit                           142    36.034    544.432    580.466 
      SHF_RIGHT_MAN                             133    31.763    489.065    520.828 
      PSC_UNIT                                   86    22.152    174.944    197.095 
      MAN_COMP_24BIT                             80    21.964    214.194    236.157 
        u_i_data_2                               13     3.751     37.549     41.300 
        u_i_data_3                               13     3.751     37.553     41.304 
        u_i_data_4                               13     3.751     38.007     41.758 
        u_i_data_1                               13     3.584     36.799     40.383 
        u_i_data_5                               12     3.010     18.712     21.722 
        u_i_data_0                               10     2.381     26.428     28.809 
      MAN_SWAP                                   48    18.294    155.970    174.264 
      MAN_SWAP_PRE                               46    16.027    263.499    279.526 
      MAN_RND                                    26    12.813    143.834    156.647 
      LOPD_24BIT                                 58    11.864     85.533     97.398 
        LOPD_16bit_UNIT_MSB                      34     6.863     56.840     63.703 
          LOPD_8bit_unit_0                       14     2.761     33.203     35.964 
          LOPD_8bit_unit_1                       14     2.653     23.599     26.252 
        LOPD_8bit_UNIT_LSB                       14     2.468     28.260     30.728 
      EXP_ADJUST                                 37    10.176     40.996     51.173 
        CLA_8BIT_UNIT                            30     9.403     40.996     50.399 
          CLA_4BIT_UNIT_0                        18     5.046     28.404     33.450 
          CLA_4BIT_UNIT_1                        11     4.039     12.592     16.631 
      EXP_SUB                                    25     6.430    126.080    132.510 
        CLA_8BIT_UNIT                            20     5.810    114.365    120.174 
          CLA_4BIT_UNIT_0                        17     4.886    106.564    111.450 
          CLA_4BIT_UNIT_1                         2     0.703      4.555      5.258 
      EXP_COM_8BIT                               24     5.669     50.492     56.161 
        COMP_LESS_UNIT                           24     5.669     50.492     56.161 
          u_high                                 13     3.102     31.041     34.143 
          u_low                                  10     2.283     19.373     21.656 
      EXP_SWAP                                   13     4.415     36.961     41.376 
      EXP_RND                                    15     4.220     34.165     38.385 
      MAN_ALU_PROC_RND                            7     2.045     34.969     37.014 
      SIGN_UNIT                                   1     0.332      4.146      4.478 
    DATA_A_IM                                  1122   310.115   3637.420   3947.536 
      MAN_ALU                                   219    61.389    751.888    813.277 
        ALU_SUB_UNIT                            122    33.401    364.536    397.937 
          CLA_BLOCK_..CLA_4BIT_UNIT              20     5.945     51.313     57.257 
          CLA_BLOCK_..CLA_4BIT_UNIT              18     4.747     57.830     62.577 
          CLA_BLOCK_..CLA_4BIT_UNIT              18     4.698     61.829     66.527 
          CLA_BLOCK_..CLA_4BIT_UNIT              18     4.656     56.182     60.838 
          CLA_BLOCK_..CLA_4BIT_UNIT              15     4.524     40.862     45.386 
          CLA_BLOCK_..CLA_4BIT_UNIT              18     4.483     56.390     60.873 
      NOR_UNIT                                  205    54.488    742.035    796.524 
        SHF_left_unit                           142    36.365    478.382    514.747 
      SHF_RIGHT_MAN                             133    33.742    606.099    639.842 
      PSC_UNIT                                   86    22.388    158.485    180.873 
      MAN_COMP_24BIT                             80    19.804     98.943    118.747 
        u_i_data_2                               13     3.373     13.877     17.250 
        u_i_data_3                               13     3.373     13.842     17.215 
        u_i_data_4                               13     3.373     13.862     17.235 
        u_i_data_1                               13     3.254     15.381     18.635 
        u_i_data_5                               12     2.468     27.530     29.998 
        u_i_data_0                               10     2.294     14.421     16.715 
      MAN_SWAP                                   48    16.660    297.501    314.162 
      MAN_SWAP_PRE                               46    16.027    263.499    279.526 
      MAN_RND                                    26    13.881    115.905    129.786 
      LOPD_24BIT                                 58    11.802     85.497     97.300 
        LOPD_16bit_UNIT_MSB                      34     6.714     53.234     59.948 
          LOPD_8bit_unit_0                       14     2.761     33.203     35.964 
          LOPD_8bit_unit_1                       14     2.504     19.992     22.496 
        LOPD_8bit_UNIT_LSB                       14     2.556     32.262     34.818 
      EXP_ADJUST                                 37    10.427     80.176     90.604 
        CLA_8BIT_UNIT                            30     9.563     74.657     84.220 
          CLA_4BIT_UNIT_0                        18     4.822     50.710     55.532 
          CLA_4BIT_UNIT_1                        11     4.422     23.947     28.370 
      EXP_SUB                                    25     6.195     89.506     95.701 
        CLA_8BIT_UNIT                            20     5.500     80.039     85.539 
          CLA_4BIT_UNIT_0                        17     4.802     80.018     84.820 
          CLA_4BIT_UNIT_1                         2     0.525      0.000      0.525 
      EXP_COM_8BIT                               24     5.447     40.677     46.124 
        COMP_LESS_UNIT                           24     5.447     40.677     46.124 
          u_high                                 13     3.191     27.378     30.568 
          u_low                                  10     1.924     13.299     15.223 
      EXP_SWAP                                   13     4.585     32.799     37.384 
      EXP_RND                                    15     4.478     27.949     32.427 
      MAN_ALU_PROC_RND                            7     2.002      0.000      2.002 
      SIGN_UNIT                                   1     0.332      4.146      4.478 
    DATA_B_RE                                  1122   307.871   2945.953   3253.824 
      MAN_ALU                                   215    63.004    476.599    539.603 
        ALU_SUB_UNIT                            120    30.822    404.311    435.133 
          CLA_BLOCK_..CLA_4BIT_UNIT              18     5.465     68.912     74.378 
          CLA_BLOCK_..CLA_4BIT_UNIT              18     4.375     62.646     67.021 
          CLA_BLOCK_..CLA_4BIT_UNIT              18     4.320     61.801     66.121 
          CLA_BLOCK_..CLA_4BIT_UNIT              18     4.312     62.039     66.351 
          CLA_BLOCK_..CLA_4BIT_UNIT              15     4.128     64.386     68.514 
          CLA_BLOCK_..CLA_4BIT_UNIT              18     4.127     46.820     50.947 
      NOR_UNIT                                  205    53.479    408.053    461.532 
        SHF_left_unit                           142    38.311    181.375    219.685 
      SHF_RIGHT_MAN                             134    31.696    484.049    515.745 
      PSC_UNIT                                   88    22.319    174.078    196.396 
      MAN_COMP_24BIT                             80    21.915    213.232    235.147 
        u_i_data_2                               13     3.751     37.549     41.300 
        u_i_data_3                               13     3.751     37.549     41.300 
        u_i_data_4                               13     3.751     38.003     41.754 
        u_i_data_1                               13     3.584     36.799     40.383 
        u_i_data_5                               12     3.010     18.714     21.724 
        u_i_data_0                               10     2.332     25.472     27.804 
      MAN_SWAP                                   48    18.167    153.904    172.071 
      MAN_SWAP_PRE                               46    16.075    265.783    281.859 
      MAN_RND                                    26    13.551     30.749     44.300 
      EXP_ADJUST                                 37    10.536    115.514    126.050 
        CLA_8BIT_UNIT                            30     8.941     73.925     82.866 
          CLA_4BIT_UNIT_0                        18     5.121     36.945     42.066 
          CLA_4BIT_UNIT_1                        11     3.547     33.085     36.632 
      LOPD_24BIT                                 58    10.233     20.255     30.488 
        LOPD_16bit_UNIT_MSB                      34     5.994      6.050     12.044 
          LOPD_8bit_unit_1                       14     2.248      1.775      4.022 
          LOPD_8bit_unit_0                       14     2.158      0.000      2.158 
        LOPD_8bit_UNIT_LSB                       14     1.813      6.367      8.180 
      EXP_SUB                                    25     6.430    126.080    132.510 
        CLA_8BIT_UNIT                            20     5.810    114.365    120.174 
          CLA_4BIT_UNIT_0                        17     4.886    106.564    111.450 
          CLA_4BIT_UNIT_1                         2     0.703      4.555      5.258 
      EXP_COM_8BIT                               24     5.669     50.492     56.161 
        COMP_LESS_UNIT                           24     5.669     50.492     56.161 
          u_high                                 13     3.102     31.041     34.143 
          u_low                                  10     2.283     19.373     21.656 
      EXP_SWAP                                   13     4.463     37.880     42.343 
      EXP_RND                                    15     4.193     11.555     15.748 
      MAN_ALU_PROC_RND                            7     2.045     34.969     37.014 
      SIGN_UNIT                                   2     0.380      4.415      4.795 
  BFU2_S1_26                                   4488  1232.283  14743.670  15975.953 
    DATA_A_IM                                  1122   310.486   4026.489   4336.975 
      MAN_ALU                                   219    61.713    757.971    819.685 
        ALU_SUB_UNIT                            122    33.599    361.774    395.373 
          CLA_BLOCK_..CLA_4BIT_UNIT              20     5.945     51.313     57.257 
          CLA_BLOCK_..CLA_4BIT_UNIT              18     4.747     57.830     62.577 
          CLA_BLOCK_..CLA_4BIT_UNIT              18     4.722     58.702     63.424 
          CLA_BLOCK_..CLA_4BIT_UNIT              18     4.698     61.829     66.527 
          CLA_BLOCK_..CLA_4BIT_UNIT              18     4.615     51.108     55.723 
          CLA_BLOCK_..CLA_4BIT_UNIT              15     4.524     40.862     45.386 
      NOR_UNIT                                  205    55.863    783.552    839.415 
        SHF_left_unit                           142    37.741    509.350    547.091 
      SHF_RIGHT_MAN                             133    34.999    673.072    708.071 
      PSC_UNIT                                   86    22.277    153.940    176.217 
      MAN_COMP_24BIT                             80    19.627    118.728    138.355 
        u_i_data_3                               13     3.373     13.842     17.215 
        u_i_data_4                               13     3.373     13.862     17.235 
        u_i_data_2                               13     3.270     35.248     38.518 
        u_i_data_1                               13     3.254     15.381     18.635 
        u_i_data_5                               12     2.447     13.642     16.089 
        u_i_data_0                               10     2.294     14.421     16.715 
      MAN_SWAP                                   48    16.710    291.047    307.757 
      MAN_SWAP_PRE                               46    14.116    333.499    347.615 
      MAN_RND                                    26    13.961    112.578    126.539 
      LOPD_24BIT                                 58    11.951    100.281    112.232 
        LOPD_16bit_UNIT_MSB                      34     7.052     60.180     67.231 
          LOPD_8bit_unit_0                       14     2.831     29.943     32.774 
          LOPD_8bit_unit_1                       14     2.722     25.895     28.617 
        LOPD_8bit_UNIT_LSB                       14     2.556     32.262     34.818 
      EXP_ADJUST                                 37    10.635     95.838    106.473 
        CLA_8BIT_UNIT                            30     9.578     89.645     99.223 
          CLA_4BIT_UNIT_0                        18     5.151     46.491     51.641 
          CLA_4BIT_UNIT_1                        11     4.110     39.286     43.396 
      EXP_SUB                                    25     6.231    139.256    145.487 
        CLA_8BIT_UNIT                            20     5.836    136.101    141.936 
          CLA_4BIT_UNIT_0                        17     4.869    127.529    132.398 
          CLA_4BIT_UNIT_1                         2     0.746      5.326      6.073 
      EXP_COM_8BIT                               24     5.443    116.137    121.579 
        COMP_LESS_UNIT                           24     5.443    116.137    121.579 
          u_high                                 13     3.260     32.734     35.994 
          u_low                                  10     1.817     12.321     14.138 
      EXP_RND                                    15     4.518     28.887     33.406 
      EXP_SWAP                                   13     3.672     48.114     51.786 
      MAN_ALU_PROC_RND                            7     2.055     14.821     16.876 
      SIGN_UNIT                                   1     0.290      5.161      5.451 
    DATA_A_RE                                  1122   309.553   3876.600   4186.154 
      MAN_ALU                                   219    61.974    778.712    840.686 
        ALU_SUB_UNIT                            122    33.640    366.848    400.488 
          CLA_BLOCK_..CLA_4BIT_UNIT              20     5.945     51.313     57.257 
          CLA_BLOCK_..CLA_4BIT_UNIT              18     4.747     57.830     62.577 
          CLA_BLOCK_..CLA_4BIT_UNIT              18     4.722     58.702     63.424 
          CLA_BLOCK_..CLA_4BIT_UNIT              18     4.698     61.829     66.527 
          CLA_BLOCK_..CLA_4BIT_UNIT              18     4.656     56.182     60.838 
          CLA_BLOCK_..CLA_4BIT_UNIT              15     4.524     40.862     45.386 
      NOR_UNIT                                  205    56.066    812.793    868.859 
        SHF_left_unit                           142    37.829    532.145    569.974 
      SHF_RIGHT_MAN                             133    34.709    626.737    661.446 
      PSC_UNIT                                   86    22.030    143.813    165.843 
      MAN_COMP_24BIT                             80    19.827     85.024    104.851 
        u_i_data_2                               13     3.373     13.877     17.250 
        u_i_data_3                               13     3.373     13.842     17.215 
        u_i_data_4                               13     3.373     13.862     17.235 
        u_i_data_1                               13     3.254     15.381     18.635 
        u_i_data_5                               12     2.447     13.642     16.089 
        u_i_data_0                               10     2.294     14.421     16.715 
      MAN_SWAP                                   48    16.798    297.461    314.259 
      MAN_SWAP_PRE                               46    14.116    333.499    347.615 
      MAN_RND                                    26    13.968    117.894    131.862 
      LOPD_24BIT                                 58    11.840    103.513    115.353 
        LOPD_16bit_UNIT_MSB                      34     6.941     63.412     70.353 
          LOPD_8bit_unit_0                       14     2.761     33.203     35.964 
          LOPD_8bit_unit_1                       14     2.722     25.895     28.617 
        LOPD_8bit_UNIT_LSB                       14     2.556     32.262     34.818 
      EXP_ADJUST                                 37    10.396     47.096     57.492 
        CLA_8BIT_UNIT                            30     9.339     40.902     50.242 
          CLA_4BIT_UNIT_0                        18     4.915     32.437     37.352 
          CLA_4BIT_UNIT_1                        11     4.106      8.465     12.572 
      EXP_SUB                                    25     6.409    114.821    121.229 
        CLA_8BIT_UNIT                            20     5.864    105.580    111.444 
          CLA_4BIT_UNIT_0                        17     4.951     90.513     95.464 
          CLA_4BIT_UNIT_1                         2     0.693     11.822     12.514 
      EXP_COM_8BIT                               24     5.245    107.984    113.229 
        COMP_LESS_UNIT                           24     5.245    107.984    113.229 
          u_high                                 13     2.936     33.783     36.719 
          u_low                                  10     1.988      3.088      5.076 
      EXP_RND                                    15     4.341     17.338     21.679 
      EXP_SWAP                                   13     3.691     52.278     55.969 
      MAN_ALU_PROC_RND                            7     2.055     14.821     16.876 
      SIGN_UNIT                                   1     0.290      5.161      5.451 
    DATA_B_RE                                  1122   306.997   3908.816   4215.813 
      MAN_ALU                                   215    60.673    718.232    778.905 
        ALU_SUB_UNIT                            120    31.906    294.150    326.056 
          CLA_BLOCK_..CLA_4BIT_UNIT              18     5.062     37.846     42.908 
          CLA_BLOCK_..CLA_4BIT_UNIT              18     4.979     37.487     42.467 
          CLA_BLOCK_..CLA_4BIT_UNIT              18     4.889     37.030     41.919 
          CLA_BLOCK_..CLA_4BIT_UNIT              15     4.811     37.668     42.479 
          CLA_BLOCK_..CLA_4BIT_UNIT              18     4.747     42.029     46.777 
          CLA_BLOCK_..CLA_4BIT_UNIT              18     4.012     38.517     42.529 
      NOR_UNIT                                  205    55.006    846.777    901.784 
        SHF_left_unit                           142    37.795    553.760    591.556 
      SHF_RIGHT_MAN                             134    34.656    619.469    654.124 
      PSC_UNIT                                   88    21.845    137.140    158.985 
      MAN_COMP_24BIT                             80    19.762     85.022    104.784 
        u_i_data_2                               13     3.373     13.877     17.250 
        u_i_data_3                               13     3.373     13.843     17.216 
        u_i_data_4                               13     3.373     13.862     17.236 
        u_i_data_1                               13     3.254     15.381     18.635 
        u_i_data_5                               12     2.447     13.644     16.091 
        u_i_data_0                               10     2.228     14.417     16.645 
      MAN_SWAP                                   48    16.605    293.785    310.389 
      MAN_SWAP_PRE                               46    14.164    335.761    349.925 
      MAN_RND                                    26    13.887    121.221    135.109 
      LOPD_24BIT                                 58    11.893    104.685    116.578 
        LOPD_16bit_UNIT_MSB                      34     6.941     63.412     70.353 
          LOPD_8bit_unit_0                       14     2.761     33.203     35.964 
          LOPD_8bit_unit_1                       14     2.722     25.895     28.617 
        LOPD_8bit_UNIT_LSB                       14     2.608     33.434     36.042 
      EXP_ADJUST                                 37    10.375    134.253    144.627 
        CLA_8BIT_UNIT                            30     8.783     92.664    101.447 
          CLA_4BIT_UNIT_0                        18     4.872     48.517     53.390 
          CLA_4BIT_UNIT_1                        11     3.638     40.251     43.890 
      EXP_SUB                                    25     6.409    114.367    120.776 
        CLA_8BIT_UNIT                            20     5.864    105.127    110.990 
          CLA_4BIT_UNIT_0                        17     4.951     90.513     95.464 
          CLA_4BIT_UNIT_1                         2     0.693     11.368     12.061 
      EXP_COM_8BIT                               24     5.245    107.984    113.229 
        COMP_LESS_UNIT                           24     5.245    107.984    113.229 
          u_high                                 13     2.936     33.783     36.719 
          u_low                                  10     1.988      3.088      5.076 
      EXP_RND                                    15     4.392     11.560     15.952 
      EXP_SWAP                                   13     3.740     53.134     56.874 
      MAN_ALU_PROC_RND                            7     2.055     14.798     16.854 
      SIGN_UNIT                                   2     0.339      2.573      2.912 
    DATA_B_IM                                  1122   305.246   2931.765   3237.012 
      MAN_ALU                                   215    60.689    392.635    453.324 
        ALU_SUB_UNIT                            120    32.672    127.102    159.774 
          CLA_BLOCK_..CLA_4BIT_UNIT              18     5.228      1.032      6.261 
          CLA_BLOCK_..CLA_4BIT_UNIT              18     5.062     37.846     42.908 
          CLA_BLOCK_..CLA_4BIT_UNIT              15     5.004      1.920      6.924 
          CLA_BLOCK_..CLA_4BIT_UNIT              18     4.747     42.029     46.777 
          CLA_BLOCK_..CLA_4BIT_UNIT              18     4.731     26.439     31.170 
          CLA_BLOCK_..CLA_4BIT_UNIT              18     4.190      1.011      5.201 
      NOR_UNIT                                  205    54.255    313.199    367.454 
        SHF_left_unit                           142    38.638    239.228    277.866 
      SHF_RIGHT_MAN                             134    34.917    664.465    699.383 
      PSC_UNIT                                   88    22.043    167.648    189.692 
      MAN_COMP_24BIT                             80    19.562    118.726    138.288 
        u_i_data_3                               13     3.373     13.843     17.216 
        u_i_data_4                               13     3.373     13.862     17.236 
        u_i_data_2                               13     3.270     35.248     38.517 
        u_i_data_1                               13     3.254     15.381     18.635 
        u_i_data_5                               12     2.447     13.644     16.091 
        u_i_data_0                               10     2.228     14.417     16.645 
      MAN_SWAP                                   48    16.516    287.371    303.888 
      MAN_SWAP_PRE                               46    14.164    335.761    349.925 
      MAN_RND                                    26    13.769     52.588     66.357 
      LOPD_24BIT                                 58    10.896     35.001     45.897 
        LOPD_16bit_UNIT_MSB                      34     6.134      1.566      7.700 
          LOPD_8bit_unit_1                       14     2.337      0.000      2.337 
          LOPD_8bit_unit_0                       14     2.200      1.566      3.766 
        LOPD_8bit_UNIT_LSB                       14     2.608     33.434     36.042 
      EXP_ADJUST                                 37    10.177     57.912     68.089 
        CLA_8BIT_UNIT                            30     7.831     57.912     65.743 
          CLA_4BIT_UNIT_0                        18     4.270     38.804     43.074 
          CLA_4BIT_UNIT_1                        11     3.337     19.108     22.444 
      EXP_SUB                                    25     6.231    140.166    146.396 
        CLA_8BIT_UNIT                            20     5.836    137.010    142.846 
          CLA_4BIT_UNIT_0                        17     4.869    128.438    133.307 
          CLA_4BIT_UNIT_1                         2     0.746      5.326      6.073 
      EXP_COM_8BIT                               24     5.443    116.137    121.579 
        COMP_LESS_UNIT                           24     5.443    116.137    121.579 
          u_high                                 13     3.260     32.734     35.994 
          u_low                                  10     1.817     12.321     14.138 
      EXP_RND                                    15     4.244     27.947     32.191 
      EXP_SWAP                                   13     3.704     49.002     52.705 
      MAN_ALU_PROC_RND                            7     2.055     14.798     16.854 
      SIGN_UNIT                                   2     0.339      2.573      2.912 
  DETECT_START_STAGE1                             3     2.160     28.965     31.124 

