============================================================
  Generated by:           Genus(TM) Synthesis Solution GENUS15.20 - 15.20-p004_1
  Generated on:           Jan 04 2026  07:49:26 am
  Module:                 FFT_8Points
  Wireload mode:          enclosed
  Area mode:              timing library
============================================================

 
  Hierarchy Report Format : 
 
    level instance ( module ) <status>
 
    status :    preserve_<value> -- indicating preserve hierachy or inherited_preserve value
           :    blackbox --  indicating  unresolved instance
 
==================================================================

 0 FFT_8Points
  1 BFU2_S1_04 ( BFU_2_SIZE_DATA32_2687 ) 
     2 DATA_A_IM ( FPU_add_sub_NUM_OP1_2973 ) 
        3 EXP_ADJUST ( ADD_SUB_EXP_adjust_SIZE_EXP8_SIZE_LOPD8_1732 ) 
           4 CLA_8BIT_UNIT ( ADD_SUB_CLA_8bit_1083 ) 
              5 CLA_4BIT_UNIT_0 ( ADD_SUB_CLA_4bit_741 ) 
              5 CLA_4BIT_UNIT_1 ( ADD_SUB_CLA_4bit_740 ) 
        3 EXP_COM_8BIT ( ADD_SUB_EXP_comp_SIZE_DATA8_1783 ) 
           4 COMP_LESS_UNIT ( ADD_SUB_COMP_8bit_SIZE_DATA8_1681 ) 
              5 u_high ( ADD_SUB_COMP_4bit_1426 ) 
              5 u_low ( ADD_SUB_COMP_4bit_1427 ) 
        3 EXP_RND ( ADD_SUB_EXP_rounding_SIZE_DATA8_1834 ) 
        3 EXP_SUB ( ADD_SUB_EXP_sub_SIZE_EXP_SUB8_1885 ) 
           4 CLA_8BIT_UNIT ( ADD_SUB_CLA_8bit_1084 ) 
              5 CLA_4BIT_UNIT_0 ( ADD_SUB_CLA_4bit_749 ) 
              5 CLA_4BIT_UNIT_1 ( ADD_SUB_CLA_4bit_748 ) 
        3 EXP_SWAP ( ADD_SUB_EXP_swap_SIZE_DATA8_1936 ) 
        3 LOPD_24BIT ( ADD_SUB_LOPD_24bit_SIZE_DATA24_SIZE_LOPD5_2038 ) 
           4 LOPD_16bit_UNIT_MSB ( ADD_SUB_LOPD_16bit_1987 ) 
              5 LOPD_8bit_unit_0 ( ADD_SUB_LOPD_8bit_2135 ) 
              5 LOPD_8bit_unit_1 ( ADD_SUB_LOPD_8bit_2134 ) 
           4 LOPD_8bit_UNIT_LSB ( ADD_SUB_LOPD_8bit_2133 ) 
        3 MAN_ALU ( ADD_SUB_MAN_ALU_NUM_OP1_SIZE_MAN24_2244 ) 
           4 ALU_SUB_UNIT ( ADD_SUB_CLA_24bit_298 ) 
              5 CLA_BLOCK_GEN[0].CLA_4BIT_UNIT ( ADD_SUB_CLA_4bit_747 ) 
              5 CLA_BLOCK_GEN[1].CLA_4BIT_UNIT ( ADD_SUB_CLA_4bit_746 ) 
              5 CLA_BLOCK_GEN[2].CLA_4BIT_UNIT ( ADD_SUB_CLA_4bit_745 ) 
              5 CLA_BLOCK_GEN[3].CLA_4BIT_UNIT ( ADD_SUB_CLA_4bit_744 ) 
              5 CLA_BLOCK_GEN[4].CLA_4BIT_UNIT ( ADD_SUB_CLA_4bit_743 ) 
              5 CLA_BLOCK_GEN[5].CLA_4BIT_UNIT ( ADD_SUB_CLA_4bit_742 ) 
        3 MAN_ALU_PROC_RND ( ADD_SUB_CLS_4bit_1164 ) 
        3 MAN_COMP_24BIT ( ADD_SUB_COMP_24bit_SIZE_DATA24_1215 ) 
           4 u_i_data_0 ( ADD_SUB_COMP_4bit_1425 ) 
           4 u_i_data_1 ( ADD_SUB_COMP_4bit_1424 ) 
           4 u_i_data_2 ( ADD_SUB_COMP_4bit_1423 ) 
           4 u_i_data_3 ( ADD_SUB_COMP_4bit_1422 ) 
           4 u_i_data_4 ( ADD_SUB_COMP_4bit_1421 ) 
           4 u_i_data_5 ( ADD_SUB_COMP_4bit_1420 ) 
        3 MAN_RND ( ADD_SUB_MAN_rounding_SIZE_MAN32_SIZE_MAN_RESULT24_2295 ) 
        3 MAN_SWAP ( ADD_SUB_MAN_swap_SIZE_MAN24_2368 ) 
        3 MAN_SWAP_PRE ( ADD_SUB_MAN_swap_SIZE_MAN24_2369 ) 
        3 NOR_UNIT ( ADD_SUB_NOR_unit_SIZE_LOPD5_SIZE_DATA32_2449 ) 
           4 SHF_left_unit ( ADD_SUB_SHF_left_SIZE_DATA32_SIZE_SHIFT5_2551 ) 
        3 PSC_UNIT ( ADD_SUB_PSC_unit_2500 ) 
        3 SHF_RIGHT_MAN ( ADD_SUB_SHF_right_SIZE_DATA32_SIZE_SHIFT5_2602 ) 
        3 SIGN_UNIT ( ADD_SUB_SIGN_unit_2653 ) 
     2 DATA_A_RE ( FPU_add_sub_NUM_OP1_2974 ) 
        3 EXP_ADJUST ( ADD_SUB_EXP_adjust_SIZE_EXP8_SIZE_LOPD8_1733 ) 
           4 CLA_8BIT_UNIT ( ADD_SUB_CLA_8bit_1085 ) 
              5 CLA_4BIT_UNIT_0 ( ADD_SUB_CLA_4bit_751 ) 
              5 CLA_4BIT_UNIT_1 ( ADD_SUB_CLA_4bit_750 ) 
        3 EXP_COM_8BIT ( ADD_SUB_EXP_comp_SIZE_DATA8_1784 ) 
           4 COMP_LESS_UNIT ( ADD_SUB_COMP_8bit_SIZE_DATA8_1682 ) 
              5 u_high ( ADD_SUB_COMP_4bit_1434 ) 
              5 u_low ( ADD_SUB_COMP_4bit_1435 ) 
        3 EXP_RND ( ADD_SUB_EXP_rounding_SIZE_DATA8_1835 ) 
        3 EXP_SUB ( ADD_SUB_EXP_sub_SIZE_EXP_SUB8_1886 ) 
           4 CLA_8BIT_UNIT ( ADD_SUB_CLA_8bit_1086 ) 
              5 CLA_4BIT_UNIT_0 ( ADD_SUB_CLA_4bit_759 ) 
              5 CLA_4BIT_UNIT_1 ( ADD_SUB_CLA_4bit_758 ) 
        3 EXP_SWAP ( ADD_SUB_EXP_swap_SIZE_DATA8_1937 ) 
        3 LOPD_24BIT ( ADD_SUB_LOPD_24bit_SIZE_DATA24_SIZE_LOPD5_2039 ) 
           4 LOPD_16bit_UNIT_MSB ( ADD_SUB_LOPD_16bit_1988 ) 
              5 LOPD_8bit_unit_0 ( ADD_SUB_LOPD_8bit_2138 ) 
              5 LOPD_8bit_unit_1 ( ADD_SUB_LOPD_8bit_2137 ) 
           4 LOPD_8bit_UNIT_LSB ( ADD_SUB_LOPD_8bit_2136 ) 
        3 MAN_ALU ( ADD_SUB_MAN_ALU_NUM_OP1_SIZE_MAN24_2245 ) 
           4 ALU_SUB_UNIT ( ADD_SUB_CLA_24bit_299 ) 
              5 CLA_BLOCK_GEN[0].CLA_4BIT_UNIT ( ADD_SUB_CLA_4bit_757 ) 
              5 CLA_BLOCK_GEN[1].CLA_4BIT_UNIT ( ADD_SUB_CLA_4bit_756 ) 
              5 CLA_BLOCK_GEN[2].CLA_4BIT_UNIT ( ADD_SUB_CLA_4bit_755 ) 
              5 CLA_BLOCK_GEN[3].CLA_4BIT_UNIT ( ADD_SUB_CLA_4bit_754 ) 
              5 CLA_BLOCK_GEN[4].CLA_4BIT_UNIT ( ADD_SUB_CLA_4bit_753 ) 
              5 CLA_BLOCK_GEN[5].CLA_4BIT_UNIT ( ADD_SUB_CLA_4bit_752 ) 
        3 MAN_ALU_PROC_RND ( ADD_SUB_CLS_4bit_1165 ) 
        3 MAN_COMP_24BIT ( ADD_SUB_COMP_24bit_SIZE_DATA24_1216 ) 
           4 u_i_data_0 ( ADD_SUB_COMP_4bit_1433 ) 
           4 u_i_data_1 ( ADD_SUB_COMP_4bit_1432 ) 
           4 u_i_data_2 ( ADD_SUB_COMP_4bit_1431 ) 
           4 u_i_data_3 ( ADD_SUB_COMP_4bit_1430 ) 
           4 u_i_data_4 ( ADD_SUB_COMP_4bit_1429 ) 
           4 u_i_data_5 ( ADD_SUB_COMP_4bit_1428 ) 
        3 MAN_RND ( ADD_SUB_MAN_rounding_SIZE_MAN32_SIZE_MAN_RESULT24_2296 ) 
        3 MAN_SWAP ( ADD_SUB_MAN_swap_SIZE_MAN24_2370 ) 
        3 MAN_SWAP_PRE ( ADD_SUB_MAN_swap_SIZE_MAN24_2371 ) 
        3 NOR_UNIT ( ADD_SUB_NOR_unit_SIZE_LOPD5_SIZE_DATA32_2450 ) 
           4 SHF_left_unit ( ADD_SUB_SHF_left_SIZE_DATA32_SIZE_SHIFT5_2552 ) 
        3 PSC_UNIT ( ADD_SUB_PSC_unit_2501 ) 
        3 SHF_RIGHT_MAN ( ADD_SUB_SHF_right_SIZE_DATA32_SIZE_SHIFT5_2603 ) 
        3 SIGN_UNIT ( ADD_SUB_SIGN_unit_2654 ) 
     2 DATA_B_IM ( FPU_add_sub_NUM_OP1_2971 ) 
        3 EXP_ADJUST ( ADD_SUB_EXP_adjust_SIZE_EXP8_SIZE_LOPD8_1730 ) 
           4 CLA_8BIT_UNIT ( ADD_SUB_CLA_8bit_1079 ) 
              5 CLA_4BIT_UNIT_0 ( ADD_SUB_CLA_4bit_721 ) 
              5 CLA_4BIT_UNIT_1 ( ADD_SUB_CLA_4bit_720 ) 
        3 EXP_COM_8BIT ( ADD_SUB_EXP_comp_SIZE_DATA8_1781 ) 
           4 COMP_LESS_UNIT ( ADD_SUB_COMP_8bit_SIZE_DATA8_1679 ) 
              5 u_high ( ADD_SUB_COMP_4bit_1410 ) 
              5 u_low ( ADD_SUB_COMP_4bit_1411 ) 
        3 EXP_RND ( ADD_SUB_EXP_rounding_SIZE_DATA8_1832 ) 
        3 EXP_SUB ( ADD_SUB_EXP_sub_SIZE_EXP_SUB8_1883 ) 
           4 CLA_8BIT_UNIT ( ADD_SUB_CLA_8bit_1080 ) 
              5 CLA_4BIT_UNIT_0 ( ADD_SUB_CLA_4bit_729 ) 
              5 CLA_4BIT_UNIT_1 ( ADD_SUB_CLA_4bit_728 ) 
        3 EXP_SWAP ( ADD_SUB_EXP_swap_SIZE_DATA8_1934 ) 
        3 LOPD_24BIT ( ADD_SUB_LOPD_24bit_SIZE_DATA24_SIZE_LOPD5_2036 ) 
           4 LOPD_16bit_UNIT_MSB ( ADD_SUB_LOPD_16bit_1985 ) 
              5 LOPD_8bit_unit_0 ( ADD_SUB_LOPD_8bit_2129 ) 
              5 LOPD_8bit_unit_1 ( ADD_SUB_LOPD_8bit_2128 ) 
           4 LOPD_8bit_UNIT_LSB ( ADD_SUB_LOPD_8bit_2127 ) 
        3 MAN_ALU ( ADD_SUB_MAN_ALU_NUM_OP1_SIZE_MAN24_2242 ) 
           4 ALU_SUB_UNIT ( ADD_SUB_CLA_24bit_296 ) 
              5 CLA_BLOCK_GEN[0].CLA_4BIT_UNIT ( ADD_SUB_CLA_4bit_727 ) 
              5 CLA_BLOCK_GEN[1].CLA_4BIT_UNIT ( ADD_SUB_CLA_4bit_726 ) 
              5 CLA_BLOCK_GEN[2].CLA_4BIT_UNIT ( ADD_SUB_CLA_4bit_725 ) 
              5 CLA_BLOCK_GEN[3].CLA_4BIT_UNIT ( ADD_SUB_CLA_4bit_724 ) 
              5 CLA_BLOCK_GEN[4].CLA_4BIT_UNIT ( ADD_SUB_CLA_4bit_723 ) 
              5 CLA_BLOCK_GEN[5].CLA_4BIT_UNIT ( ADD_SUB_CLA_4bit_722 ) 
        3 MAN_ALU_PROC_RND ( ADD_SUB_CLS_4bit_1162 ) 
        3 MAN_COMP_24BIT ( ADD_SUB_COMP_24bit_SIZE_DATA24_1213 ) 
           4 u_i_data_0 ( ADD_SUB_COMP_4bit_1409 ) 
           4 u_i_data_1 ( ADD_SUB_COMP_4bit_1408 ) 
           4 u_i_data_2 ( ADD_SUB_COMP_4bit_1407 ) 
           4 u_i_data_3 ( ADD_SUB_COMP_4bit_1406 ) 
           4 u_i_data_4 ( ADD_SUB_COMP_4bit_1405 ) 
           4 u_i_data_5 ( ADD_SUB_COMP_4bit_1404 ) 
        3 MAN_RND ( ADD_SUB_MAN_rounding_SIZE_MAN32_SIZE_MAN_RESULT24_2293 ) 
        3 MAN_SWAP ( ADD_SUB_MAN_swap_SIZE_MAN24_2364 ) 
        3 MAN_SWAP_PRE ( ADD_SUB_MAN_swap_SIZE_MAN24_2365 ) 
        3 NOR_UNIT ( ADD_SUB_NOR_unit_SIZE_LOPD5_SIZE_DATA32_2447 ) 
           4 SHF_left_unit ( ADD_SUB_SHF_left_SIZE_DATA32_SIZE_SHIFT5_2549 ) 
        3 PSC_UNIT ( ADD_SUB_PSC_unit_2498 ) 
        3 SHF_RIGHT_MAN ( ADD_SUB_SHF_right_SIZE_DATA32_SIZE_SHIFT5_2600 ) 
        3 SIGN_UNIT ( ADD_SUB_SIGN_unit_2651 ) 
     2 DATA_B_RE ( FPU_add_sub_NUM_OP1_2972 ) 
        3 EXP_ADJUST ( ADD_SUB_EXP_adjust_SIZE_EXP8_SIZE_LOPD8_1731 ) 
           4 CLA_8BIT_UNIT ( ADD_SUB_CLA_8bit_1081 ) 
              5 CLA_4BIT_UNIT_0 ( ADD_SUB_CLA_4bit_731 ) 
              5 CLA_4BIT_UNIT_1 ( ADD_SUB_CLA_4bit_730 ) 
        3 EXP_COM_8BIT ( ADD_SUB_EXP_comp_SIZE_DATA8_1782 ) 
           4 COMP_LESS_UNIT ( ADD_SUB_COMP_8bit_SIZE_DATA8_1680 ) 
              5 u_high ( ADD_SUB_COMP_4bit_1418 ) 
              5 u_low ( ADD_SUB_COMP_4bit_1419 ) 
        3 EXP_RND ( ADD_SUB_EXP_rounding_SIZE_DATA8_1833 ) 
        3 EXP_SUB ( ADD_SUB_EXP_sub_SIZE_EXP_SUB8_1884 ) 
           4 CLA_8BIT_UNIT ( ADD_SUB_CLA_8bit_1082 ) 
              5 CLA_4BIT_UNIT_0 ( ADD_SUB_CLA_4bit_739 ) 
              5 CLA_4BIT_UNIT_1 ( ADD_SUB_CLA_4bit_738 ) 
        3 EXP_SWAP ( ADD_SUB_EXP_swap_SIZE_DATA8_1935 ) 
        3 LOPD_24BIT ( ADD_SUB_LOPD_24bit_SIZE_DATA24_SIZE_LOPD5_2037 ) 
           4 LOPD_16bit_UNIT_MSB ( ADD_SUB_LOPD_16bit_1986 ) 
              5 LOPD_8bit_unit_0 ( ADD_SUB_LOPD_8bit_2132 ) 
              5 LOPD_8bit_unit_1 ( ADD_SUB_LOPD_8bit_2131 ) 
           4 LOPD_8bit_UNIT_LSB ( ADD_SUB_LOPD_8bit_2130 ) 
        3 MAN_ALU ( ADD_SUB_MAN_ALU_NUM_OP1_SIZE_MAN24_2243 ) 
           4 ALU_SUB_UNIT ( ADD_SUB_CLA_24bit_297 ) 
              5 CLA_BLOCK_GEN[0].CLA_4BIT_UNIT ( ADD_SUB_CLA_4bit_737 ) 
              5 CLA_BLOCK_GEN[1].CLA_4BIT_UNIT ( ADD_SUB_CLA_4bit_736 ) 
              5 CLA_BLOCK_GEN[2].CLA_4BIT_UNIT ( ADD_SUB_CLA_4bit_735 ) 
              5 CLA_BLOCK_GEN[3].CLA_4BIT_UNIT ( ADD_SUB_CLA_4bit_734 ) 
              5 CLA_BLOCK_GEN[4].CLA_4BIT_UNIT ( ADD_SUB_CLA_4bit_733 ) 
              5 CLA_BLOCK_GEN[5].CLA_4BIT_UNIT ( ADD_SUB_CLA_4bit_732 ) 
        3 MAN_ALU_PROC_RND ( ADD_SUB_CLS_4bit_1163 ) 
        3 MAN_COMP_24BIT ( ADD_SUB_COMP_24bit_SIZE_DATA24_1214 ) 
           4 u_i_data_0 ( ADD_SUB_COMP_4bit_1417 ) 
           4 u_i_data_1 ( ADD_SUB_COMP_4bit_1416 ) 
           4 u_i_data_2 ( ADD_SUB_COMP_4bit_1415 ) 
           4 u_i_data_3 ( ADD_SUB_COMP_4bit_1414 ) 
           4 u_i_data_4 ( ADD_SUB_COMP_4bit_1413 ) 
           4 u_i_data_5 ( ADD_SUB_COMP_4bit_1412 ) 
        3 MAN_RND ( ADD_SUB_MAN_rounding_SIZE_MAN32_SIZE_MAN_RESULT24_2294 ) 
        3 MAN_SWAP ( ADD_SUB_MAN_swap_SIZE_MAN24_2366 ) 
        3 MAN_SWAP_PRE ( ADD_SUB_MAN_swap_SIZE_MAN24_2367 ) 
        3 NOR_UNIT ( ADD_SUB_NOR_unit_SIZE_LOPD5_SIZE_DATA32_2448 ) 
           4 SHF_left_unit ( ADD_SUB_SHF_left_SIZE_DATA32_SIZE_SHIFT5_2550 ) 
        3 PSC_UNIT ( ADD_SUB_PSC_unit_2499 ) 
        3 SHF_RIGHT_MAN ( ADD_SUB_SHF_right_SIZE_DATA32_SIZE_SHIFT5_2601 ) 
        3 SIGN_UNIT ( ADD_SUB_SIGN_unit_2652 ) 
  1 BFU2_S1_15 ( BFU_2_SIZE_DATA32_2685 ) 
     2 DATA_A_IM ( FPU_add_sub_NUM_OP1_2965 ) 
        3 EXP_ADJUST ( ADD_SUB_EXP_adjust_SIZE_EXP8_SIZE_LOPD8_1724 ) 
           4 CLA_8BIT_UNIT ( ADD_SUB_CLA_8bit_1067 ) 
              5 CLA_4BIT_UNIT_0 ( ADD_SUB_CLA_4bit_661 ) 
              5 CLA_4BIT_UNIT_1 ( ADD_SUB_CLA_4bit_660 ) 
        3 EXP_COM_8BIT ( ADD_SUB_EXP_comp_SIZE_DATA8_1775 ) 
           4 COMP_LESS_UNIT ( ADD_SUB_COMP_8bit_SIZE_DATA8_1673 ) 
              5 u_high ( ADD_SUB_COMP_4bit_1362 ) 
              5 u_low ( ADD_SUB_COMP_4bit_1363 ) 
        3 EXP_RND ( ADD_SUB_EXP_rounding_SIZE_DATA8_1826 ) 
        3 EXP_SUB ( ADD_SUB_EXP_sub_SIZE_EXP_SUB8_1877 ) 
           4 CLA_8BIT_UNIT ( ADD_SUB_CLA_8bit_1068 ) 
              5 CLA_4BIT_UNIT_0 ( ADD_SUB_CLA_4bit_669 ) 
              5 CLA_4BIT_UNIT_1 ( ADD_SUB_CLA_4bit_668 ) 
        3 EXP_SWAP ( ADD_SUB_EXP_swap_SIZE_DATA8_1928 ) 
        3 LOPD_24BIT ( ADD_SUB_LOPD_24bit_SIZE_DATA24_SIZE_LOPD5_2030 ) 
           4 LOPD_16bit_UNIT_MSB ( ADD_SUB_LOPD_16bit_1979 ) 
              5 LOPD_8bit_unit_0 ( ADD_SUB_LOPD_8bit_2111 ) 
              5 LOPD_8bit_unit_1 ( ADD_SUB_LOPD_8bit_2110 ) 
           4 LOPD_8bit_UNIT_LSB ( ADD_SUB_LOPD_8bit_2109 ) 
        3 MAN_ALU ( ADD_SUB_MAN_ALU_NUM_OP1_SIZE_MAN24_2236 ) 
           4 ALU_SUB_UNIT ( ADD_SUB_CLA_24bit_290 ) 
              5 CLA_BLOCK_GEN[0].CLA_4BIT_UNIT ( ADD_SUB_CLA_4bit_667 ) 
              5 CLA_BLOCK_GEN[1].CLA_4BIT_UNIT ( ADD_SUB_CLA_4bit_666 ) 
              5 CLA_BLOCK_GEN[2].CLA_4BIT_UNIT ( ADD_SUB_CLA_4bit_665 ) 
              5 CLA_BLOCK_GEN[3].CLA_4BIT_UNIT ( ADD_SUB_CLA_4bit_664 ) 
              5 CLA_BLOCK_GEN[4].CLA_4BIT_UNIT ( ADD_SUB_CLA_4bit_663 ) 
              5 CLA_BLOCK_GEN[5].CLA_4BIT_UNIT ( ADD_SUB_CLA_4bit_662 ) 
        3 MAN_ALU_PROC_RND ( ADD_SUB_CLS_4bit_1156 ) 
        3 MAN_COMP_24BIT ( ADD_SUB_COMP_24bit_SIZE_DATA24_1207 ) 
           4 u_i_data_0 ( ADD_SUB_COMP_4bit_1361 ) 
           4 u_i_data_1 ( ADD_SUB_COMP_4bit_1360 ) 
           4 u_i_data_2 ( ADD_SUB_COMP_4bit_1359 ) 
           4 u_i_data_3 ( ADD_SUB_COMP_4bit_1358 ) 
           4 u_i_data_4 ( ADD_SUB_COMP_4bit_1357 ) 
           4 u_i_data_5 ( ADD_SUB_COMP_4bit_1356 ) 
        3 MAN_RND ( ADD_SUB_MAN_rounding_SIZE_MAN32_SIZE_MAN_RESULT24_2287 ) 
        3 MAN_SWAP ( ADD_SUB_MAN_swap_SIZE_MAN24_2352 ) 
        3 MAN_SWAP_PRE ( ADD_SUB_MAN_swap_SIZE_MAN24_2353 ) 
        3 NOR_UNIT ( ADD_SUB_NOR_unit_SIZE_LOPD5_SIZE_DATA32_2441 ) 
           4 SHF_left_unit ( ADD_SUB_SHF_left_SIZE_DATA32_SIZE_SHIFT5_2543 ) 
        3 PSC_UNIT ( ADD_SUB_PSC_unit_2492 ) 
        3 SHF_RIGHT_MAN ( ADD_SUB_SHF_right_SIZE_DATA32_SIZE_SHIFT5_2594 ) 
        3 SIGN_UNIT ( ADD_SUB_SIGN_unit_2645 ) 
     2 DATA_A_RE ( FPU_add_sub_NUM_OP1_2966 ) 
        3 EXP_ADJUST ( ADD_SUB_EXP_adjust_SIZE_EXP8_SIZE_LOPD8_1725 ) 
           4 CLA_8BIT_UNIT ( ADD_SUB_CLA_8bit_1069 ) 
              5 CLA_4BIT_UNIT_0 ( ADD_SUB_CLA_4bit_671 ) 
              5 CLA_4BIT_UNIT_1 ( ADD_SUB_CLA_4bit_670 ) 
        3 EXP_COM_8BIT ( ADD_SUB_EXP_comp_SIZE_DATA8_1776 ) 
           4 COMP_LESS_UNIT ( ADD_SUB_COMP_8bit_SIZE_DATA8_1674 ) 
              5 u_high ( ADD_SUB_COMP_4bit_1370 ) 
              5 u_low ( ADD_SUB_COMP_4bit_1371 ) 
        3 EXP_RND ( ADD_SUB_EXP_rounding_SIZE_DATA8_1827 ) 
        3 EXP_SUB ( ADD_SUB_EXP_sub_SIZE_EXP_SUB8_1878 ) 
           4 CLA_8BIT_UNIT ( ADD_SUB_CLA_8bit_1070 ) 
              5 CLA_4BIT_UNIT_0 ( ADD_SUB_CLA_4bit_679 ) 
              5 CLA_4BIT_UNIT_1 ( ADD_SUB_CLA_4bit_678 ) 
        3 EXP_SWAP ( ADD_SUB_EXP_swap_SIZE_DATA8_1929 ) 
        3 LOPD_24BIT ( ADD_SUB_LOPD_24bit_SIZE_DATA24_SIZE_LOPD5_2031 ) 
           4 LOPD_16bit_UNIT_MSB ( ADD_SUB_LOPD_16bit_1980 ) 
              5 LOPD_8bit_unit_0 ( ADD_SUB_LOPD_8bit_2114 ) 
              5 LOPD_8bit_unit_1 ( ADD_SUB_LOPD_8bit_2113 ) 
           4 LOPD_8bit_UNIT_LSB ( ADD_SUB_LOPD_8bit_2112 ) 
        3 MAN_ALU ( ADD_SUB_MAN_ALU_NUM_OP1_SIZE_MAN24_2237 ) 
           4 ALU_SUB_UNIT ( ADD_SUB_CLA_24bit_291 ) 
              5 CLA_BLOCK_GEN[0].CLA_4BIT_UNIT ( ADD_SUB_CLA_4bit_677 ) 
              5 CLA_BLOCK_GEN[1].CLA_4BIT_UNIT ( ADD_SUB_CLA_4bit_676 ) 
              5 CLA_BLOCK_GEN[2].CLA_4BIT_UNIT ( ADD_SUB_CLA_4bit_675 ) 
              5 CLA_BLOCK_GEN[3].CLA_4BIT_UNIT ( ADD_SUB_CLA_4bit_674 ) 
              5 CLA_BLOCK_GEN[4].CLA_4BIT_UNIT ( ADD_SUB_CLA_4bit_673 ) 
              5 CLA_BLOCK_GEN[5].CLA_4BIT_UNIT ( ADD_SUB_CLA_4bit_672 ) 
        3 MAN_ALU_PROC_RND ( ADD_SUB_CLS_4bit_1157 ) 
        3 MAN_COMP_24BIT ( ADD_SUB_COMP_24bit_SIZE_DATA24_1208 ) 
           4 u_i_data_0 ( ADD_SUB_COMP_4bit_1369 ) 
           4 u_i_data_1 ( ADD_SUB_COMP_4bit_1368 ) 
           4 u_i_data_2 ( ADD_SUB_COMP_4bit_1367 ) 
           4 u_i_data_3 ( ADD_SUB_COMP_4bit_1366 ) 
           4 u_i_data_4 ( ADD_SUB_COMP_4bit_1365 ) 
           4 u_i_data_5 ( ADD_SUB_COMP_4bit_1364 ) 
        3 MAN_RND ( ADD_SUB_MAN_rounding_SIZE_MAN32_SIZE_MAN_RESULT24_2288 ) 
        3 MAN_SWAP ( ADD_SUB_MAN_swap_SIZE_MAN24_2354 ) 
        3 MAN_SWAP_PRE ( ADD_SUB_MAN_swap_SIZE_MAN24_2355 ) 
        3 NOR_UNIT ( ADD_SUB_NOR_unit_SIZE_LOPD5_SIZE_DATA32_2442 ) 
           4 SHF_left_unit ( ADD_SUB_SHF_left_SIZE_DATA32_SIZE_SHIFT5_2544 ) 
        3 PSC_UNIT ( ADD_SUB_PSC_unit_2493 ) 
        3 SHF_RIGHT_MAN ( ADD_SUB_SHF_right_SIZE_DATA32_SIZE_SHIFT5_2595 ) 
        3 SIGN_UNIT ( ADD_SUB_SIGN_unit_2646 ) 
     2 DATA_B_IM ( FPU_add_sub_NUM_OP1_2963 ) 
        3 EXP_ADJUST ( ADD_SUB_EXP_adjust_SIZE_EXP8_SIZE_LOPD8_1722 ) 
           4 CLA_8BIT_UNIT ( ADD_SUB_CLA_8bit_1063 ) 
              5 CLA_4BIT_UNIT_0 ( ADD_SUB_CLA_4bit_641 ) 
              5 CLA_4BIT_UNIT_1 ( ADD_SUB_CLA_4bit_640 ) 
        3 EXP_COM_8BIT ( ADD_SUB_EXP_comp_SIZE_DATA8_1773 ) 
           4 COMP_LESS_UNIT ( ADD_SUB_COMP_8bit_SIZE_DATA8_1671 ) 
              5 u_high ( ADD_SUB_COMP_4bit_1346 ) 
              5 u_low ( ADD_SUB_COMP_4bit_1347 ) 
        3 EXP_RND ( ADD_SUB_EXP_rounding_SIZE_DATA8_1824 ) 
        3 EXP_SUB ( ADD_SUB_EXP_sub_SIZE_EXP_SUB8_1875 ) 
           4 CLA_8BIT_UNIT ( ADD_SUB_CLA_8bit_1064 ) 
              5 CLA_4BIT_UNIT_0 ( ADD_SUB_CLA_4bit_649 ) 
              5 CLA_4BIT_UNIT_1 ( ADD_SUB_CLA_4bit_648 ) 
        3 EXP_SWAP ( ADD_SUB_EXP_swap_SIZE_DATA8_1926 ) 
        3 LOPD_24BIT ( ADD_SUB_LOPD_24bit_SIZE_DATA24_SIZE_LOPD5_2028 ) 
           4 LOPD_16bit_UNIT_MSB ( ADD_SUB_LOPD_16bit_1977 ) 
              5 LOPD_8bit_unit_0 ( ADD_SUB_LOPD_8bit_2105 ) 
              5 LOPD_8bit_unit_1 ( ADD_SUB_LOPD_8bit_2104 ) 
           4 LOPD_8bit_UNIT_LSB ( ADD_SUB_LOPD_8bit_2103 ) 
        3 MAN_ALU ( ADD_SUB_MAN_ALU_NUM_OP1_SIZE_MAN24_2234 ) 
           4 ALU_SUB_UNIT ( ADD_SUB_CLA_24bit_288 ) 
              5 CLA_BLOCK_GEN[0].CLA_4BIT_UNIT ( ADD_SUB_CLA_4bit_647 ) 
              5 CLA_BLOCK_GEN[1].CLA_4BIT_UNIT ( ADD_SUB_CLA_4bit_646 ) 
              5 CLA_BLOCK_GEN[2].CLA_4BIT_UNIT ( ADD_SUB_CLA_4bit_645 ) 
              5 CLA_BLOCK_GEN[3].CLA_4BIT_UNIT ( ADD_SUB_CLA_4bit_644 ) 
              5 CLA_BLOCK_GEN[4].CLA_4BIT_UNIT ( ADD_SUB_CLA_4bit_643 ) 
              5 CLA_BLOCK_GEN[5].CLA_4BIT_UNIT ( ADD_SUB_CLA_4bit_642 ) 
        3 MAN_ALU_PROC_RND ( ADD_SUB_CLS_4bit_1154 ) 
        3 MAN_COMP_24BIT ( ADD_SUB_COMP_24bit_SIZE_DATA24_1205 ) 
           4 u_i_data_0 ( ADD_SUB_COMP_4bit_1345 ) 
           4 u_i_data_1 ( ADD_SUB_COMP_4bit_1344 ) 
           4 u_i_data_2 ( ADD_SUB_COMP_4bit_1343 ) 
           4 u_i_data_3 ( ADD_SUB_COMP_4bit_1342 ) 
           4 u_i_data_4 ( ADD_SUB_COMP_4bit_1341 ) 
           4 u_i_data_5 ( ADD_SUB_COMP_4bit_1340 ) 
        3 MAN_RND ( ADD_SUB_MAN_rounding_SIZE_MAN32_SIZE_MAN_RESULT24_2285 ) 
        3 MAN_SWAP ( ADD_SUB_MAN_swap_SIZE_MAN24_2348 ) 
        3 MAN_SWAP_PRE ( ADD_SUB_MAN_swap_SIZE_MAN24_2349 ) 
        3 NOR_UNIT ( ADD_SUB_NOR_unit_SIZE_LOPD5_SIZE_DATA32_2439 ) 
           4 SHF_left_unit ( ADD_SUB_SHF_left_SIZE_DATA32_SIZE_SHIFT5_2541 ) 
        3 PSC_UNIT ( ADD_SUB_PSC_unit_2490 ) 
        3 SHF_RIGHT_MAN ( ADD_SUB_SHF_right_SIZE_DATA32_SIZE_SHIFT5_2592 ) 
        3 SIGN_UNIT ( ADD_SUB_SIGN_unit_2643 ) 
     2 DATA_B_RE ( FPU_add_sub_NUM_OP1_2964 ) 
        3 EXP_ADJUST ( ADD_SUB_EXP_adjust_SIZE_EXP8_SIZE_LOPD8_1723 ) 
           4 CLA_8BIT_UNIT ( ADD_SUB_CLA_8bit_1065 ) 
              5 CLA_4BIT_UNIT_0 ( ADD_SUB_CLA_4bit_651 ) 
              5 CLA_4BIT_UNIT_1 ( ADD_SUB_CLA_4bit_650 ) 
        3 EXP_COM_8BIT ( ADD_SUB_EXP_comp_SIZE_DATA8_1774 ) 
           4 COMP_LESS_UNIT ( ADD_SUB_COMP_8bit_SIZE_DATA8_1672 ) 
              5 u_high ( ADD_SUB_COMP_4bit_1354 ) 
              5 u_low ( ADD_SUB_COMP_4bit_1355 ) 
        3 EXP_RND ( ADD_SUB_EXP_rounding_SIZE_DATA8_1825 ) 
        3 EXP_SUB ( ADD_SUB_EXP_sub_SIZE_EXP_SUB8_1876 ) 
           4 CLA_8BIT_UNIT ( ADD_SUB_CLA_8bit_1066 ) 
              5 CLA_4BIT_UNIT_0 ( ADD_SUB_CLA_4bit_659 ) 
              5 CLA_4BIT_UNIT_1 ( ADD_SUB_CLA_4bit_658 ) 
        3 EXP_SWAP ( ADD_SUB_EXP_swap_SIZE_DATA8_1927 ) 
        3 LOPD_24BIT ( ADD_SUB_LOPD_24bit_SIZE_DATA24_SIZE_LOPD5_2029 ) 
           4 LOPD_16bit_UNIT_MSB ( ADD_SUB_LOPD_16bit_1978 ) 
              5 LOPD_8bit_unit_0 ( ADD_SUB_LOPD_8bit_2108 ) 
              5 LOPD_8bit_unit_1 ( ADD_SUB_LOPD_8bit_2107 ) 
           4 LOPD_8bit_UNIT_LSB ( ADD_SUB_LOPD_8bit_2106 ) 
        3 MAN_ALU ( ADD_SUB_MAN_ALU_NUM_OP1_SIZE_MAN24_2235 ) 
           4 ALU_SUB_UNIT ( ADD_SUB_CLA_24bit_289 ) 
              5 CLA_BLOCK_GEN[0].CLA_4BIT_UNIT ( ADD_SUB_CLA_4bit_657 ) 
              5 CLA_BLOCK_GEN[1].CLA_4BIT_UNIT ( ADD_SUB_CLA_4bit_656 ) 
              5 CLA_BLOCK_GEN[2].CLA_4BIT_UNIT ( ADD_SUB_CLA_4bit_655 ) 
              5 CLA_BLOCK_GEN[3].CLA_4BIT_UNIT ( ADD_SUB_CLA_4bit_654 ) 
              5 CLA_BLOCK_GEN[4].CLA_4BIT_UNIT ( ADD_SUB_CLA_4bit_653 ) 
              5 CLA_BLOCK_GEN[5].CLA_4BIT_UNIT ( ADD_SUB_CLA_4bit_652 ) 
        3 MAN_ALU_PROC_RND ( ADD_SUB_CLS_4bit_1155 ) 
        3 MAN_COMP_24BIT ( ADD_SUB_COMP_24bit_SIZE_DATA24_1206 ) 
           4 u_i_data_0 ( ADD_SUB_COMP_4bit_1353 ) 
           4 u_i_data_1 ( ADD_SUB_COMP_4bit_1352 ) 
           4 u_i_data_2 ( ADD_SUB_COMP_4bit_1351 ) 
           4 u_i_data_3 ( ADD_SUB_COMP_4bit_1350 ) 
           4 u_i_data_4 ( ADD_SUB_COMP_4bit_1349 ) 
           4 u_i_data_5 ( ADD_SUB_COMP_4bit_1348 ) 
        3 MAN_RND ( ADD_SUB_MAN_rounding_SIZE_MAN32_SIZE_MAN_RESULT24_2286 ) 
        3 MAN_SWAP ( ADD_SUB_MAN_swap_SIZE_MAN24_2350 ) 
        3 MAN_SWAP_PRE ( ADD_SUB_MAN_swap_SIZE_MAN24_2351 ) 
        3 NOR_UNIT ( ADD_SUB_NOR_unit_SIZE_LOPD5_SIZE_DATA32_2440 ) 
           4 SHF_left_unit ( ADD_SUB_SHF_left_SIZE_DATA32_SIZE_SHIFT5_2542 ) 
        3 PSC_UNIT ( ADD_SUB_PSC_unit_2491 ) 
        3 SHF_RIGHT_MAN ( ADD_SUB_SHF_right_SIZE_DATA32_SIZE_SHIFT5_2593 ) 
        3 SIGN_UNIT ( ADD_SUB_SIGN_unit_2644 ) 
  1 BFU2_S1_26 ( BFU_2_SIZE_DATA32_2686 ) 
     2 DATA_A_IM ( FPU_add_sub_NUM_OP1_2969 ) 
        3 EXP_ADJUST ( ADD_SUB_EXP_adjust_SIZE_EXP8_SIZE_LOPD8_1728 ) 
           4 CLA_8BIT_UNIT ( ADD_SUB_CLA_8bit_1075 ) 
              5 CLA_4BIT_UNIT_0 ( ADD_SUB_CLA_4bit_701 ) 
              5 CLA_4BIT_UNIT_1 ( ADD_SUB_CLA_4bit_700 ) 
        3 EXP_COM_8BIT ( ADD_SUB_EXP_comp_SIZE_DATA8_1779 ) 
           4 COMP_LESS_UNIT ( ADD_SUB_COMP_8bit_SIZE_DATA8_1677 ) 
              5 u_high ( ADD_SUB_COMP_4bit_1394 ) 
              5 u_low ( ADD_SUB_COMP_4bit_1395 ) 
        3 EXP_RND ( ADD_SUB_EXP_rounding_SIZE_DATA8_1830 ) 
        3 EXP_SUB ( ADD_SUB_EXP_sub_SIZE_EXP_SUB8_1881 ) 
           4 CLA_8BIT_UNIT ( ADD_SUB_CLA_8bit_1076 ) 
              5 CLA_4BIT_UNIT_0 ( ADD_SUB_CLA_4bit_709 ) 
              5 CLA_4BIT_UNIT_1 ( ADD_SUB_CLA_4bit_708 ) 
        3 EXP_SWAP ( ADD_SUB_EXP_swap_SIZE_DATA8_1932 ) 
        3 LOPD_24BIT ( ADD_SUB_LOPD_24bit_SIZE_DATA24_SIZE_LOPD5_2034 ) 
           4 LOPD_16bit_UNIT_MSB ( ADD_SUB_LOPD_16bit_1983 ) 
              5 LOPD_8bit_unit_0 ( ADD_SUB_LOPD_8bit_2123 ) 
              5 LOPD_8bit_unit_1 ( ADD_SUB_LOPD_8bit_2122 ) 
           4 LOPD_8bit_UNIT_LSB ( ADD_SUB_LOPD_8bit_2121 ) 
        3 MAN_ALU ( ADD_SUB_MAN_ALU_NUM_OP1_SIZE_MAN24_2240 ) 
           4 ALU_SUB_UNIT ( ADD_SUB_CLA_24bit_294 ) 
              5 CLA_BLOCK_GEN[0].CLA_4BIT_UNIT ( ADD_SUB_CLA_4bit_707 ) 
              5 CLA_BLOCK_GEN[1].CLA_4BIT_UNIT ( ADD_SUB_CLA_4bit_706 ) 
              5 CLA_BLOCK_GEN[2].CLA_4BIT_UNIT ( ADD_SUB_CLA_4bit_705 ) 
              5 CLA_BLOCK_GEN[3].CLA_4BIT_UNIT ( ADD_SUB_CLA_4bit_704 ) 
              5 CLA_BLOCK_GEN[4].CLA_4BIT_UNIT ( ADD_SUB_CLA_4bit_703 ) 
              5 CLA_BLOCK_GEN[5].CLA_4BIT_UNIT ( ADD_SUB_CLA_4bit_702 ) 
        3 MAN_ALU_PROC_RND ( ADD_SUB_CLS_4bit_1160 ) 
        3 MAN_COMP_24BIT ( ADD_SUB_COMP_24bit_SIZE_DATA24_1211 ) 
           4 u_i_data_0 ( ADD_SUB_COMP_4bit_1393 ) 
           4 u_i_data_1 ( ADD_SUB_COMP_4bit_1392 ) 
           4 u_i_data_2 ( ADD_SUB_COMP_4bit_1391 ) 
           4 u_i_data_3 ( ADD_SUB_COMP_4bit_1390 ) 
           4 u_i_data_4 ( ADD_SUB_COMP_4bit_1389 ) 
           4 u_i_data_5 ( ADD_SUB_COMP_4bit_1388 ) 
        3 MAN_RND ( ADD_SUB_MAN_rounding_SIZE_MAN32_SIZE_MAN_RESULT24_2291 ) 
        3 MAN_SWAP ( ADD_SUB_MAN_swap_SIZE_MAN24_2360 ) 
        3 MAN_SWAP_PRE ( ADD_SUB_MAN_swap_SIZE_MAN24_2361 ) 
        3 NOR_UNIT ( ADD_SUB_NOR_unit_SIZE_LOPD5_SIZE_DATA32_2445 ) 
           4 SHF_left_unit ( ADD_SUB_SHF_left_SIZE_DATA32_SIZE_SHIFT5_2547 ) 
        3 PSC_UNIT ( ADD_SUB_PSC_unit_2496 ) 
        3 SHF_RIGHT_MAN ( ADD_SUB_SHF_right_SIZE_DATA32_SIZE_SHIFT5_2598 ) 
        3 SIGN_UNIT ( ADD_SUB_SIGN_unit_2649 ) 
     2 DATA_A_RE ( FPU_add_sub_NUM_OP1_2970 ) 
        3 EXP_ADJUST ( ADD_SUB_EXP_adjust_SIZE_EXP8_SIZE_LOPD8_1729 ) 
           4 CLA_8BIT_UNIT ( ADD_SUB_CLA_8bit_1077 ) 
              5 CLA_4BIT_UNIT_0 ( ADD_SUB_CLA_4bit_711 ) 
              5 CLA_4BIT_UNIT_1 ( ADD_SUB_CLA_4bit_710 ) 
        3 EXP_COM_8BIT ( ADD_SUB_EXP_comp_SIZE_DATA8_1780 ) 
           4 COMP_LESS_UNIT ( ADD_SUB_COMP_8bit_SIZE_DATA8_1678 ) 
              5 u_high ( ADD_SUB_COMP_4bit_1402 ) 
              5 u_low ( ADD_SUB_COMP_4bit_1403 ) 
        3 EXP_RND ( ADD_SUB_EXP_rounding_SIZE_DATA8_1831 ) 
        3 EXP_SUB ( ADD_SUB_EXP_sub_SIZE_EXP_SUB8_1882 ) 
           4 CLA_8BIT_UNIT ( ADD_SUB_CLA_8bit_1078 ) 
              5 CLA_4BIT_UNIT_0 ( ADD_SUB_CLA_4bit_719 ) 
              5 CLA_4BIT_UNIT_1 ( ADD_SUB_CLA_4bit_718 ) 
        3 EXP_SWAP ( ADD_SUB_EXP_swap_SIZE_DATA8_1933 ) 
        3 LOPD_24BIT ( ADD_SUB_LOPD_24bit_SIZE_DATA24_SIZE_LOPD5_2035 ) 
           4 LOPD_16bit_UNIT_MSB ( ADD_SUB_LOPD_16bit_1984 ) 
              5 LOPD_8bit_unit_0 ( ADD_SUB_LOPD_8bit_2126 ) 
              5 LOPD_8bit_unit_1 ( ADD_SUB_LOPD_8bit_2125 ) 
           4 LOPD_8bit_UNIT_LSB ( ADD_SUB_LOPD_8bit_2124 ) 
        3 MAN_ALU ( ADD_SUB_MAN_ALU_NUM_OP1_SIZE_MAN24_2241 ) 
           4 ALU_SUB_UNIT ( ADD_SUB_CLA_24bit_295 ) 
              5 CLA_BLOCK_GEN[0].CLA_4BIT_UNIT ( ADD_SUB_CLA_4bit_717 ) 
              5 CLA_BLOCK_GEN[1].CLA_4BIT_UNIT ( ADD_SUB_CLA_4bit_716 ) 
              5 CLA_BLOCK_GEN[2].CLA_4BIT_UNIT ( ADD_SUB_CLA_4bit_715 ) 
              5 CLA_BLOCK_GEN[3].CLA_4BIT_UNIT ( ADD_SUB_CLA_4bit_714 ) 
              5 CLA_BLOCK_GEN[4].CLA_4BIT_UNIT ( ADD_SUB_CLA_4bit_713 ) 
              5 CLA_BLOCK_GEN[5].CLA_4BIT_UNIT ( ADD_SUB_CLA_4bit_712 ) 
        3 MAN_ALU_PROC_RND ( ADD_SUB_CLS_4bit_1161 ) 
        3 MAN_COMP_24BIT ( ADD_SUB_COMP_24bit_SIZE_DATA24_1212 ) 
           4 u_i_data_0 ( ADD_SUB_COMP_4bit_1401 ) 
           4 u_i_data_1 ( ADD_SUB_COMP_4bit_1400 ) 
           4 u_i_data_2 ( ADD_SUB_COMP_4bit_1399 ) 
           4 u_i_data_3 ( ADD_SUB_COMP_4bit_1398 ) 
           4 u_i_data_4 ( ADD_SUB_COMP_4bit_1397 ) 
           4 u_i_data_5 ( ADD_SUB_COMP_4bit_1396 ) 
        3 MAN_RND ( ADD_SUB_MAN_rounding_SIZE_MAN32_SIZE_MAN_RESULT24_2292 ) 
        3 MAN_SWAP ( ADD_SUB_MAN_swap_SIZE_MAN24_2362 ) 
        3 MAN_SWAP_PRE ( ADD_SUB_MAN_swap_SIZE_MAN24_2363 ) 
        3 NOR_UNIT ( ADD_SUB_NOR_unit_SIZE_LOPD5_SIZE_DATA32_2446 ) 
           4 SHF_left_unit ( ADD_SUB_SHF_left_SIZE_DATA32_SIZE_SHIFT5_2548 ) 
        3 PSC_UNIT ( ADD_SUB_PSC_unit_2497 ) 
        3 SHF_RIGHT_MAN ( ADD_SUB_SHF_right_SIZE_DATA32_SIZE_SHIFT5_2599 ) 
        3 SIGN_UNIT ( ADD_SUB_SIGN_unit_2650 ) 
     2 DATA_B_IM ( FPU_add_sub_NUM_OP1_2967 ) 
        3 EXP_ADJUST ( ADD_SUB_EXP_adjust_SIZE_EXP8_SIZE_LOPD8_1726 ) 
           4 CLA_8BIT_UNIT ( ADD_SUB_CLA_8bit_1071 ) 
              5 CLA_4BIT_UNIT_0 ( ADD_SUB_CLA_4bit_681 ) 
              5 CLA_4BIT_UNIT_1 ( ADD_SUB_CLA_4bit_680 ) 
        3 EXP_COM_8BIT ( ADD_SUB_EXP_comp_SIZE_DATA8_1777 ) 
           4 COMP_LESS_UNIT ( ADD_SUB_COMP_8bit_SIZE_DATA8_1675 ) 
              5 u_high ( ADD_SUB_COMP_4bit_1378 ) 
              5 u_low ( ADD_SUB_COMP_4bit_1379 ) 
        3 EXP_RND ( ADD_SUB_EXP_rounding_SIZE_DATA8_1828 ) 
        3 EXP_SUB ( ADD_SUB_EXP_sub_SIZE_EXP_SUB8_1879 ) 
           4 CLA_8BIT_UNIT ( ADD_SUB_CLA_8bit_1072 ) 
              5 CLA_4BIT_UNIT_0 ( ADD_SUB_CLA_4bit_689 ) 
              5 CLA_4BIT_UNIT_1 ( ADD_SUB_CLA_4bit_688 ) 
        3 EXP_SWAP ( ADD_SUB_EXP_swap_SIZE_DATA8_1930 ) 
        3 LOPD_24BIT ( ADD_SUB_LOPD_24bit_SIZE_DATA24_SIZE_LOPD5_2032 ) 
           4 LOPD_16bit_UNIT_MSB ( ADD_SUB_LOPD_16bit_1981 ) 
              5 LOPD_8bit_unit_0 ( ADD_SUB_LOPD_8bit_2117 ) 
              5 LOPD_8bit_unit_1 ( ADD_SUB_LOPD_8bit_2116 ) 
           4 LOPD_8bit_UNIT_LSB ( ADD_SUB_LOPD_8bit_2115 ) 
        3 MAN_ALU ( ADD_SUB_MAN_ALU_NUM_OP1_SIZE_MAN24_2238 ) 
           4 ALU_SUB_UNIT ( ADD_SUB_CLA_24bit_292 ) 
              5 CLA_BLOCK_GEN[0].CLA_4BIT_UNIT ( ADD_SUB_CLA_4bit_687 ) 
              5 CLA_BLOCK_GEN[1].CLA_4BIT_UNIT ( ADD_SUB_CLA_4bit_686 ) 
              5 CLA_BLOCK_GEN[2].CLA_4BIT_UNIT ( ADD_SUB_CLA_4bit_685 ) 
              5 CLA_BLOCK_GEN[3].CLA_4BIT_UNIT ( ADD_SUB_CLA_4bit_684 ) 
              5 CLA_BLOCK_GEN[4].CLA_4BIT_UNIT ( ADD_SUB_CLA_4bit_683 ) 
              5 CLA_BLOCK_GEN[5].CLA_4BIT_UNIT ( ADD_SUB_CLA_4bit_682 ) 
        3 MAN_ALU_PROC_RND ( ADD_SUB_CLS_4bit_1158 ) 
        3 MAN_COMP_24BIT ( ADD_SUB_COMP_24bit_SIZE_DATA24_1209 ) 
           4 u_i_data_0 ( ADD_SUB_COMP_4bit_1377 ) 
           4 u_i_data_1 ( ADD_SUB_COMP_4bit_1376 ) 
           4 u_i_data_2 ( ADD_SUB_COMP_4bit_1375 ) 
           4 u_i_data_3 ( ADD_SUB_COMP_4bit_1374 ) 
           4 u_i_data_4 ( ADD_SUB_COMP_4bit_1373 ) 
           4 u_i_data_5 ( ADD_SUB_COMP_4bit_1372 ) 
        3 MAN_RND ( ADD_SUB_MAN_rounding_SIZE_MAN32_SIZE_MAN_RESULT24_2289 ) 
        3 MAN_SWAP ( ADD_SUB_MAN_swap_SIZE_MAN24_2356 ) 
        3 MAN_SWAP_PRE ( ADD_SUB_MAN_swap_SIZE_MAN24_2357 ) 
        3 NOR_UNIT ( ADD_SUB_NOR_unit_SIZE_LOPD5_SIZE_DATA32_2443 ) 
           4 SHF_left_unit ( ADD_SUB_SHF_left_SIZE_DATA32_SIZE_SHIFT5_2545 ) 
        3 PSC_UNIT ( ADD_SUB_PSC_unit_2494 ) 
        3 SHF_RIGHT_MAN ( ADD_SUB_SHF_right_SIZE_DATA32_SIZE_SHIFT5_2596 ) 
        3 SIGN_UNIT ( ADD_SUB_SIGN_unit_2647 ) 
     2 DATA_B_RE ( FPU_add_sub_NUM_OP1_2968 ) 
        3 EXP_ADJUST ( ADD_SUB_EXP_adjust_SIZE_EXP8_SIZE_LOPD8_1727 ) 
           4 CLA_8BIT_UNIT ( ADD_SUB_CLA_8bit_1073 ) 
              5 CLA_4BIT_UNIT_0 ( ADD_SUB_CLA_4bit_691 ) 
              5 CLA_4BIT_UNIT_1 ( ADD_SUB_CLA_4bit_690 ) 
        3 EXP_COM_8BIT ( ADD_SUB_EXP_comp_SIZE_DATA8_1778 ) 
           4 COMP_LESS_UNIT ( ADD_SUB_COMP_8bit_SIZE_DATA8_1676 ) 
              5 u_high ( ADD_SUB_COMP_4bit_1386 ) 
              5 u_low ( ADD_SUB_COMP_4bit_1387 ) 
        3 EXP_RND ( ADD_SUB_EXP_rounding_SIZE_DATA8_1829 ) 
        3 EXP_SUB ( ADD_SUB_EXP_sub_SIZE_EXP_SUB8_1880 ) 
           4 CLA_8BIT_UNIT ( ADD_SUB_CLA_8bit_1074 ) 
              5 CLA_4BIT_UNIT_0 ( ADD_SUB_CLA_4bit_699 ) 
              5 CLA_4BIT_UNIT_1 ( ADD_SUB_CLA_4bit_698 ) 
        3 EXP_SWAP ( ADD_SUB_EXP_swap_SIZE_DATA8_1931 ) 
        3 LOPD_24BIT ( ADD_SUB_LOPD_24bit_SIZE_DATA24_SIZE_LOPD5_2033 ) 
           4 LOPD_16bit_UNIT_MSB ( ADD_SUB_LOPD_16bit_1982 ) 
              5 LOPD_8bit_unit_0 ( ADD_SUB_LOPD_8bit_2120 ) 
              5 LOPD_8bit_unit_1 ( ADD_SUB_LOPD_8bit_2119 ) 
           4 LOPD_8bit_UNIT_LSB ( ADD_SUB_LOPD_8bit_2118 ) 
        3 MAN_ALU ( ADD_SUB_MAN_ALU_NUM_OP1_SIZE_MAN24_2239 ) 
           4 ALU_SUB_UNIT ( ADD_SUB_CLA_24bit_293 ) 
              5 CLA_BLOCK_GEN[0].CLA_4BIT_UNIT ( ADD_SUB_CLA_4bit_697 ) 
              5 CLA_BLOCK_GEN[1].CLA_4BIT_UNIT ( ADD_SUB_CLA_4bit_696 ) 
              5 CLA_BLOCK_GEN[2].CLA_4BIT_UNIT ( ADD_SUB_CLA_4bit_695 ) 
              5 CLA_BLOCK_GEN[3].CLA_4BIT_UNIT ( ADD_SUB_CLA_4bit_694 ) 
              5 CLA_BLOCK_GEN[4].CLA_4BIT_UNIT ( ADD_SUB_CLA_4bit_693 ) 
              5 CLA_BLOCK_GEN[5].CLA_4BIT_UNIT ( ADD_SUB_CLA_4bit_692 ) 
        3 MAN_ALU_PROC_RND ( ADD_SUB_CLS_4bit_1159 ) 
        3 MAN_COMP_24BIT ( ADD_SUB_COMP_24bit_SIZE_DATA24_1210 ) 
           4 u_i_data_0 ( ADD_SUB_COMP_4bit_1385 ) 
           4 u_i_data_1 ( ADD_SUB_COMP_4bit_1384 ) 
           4 u_i_data_2 ( ADD_SUB_COMP_4bit_1383 ) 
           4 u_i_data_3 ( ADD_SUB_COMP_4bit_1382 ) 
           4 u_i_data_4 ( ADD_SUB_COMP_4bit_1381 ) 
           4 u_i_data_5 ( ADD_SUB_COMP_4bit_1380 ) 
        3 MAN_RND ( ADD_SUB_MAN_rounding_SIZE_MAN32_SIZE_MAN_RESULT24_2290 ) 
        3 MAN_SWAP ( ADD_SUB_MAN_swap_SIZE_MAN24_2358 ) 
        3 MAN_SWAP_PRE ( ADD_SUB_MAN_swap_SIZE_MAN24_2359 ) 
        3 NOR_UNIT ( ADD_SUB_NOR_unit_SIZE_LOPD5_SIZE_DATA32_2444 ) 
           4 SHF_left_unit ( ADD_SUB_SHF_left_SIZE_DATA32_SIZE_SHIFT5_2546 ) 
        3 PSC_UNIT ( ADD_SUB_PSC_unit_2495 ) 
        3 SHF_RIGHT_MAN ( ADD_SUB_SHF_right_SIZE_DATA32_SIZE_SHIFT5_2597 ) 
        3 SIGN_UNIT ( ADD_SUB_SIGN_unit_2648 ) 
  1 BFU2_S1_37 ( BFU_2_SIZE_DATA32_2684 ) 
     2 DATA_A_IM ( FPU_add_sub_NUM_OP1_2961 ) 
        3 EXP_ADJUST ( ADD_SUB_EXP_adjust_SIZE_EXP8_SIZE_LOPD8_1720 ) 
           4 CLA_8BIT_UNIT ( ADD_SUB_CLA_8bit_1059 ) 
              5 CLA_4BIT_UNIT_0 ( ADD_SUB_CLA_4bit_621 ) 
              5 CLA_4BIT_UNIT_1 ( ADD_SUB_CLA_4bit_620 ) 
        3 EXP_COM_8BIT ( ADD_SUB_EXP_comp_SIZE_DATA8_1771 ) 
           4 COMP_LESS_UNIT ( ADD_SUB_COMP_8bit_SIZE_DATA8_1669 ) 
              5 u_high ( ADD_SUB_COMP_4bit_1330 ) 
              5 u_low ( ADD_SUB_COMP_4bit_1331 ) 
        3 EXP_RND ( ADD_SUB_EXP_rounding_SIZE_DATA8_1822 ) 
        3 EXP_SUB ( ADD_SUB_EXP_sub_SIZE_EXP_SUB8_1873 ) 
           4 CLA_8BIT_UNIT ( ADD_SUB_CLA_8bit_1060 ) 
              5 CLA_4BIT_UNIT_0 ( ADD_SUB_CLA_4bit_629 ) 
              5 CLA_4BIT_UNIT_1 ( ADD_SUB_CLA_4bit_628 ) 
        3 EXP_SWAP ( ADD_SUB_EXP_swap_SIZE_DATA8_1924 ) 
        3 LOPD_24BIT ( ADD_SUB_LOPD_24bit_SIZE_DATA24_SIZE_LOPD5_2026 ) 
           4 LOPD_16bit_UNIT_MSB ( ADD_SUB_LOPD_16bit_1975 ) 
              5 LOPD_8bit_unit_0 ( ADD_SUB_LOPD_8bit_2099 ) 
              5 LOPD_8bit_unit_1 ( ADD_SUB_LOPD_8bit_2098 ) 
           4 LOPD_8bit_UNIT_LSB ( ADD_SUB_LOPD_8bit_2097 ) 
        3 MAN_ALU ( ADD_SUB_MAN_ALU_NUM_OP1_SIZE_MAN24_2232 ) 
           4 ALU_SUB_UNIT ( ADD_SUB_CLA_24bit_286 ) 
              5 CLA_BLOCK_GEN[0].CLA_4BIT_UNIT ( ADD_SUB_CLA_4bit_627 ) 
              5 CLA_BLOCK_GEN[1].CLA_4BIT_UNIT ( ADD_SUB_CLA_4bit_626 ) 
              5 CLA_BLOCK_GEN[2].CLA_4BIT_UNIT ( ADD_SUB_CLA_4bit_625 ) 
              5 CLA_BLOCK_GEN[3].CLA_4BIT_UNIT ( ADD_SUB_CLA_4bit_624 ) 
              5 CLA_BLOCK_GEN[4].CLA_4BIT_UNIT ( ADD_SUB_CLA_4bit_623 ) 
              5 CLA_BLOCK_GEN[5].CLA_4BIT_UNIT ( ADD_SUB_CLA_4bit_622 ) 
        3 MAN_ALU_PROC_RND ( ADD_SUB_CLS_4bit_1152 ) 
        3 MAN_COMP_24BIT ( ADD_SUB_COMP_24bit_SIZE_DATA24_1203 ) 
           4 u_i_data_0 ( ADD_SUB_COMP_4bit_1329 ) 
           4 u_i_data_1 ( ADD_SUB_COMP_4bit_1328 ) 
           4 u_i_data_2 ( ADD_SUB_COMP_4bit_1327 ) 
           4 u_i_data_3 ( ADD_SUB_COMP_4bit_1326 ) 
           4 u_i_data_4 ( ADD_SUB_COMP_4bit_1325 ) 
           4 u_i_data_5 ( ADD_SUB_COMP_4bit_1324 ) 
        3 MAN_RND ( ADD_SUB_MAN_rounding_SIZE_MAN32_SIZE_MAN_RESULT24_2283 ) 
        3 MAN_SWAP ( ADD_SUB_MAN_swap_SIZE_MAN24_2344 ) 
        3 MAN_SWAP_PRE ( ADD_SUB_MAN_swap_SIZE_MAN24_2345 ) 
        3 NOR_UNIT ( ADD_SUB_NOR_unit_SIZE_LOPD5_SIZE_DATA32_2437 ) 
           4 SHF_left_unit ( ADD_SUB_SHF_left_SIZE_DATA32_SIZE_SHIFT5_2539 ) 
        3 PSC_UNIT ( ADD_SUB_PSC_unit_2488 ) 
        3 SHF_RIGHT_MAN ( ADD_SUB_SHF_right_SIZE_DATA32_SIZE_SHIFT5_2590 ) 
        3 SIGN_UNIT ( ADD_SUB_SIGN_unit_2641 ) 
     2 DATA_A_RE ( FPU_add_sub_NUM_OP1_2962 ) 
        3 EXP_ADJUST ( ADD_SUB_EXP_adjust_SIZE_EXP8_SIZE_LOPD8_1721 ) 
           4 CLA_8BIT_UNIT ( ADD_SUB_CLA_8bit_1061 ) 
              5 CLA_4BIT_UNIT_0 ( ADD_SUB_CLA_4bit_631 ) 
              5 CLA_4BIT_UNIT_1 ( ADD_SUB_CLA_4bit_630 ) 
        3 EXP_COM_8BIT ( ADD_SUB_EXP_comp_SIZE_DATA8_1772 ) 
           4 COMP_LESS_UNIT ( ADD_SUB_COMP_8bit_SIZE_DATA8_1670 ) 
              5 u_high ( ADD_SUB_COMP_4bit_1338 ) 
              5 u_low ( ADD_SUB_COMP_4bit_1339 ) 
        3 EXP_RND ( ADD_SUB_EXP_rounding_SIZE_DATA8_1823 ) 
        3 EXP_SUB ( ADD_SUB_EXP_sub_SIZE_EXP_SUB8_1874 ) 
           4 CLA_8BIT_UNIT ( ADD_SUB_CLA_8bit_1062 ) 
              5 CLA_4BIT_UNIT_0 ( ADD_SUB_CLA_4bit_639 ) 
              5 CLA_4BIT_UNIT_1 ( ADD_SUB_CLA_4bit_638 ) 
        3 EXP_SWAP ( ADD_SUB_EXP_swap_SIZE_DATA8_1925 ) 
        3 LOPD_24BIT ( ADD_SUB_LOPD_24bit_SIZE_DATA24_SIZE_LOPD5_2027 ) 
           4 LOPD_16bit_UNIT_MSB ( ADD_SUB_LOPD_16bit_1976 ) 
              5 LOPD_8bit_unit_0 ( ADD_SUB_LOPD_8bit_2102 ) 
              5 LOPD_8bit_unit_1 ( ADD_SUB_LOPD_8bit_2101 ) 
           4 LOPD_8bit_UNIT_LSB ( ADD_SUB_LOPD_8bit_2100 ) 
        3 MAN_ALU ( ADD_SUB_MAN_ALU_NUM_OP1_SIZE_MAN24_2233 ) 
           4 ALU_SUB_UNIT ( ADD_SUB_CLA_24bit_287 ) 
              5 CLA_BLOCK_GEN[0].CLA_4BIT_UNIT ( ADD_SUB_CLA_4bit_637 ) 
              5 CLA_BLOCK_GEN[1].CLA_4BIT_UNIT ( ADD_SUB_CLA_4bit_636 ) 
              5 CLA_BLOCK_GEN[2].CLA_4BIT_UNIT ( ADD_SUB_CLA_4bit_635 ) 
              5 CLA_BLOCK_GEN[3].CLA_4BIT_UNIT ( ADD_SUB_CLA_4bit_634 ) 
              5 CLA_BLOCK_GEN[4].CLA_4BIT_UNIT ( ADD_SUB_CLA_4bit_633 ) 
              5 CLA_BLOCK_GEN[5].CLA_4BIT_UNIT ( ADD_SUB_CLA_4bit_632 ) 
        3 MAN_ALU_PROC_RND ( ADD_SUB_CLS_4bit_1153 ) 
        3 MAN_COMP_24BIT ( ADD_SUB_COMP_24bit_SIZE_DATA24_1204 ) 
           4 u_i_data_0 ( ADD_SUB_COMP_4bit_1337 ) 
           4 u_i_data_1 ( ADD_SUB_COMP_4bit_1336 ) 
           4 u_i_data_2 ( ADD_SUB_COMP_4bit_1335 ) 
           4 u_i_data_3 ( ADD_SUB_COMP_4bit_1334 ) 
           4 u_i_data_4 ( ADD_SUB_COMP_4bit_1333 ) 
           4 u_i_data_5 ( ADD_SUB_COMP_4bit_1332 ) 
        3 MAN_RND ( ADD_SUB_MAN_rounding_SIZE_MAN32_SIZE_MAN_RESULT24_2284 ) 
        3 MAN_SWAP ( ADD_SUB_MAN_swap_SIZE_MAN24_2346 ) 
        3 MAN_SWAP_PRE ( ADD_SUB_MAN_swap_SIZE_MAN24_2347 ) 
        3 NOR_UNIT ( ADD_SUB_NOR_unit_SIZE_LOPD5_SIZE_DATA32_2438 ) 
           4 SHF_left_unit ( ADD_SUB_SHF_left_SIZE_DATA32_SIZE_SHIFT5_2540 ) 
        3 PSC_UNIT ( ADD_SUB_PSC_unit_2489 ) 
        3 SHF_RIGHT_MAN ( ADD_SUB_SHF_right_SIZE_DATA32_SIZE_SHIFT5_2591 ) 
        3 SIGN_UNIT ( ADD_SUB_SIGN_unit_2642 ) 
     2 DATA_B_IM ( FPU_add_sub_NUM_OP1_2959 ) 
        3 EXP_ADJUST ( ADD_SUB_EXP_adjust_SIZE_EXP8_SIZE_LOPD8_1718 ) 
           4 CLA_8BIT_UNIT ( ADD_SUB_CLA_8bit_1055 ) 
              5 CLA_4BIT_UNIT_0 ( ADD_SUB_CLA_4bit_601 ) 
              5 CLA_4BIT_UNIT_1 ( ADD_SUB_CLA_4bit_600 ) 
        3 EXP_COM_8BIT ( ADD_SUB_EXP_comp_SIZE_DATA8_1769 ) 
           4 COMP_LESS_UNIT ( ADD_SUB_COMP_8bit_SIZE_DATA8_1667 ) 
              5 u_high ( ADD_SUB_COMP_4bit_1314 ) 
              5 u_low ( ADD_SUB_COMP_4bit_1315 ) 
        3 EXP_RND ( ADD_SUB_EXP_rounding_SIZE_DATA8_1820 ) 
        3 EXP_SUB ( ADD_SUB_EXP_sub_SIZE_EXP_SUB8_1871 ) 
           4 CLA_8BIT_UNIT ( ADD_SUB_CLA_8bit_1056 ) 
              5 CLA_4BIT_UNIT_0 ( ADD_SUB_CLA_4bit_609 ) 
              5 CLA_4BIT_UNIT_1 ( ADD_SUB_CLA_4bit_608 ) 
        3 EXP_SWAP ( ADD_SUB_EXP_swap_SIZE_DATA8_1922 ) 
        3 LOPD_24BIT ( ADD_SUB_LOPD_24bit_SIZE_DATA24_SIZE_LOPD5_2024 ) 
           4 LOPD_16bit_UNIT_MSB ( ADD_SUB_LOPD_16bit_1973 ) 
              5 LOPD_8bit_unit_0 ( ADD_SUB_LOPD_8bit_2093 ) 
              5 LOPD_8bit_unit_1 ( ADD_SUB_LOPD_8bit_2092 ) 
           4 LOPD_8bit_UNIT_LSB ( ADD_SUB_LOPD_8bit_2091 ) 
        3 MAN_ALU ( ADD_SUB_MAN_ALU_NUM_OP1_SIZE_MAN24_2230 ) 
           4 ALU_SUB_UNIT ( ADD_SUB_CLA_24bit_284 ) 
              5 CLA_BLOCK_GEN[0].CLA_4BIT_UNIT ( ADD_SUB_CLA_4bit_607 ) 
              5 CLA_BLOCK_GEN[1].CLA_4BIT_UNIT ( ADD_SUB_CLA_4bit_606 ) 
              5 CLA_BLOCK_GEN[2].CLA_4BIT_UNIT ( ADD_SUB_CLA_4bit_605 ) 
              5 CLA_BLOCK_GEN[3].CLA_4BIT_UNIT ( ADD_SUB_CLA_4bit_604 ) 
              5 CLA_BLOCK_GEN[4].CLA_4BIT_UNIT ( ADD_SUB_CLA_4bit_603 ) 
              5 CLA_BLOCK_GEN[5].CLA_4BIT_UNIT ( ADD_SUB_CLA_4bit_602 ) 
        3 MAN_ALU_PROC_RND ( ADD_SUB_CLS_4bit_1150 ) 
        3 MAN_COMP_24BIT ( ADD_SUB_COMP_24bit_SIZE_DATA24_1201 ) 
           4 u_i_data_0 ( ADD_SUB_COMP_4bit_1313 ) 
           4 u_i_data_1 ( ADD_SUB_COMP_4bit_1312 ) 
           4 u_i_data_2 ( ADD_SUB_COMP_4bit_1311 ) 
           4 u_i_data_3 ( ADD_SUB_COMP_4bit_1310 ) 
           4 u_i_data_4 ( ADD_SUB_COMP_4bit_1309 ) 
           4 u_i_data_5 ( ADD_SUB_COMP_4bit_1308 ) 
        3 MAN_RND ( ADD_SUB_MAN_rounding_SIZE_MAN32_SIZE_MAN_RESULT24_2281 ) 
        3 MAN_SWAP ( ADD_SUB_MAN_swap_SIZE_MAN24_2340 ) 
        3 MAN_SWAP_PRE ( ADD_SUB_MAN_swap_SIZE_MAN24_2341 ) 
        3 NOR_UNIT ( ADD_SUB_NOR_unit_SIZE_LOPD5_SIZE_DATA32_2435 ) 
           4 SHF_left_unit ( ADD_SUB_SHF_left_SIZE_DATA32_SIZE_SHIFT5_2537 ) 
        3 PSC_UNIT ( ADD_SUB_PSC_unit_2486 ) 
        3 SHF_RIGHT_MAN ( ADD_SUB_SHF_right_SIZE_DATA32_SIZE_SHIFT5_2588 ) 
        3 SIGN_UNIT ( ADD_SUB_SIGN_unit_2639 ) 
     2 DATA_B_RE ( FPU_add_sub_NUM_OP1_2960 ) 
        3 EXP_ADJUST ( ADD_SUB_EXP_adjust_SIZE_EXP8_SIZE_LOPD8_1719 ) 
           4 CLA_8BIT_UNIT ( ADD_SUB_CLA_8bit_1057 ) 
              5 CLA_4BIT_UNIT_0 ( ADD_SUB_CLA_4bit_611 ) 
              5 CLA_4BIT_UNIT_1 ( ADD_SUB_CLA_4bit_610 ) 
        3 EXP_COM_8BIT ( ADD_SUB_EXP_comp_SIZE_DATA8_1770 ) 
           4 COMP_LESS_UNIT ( ADD_SUB_COMP_8bit_SIZE_DATA8_1668 ) 
              5 u_high ( ADD_SUB_COMP_4bit_1322 ) 
              5 u_low ( ADD_SUB_COMP_4bit_1323 ) 
        3 EXP_RND ( ADD_SUB_EXP_rounding_SIZE_DATA8_1821 ) 
        3 EXP_SUB ( ADD_SUB_EXP_sub_SIZE_EXP_SUB8_1872 ) 
           4 CLA_8BIT_UNIT ( ADD_SUB_CLA_8bit_1058 ) 
              5 CLA_4BIT_UNIT_0 ( ADD_SUB_CLA_4bit_619 ) 
              5 CLA_4BIT_UNIT_1 ( ADD_SUB_CLA_4bit_618 ) 
        3 EXP_SWAP ( ADD_SUB_EXP_swap_SIZE_DATA8_1923 ) 
        3 LOPD_24BIT ( ADD_SUB_LOPD_24bit_SIZE_DATA24_SIZE_LOPD5_2025 ) 
           4 LOPD_16bit_UNIT_MSB ( ADD_SUB_LOPD_16bit_1974 ) 
              5 LOPD_8bit_unit_0 ( ADD_SUB_LOPD_8bit_2096 ) 
              5 LOPD_8bit_unit_1 ( ADD_SUB_LOPD_8bit_2095 ) 
           4 LOPD_8bit_UNIT_LSB ( ADD_SUB_LOPD_8bit_2094 ) 
        3 MAN_ALU ( ADD_SUB_MAN_ALU_NUM_OP1_SIZE_MAN24_2231 ) 
           4 ALU_SUB_UNIT ( ADD_SUB_CLA_24bit_285 ) 
              5 CLA_BLOCK_GEN[0].CLA_4BIT_UNIT ( ADD_SUB_CLA_4bit_617 ) 
              5 CLA_BLOCK_GEN[1].CLA_4BIT_UNIT ( ADD_SUB_CLA_4bit_616 ) 
              5 CLA_BLOCK_GEN[2].CLA_4BIT_UNIT ( ADD_SUB_CLA_4bit_615 ) 
              5 CLA_BLOCK_GEN[3].CLA_4BIT_UNIT ( ADD_SUB_CLA_4bit_614 ) 
              5 CLA_BLOCK_GEN[4].CLA_4BIT_UNIT ( ADD_SUB_CLA_4bit_613 ) 
              5 CLA_BLOCK_GEN[5].CLA_4BIT_UNIT ( ADD_SUB_CLA_4bit_612 ) 
        3 MAN_ALU_PROC_RND ( ADD_SUB_CLS_4bit_1151 ) 
        3 MAN_COMP_24BIT ( ADD_SUB_COMP_24bit_SIZE_DATA24_1202 ) 
           4 u_i_data_0 ( ADD_SUB_COMP_4bit_1321 ) 
           4 u_i_data_1 ( ADD_SUB_COMP_4bit_1320 ) 
           4 u_i_data_2 ( ADD_SUB_COMP_4bit_1319 ) 
           4 u_i_data_3 ( ADD_SUB_COMP_4bit_1318 ) 
           4 u_i_data_4 ( ADD_SUB_COMP_4bit_1317 ) 
           4 u_i_data_5 ( ADD_SUB_COMP_4bit_1316 ) 
        3 MAN_RND ( ADD_SUB_MAN_rounding_SIZE_MAN32_SIZE_MAN_RESULT24_2282 ) 
        3 MAN_SWAP ( ADD_SUB_MAN_swap_SIZE_MAN24_2342 ) 
        3 MAN_SWAP_PRE ( ADD_SUB_MAN_swap_SIZE_MAN24_2343 ) 
        3 NOR_UNIT ( ADD_SUB_NOR_unit_SIZE_LOPD5_SIZE_DATA32_2436 ) 
           4 SHF_left_unit ( ADD_SUB_SHF_left_SIZE_DATA32_SIZE_SHIFT5_2538 ) 
        3 PSC_UNIT ( ADD_SUB_PSC_unit_2487 ) 
        3 SHF_RIGHT_MAN ( ADD_SUB_SHF_right_SIZE_DATA32_SIZE_SHIFT5_2589 ) 
        3 SIGN_UNIT ( ADD_SUB_SIGN_unit_2640 ) 
  1 BFU4_06 ( BFU_4_SIZE_DATA32 ) 
     2 BFU2_UNIT0 ( BFU_2_SIZE_DATA32 ) 
        3 DATA_A_IM ( FPU_add_sub_NUM_OP1_3001 ) 
           4 EXP_ADJUST ( ADD_SUB_EXP_adjust_SIZE_EXP8_SIZE_LOPD8_1760 ) 
              5 CLA_8BIT_UNIT ( ADD_SUB_CLA_8bit_1139 ) 
                 6 CLA_4BIT_UNIT_0 ( ADD_SUB_CLA_4bit_1021 ) 
                 6 CLA_4BIT_UNIT_1 ( ADD_SUB_CLA_4bit_1020 ) 
           4 EXP_COM_8BIT ( ADD_SUB_EXP_comp_SIZE_DATA8_1811 ) 
              5 COMP_LESS_UNIT ( ADD_SUB_COMP_8bit_SIZE_DATA8_1709 ) 
                 6 u_high ( ADD_SUB_COMP_4bit_1650 ) 
                 6 u_low ( ADD_SUB_COMP_4bit_1651 ) 
           4 EXP_RND ( ADD_SUB_EXP_rounding_SIZE_DATA8_1862 ) 
           4 EXP_SUB ( ADD_SUB_EXP_sub_SIZE_EXP_SUB8_1913 ) 
              5 CLA_8BIT_UNIT ( ADD_SUB_CLA_8bit_1140 ) 
                 6 CLA_4BIT_UNIT_0 ( ADD_SUB_CLA_4bit_1029 ) 
                 6 CLA_4BIT_UNIT_1 ( ADD_SUB_CLA_4bit_1028 ) 
           4 EXP_SWAP ( ADD_SUB_EXP_swap_SIZE_DATA8_1964 ) 
           4 LOPD_24BIT ( ADD_SUB_LOPD_24bit_SIZE_DATA24_SIZE_LOPD5_2066 ) 
              5 LOPD_16bit_UNIT_MSB ( ADD_SUB_LOPD_16bit_2015 ) 
                 6 LOPD_8bit_unit_0 ( ADD_SUB_LOPD_8bit_2219 ) 
                 6 LOPD_8bit_unit_1 ( ADD_SUB_LOPD_8bit_2218 ) 
              5 LOPD_8bit_UNIT_LSB ( ADD_SUB_LOPD_8bit_2217 ) 
           4 MAN_ALU ( ADD_SUB_MAN_ALU_NUM_OP1_SIZE_MAN24_2272 ) 
              5 ALU_SUB_UNIT ( ADD_SUB_CLA_24bit_326 ) 
                 6 CLA_BLOCK_GEN[0].CLA_4BIT_UNIT ( ADD_SUB_CLA_4bit_1027 ) 
                 6 CLA_BLOCK_GEN[1].CLA_4BIT_UNIT ( ADD_SUB_CLA_4bit_1026 ) 
                 6 CLA_BLOCK_GEN[2].CLA_4BIT_UNIT ( ADD_SUB_CLA_4bit_1025 ) 
                 6 CLA_BLOCK_GEN[3].CLA_4BIT_UNIT ( ADD_SUB_CLA_4bit_1024 ) 
                 6 CLA_BLOCK_GEN[4].CLA_4BIT_UNIT ( ADD_SUB_CLA_4bit_1023 ) 
                 6 CLA_BLOCK_GEN[5].CLA_4BIT_UNIT ( ADD_SUB_CLA_4bit_1022 ) 
           4 MAN_ALU_PROC_RND ( ADD_SUB_CLS_4bit_1192 ) 
           4 MAN_COMP_24BIT ( ADD_SUB_COMP_24bit_SIZE_DATA24_1243 ) 
              5 u_i_data_0 ( ADD_SUB_COMP_4bit_1649 ) 
              5 u_i_data_1 ( ADD_SUB_COMP_4bit_1648 ) 
              5 u_i_data_2 ( ADD_SUB_COMP_4bit_1647 ) 
              5 u_i_data_3 ( ADD_SUB_COMP_4bit_1646 ) 
              5 u_i_data_4 ( ADD_SUB_COMP_4bit_1645 ) 
              5 u_i_data_5 ( ADD_SUB_COMP_4bit_1644 ) 
           4 MAN_RND ( ADD_SUB_MAN_rounding_SIZE_MAN32_SIZE_MAN_RESULT24_2323 ) 
           4 MAN_SWAP ( ADD_SUB_MAN_swap_SIZE_MAN24_2424 ) 
           4 MAN_SWAP_PRE ( ADD_SUB_MAN_swap_SIZE_MAN24_2425 ) 
           4 NOR_UNIT ( ADD_SUB_NOR_unit_SIZE_LOPD5_SIZE_DATA32_2477 ) 
              5 SHF_left_unit ( ADD_SUB_SHF_left_SIZE_DATA32_SIZE_SHIFT5_2579 ) 
           4 PSC_UNIT ( ADD_SUB_PSC_unit_2528 ) 
           4 SHF_RIGHT_MAN ( ADD_SUB_SHF_right_SIZE_DATA32_SIZE_SHIFT5_2630 ) 
           4 SIGN_UNIT ( ADD_SUB_SIGN_unit_2681 ) 
        3 DATA_A_RE ( FPU_add_sub_NUM_OP1 ) 
           4 EXP_ADJUST ( ADD_SUB_EXP_adjust_SIZE_EXP8_SIZE_LOPD8 ) 
              5 CLA_8BIT_UNIT ( ADD_SUB_CLA_8bit_1141 ) 
                 6 CLA_4BIT_UNIT_0 ( ADD_SUB_CLA_4bit_1031 ) 
                 6 CLA_4BIT_UNIT_1 ( ADD_SUB_CLA_4bit_1030 ) 
           4 EXP_COM_8BIT ( ADD_SUB_EXP_comp_SIZE_DATA8 ) 
              5 COMP_LESS_UNIT ( ADD_SUB_COMP_8bit_SIZE_DATA8 ) 
                 6 u_high ( ADD_SUB_COMP_4bit_1658 ) 
                 6 u_low ( ADD_SUB_COMP_4bit ) 
           4 EXP_RND ( ADD_SUB_EXP_rounding_SIZE_DATA8 ) 
           4 EXP_SUB ( ADD_SUB_EXP_sub_SIZE_EXP_SUB8 ) 
              5 CLA_8BIT_UNIT ( ADD_SUB_CLA_8bit ) 
                 6 CLA_4BIT_UNIT_0 ( ADD_SUB_CLA_4bit ) 
                 6 CLA_4BIT_UNIT_1 ( ADD_SUB_CLA_4bit_1038 ) 
           4 EXP_SWAP ( ADD_SUB_EXP_swap_SIZE_DATA8 ) 
           4 LOPD_24BIT ( ADD_SUB_LOPD_24bit_SIZE_DATA24_SIZE_LOPD5 ) 
              5 LOPD_16bit_UNIT_MSB ( ADD_SUB_LOPD_16bit ) 
                 6 LOPD_8bit_unit_0 ( ADD_SUB_LOPD_8bit ) 
                 6 LOPD_8bit_unit_1 ( ADD_SUB_LOPD_8bit_2221 ) 
              5 LOPD_8bit_UNIT_LSB ( ADD_SUB_LOPD_8bit_2220 ) 
           4 MAN_ALU ( ADD_SUB_MAN_ALU_NUM_OP1_SIZE_MAN24 ) 
              5 ALU_SUB_UNIT ( ADD_SUB_CLA_24bit ) 
                 6 CLA_BLOCK_GEN[0].CLA_4BIT_UNIT ( ADD_SUB_CLA_4bit_1037 ) 
                 6 CLA_BLOCK_GEN[1].CLA_4BIT_UNIT ( ADD_SUB_CLA_4bit_1036 ) 
                 6 CLA_BLOCK_GEN[2].CLA_4BIT_UNIT ( ADD_SUB_CLA_4bit_1035 ) 
                 6 CLA_BLOCK_GEN[3].CLA_4BIT_UNIT ( ADD_SUB_CLA_4bit_1034 ) 
                 6 CLA_BLOCK_GEN[4].CLA_4BIT_UNIT ( ADD_SUB_CLA_4bit_1033 ) 
                 6 CLA_BLOCK_GEN[5].CLA_4BIT_UNIT ( ADD_SUB_CLA_4bit_1032 ) 
           4 MAN_ALU_PROC_RND ( ADD_SUB_CLS_4bit ) 
           4 MAN_COMP_24BIT ( ADD_SUB_COMP_24bit_SIZE_DATA24 ) 
              5 u_i_data_0 ( ADD_SUB_COMP_4bit_1657 ) 
              5 u_i_data_1 ( ADD_SUB_COMP_4bit_1656 ) 
              5 u_i_data_2 ( ADD_SUB_COMP_4bit_1655 ) 
              5 u_i_data_3 ( ADD_SUB_COMP_4bit_1654 ) 
              5 u_i_data_4 ( ADD_SUB_COMP_4bit_1653 ) 
              5 u_i_data_5 ( ADD_SUB_COMP_4bit_1652 ) 
           4 MAN_RND ( ADD_SUB_MAN_rounding_SIZE_MAN32_SIZE_MAN_RESULT24 ) 
           4 MAN_SWAP ( ADD_SUB_MAN_swap_SIZE_MAN24_2426 ) 
           4 MAN_SWAP_PRE ( ADD_SUB_MAN_swap_SIZE_MAN24 ) 
           4 NOR_UNIT ( ADD_SUB_NOR_unit_SIZE_LOPD5_SIZE_DATA32 ) 
              5 SHF_left_unit ( ADD_SUB_SHF_left_SIZE_DATA32_SIZE_SHIFT5 ) 
           4 PSC_UNIT ( ADD_SUB_PSC_unit ) 
           4 SHF_RIGHT_MAN ( ADD_SUB_SHF_right_SIZE_DATA32_SIZE_SHIFT5 ) 
           4 SIGN_UNIT ( ADD_SUB_SIGN_unit ) 
        3 DATA_B_IM ( FPU_add_sub_NUM_OP1_2999 ) 
           4 EXP_ADJUST ( ADD_SUB_EXP_adjust_SIZE_EXP8_SIZE_LOPD8_1758 ) 
              5 CLA_8BIT_UNIT ( ADD_SUB_CLA_8bit_1135 ) 
                 6 CLA_4BIT_UNIT_0 ( ADD_SUB_CLA_4bit_1001 ) 
                 6 CLA_4BIT_UNIT_1 ( ADD_SUB_CLA_4bit_1000 ) 
           4 EXP_COM_8BIT ( ADD_SUB_EXP_comp_SIZE_DATA8_1809 ) 
              5 COMP_LESS_UNIT ( ADD_SUB_COMP_8bit_SIZE_DATA8_1707 ) 
                 6 u_high ( ADD_SUB_COMP_4bit_1634 ) 
                 6 u_low ( ADD_SUB_COMP_4bit_1635 ) 
           4 EXP_RND ( ADD_SUB_EXP_rounding_SIZE_DATA8_1860 ) 
           4 EXP_SUB ( ADD_SUB_EXP_sub_SIZE_EXP_SUB8_1911 ) 
              5 CLA_8BIT_UNIT ( ADD_SUB_CLA_8bit_1136 ) 
                 6 CLA_4BIT_UNIT_0 ( ADD_SUB_CLA_4bit_1009 ) 
                 6 CLA_4BIT_UNIT_1 ( ADD_SUB_CLA_4bit_1008 ) 
           4 EXP_SWAP ( ADD_SUB_EXP_swap_SIZE_DATA8_1962 ) 
           4 LOPD_24BIT ( ADD_SUB_LOPD_24bit_SIZE_DATA24_SIZE_LOPD5_2064 ) 
              5 LOPD_16bit_UNIT_MSB ( ADD_SUB_LOPD_16bit_2013 ) 
                 6 LOPD_8bit_unit_0 ( ADD_SUB_LOPD_8bit_2213 ) 
                 6 LOPD_8bit_unit_1 ( ADD_SUB_LOPD_8bit_2212 ) 
              5 LOPD_8bit_UNIT_LSB ( ADD_SUB_LOPD_8bit_2211 ) 
           4 MAN_ALU ( ADD_SUB_MAN_ALU_NUM_OP1_SIZE_MAN24_2270 ) 
              5 ALU_SUB_UNIT ( ADD_SUB_CLA_24bit_324 ) 
                 6 CLA_BLOCK_GEN[0].CLA_4BIT_UNIT ( ADD_SUB_CLA_4bit_1007 ) 
                 6 CLA_BLOCK_GEN[1].CLA_4BIT_UNIT ( ADD_SUB_CLA_4bit_1006 ) 
                 6 CLA_BLOCK_GEN[2].CLA_4BIT_UNIT ( ADD_SUB_CLA_4bit_1005 ) 
                 6 CLA_BLOCK_GEN[3].CLA_4BIT_UNIT ( ADD_SUB_CLA_4bit_1004 ) 
                 6 CLA_BLOCK_GEN[4].CLA_4BIT_UNIT ( ADD_SUB_CLA_4bit_1003 ) 
                 6 CLA_BLOCK_GEN[5].CLA_4BIT_UNIT ( ADD_SUB_CLA_4bit_1002 ) 
           4 MAN_ALU_PROC_RND ( ADD_SUB_CLS_4bit_1190 ) 
           4 MAN_COMP_24BIT ( ADD_SUB_COMP_24bit_SIZE_DATA24_1241 ) 
              5 u_i_data_0 ( ADD_SUB_COMP_4bit_1633 ) 
              5 u_i_data_1 ( ADD_SUB_COMP_4bit_1632 ) 
              5 u_i_data_2 ( ADD_SUB_COMP_4bit_1631 ) 
              5 u_i_data_3 ( ADD_SUB_COMP_4bit_1630 ) 
              5 u_i_data_4 ( ADD_SUB_COMP_4bit_1629 ) 
              5 u_i_data_5 ( ADD_SUB_COMP_4bit_1628 ) 
           4 MAN_RND ( ADD_SUB_MAN_rounding_SIZE_MAN32_SIZE_MAN_RESULT24_2321 ) 
           4 MAN_SWAP ( ADD_SUB_MAN_swap_SIZE_MAN24_2420 ) 
           4 MAN_SWAP_PRE ( ADD_SUB_MAN_swap_SIZE_MAN24_2421 ) 
           4 NOR_UNIT ( ADD_SUB_NOR_unit_SIZE_LOPD5_SIZE_DATA32_2475 ) 
              5 SHF_left_unit ( ADD_SUB_SHF_left_SIZE_DATA32_SIZE_SHIFT5_2577 ) 
           4 PSC_UNIT ( ADD_SUB_PSC_unit_2526 ) 
           4 SHF_RIGHT_MAN ( ADD_SUB_SHF_right_SIZE_DATA32_SIZE_SHIFT5_2628 ) 
           4 SIGN_UNIT ( ADD_SUB_SIGN_unit_2679 ) 
        3 DATA_B_RE ( FPU_add_sub_NUM_OP1_3000 ) 
           4 EXP_ADJUST ( ADD_SUB_EXP_adjust_SIZE_EXP8_SIZE_LOPD8_1759 ) 
              5 CLA_8BIT_UNIT ( ADD_SUB_CLA_8bit_1137 ) 
                 6 CLA_4BIT_UNIT_0 ( ADD_SUB_CLA_4bit_1011 ) 
                 6 CLA_4BIT_UNIT_1 ( ADD_SUB_CLA_4bit_1010 ) 
           4 EXP_COM_8BIT ( ADD_SUB_EXP_comp_SIZE_DATA8_1810 ) 
              5 COMP_LESS_UNIT ( ADD_SUB_COMP_8bit_SIZE_DATA8_1708 ) 
                 6 u_high ( ADD_SUB_COMP_4bit_1642 ) 
                 6 u_low ( ADD_SUB_COMP_4bit_1643 ) 
           4 EXP_RND ( ADD_SUB_EXP_rounding_SIZE_DATA8_1861 ) 
           4 EXP_SUB ( ADD_SUB_EXP_sub_SIZE_EXP_SUB8_1912 ) 
              5 CLA_8BIT_UNIT ( ADD_SUB_CLA_8bit_1138 ) 
                 6 CLA_4BIT_UNIT_0 ( ADD_SUB_CLA_4bit_1019 ) 
                 6 CLA_4BIT_UNIT_1 ( ADD_SUB_CLA_4bit_1018 ) 
           4 EXP_SWAP ( ADD_SUB_EXP_swap_SIZE_DATA8_1963 ) 
           4 LOPD_24BIT ( ADD_SUB_LOPD_24bit_SIZE_DATA24_SIZE_LOPD5_2065 ) 
              5 LOPD_16bit_UNIT_MSB ( ADD_SUB_LOPD_16bit_2014 ) 
                 6 LOPD_8bit_unit_0 ( ADD_SUB_LOPD_8bit_2216 ) 
                 6 LOPD_8bit_unit_1 ( ADD_SUB_LOPD_8bit_2215 ) 
              5 LOPD_8bit_UNIT_LSB ( ADD_SUB_LOPD_8bit_2214 ) 
           4 MAN_ALU ( ADD_SUB_MAN_ALU_NUM_OP1_SIZE_MAN24_2271 ) 
              5 ALU_SUB_UNIT ( ADD_SUB_CLA_24bit_325 ) 
                 6 CLA_BLOCK_GEN[0].CLA_4BIT_UNIT ( ADD_SUB_CLA_4bit_1017 ) 
                 6 CLA_BLOCK_GEN[1].CLA_4BIT_UNIT ( ADD_SUB_CLA_4bit_1016 ) 
                 6 CLA_BLOCK_GEN[2].CLA_4BIT_UNIT ( ADD_SUB_CLA_4bit_1015 ) 
                 6 CLA_BLOCK_GEN[3].CLA_4BIT_UNIT ( ADD_SUB_CLA_4bit_1014 ) 
                 6 CLA_BLOCK_GEN[4].CLA_4BIT_UNIT ( ADD_SUB_CLA_4bit_1013 ) 
                 6 CLA_BLOCK_GEN[5].CLA_4BIT_UNIT ( ADD_SUB_CLA_4bit_1012 ) 
           4 MAN_ALU_PROC_RND ( ADD_SUB_CLS_4bit_1191 ) 
           4 MAN_COMP_24BIT ( ADD_SUB_COMP_24bit_SIZE_DATA24_1242 ) 
              5 u_i_data_0 ( ADD_SUB_COMP_4bit_1641 ) 
              5 u_i_data_1 ( ADD_SUB_COMP_4bit_1640 ) 
              5 u_i_data_2 ( ADD_SUB_COMP_4bit_1639 ) 
              5 u_i_data_3 ( ADD_SUB_COMP_4bit_1638 ) 
              5 u_i_data_4 ( ADD_SUB_COMP_4bit_1637 ) 
              5 u_i_data_5 ( ADD_SUB_COMP_4bit_1636 ) 
           4 MAN_RND ( ADD_SUB_MAN_rounding_SIZE_MAN32_SIZE_MAN_RESULT24_2322 ) 
           4 MAN_SWAP ( ADD_SUB_MAN_swap_SIZE_MAN24_2422 ) 
           4 MAN_SWAP_PRE ( ADD_SUB_MAN_swap_SIZE_MAN24_2423 ) 
           4 NOR_UNIT ( ADD_SUB_NOR_unit_SIZE_LOPD5_SIZE_DATA32_2476 ) 
              5 SHF_left_unit ( ADD_SUB_SHF_left_SIZE_DATA32_SIZE_SHIFT5_2578 ) 
           4 PSC_UNIT ( ADD_SUB_PSC_unit_2527 ) 
           4 SHF_RIGHT_MAN ( ADD_SUB_SHF_right_SIZE_DATA32_SIZE_SHIFT5_2629 ) 
           4 SIGN_UNIT ( ADD_SUB_SIGN_unit_2680 ) 
     2 BFU2_UNIT1 ( BFU_2_SIZE_DATA32_2692 ) 
        3 DATA_A_IM ( FPU_add_sub_NUM_OP1_2997 ) 
           4 EXP_ADJUST ( ADD_SUB_EXP_adjust_SIZE_EXP8_SIZE_LOPD8_1756 ) 
              5 CLA_8BIT_UNIT ( ADD_SUB_CLA_8bit_1131 ) 
                 6 CLA_4BIT_UNIT_0 ( ADD_SUB_CLA_4bit_981 ) 
                 6 CLA_4BIT_UNIT_1 ( ADD_SUB_CLA_4bit_980 ) 
           4 EXP_COM_8BIT ( ADD_SUB_EXP_comp_SIZE_DATA8_1807 ) 
              5 COMP_LESS_UNIT ( ADD_SUB_COMP_8bit_SIZE_DATA8_1705 ) 
                 6 u_high ( ADD_SUB_COMP_4bit_1618 ) 
                 6 u_low ( ADD_SUB_COMP_4bit_1619 ) 
           4 EXP_RND ( ADD_SUB_EXP_rounding_SIZE_DATA8_1858 ) 
           4 EXP_SUB ( ADD_SUB_EXP_sub_SIZE_EXP_SUB8_1909 ) 
              5 CLA_8BIT_UNIT ( ADD_SUB_CLA_8bit_1132 ) 
                 6 CLA_4BIT_UNIT_0 ( ADD_SUB_CLA_4bit_989 ) 
                 6 CLA_4BIT_UNIT_1 ( ADD_SUB_CLA_4bit_988 ) 
           4 EXP_SWAP ( ADD_SUB_EXP_swap_SIZE_DATA8_1960 ) 
           4 LOPD_24BIT ( ADD_SUB_LOPD_24bit_SIZE_DATA24_SIZE_LOPD5_2062 ) 
              5 LOPD_16bit_UNIT_MSB ( ADD_SUB_LOPD_16bit_2011 ) 
                 6 LOPD_8bit_unit_0 ( ADD_SUB_LOPD_8bit_2207 ) 
                 6 LOPD_8bit_unit_1 ( ADD_SUB_LOPD_8bit_2206 ) 
              5 LOPD_8bit_UNIT_LSB ( ADD_SUB_LOPD_8bit_2205 ) 
           4 MAN_ALU ( ADD_SUB_MAN_ALU_NUM_OP1_SIZE_MAN24_2268 ) 
              5 ALU_SUB_UNIT ( ADD_SUB_CLA_24bit_322 ) 
                 6 CLA_BLOCK_GEN[0].CLA_4BIT_UNIT ( ADD_SUB_CLA_4bit_987 ) 
                 6 CLA_BLOCK_GEN[1].CLA_4BIT_UNIT ( ADD_SUB_CLA_4bit_986 ) 
                 6 CLA_BLOCK_GEN[2].CLA_4BIT_UNIT ( ADD_SUB_CLA_4bit_985 ) 
                 6 CLA_BLOCK_GEN[3].CLA_4BIT_UNIT ( ADD_SUB_CLA_4bit_984 ) 
                 6 CLA_BLOCK_GEN[4].CLA_4BIT_UNIT ( ADD_SUB_CLA_4bit_983 ) 
                 6 CLA_BLOCK_GEN[5].CLA_4BIT_UNIT ( ADD_SUB_CLA_4bit_982 ) 
           4 MAN_ALU_PROC_RND ( ADD_SUB_CLS_4bit_1188 ) 
           4 MAN_COMP_24BIT ( ADD_SUB_COMP_24bit_SIZE_DATA24_1239 ) 
              5 u_i_data_0 ( ADD_SUB_COMP_4bit_1617 ) 
              5 u_i_data_1 ( ADD_SUB_COMP_4bit_1616 ) 
              5 u_i_data_2 ( ADD_SUB_COMP_4bit_1615 ) 
              5 u_i_data_3 ( ADD_SUB_COMP_4bit_1614 ) 
              5 u_i_data_4 ( ADD_SUB_COMP_4bit_1613 ) 
              5 u_i_data_5 ( ADD_SUB_COMP_4bit_1612 ) 
           4 MAN_RND ( ADD_SUB_MAN_rounding_SIZE_MAN32_SIZE_MAN_RESULT24_2319 ) 
           4 MAN_SWAP ( ADD_SUB_MAN_swap_SIZE_MAN24_2416 ) 
           4 MAN_SWAP_PRE ( ADD_SUB_MAN_swap_SIZE_MAN24_2417 ) 
           4 NOR_UNIT ( ADD_SUB_NOR_unit_SIZE_LOPD5_SIZE_DATA32_2473 ) 
              5 SHF_left_unit ( ADD_SUB_SHF_left_SIZE_DATA32_SIZE_SHIFT5_2575 ) 
           4 PSC_UNIT ( ADD_SUB_PSC_unit_2524 ) 
           4 SHF_RIGHT_MAN ( ADD_SUB_SHF_right_SIZE_DATA32_SIZE_SHIFT5_2626 ) 
           4 SIGN_UNIT ( ADD_SUB_SIGN_unit_2677 ) 
        3 DATA_A_RE ( FPU_add_sub_NUM_OP1_2998 ) 
           4 EXP_ADJUST ( ADD_SUB_EXP_adjust_SIZE_EXP8_SIZE_LOPD8_1757 ) 
              5 CLA_8BIT_UNIT ( ADD_SUB_CLA_8bit_1133 ) 
                 6 CLA_4BIT_UNIT_0 ( ADD_SUB_CLA_4bit_991 ) 
                 6 CLA_4BIT_UNIT_1 ( ADD_SUB_CLA_4bit_990 ) 
           4 EXP_COM_8BIT ( ADD_SUB_EXP_comp_SIZE_DATA8_1808 ) 
              5 COMP_LESS_UNIT ( ADD_SUB_COMP_8bit_SIZE_DATA8_1706 ) 
                 6 u_high ( ADD_SUB_COMP_4bit_1626 ) 
                 6 u_low ( ADD_SUB_COMP_4bit_1627 ) 
           4 EXP_RND ( ADD_SUB_EXP_rounding_SIZE_DATA8_1859 ) 
           4 EXP_SUB ( ADD_SUB_EXP_sub_SIZE_EXP_SUB8_1910 ) 
              5 CLA_8BIT_UNIT ( ADD_SUB_CLA_8bit_1134 ) 
                 6 CLA_4BIT_UNIT_0 ( ADD_SUB_CLA_4bit_999 ) 
                 6 CLA_4BIT_UNIT_1 ( ADD_SUB_CLA_4bit_998 ) 
           4 EXP_SWAP ( ADD_SUB_EXP_swap_SIZE_DATA8_1961 ) 
           4 LOPD_24BIT ( ADD_SUB_LOPD_24bit_SIZE_DATA24_SIZE_LOPD5_2063 ) 
              5 LOPD_16bit_UNIT_MSB ( ADD_SUB_LOPD_16bit_2012 ) 
                 6 LOPD_8bit_unit_0 ( ADD_SUB_LOPD_8bit_2210 ) 
                 6 LOPD_8bit_unit_1 ( ADD_SUB_LOPD_8bit_2209 ) 
              5 LOPD_8bit_UNIT_LSB ( ADD_SUB_LOPD_8bit_2208 ) 
           4 MAN_ALU ( ADD_SUB_MAN_ALU_NUM_OP1_SIZE_MAN24_2269 ) 
              5 ALU_SUB_UNIT ( ADD_SUB_CLA_24bit_323 ) 
                 6 CLA_BLOCK_GEN[0].CLA_4BIT_UNIT ( ADD_SUB_CLA_4bit_997 ) 
                 6 CLA_BLOCK_GEN[1].CLA_4BIT_UNIT ( ADD_SUB_CLA_4bit_996 ) 
                 6 CLA_BLOCK_GEN[2].CLA_4BIT_UNIT ( ADD_SUB_CLA_4bit_995 ) 
                 6 CLA_BLOCK_GEN[3].CLA_4BIT_UNIT ( ADD_SUB_CLA_4bit_994 ) 
                 6 CLA_BLOCK_GEN[4].CLA_4BIT_UNIT ( ADD_SUB_CLA_4bit_993 ) 
                 6 CLA_BLOCK_GEN[5].CLA_4BIT_UNIT ( ADD_SUB_CLA_4bit_992 ) 
           4 MAN_ALU_PROC_RND ( ADD_SUB_CLS_4bit_1189 ) 
           4 MAN_COMP_24BIT ( ADD_SUB_COMP_24bit_SIZE_DATA24_1240 ) 
              5 u_i_data_0 ( ADD_SUB_COMP_4bit_1625 ) 
              5 u_i_data_1 ( ADD_SUB_COMP_4bit_1624 ) 
              5 u_i_data_2 ( ADD_SUB_COMP_4bit_1623 ) 
              5 u_i_data_3 ( ADD_SUB_COMP_4bit_1622 ) 
              5 u_i_data_4 ( ADD_SUB_COMP_4bit_1621 ) 
              5 u_i_data_5 ( ADD_SUB_COMP_4bit_1620 ) 
           4 MAN_RND ( ADD_SUB_MAN_rounding_SIZE_MAN32_SIZE_MAN_RESULT24_2320 ) 
           4 MAN_SWAP ( ADD_SUB_MAN_swap_SIZE_MAN24_2418 ) 
           4 MAN_SWAP_PRE ( ADD_SUB_MAN_swap_SIZE_MAN24_2419 ) 
           4 NOR_UNIT ( ADD_SUB_NOR_unit_SIZE_LOPD5_SIZE_DATA32_2474 ) 
              5 SHF_left_unit ( ADD_SUB_SHF_left_SIZE_DATA32_SIZE_SHIFT5_2576 ) 
           4 PSC_UNIT ( ADD_SUB_PSC_unit_2525 ) 
           4 SHF_RIGHT_MAN ( ADD_SUB_SHF_right_SIZE_DATA32_SIZE_SHIFT5_2627 ) 
           4 SIGN_UNIT ( ADD_SUB_SIGN_unit_2678 ) 
        3 DATA_B_IM ( FPU_add_sub_NUM_OP1_2995 ) 
           4 EXP_ADJUST ( ADD_SUB_EXP_adjust_SIZE_EXP8_SIZE_LOPD8_1754 ) 
              5 CLA_8BIT_UNIT ( ADD_SUB_CLA_8bit_1127 ) 
                 6 CLA_4BIT_UNIT_0 ( ADD_SUB_CLA_4bit_961 ) 
                 6 CLA_4BIT_UNIT_1 ( ADD_SUB_CLA_4bit_960 ) 
           4 EXP_COM_8BIT ( ADD_SUB_EXP_comp_SIZE_DATA8_1805 ) 
              5 COMP_LESS_UNIT ( ADD_SUB_COMP_8bit_SIZE_DATA8_1703 ) 
                 6 u_high ( ADD_SUB_COMP_4bit_1602 ) 
                 6 u_low ( ADD_SUB_COMP_4bit_1603 ) 
           4 EXP_RND ( ADD_SUB_EXP_rounding_SIZE_DATA8_1856 ) 
           4 EXP_SUB ( ADD_SUB_EXP_sub_SIZE_EXP_SUB8_1907 ) 
              5 CLA_8BIT_UNIT ( ADD_SUB_CLA_8bit_1128 ) 
                 6 CLA_4BIT_UNIT_0 ( ADD_SUB_CLA_4bit_969 ) 
                 6 CLA_4BIT_UNIT_1 ( ADD_SUB_CLA_4bit_968 ) 
           4 EXP_SWAP ( ADD_SUB_EXP_swap_SIZE_DATA8_1958 ) 
           4 LOPD_24BIT ( ADD_SUB_LOPD_24bit_SIZE_DATA24_SIZE_LOPD5_2060 ) 
              5 LOPD_16bit_UNIT_MSB ( ADD_SUB_LOPD_16bit_2009 ) 
                 6 LOPD_8bit_unit_0 ( ADD_SUB_LOPD_8bit_2201 ) 
                 6 LOPD_8bit_unit_1 ( ADD_SUB_LOPD_8bit_2200 ) 
              5 LOPD_8bit_UNIT_LSB ( ADD_SUB_LOPD_8bit_2199 ) 
           4 MAN_ALU ( ADD_SUB_MAN_ALU_NUM_OP1_SIZE_MAN24_2266 ) 
              5 ALU_SUB_UNIT ( ADD_SUB_CLA_24bit_320 ) 
                 6 CLA_BLOCK_GEN[0].CLA_4BIT_UNIT ( ADD_SUB_CLA_4bit_967 ) 
                 6 CLA_BLOCK_GEN[1].CLA_4BIT_UNIT ( ADD_SUB_CLA_4bit_966 ) 
                 6 CLA_BLOCK_GEN[2].CLA_4BIT_UNIT ( ADD_SUB_CLA_4bit_965 ) 
                 6 CLA_BLOCK_GEN[3].CLA_4BIT_UNIT ( ADD_SUB_CLA_4bit_964 ) 
                 6 CLA_BLOCK_GEN[4].CLA_4BIT_UNIT ( ADD_SUB_CLA_4bit_963 ) 
                 6 CLA_BLOCK_GEN[5].CLA_4BIT_UNIT ( ADD_SUB_CLA_4bit_962 ) 
           4 MAN_ALU_PROC_RND ( ADD_SUB_CLS_4bit_1186 ) 
           4 MAN_COMP_24BIT ( ADD_SUB_COMP_24bit_SIZE_DATA24_1237 ) 
              5 u_i_data_0 ( ADD_SUB_COMP_4bit_1601 ) 
              5 u_i_data_1 ( ADD_SUB_COMP_4bit_1600 ) 
              5 u_i_data_2 ( ADD_SUB_COMP_4bit_1599 ) 
              5 u_i_data_3 ( ADD_SUB_COMP_4bit_1598 ) 
              5 u_i_data_4 ( ADD_SUB_COMP_4bit_1597 ) 
              5 u_i_data_5 ( ADD_SUB_COMP_4bit_1596 ) 
           4 MAN_RND ( ADD_SUB_MAN_rounding_SIZE_MAN32_SIZE_MAN_RESULT24_2317 ) 
           4 MAN_SWAP ( ADD_SUB_MAN_swap_SIZE_MAN24_2412 ) 
           4 MAN_SWAP_PRE ( ADD_SUB_MAN_swap_SIZE_MAN24_2413 ) 
           4 NOR_UNIT ( ADD_SUB_NOR_unit_SIZE_LOPD5_SIZE_DATA32_2471 ) 
              5 SHF_left_unit ( ADD_SUB_SHF_left_SIZE_DATA32_SIZE_SHIFT5_2573 ) 
           4 PSC_UNIT ( ADD_SUB_PSC_unit_2522 ) 
           4 SHF_RIGHT_MAN ( ADD_SUB_SHF_right_SIZE_DATA32_SIZE_SHIFT5_2624 ) 
           4 SIGN_UNIT ( ADD_SUB_SIGN_unit_2675 ) 
        3 DATA_B_RE ( FPU_add_sub_NUM_OP1_2996 ) 
           4 EXP_ADJUST ( ADD_SUB_EXP_adjust_SIZE_EXP8_SIZE_LOPD8_1755 ) 
              5 CLA_8BIT_UNIT ( ADD_SUB_CLA_8bit_1129 ) 
                 6 CLA_4BIT_UNIT_0 ( ADD_SUB_CLA_4bit_971 ) 
                 6 CLA_4BIT_UNIT_1 ( ADD_SUB_CLA_4bit_970 ) 
           4 EXP_COM_8BIT ( ADD_SUB_EXP_comp_SIZE_DATA8_1806 ) 
              5 COMP_LESS_UNIT ( ADD_SUB_COMP_8bit_SIZE_DATA8_1704 ) 
                 6 u_high ( ADD_SUB_COMP_4bit_1610 ) 
                 6 u_low ( ADD_SUB_COMP_4bit_1611 ) 
           4 EXP_RND ( ADD_SUB_EXP_rounding_SIZE_DATA8_1857 ) 
           4 EXP_SUB ( ADD_SUB_EXP_sub_SIZE_EXP_SUB8_1908 ) 
              5 CLA_8BIT_UNIT ( ADD_SUB_CLA_8bit_1130 ) 
                 6 CLA_4BIT_UNIT_0 ( ADD_SUB_CLA_4bit_979 ) 
                 6 CLA_4BIT_UNIT_1 ( ADD_SUB_CLA_4bit_978 ) 
           4 EXP_SWAP ( ADD_SUB_EXP_swap_SIZE_DATA8_1959 ) 
           4 LOPD_24BIT ( ADD_SUB_LOPD_24bit_SIZE_DATA24_SIZE_LOPD5_2061 ) 
              5 LOPD_16bit_UNIT_MSB ( ADD_SUB_LOPD_16bit_2010 ) 
                 6 LOPD_8bit_unit_0 ( ADD_SUB_LOPD_8bit_2204 ) 
                 6 LOPD_8bit_unit_1 ( ADD_SUB_LOPD_8bit_2203 ) 
              5 LOPD_8bit_UNIT_LSB ( ADD_SUB_LOPD_8bit_2202 ) 
           4 MAN_ALU ( ADD_SUB_MAN_ALU_NUM_OP1_SIZE_MAN24_2267 ) 
              5 ALU_SUB_UNIT ( ADD_SUB_CLA_24bit_321 ) 
                 6 CLA_BLOCK_GEN[0].CLA_4BIT_UNIT ( ADD_SUB_CLA_4bit_977 ) 
                 6 CLA_BLOCK_GEN[1].CLA_4BIT_UNIT ( ADD_SUB_CLA_4bit_976 ) 
                 6 CLA_BLOCK_GEN[2].CLA_4BIT_UNIT ( ADD_SUB_CLA_4bit_975 ) 
                 6 CLA_BLOCK_GEN[3].CLA_4BIT_UNIT ( ADD_SUB_CLA_4bit_974 ) 
                 6 CLA_BLOCK_GEN[4].CLA_4BIT_UNIT ( ADD_SUB_CLA_4bit_973 ) 
                 6 CLA_BLOCK_GEN[5].CLA_4BIT_UNIT ( ADD_SUB_CLA_4bit_972 ) 
           4 MAN_ALU_PROC_RND ( ADD_SUB_CLS_4bit_1187 ) 
           4 MAN_COMP_24BIT ( ADD_SUB_COMP_24bit_SIZE_DATA24_1238 ) 
              5 u_i_data_0 ( ADD_SUB_COMP_4bit_1609 ) 
              5 u_i_data_1 ( ADD_SUB_COMP_4bit_1608 ) 
              5 u_i_data_2 ( ADD_SUB_COMP_4bit_1607 ) 
              5 u_i_data_3 ( ADD_SUB_COMP_4bit_1606 ) 
              5 u_i_data_4 ( ADD_SUB_COMP_4bit_1605 ) 
              5 u_i_data_5 ( ADD_SUB_COMP_4bit_1604 ) 
           4 MAN_RND ( ADD_SUB_MAN_rounding_SIZE_MAN32_SIZE_MAN_RESULT24_2318 ) 
           4 MAN_SWAP ( ADD_SUB_MAN_swap_SIZE_MAN24_2414 ) 
           4 MAN_SWAP_PRE ( ADD_SUB_MAN_swap_SIZE_MAN24_2415 ) 
           4 NOR_UNIT ( ADD_SUB_NOR_unit_SIZE_LOPD5_SIZE_DATA32_2472 ) 
              5 SHF_left_unit ( ADD_SUB_SHF_left_SIZE_DATA32_SIZE_SHIFT5_2574 ) 
           4 PSC_UNIT ( ADD_SUB_PSC_unit_2523 ) 
           4 SHF_RIGHT_MAN ( ADD_SUB_SHF_right_SIZE_DATA32_SIZE_SHIFT5_2625 ) 
           4 SIGN_UNIT ( ADD_SUB_SIGN_unit_2676 ) 
  1 BFU4_17 ( BFU_4_SIZE_DATA32_2693 ) 
     2 BFU2_UNIT0 ( BFU_2_SIZE_DATA32_2683 ) 
        3 DATA_A_IM ( FPU_add_sub_NUM_OP1_2957 ) 
           4 EXP_ADJUST ( ADD_SUB_EXP_adjust_SIZE_EXP8_SIZE_LOPD8_1716 ) 
              5 CLA_8BIT_UNIT ( ADD_SUB_CLA_8bit_1051 ) 
                 6 CLA_4BIT_UNIT_0 ( ADD_SUB_CLA_4bit_581 ) 
                 6 CLA_4BIT_UNIT_1 ( ADD_SUB_CLA_4bit_580 ) 
           4 EXP_COM_8BIT ( ADD_SUB_EXP_comp_SIZE_DATA8_1767 ) 
              5 COMP_LESS_UNIT ( ADD_SUB_COMP_8bit_SIZE_DATA8_1665 ) 
                 6 u_high ( ADD_SUB_COMP_4bit_1298 ) 
                 6 u_low ( ADD_SUB_COMP_4bit_1299 ) 
           4 EXP_RND ( ADD_SUB_EXP_rounding_SIZE_DATA8_1818 ) 
           4 EXP_SUB ( ADD_SUB_EXP_sub_SIZE_EXP_SUB8_1869 ) 
              5 CLA_8BIT_UNIT ( ADD_SUB_CLA_8bit_1052 ) 
                 6 CLA_4BIT_UNIT_0 ( ADD_SUB_CLA_4bit_589 ) 
                 6 CLA_4BIT_UNIT_1 ( ADD_SUB_CLA_4bit_588 ) 
           4 EXP_SWAP ( ADD_SUB_EXP_swap_SIZE_DATA8_1920 ) 
           4 LOPD_24BIT ( ADD_SUB_LOPD_24bit_SIZE_DATA24_SIZE_LOPD5_2022 ) 
              5 LOPD_16bit_UNIT_MSB ( ADD_SUB_LOPD_16bit_1971 ) 
                 6 LOPD_8bit_unit_0 ( ADD_SUB_LOPD_8bit_2087 ) 
                 6 LOPD_8bit_unit_1 ( ADD_SUB_LOPD_8bit_2086 ) 
              5 LOPD_8bit_UNIT_LSB ( ADD_SUB_LOPD_8bit_2085 ) 
           4 MAN_ALU ( ADD_SUB_MAN_ALU_NUM_OP1_SIZE_MAN24_2228 ) 
              5 ALU_SUB_UNIT ( ADD_SUB_CLA_24bit_282 ) 
                 6 CLA_BLOCK_GEN[0].CLA_4BIT_UNIT ( ADD_SUB_CLA_4bit_587 ) 
                 6 CLA_BLOCK_GEN[1].CLA_4BIT_UNIT ( ADD_SUB_CLA_4bit_586 ) 
                 6 CLA_BLOCK_GEN[2].CLA_4BIT_UNIT ( ADD_SUB_CLA_4bit_585 ) 
                 6 CLA_BLOCK_GEN[3].CLA_4BIT_UNIT ( ADD_SUB_CLA_4bit_584 ) 
                 6 CLA_BLOCK_GEN[4].CLA_4BIT_UNIT ( ADD_SUB_CLA_4bit_583 ) 
                 6 CLA_BLOCK_GEN[5].CLA_4BIT_UNIT ( ADD_SUB_CLA_4bit_582 ) 
           4 MAN_ALU_PROC_RND ( ADD_SUB_CLS_4bit_1148 ) 
           4 MAN_COMP_24BIT ( ADD_SUB_COMP_24bit_SIZE_DATA24_1199 ) 
              5 u_i_data_0 ( ADD_SUB_COMP_4bit_1297 ) 
              5 u_i_data_1 ( ADD_SUB_COMP_4bit_1296 ) 
              5 u_i_data_2 ( ADD_SUB_COMP_4bit_1295 ) 
              5 u_i_data_3 ( ADD_SUB_COMP_4bit_1294 ) 
              5 u_i_data_4 ( ADD_SUB_COMP_4bit_1293 ) 
              5 u_i_data_5 ( ADD_SUB_COMP_4bit_1292 ) 
           4 MAN_RND ( ADD_SUB_MAN_rounding_SIZE_MAN32_SIZE_MAN_RESULT24_2279 ) 
           4 MAN_SWAP ( ADD_SUB_MAN_swap_SIZE_MAN24_2336 ) 
           4 MAN_SWAP_PRE ( ADD_SUB_MAN_swap_SIZE_MAN24_2337 ) 
           4 NOR_UNIT ( ADD_SUB_NOR_unit_SIZE_LOPD5_SIZE_DATA32_2433 ) 
              5 SHF_left_unit ( ADD_SUB_SHF_left_SIZE_DATA32_SIZE_SHIFT5_2535 ) 
           4 PSC_UNIT ( ADD_SUB_PSC_unit_2484 ) 
           4 SHF_RIGHT_MAN ( ADD_SUB_SHF_right_SIZE_DATA32_SIZE_SHIFT5_2586 ) 
           4 SIGN_UNIT ( ADD_SUB_SIGN_unit_2637 ) 
        3 DATA_A_RE ( FPU_add_sub_NUM_OP1_2958 ) 
           4 EXP_ADJUST ( ADD_SUB_EXP_adjust_SIZE_EXP8_SIZE_LOPD8_1717 ) 
              5 CLA_8BIT_UNIT ( ADD_SUB_CLA_8bit_1053 ) 
                 6 CLA_4BIT_UNIT_0 ( ADD_SUB_CLA_4bit_591 ) 
                 6 CLA_4BIT_UNIT_1 ( ADD_SUB_CLA_4bit_590 ) 
           4 EXP_COM_8BIT ( ADD_SUB_EXP_comp_SIZE_DATA8_1768 ) 
              5 COMP_LESS_UNIT ( ADD_SUB_COMP_8bit_SIZE_DATA8_1666 ) 
                 6 u_high ( ADD_SUB_COMP_4bit_1306 ) 
                 6 u_low ( ADD_SUB_COMP_4bit_1307 ) 
           4 EXP_RND ( ADD_SUB_EXP_rounding_SIZE_DATA8_1819 ) 
           4 EXP_SUB ( ADD_SUB_EXP_sub_SIZE_EXP_SUB8_1870 ) 
              5 CLA_8BIT_UNIT ( ADD_SUB_CLA_8bit_1054 ) 
                 6 CLA_4BIT_UNIT_0 ( ADD_SUB_CLA_4bit_599 ) 
                 6 CLA_4BIT_UNIT_1 ( ADD_SUB_CLA_4bit_598 ) 
           4 EXP_SWAP ( ADD_SUB_EXP_swap_SIZE_DATA8_1921 ) 
           4 LOPD_24BIT ( ADD_SUB_LOPD_24bit_SIZE_DATA24_SIZE_LOPD5_2023 ) 
              5 LOPD_16bit_UNIT_MSB ( ADD_SUB_LOPD_16bit_1972 ) 
                 6 LOPD_8bit_unit_0 ( ADD_SUB_LOPD_8bit_2090 ) 
                 6 LOPD_8bit_unit_1 ( ADD_SUB_LOPD_8bit_2089 ) 
              5 LOPD_8bit_UNIT_LSB ( ADD_SUB_LOPD_8bit_2088 ) 
           4 MAN_ALU ( ADD_SUB_MAN_ALU_NUM_OP1_SIZE_MAN24_2229 ) 
              5 ALU_SUB_UNIT ( ADD_SUB_CLA_24bit_283 ) 
                 6 CLA_BLOCK_GEN[0].CLA_4BIT_UNIT ( ADD_SUB_CLA_4bit_597 ) 
                 6 CLA_BLOCK_GEN[1].CLA_4BIT_UNIT ( ADD_SUB_CLA_4bit_596 ) 
                 6 CLA_BLOCK_GEN[2].CLA_4BIT_UNIT ( ADD_SUB_CLA_4bit_595 ) 
                 6 CLA_BLOCK_GEN[3].CLA_4BIT_UNIT ( ADD_SUB_CLA_4bit_594 ) 
                 6 CLA_BLOCK_GEN[4].CLA_4BIT_UNIT ( ADD_SUB_CLA_4bit_593 ) 
                 6 CLA_BLOCK_GEN[5].CLA_4BIT_UNIT ( ADD_SUB_CLA_4bit_592 ) 
           4 MAN_ALU_PROC_RND ( ADD_SUB_CLS_4bit_1149 ) 
           4 MAN_COMP_24BIT ( ADD_SUB_COMP_24bit_SIZE_DATA24_1200 ) 
              5 u_i_data_0 ( ADD_SUB_COMP_4bit_1305 ) 
              5 u_i_data_1 ( ADD_SUB_COMP_4bit_1304 ) 
              5 u_i_data_2 ( ADD_SUB_COMP_4bit_1303 ) 
              5 u_i_data_3 ( ADD_SUB_COMP_4bit_1302 ) 
              5 u_i_data_4 ( ADD_SUB_COMP_4bit_1301 ) 
              5 u_i_data_5 ( ADD_SUB_COMP_4bit_1300 ) 
           4 MAN_RND ( ADD_SUB_MAN_rounding_SIZE_MAN32_SIZE_MAN_RESULT24_2280 ) 
           4 MAN_SWAP ( ADD_SUB_MAN_swap_SIZE_MAN24_2338 ) 
           4 MAN_SWAP_PRE ( ADD_SUB_MAN_swap_SIZE_MAN24_2339 ) 
           4 NOR_UNIT ( ADD_SUB_NOR_unit_SIZE_LOPD5_SIZE_DATA32_2434 ) 
              5 SHF_left_unit ( ADD_SUB_SHF_left_SIZE_DATA32_SIZE_SHIFT5_2536 ) 
           4 PSC_UNIT ( ADD_SUB_PSC_unit_2485 ) 
           4 SHF_RIGHT_MAN ( ADD_SUB_SHF_right_SIZE_DATA32_SIZE_SHIFT5_2587 ) 
           4 SIGN_UNIT ( ADD_SUB_SIGN_unit_2638 ) 
        3 DATA_B_IM ( FPU_add_sub_NUM_OP1_2955 ) 
           4 EXP_ADJUST ( ADD_SUB_EXP_adjust_SIZE_EXP8_SIZE_LOPD8_1714 ) 
              5 CLA_8BIT_UNIT ( ADD_SUB_CLA_8bit_1047 ) 
                 6 CLA_4BIT_UNIT_0 ( ADD_SUB_CLA_4bit_561 ) 
                 6 CLA_4BIT_UNIT_1 ( ADD_SUB_CLA_4bit_560 ) 
           4 EXP_COM_8BIT ( ADD_SUB_EXP_comp_SIZE_DATA8_1765 ) 
              5 COMP_LESS_UNIT ( ADD_SUB_COMP_8bit_SIZE_DATA8_1663 ) 
                 6 u_high ( ADD_SUB_COMP_4bit_1282 ) 
                 6 u_low ( ADD_SUB_COMP_4bit_1283 ) 
           4 EXP_RND ( ADD_SUB_EXP_rounding_SIZE_DATA8_1816 ) 
           4 EXP_SUB ( ADD_SUB_EXP_sub_SIZE_EXP_SUB8_1867 ) 
              5 CLA_8BIT_UNIT ( ADD_SUB_CLA_8bit_1048 ) 
                 6 CLA_4BIT_UNIT_0 ( ADD_SUB_CLA_4bit_569 ) 
                 6 CLA_4BIT_UNIT_1 ( ADD_SUB_CLA_4bit_568 ) 
           4 EXP_SWAP ( ADD_SUB_EXP_swap_SIZE_DATA8_1918 ) 
           4 LOPD_24BIT ( ADD_SUB_LOPD_24bit_SIZE_DATA24_SIZE_LOPD5_2020 ) 
              5 LOPD_16bit_UNIT_MSB ( ADD_SUB_LOPD_16bit_1969 ) 
                 6 LOPD_8bit_unit_0 ( ADD_SUB_LOPD_8bit_2081 ) 
                 6 LOPD_8bit_unit_1 ( ADD_SUB_LOPD_8bit_2080 ) 
              5 LOPD_8bit_UNIT_LSB ( ADD_SUB_LOPD_8bit_2079 ) 
           4 MAN_ALU ( ADD_SUB_MAN_ALU_NUM_OP1_SIZE_MAN24_2226 ) 
              5 ALU_SUB_UNIT ( ADD_SUB_CLA_24bit_280 ) 
                 6 CLA_BLOCK_GEN[0].CLA_4BIT_UNIT ( ADD_SUB_CLA_4bit_567 ) 
                 6 CLA_BLOCK_GEN[1].CLA_4BIT_UNIT ( ADD_SUB_CLA_4bit_566 ) 
                 6 CLA_BLOCK_GEN[2].CLA_4BIT_UNIT ( ADD_SUB_CLA_4bit_565 ) 
                 6 CLA_BLOCK_GEN[3].CLA_4BIT_UNIT ( ADD_SUB_CLA_4bit_564 ) 
                 6 CLA_BLOCK_GEN[4].CLA_4BIT_UNIT ( ADD_SUB_CLA_4bit_563 ) 
                 6 CLA_BLOCK_GEN[5].CLA_4BIT_UNIT ( ADD_SUB_CLA_4bit_562 ) 
           4 MAN_ALU_PROC_RND ( ADD_SUB_CLS_4bit_1146 ) 
           4 MAN_COMP_24BIT ( ADD_SUB_COMP_24bit_SIZE_DATA24_1197 ) 
              5 u_i_data_0 ( ADD_SUB_COMP_4bit_1281 ) 
              5 u_i_data_1 ( ADD_SUB_COMP_4bit_1280 ) 
              5 u_i_data_2 ( ADD_SUB_COMP_4bit_1279 ) 
              5 u_i_data_3 ( ADD_SUB_COMP_4bit_1278 ) 
              5 u_i_data_4 ( ADD_SUB_COMP_4bit_1277 ) 
              5 u_i_data_5 ( ADD_SUB_COMP_4bit_1276 ) 
           4 MAN_RND ( ADD_SUB_MAN_rounding_SIZE_MAN32_SIZE_MAN_RESULT24_2277 ) 
           4 MAN_SWAP ( ADD_SUB_MAN_swap_SIZE_MAN24_2332 ) 
           4 MAN_SWAP_PRE ( ADD_SUB_MAN_swap_SIZE_MAN24_2333 ) 
           4 NOR_UNIT ( ADD_SUB_NOR_unit_SIZE_LOPD5_SIZE_DATA32_2431 ) 
              5 SHF_left_unit ( ADD_SUB_SHF_left_SIZE_DATA32_SIZE_SHIFT5_2533 ) 
           4 PSC_UNIT ( ADD_SUB_PSC_unit_2482 ) 
           4 SHF_RIGHT_MAN ( ADD_SUB_SHF_right_SIZE_DATA32_SIZE_SHIFT5_2584 ) 
           4 SIGN_UNIT ( ADD_SUB_SIGN_unit_2635 ) 
        3 DATA_B_RE ( FPU_add_sub_NUM_OP1_2956 ) 
           4 EXP_ADJUST ( ADD_SUB_EXP_adjust_SIZE_EXP8_SIZE_LOPD8_1715 ) 
              5 CLA_8BIT_UNIT ( ADD_SUB_CLA_8bit_1049 ) 
                 6 CLA_4BIT_UNIT_0 ( ADD_SUB_CLA_4bit_571 ) 
                 6 CLA_4BIT_UNIT_1 ( ADD_SUB_CLA_4bit_570 ) 
           4 EXP_COM_8BIT ( ADD_SUB_EXP_comp_SIZE_DATA8_1766 ) 
              5 COMP_LESS_UNIT ( ADD_SUB_COMP_8bit_SIZE_DATA8_1664 ) 
                 6 u_high ( ADD_SUB_COMP_4bit_1290 ) 
                 6 u_low ( ADD_SUB_COMP_4bit_1291 ) 
           4 EXP_RND ( ADD_SUB_EXP_rounding_SIZE_DATA8_1817 ) 
           4 EXP_SUB ( ADD_SUB_EXP_sub_SIZE_EXP_SUB8_1868 ) 
              5 CLA_8BIT_UNIT ( ADD_SUB_CLA_8bit_1050 ) 
                 6 CLA_4BIT_UNIT_0 ( ADD_SUB_CLA_4bit_579 ) 
                 6 CLA_4BIT_UNIT_1 ( ADD_SUB_CLA_4bit_578 ) 
           4 EXP_SWAP ( ADD_SUB_EXP_swap_SIZE_DATA8_1919 ) 
           4 LOPD_24BIT ( ADD_SUB_LOPD_24bit_SIZE_DATA24_SIZE_LOPD5_2021 ) 
              5 LOPD_16bit_UNIT_MSB ( ADD_SUB_LOPD_16bit_1970 ) 
                 6 LOPD_8bit_unit_0 ( ADD_SUB_LOPD_8bit_2084 ) 
                 6 LOPD_8bit_unit_1 ( ADD_SUB_LOPD_8bit_2083 ) 
              5 LOPD_8bit_UNIT_LSB ( ADD_SUB_LOPD_8bit_2082 ) 
           4 MAN_ALU ( ADD_SUB_MAN_ALU_NUM_OP1_SIZE_MAN24_2227 ) 
              5 ALU_SUB_UNIT ( ADD_SUB_CLA_24bit_281 ) 
                 6 CLA_BLOCK_GEN[0].CLA_4BIT_UNIT ( ADD_SUB_CLA_4bit_577 ) 
                 6 CLA_BLOCK_GEN[1].CLA_4BIT_UNIT ( ADD_SUB_CLA_4bit_576 ) 
                 6 CLA_BLOCK_GEN[2].CLA_4BIT_UNIT ( ADD_SUB_CLA_4bit_575 ) 
                 6 CLA_BLOCK_GEN[3].CLA_4BIT_UNIT ( ADD_SUB_CLA_4bit_574 ) 
                 6 CLA_BLOCK_GEN[4].CLA_4BIT_UNIT ( ADD_SUB_CLA_4bit_573 ) 
                 6 CLA_BLOCK_GEN[5].CLA_4BIT_UNIT ( ADD_SUB_CLA_4bit_572 ) 
           4 MAN_ALU_PROC_RND ( ADD_SUB_CLS_4bit_1147 ) 
           4 MAN_COMP_24BIT ( ADD_SUB_COMP_24bit_SIZE_DATA24_1198 ) 
              5 u_i_data_0 ( ADD_SUB_COMP_4bit_1289 ) 
              5 u_i_data_1 ( ADD_SUB_COMP_4bit_1288 ) 
              5 u_i_data_2 ( ADD_SUB_COMP_4bit_1287 ) 
              5 u_i_data_3 ( ADD_SUB_COMP_4bit_1286 ) 
              5 u_i_data_4 ( ADD_SUB_COMP_4bit_1285 ) 
              5 u_i_data_5 ( ADD_SUB_COMP_4bit_1284 ) 
           4 MAN_RND ( ADD_SUB_MAN_rounding_SIZE_MAN32_SIZE_MAN_RESULT24_2278 ) 
           4 MAN_SWAP ( ADD_SUB_MAN_swap_SIZE_MAN24_2334 ) 
           4 MAN_SWAP_PRE ( ADD_SUB_MAN_swap_SIZE_MAN24_2335 ) 
           4 NOR_UNIT ( ADD_SUB_NOR_unit_SIZE_LOPD5_SIZE_DATA32_2432 ) 
              5 SHF_left_unit ( ADD_SUB_SHF_left_SIZE_DATA32_SIZE_SHIFT5_2534 ) 
           4 PSC_UNIT ( ADD_SUB_PSC_unit_2483 ) 
           4 SHF_RIGHT_MAN ( ADD_SUB_SHF_right_SIZE_DATA32_SIZE_SHIFT5_2585 ) 
           4 SIGN_UNIT ( ADD_SUB_SIGN_unit_2636 ) 
     2 BFU2_UNIT1 ( BFU_2_SIZE_DATA32_2682 ) 
        3 DATA_A_IM ( FPU_add_sub_NUM_OP1_2953 ) 
           4 EXP_ADJUST ( ADD_SUB_EXP_adjust_SIZE_EXP8_SIZE_LOPD8_1712 ) 
              5 CLA_8BIT_UNIT ( ADD_SUB_CLA_8bit_1043 ) 
                 6 CLA_4BIT_UNIT_0 ( ADD_SUB_CLA_4bit_541 ) 
                 6 CLA_4BIT_UNIT_1 ( ADD_SUB_CLA_4bit_540 ) 
           4 EXP_COM_8BIT ( ADD_SUB_EXP_comp_SIZE_DATA8_1763 ) 
              5 COMP_LESS_UNIT ( ADD_SUB_COMP_8bit_SIZE_DATA8_1661 ) 
                 6 u_high ( ADD_SUB_COMP_4bit_1266 ) 
                 6 u_low ( ADD_SUB_COMP_4bit_1267 ) 
           4 EXP_RND ( ADD_SUB_EXP_rounding_SIZE_DATA8_1814 ) 
           4 EXP_SUB ( ADD_SUB_EXP_sub_SIZE_EXP_SUB8_1865 ) 
              5 CLA_8BIT_UNIT ( ADD_SUB_CLA_8bit_1044 ) 
                 6 CLA_4BIT_UNIT_0 ( ADD_SUB_CLA_4bit_549 ) 
                 6 CLA_4BIT_UNIT_1 ( ADD_SUB_CLA_4bit_548 ) 
           4 EXP_SWAP ( ADD_SUB_EXP_swap_SIZE_DATA8_1916 ) 
           4 LOPD_24BIT ( ADD_SUB_LOPD_24bit_SIZE_DATA24_SIZE_LOPD5_2018 ) 
              5 LOPD_16bit_UNIT_MSB ( ADD_SUB_LOPD_16bit_1967 ) 
                 6 LOPD_8bit_unit_0 ( ADD_SUB_LOPD_8bit_2075 ) 
                 6 LOPD_8bit_unit_1 ( ADD_SUB_LOPD_8bit_2074 ) 
              5 LOPD_8bit_UNIT_LSB ( ADD_SUB_LOPD_8bit_2073 ) 
           4 MAN_ALU ( ADD_SUB_MAN_ALU_NUM_OP1_SIZE_MAN24_2224 ) 
              5 ALU_SUB_UNIT ( ADD_SUB_CLA_24bit_278 ) 
                 6 CLA_BLOCK_GEN[0].CLA_4BIT_UNIT ( ADD_SUB_CLA_4bit_547 ) 
                 6 CLA_BLOCK_GEN[1].CLA_4BIT_UNIT ( ADD_SUB_CLA_4bit_546 ) 
                 6 CLA_BLOCK_GEN[2].CLA_4BIT_UNIT ( ADD_SUB_CLA_4bit_545 ) 
                 6 CLA_BLOCK_GEN[3].CLA_4BIT_UNIT ( ADD_SUB_CLA_4bit_544 ) 
                 6 CLA_BLOCK_GEN[4].CLA_4BIT_UNIT ( ADD_SUB_CLA_4bit_543 ) 
                 6 CLA_BLOCK_GEN[5].CLA_4BIT_UNIT ( ADD_SUB_CLA_4bit_542 ) 
           4 MAN_ALU_PROC_RND ( ADD_SUB_CLS_4bit_1144 ) 
           4 MAN_COMP_24BIT ( ADD_SUB_COMP_24bit_SIZE_DATA24_1195 ) 
              5 u_i_data_0 ( ADD_SUB_COMP_4bit_1265 ) 
              5 u_i_data_1 ( ADD_SUB_COMP_4bit_1264 ) 
              5 u_i_data_2 ( ADD_SUB_COMP_4bit_1263 ) 
              5 u_i_data_3 ( ADD_SUB_COMP_4bit_1262 ) 
              5 u_i_data_4 ( ADD_SUB_COMP_4bit_1261 ) 
              5 u_i_data_5 ( ADD_SUB_COMP_4bit_1260 ) 
           4 MAN_RND ( ADD_SUB_MAN_rounding_SIZE_MAN32_SIZE_MAN_RESULT24_2275 ) 
           4 MAN_SWAP ( ADD_SUB_MAN_swap_SIZE_MAN24_2328 ) 
           4 MAN_SWAP_PRE ( ADD_SUB_MAN_swap_SIZE_MAN24_2329 ) 
           4 NOR_UNIT ( ADD_SUB_NOR_unit_SIZE_LOPD5_SIZE_DATA32_2429 ) 
              5 SHF_left_unit ( ADD_SUB_SHF_left_SIZE_DATA32_SIZE_SHIFT5_2531 ) 
           4 PSC_UNIT ( ADD_SUB_PSC_unit_2480 ) 
           4 SHF_RIGHT_MAN ( ADD_SUB_SHF_right_SIZE_DATA32_SIZE_SHIFT5_2582 ) 
           4 SIGN_UNIT ( ADD_SUB_SIGN_unit_2633 ) 
        3 DATA_A_RE ( FPU_add_sub_NUM_OP1_2954 ) 
           4 EXP_ADJUST ( ADD_SUB_EXP_adjust_SIZE_EXP8_SIZE_LOPD8_1713 ) 
              5 CLA_8BIT_UNIT ( ADD_SUB_CLA_8bit_1045 ) 
                 6 CLA_4BIT_UNIT_0 ( ADD_SUB_CLA_4bit_551 ) 
                 6 CLA_4BIT_UNIT_1 ( ADD_SUB_CLA_4bit_550 ) 
           4 EXP_COM_8BIT ( ADD_SUB_EXP_comp_SIZE_DATA8_1764 ) 
              5 COMP_LESS_UNIT ( ADD_SUB_COMP_8bit_SIZE_DATA8_1662 ) 
                 6 u_high ( ADD_SUB_COMP_4bit_1274 ) 
                 6 u_low ( ADD_SUB_COMP_4bit_1275 ) 
           4 EXP_RND ( ADD_SUB_EXP_rounding_SIZE_DATA8_1815 ) 
           4 EXP_SUB ( ADD_SUB_EXP_sub_SIZE_EXP_SUB8_1866 ) 
              5 CLA_8BIT_UNIT ( ADD_SUB_CLA_8bit_1046 ) 
                 6 CLA_4BIT_UNIT_0 ( ADD_SUB_CLA_4bit_559 ) 
                 6 CLA_4BIT_UNIT_1 ( ADD_SUB_CLA_4bit_558 ) 
           4 EXP_SWAP ( ADD_SUB_EXP_swap_SIZE_DATA8_1917 ) 
           4 LOPD_24BIT ( ADD_SUB_LOPD_24bit_SIZE_DATA24_SIZE_LOPD5_2019 ) 
              5 LOPD_16bit_UNIT_MSB ( ADD_SUB_LOPD_16bit_1968 ) 
                 6 LOPD_8bit_unit_0 ( ADD_SUB_LOPD_8bit_2078 ) 
                 6 LOPD_8bit_unit_1 ( ADD_SUB_LOPD_8bit_2077 ) 
              5 LOPD_8bit_UNIT_LSB ( ADD_SUB_LOPD_8bit_2076 ) 
           4 MAN_ALU ( ADD_SUB_MAN_ALU_NUM_OP1_SIZE_MAN24_2225 ) 
              5 ALU_SUB_UNIT ( ADD_SUB_CLA_24bit_279 ) 
                 6 CLA_BLOCK_GEN[0].CLA_4BIT_UNIT ( ADD_SUB_CLA_4bit_557 ) 
                 6 CLA_BLOCK_GEN[1].CLA_4BIT_UNIT ( ADD_SUB_CLA_4bit_556 ) 
                 6 CLA_BLOCK_GEN[2].CLA_4BIT_UNIT ( ADD_SUB_CLA_4bit_555 ) 
                 6 CLA_BLOCK_GEN[3].CLA_4BIT_UNIT ( ADD_SUB_CLA_4bit_554 ) 
                 6 CLA_BLOCK_GEN[4].CLA_4BIT_UNIT ( ADD_SUB_CLA_4bit_553 ) 
                 6 CLA_BLOCK_GEN[5].CLA_4BIT_UNIT ( ADD_SUB_CLA_4bit_552 ) 
           4 MAN_ALU_PROC_RND ( ADD_SUB_CLS_4bit_1145 ) 
           4 MAN_COMP_24BIT ( ADD_SUB_COMP_24bit_SIZE_DATA24_1196 ) 
              5 u_i_data_0 ( ADD_SUB_COMP_4bit_1273 ) 
              5 u_i_data_1 ( ADD_SUB_COMP_4bit_1272 ) 
              5 u_i_data_2 ( ADD_SUB_COMP_4bit_1271 ) 
              5 u_i_data_3 ( ADD_SUB_COMP_4bit_1270 ) 
              5 u_i_data_4 ( ADD_SUB_COMP_4bit_1269 ) 
              5 u_i_data_5 ( ADD_SUB_COMP_4bit_1268 ) 
           4 MAN_RND ( ADD_SUB_MAN_rounding_SIZE_MAN32_SIZE_MAN_RESULT24_2276 ) 
           4 MAN_SWAP ( ADD_SUB_MAN_swap_SIZE_MAN24_2330 ) 
           4 MAN_SWAP_PRE ( ADD_SUB_MAN_swap_SIZE_MAN24_2331 ) 
           4 NOR_UNIT ( ADD_SUB_NOR_unit_SIZE_LOPD5_SIZE_DATA32_2430 ) 
              5 SHF_left_unit ( ADD_SUB_SHF_left_SIZE_DATA32_SIZE_SHIFT5_2532 ) 
           4 PSC_UNIT ( ADD_SUB_PSC_unit_2481 ) 
           4 SHF_RIGHT_MAN ( ADD_SUB_SHF_right_SIZE_DATA32_SIZE_SHIFT5_2583 ) 
           4 SIGN_UNIT ( ADD_SUB_SIGN_unit_2634 ) 
        3 DATA_B_IM ( FPU_add_sub_NUM_OP1_2951 ) 
           4 EXP_ADJUST ( ADD_SUB_EXP_adjust_SIZE_EXP8_SIZE_LOPD8_1710 ) 
              5 CLA_8BIT_UNIT ( ADD_SUB_CLA_8bit_1039 ) 
                 6 CLA_4BIT_UNIT_0 ( ADD_SUB_CLA_4bit_521 ) 
                 6 CLA_4BIT_UNIT_1 ( ADD_SUB_CLA_4bit_520 ) 
           4 EXP_COM_8BIT ( ADD_SUB_EXP_comp_SIZE_DATA8_1761 ) 
              5 COMP_LESS_UNIT ( ADD_SUB_COMP_8bit_SIZE_DATA8_1659 ) 
                 6 u_high ( ADD_SUB_COMP_4bit_1250 ) 
                 6 u_low ( ADD_SUB_COMP_4bit_1251 ) 
           4 EXP_RND ( ADD_SUB_EXP_rounding_SIZE_DATA8_1812 ) 
           4 EXP_SUB ( ADD_SUB_EXP_sub_SIZE_EXP_SUB8_1863 ) 
              5 CLA_8BIT_UNIT ( ADD_SUB_CLA_8bit_1040 ) 
                 6 CLA_4BIT_UNIT_0 ( ADD_SUB_CLA_4bit_529 ) 
                 6 CLA_4BIT_UNIT_1 ( ADD_SUB_CLA_4bit_528 ) 
           4 EXP_SWAP ( ADD_SUB_EXP_swap_SIZE_DATA8_1914 ) 
           4 LOPD_24BIT ( ADD_SUB_LOPD_24bit_SIZE_DATA24_SIZE_LOPD5_2016 ) 
              5 LOPD_16bit_UNIT_MSB ( ADD_SUB_LOPD_16bit_1965 ) 
                 6 LOPD_8bit_unit_0 ( ADD_SUB_LOPD_8bit_2069 ) 
                 6 LOPD_8bit_unit_1 ( ADD_SUB_LOPD_8bit_2068 ) 
              5 LOPD_8bit_UNIT_LSB ( ADD_SUB_LOPD_8bit_2067 ) 
           4 MAN_ALU ( ADD_SUB_MAN_ALU_NUM_OP1_SIZE_MAN24_2222 ) 
              5 ALU_SUB_UNIT ( ADD_SUB_CLA_24bit_276 ) 
                 6 CLA_BLOCK_GEN[0].CLA_4BIT_UNIT ( ADD_SUB_CLA_4bit_527 ) 
                 6 CLA_BLOCK_GEN[1].CLA_4BIT_UNIT ( ADD_SUB_CLA_4bit_526 ) 
                 6 CLA_BLOCK_GEN[2].CLA_4BIT_UNIT ( ADD_SUB_CLA_4bit_525 ) 
                 6 CLA_BLOCK_GEN[3].CLA_4BIT_UNIT ( ADD_SUB_CLA_4bit_524 ) 
                 6 CLA_BLOCK_GEN[4].CLA_4BIT_UNIT ( ADD_SUB_CLA_4bit_523 ) 
                 6 CLA_BLOCK_GEN[5].CLA_4BIT_UNIT ( ADD_SUB_CLA_4bit_522 ) 
           4 MAN_ALU_PROC_RND ( ADD_SUB_CLS_4bit_1142 ) 
           4 MAN_COMP_24BIT ( ADD_SUB_COMP_24bit_SIZE_DATA24_1193 ) 
              5 u_i_data_0 ( ADD_SUB_COMP_4bit_1249 ) 
              5 u_i_data_1 ( ADD_SUB_COMP_4bit_1248 ) 
              5 u_i_data_2 ( ADD_SUB_COMP_4bit_1247 ) 
              5 u_i_data_3 ( ADD_SUB_COMP_4bit_1246 ) 
              5 u_i_data_4 ( ADD_SUB_COMP_4bit_1245 ) 
              5 u_i_data_5 ( ADD_SUB_COMP_4bit_1244 ) 
           4 MAN_RND ( ADD_SUB_MAN_rounding_SIZE_MAN32_SIZE_MAN_RESULT24_2273 ) 
           4 MAN_SWAP ( ADD_SUB_MAN_swap_SIZE_MAN24_2324 ) 
           4 MAN_SWAP_PRE ( ADD_SUB_MAN_swap_SIZE_MAN24_2325 ) 
           4 NOR_UNIT ( ADD_SUB_NOR_unit_SIZE_LOPD5_SIZE_DATA32_2427 ) 
              5 SHF_left_unit ( ADD_SUB_SHF_left_SIZE_DATA32_SIZE_SHIFT5_2529 ) 
           4 PSC_UNIT ( ADD_SUB_PSC_unit_2478 ) 
           4 SHF_RIGHT_MAN ( ADD_SUB_SHF_right_SIZE_DATA32_SIZE_SHIFT5_2580 ) 
           4 SIGN_UNIT ( ADD_SUB_SIGN_unit_2631 ) 
        3 DATA_B_RE ( FPU_add_sub_NUM_OP1_2952 ) 
           4 EXP_ADJUST ( ADD_SUB_EXP_adjust_SIZE_EXP8_SIZE_LOPD8_1711 ) 
              5 CLA_8BIT_UNIT ( ADD_SUB_CLA_8bit_1041 ) 
                 6 CLA_4BIT_UNIT_0 ( ADD_SUB_CLA_4bit_531 ) 
                 6 CLA_4BIT_UNIT_1 ( ADD_SUB_CLA_4bit_530 ) 
           4 EXP_COM_8BIT ( ADD_SUB_EXP_comp_SIZE_DATA8_1762 ) 
              5 COMP_LESS_UNIT ( ADD_SUB_COMP_8bit_SIZE_DATA8_1660 ) 
                 6 u_high ( ADD_SUB_COMP_4bit_1258 ) 
                 6 u_low ( ADD_SUB_COMP_4bit_1259 ) 
           4 EXP_RND ( ADD_SUB_EXP_rounding_SIZE_DATA8_1813 ) 
           4 EXP_SUB ( ADD_SUB_EXP_sub_SIZE_EXP_SUB8_1864 ) 
              5 CLA_8BIT_UNIT ( ADD_SUB_CLA_8bit_1042 ) 
                 6 CLA_4BIT_UNIT_0 ( ADD_SUB_CLA_4bit_539 ) 
                 6 CLA_4BIT_UNIT_1 ( ADD_SUB_CLA_4bit_538 ) 
           4 EXP_SWAP ( ADD_SUB_EXP_swap_SIZE_DATA8_1915 ) 
           4 LOPD_24BIT ( ADD_SUB_LOPD_24bit_SIZE_DATA24_SIZE_LOPD5_2017 ) 
              5 LOPD_16bit_UNIT_MSB ( ADD_SUB_LOPD_16bit_1966 ) 
                 6 LOPD_8bit_unit_0 ( ADD_SUB_LOPD_8bit_2072 ) 
                 6 LOPD_8bit_unit_1 ( ADD_SUB_LOPD_8bit_2071 ) 
              5 LOPD_8bit_UNIT_LSB ( ADD_SUB_LOPD_8bit_2070 ) 
           4 MAN_ALU ( ADD_SUB_MAN_ALU_NUM_OP1_SIZE_MAN24_2223 ) 
              5 ALU_SUB_UNIT ( ADD_SUB_CLA_24bit_277 ) 
                 6 CLA_BLOCK_GEN[0].CLA_4BIT_UNIT ( ADD_SUB_CLA_4bit_537 ) 
                 6 CLA_BLOCK_GEN[1].CLA_4BIT_UNIT ( ADD_SUB_CLA_4bit_536 ) 
                 6 CLA_BLOCK_GEN[2].CLA_4BIT_UNIT ( ADD_SUB_CLA_4bit_535 ) 
                 6 CLA_BLOCK_GEN[3].CLA_4BIT_UNIT ( ADD_SUB_CLA_4bit_534 ) 
                 6 CLA_BLOCK_GEN[4].CLA_4BIT_UNIT ( ADD_SUB_CLA_4bit_533 ) 
                 6 CLA_BLOCK_GEN[5].CLA_4BIT_UNIT ( ADD_SUB_CLA_4bit_532 ) 
           4 MAN_ALU_PROC_RND ( ADD_SUB_CLS_4bit_1143 ) 
           4 MAN_COMP_24BIT ( ADD_SUB_COMP_24bit_SIZE_DATA24_1194 ) 
              5 u_i_data_0 ( ADD_SUB_COMP_4bit_1257 ) 
              5 u_i_data_1 ( ADD_SUB_COMP_4bit_1256 ) 
              5 u_i_data_2 ( ADD_SUB_COMP_4bit_1255 ) 
              5 u_i_data_3 ( ADD_SUB_COMP_4bit_1254 ) 
              5 u_i_data_4 ( ADD_SUB_COMP_4bit_1253 ) 
              5 u_i_data_5 ( ADD_SUB_COMP_4bit_1252 ) 
           4 MAN_RND ( ADD_SUB_MAN_rounding_SIZE_MAN32_SIZE_MAN_RESULT24_2274 ) 
           4 MAN_SWAP ( ADD_SUB_MAN_swap_SIZE_MAN24_2326 ) 
           4 MAN_SWAP_PRE ( ADD_SUB_MAN_swap_SIZE_MAN24_2327 ) 
           4 NOR_UNIT ( ADD_SUB_NOR_unit_SIZE_LOPD5_SIZE_DATA32_2428 ) 
              5 SHF_left_unit ( ADD_SUB_SHF_left_SIZE_DATA32_SIZE_SHIFT5_2530 ) 
           4 PSC_UNIT ( ADD_SUB_PSC_unit_2479 ) 
           4 SHF_RIGHT_MAN ( ADD_SUB_SHF_right_SIZE_DATA32_SIZE_SHIFT5_2581 ) 
           4 SIGN_UNIT ( ADD_SUB_SIGN_unit_2632 ) 
  1 BFU8_07 ( BFU_8_SIZE_DATA32 ) 
     2 BFU2_UNIT0 ( BFU_2_SIZE_DATA32_2691 ) 
        3 DATA_A_IM ( FPU_add_sub_NUM_OP1_2989 ) 
           4 EXP_ADJUST ( ADD_SUB_EXP_adjust_SIZE_EXP8_SIZE_LOPD8_1748 ) 
              5 CLA_8BIT_UNIT ( ADD_SUB_CLA_8bit_1115 ) 
                 6 CLA_4BIT_UNIT_0 ( ADD_SUB_CLA_4bit_901 ) 
                 6 CLA_4BIT_UNIT_1 ( ADD_SUB_CLA_4bit_900 ) 
           4 EXP_COM_8BIT ( ADD_SUB_EXP_comp_SIZE_DATA8_1799 ) 
              5 COMP_LESS_UNIT ( ADD_SUB_COMP_8bit_SIZE_DATA8_1697 ) 
                 6 u_high ( ADD_SUB_COMP_4bit_1554 ) 
                 6 u_low ( ADD_SUB_COMP_4bit_1555 ) 
           4 EXP_RND ( ADD_SUB_EXP_rounding_SIZE_DATA8_1850 ) 
           4 EXP_SUB ( ADD_SUB_EXP_sub_SIZE_EXP_SUB8_1901 ) 
              5 CLA_8BIT_UNIT ( ADD_SUB_CLA_8bit_1116 ) 
                 6 CLA_4BIT_UNIT_0 ( ADD_SUB_CLA_4bit_909 ) 
                 6 CLA_4BIT_UNIT_1 ( ADD_SUB_CLA_4bit_908 ) 
           4 EXP_SWAP ( ADD_SUB_EXP_swap_SIZE_DATA8_1952 ) 
           4 LOPD_24BIT ( ADD_SUB_LOPD_24bit_SIZE_DATA24_SIZE_LOPD5_2054 ) 
              5 LOPD_16bit_UNIT_MSB ( ADD_SUB_LOPD_16bit_2003 ) 
                 6 LOPD_8bit_unit_0 ( ADD_SUB_LOPD_8bit_2183 ) 
                 6 LOPD_8bit_unit_1 ( ADD_SUB_LOPD_8bit_2182 ) 
              5 LOPD_8bit_UNIT_LSB ( ADD_SUB_LOPD_8bit_2181 ) 
           4 MAN_ALU ( ADD_SUB_MAN_ALU_NUM_OP1_SIZE_MAN24_2260 ) 
              5 ALU_SUB_UNIT ( ADD_SUB_CLA_24bit_314 ) 
                 6 CLA_BLOCK_GEN[0].CLA_4BIT_UNIT ( ADD_SUB_CLA_4bit_907 ) 
                 6 CLA_BLOCK_GEN[1].CLA_4BIT_UNIT ( ADD_SUB_CLA_4bit_906 ) 
                 6 CLA_BLOCK_GEN[2].CLA_4BIT_UNIT ( ADD_SUB_CLA_4bit_905 ) 
                 6 CLA_BLOCK_GEN[3].CLA_4BIT_UNIT ( ADD_SUB_CLA_4bit_904 ) 
                 6 CLA_BLOCK_GEN[4].CLA_4BIT_UNIT ( ADD_SUB_CLA_4bit_903 ) 
                 6 CLA_BLOCK_GEN[5].CLA_4BIT_UNIT ( ADD_SUB_CLA_4bit_902 ) 
           4 MAN_ALU_PROC_RND ( ADD_SUB_CLS_4bit_1180 ) 
           4 MAN_COMP_24BIT ( ADD_SUB_COMP_24bit_SIZE_DATA24_1231 ) 
              5 u_i_data_0 ( ADD_SUB_COMP_4bit_1553 ) 
              5 u_i_data_1 ( ADD_SUB_COMP_4bit_1552 ) 
              5 u_i_data_2 ( ADD_SUB_COMP_4bit_1551 ) 
              5 u_i_data_3 ( ADD_SUB_COMP_4bit_1550 ) 
              5 u_i_data_4 ( ADD_SUB_COMP_4bit_1549 ) 
              5 u_i_data_5 ( ADD_SUB_COMP_4bit_1548 ) 
           4 MAN_RND ( ADD_SUB_MAN_rounding_SIZE_MAN32_SIZE_MAN_RESULT24_2311 ) 
           4 MAN_SWAP ( ADD_SUB_MAN_swap_SIZE_MAN24_2400 ) 
           4 MAN_SWAP_PRE ( ADD_SUB_MAN_swap_SIZE_MAN24_2401 ) 
           4 NOR_UNIT ( ADD_SUB_NOR_unit_SIZE_LOPD5_SIZE_DATA32_2465 ) 
              5 SHF_left_unit ( ADD_SUB_SHF_left_SIZE_DATA32_SIZE_SHIFT5_2567 ) 
           4 PSC_UNIT ( ADD_SUB_PSC_unit_2516 ) 
           4 SHF_RIGHT_MAN ( ADD_SUB_SHF_right_SIZE_DATA32_SIZE_SHIFT5_2618 ) 
           4 SIGN_UNIT ( ADD_SUB_SIGN_unit_2669 ) 
        3 DATA_A_RE ( FPU_add_sub_NUM_OP1_2990 ) 
           4 EXP_ADJUST ( ADD_SUB_EXP_adjust_SIZE_EXP8_SIZE_LOPD8_1749 ) 
              5 CLA_8BIT_UNIT ( ADD_SUB_CLA_8bit_1117 ) 
                 6 CLA_4BIT_UNIT_0 ( ADD_SUB_CLA_4bit_911 ) 
                 6 CLA_4BIT_UNIT_1 ( ADD_SUB_CLA_4bit_910 ) 
           4 EXP_COM_8BIT ( ADD_SUB_EXP_comp_SIZE_DATA8_1800 ) 
              5 COMP_LESS_UNIT ( ADD_SUB_COMP_8bit_SIZE_DATA8_1698 ) 
                 6 u_high ( ADD_SUB_COMP_4bit_1562 ) 
                 6 u_low ( ADD_SUB_COMP_4bit_1563 ) 
           4 EXP_RND ( ADD_SUB_EXP_rounding_SIZE_DATA8_1851 ) 
           4 EXP_SUB ( ADD_SUB_EXP_sub_SIZE_EXP_SUB8_1902 ) 
              5 CLA_8BIT_UNIT ( ADD_SUB_CLA_8bit_1118 ) 
                 6 CLA_4BIT_UNIT_0 ( ADD_SUB_CLA_4bit_919 ) 
                 6 CLA_4BIT_UNIT_1 ( ADD_SUB_CLA_4bit_918 ) 
           4 EXP_SWAP ( ADD_SUB_EXP_swap_SIZE_DATA8_1953 ) 
           4 LOPD_24BIT ( ADD_SUB_LOPD_24bit_SIZE_DATA24_SIZE_LOPD5_2055 ) 
              5 LOPD_16bit_UNIT_MSB ( ADD_SUB_LOPD_16bit_2004 ) 
                 6 LOPD_8bit_unit_0 ( ADD_SUB_LOPD_8bit_2186 ) 
                 6 LOPD_8bit_unit_1 ( ADD_SUB_LOPD_8bit_2185 ) 
              5 LOPD_8bit_UNIT_LSB ( ADD_SUB_LOPD_8bit_2184 ) 
           4 MAN_ALU ( ADD_SUB_MAN_ALU_NUM_OP1_SIZE_MAN24_2261 ) 
              5 ALU_SUB_UNIT ( ADD_SUB_CLA_24bit_315 ) 
                 6 CLA_BLOCK_GEN[0].CLA_4BIT_UNIT ( ADD_SUB_CLA_4bit_917 ) 
                 6 CLA_BLOCK_GEN[1].CLA_4BIT_UNIT ( ADD_SUB_CLA_4bit_916 ) 
                 6 CLA_BLOCK_GEN[2].CLA_4BIT_UNIT ( ADD_SUB_CLA_4bit_915 ) 
                 6 CLA_BLOCK_GEN[3].CLA_4BIT_UNIT ( ADD_SUB_CLA_4bit_914 ) 
                 6 CLA_BLOCK_GEN[4].CLA_4BIT_UNIT ( ADD_SUB_CLA_4bit_913 ) 
                 6 CLA_BLOCK_GEN[5].CLA_4BIT_UNIT ( ADD_SUB_CLA_4bit_912 ) 
           4 MAN_ALU_PROC_RND ( ADD_SUB_CLS_4bit_1181 ) 
           4 MAN_COMP_24BIT ( ADD_SUB_COMP_24bit_SIZE_DATA24_1232 ) 
              5 u_i_data_0 ( ADD_SUB_COMP_4bit_1561 ) 
              5 u_i_data_1 ( ADD_SUB_COMP_4bit_1560 ) 
              5 u_i_data_2 ( ADD_SUB_COMP_4bit_1559 ) 
              5 u_i_data_3 ( ADD_SUB_COMP_4bit_1558 ) 
              5 u_i_data_4 ( ADD_SUB_COMP_4bit_1557 ) 
              5 u_i_data_5 ( ADD_SUB_COMP_4bit_1556 ) 
           4 MAN_RND ( ADD_SUB_MAN_rounding_SIZE_MAN32_SIZE_MAN_RESULT24_2312 ) 
           4 MAN_SWAP ( ADD_SUB_MAN_swap_SIZE_MAN24_2402 ) 
           4 MAN_SWAP_PRE ( ADD_SUB_MAN_swap_SIZE_MAN24_2403 ) 
           4 NOR_UNIT ( ADD_SUB_NOR_unit_SIZE_LOPD5_SIZE_DATA32_2466 ) 
              5 SHF_left_unit ( ADD_SUB_SHF_left_SIZE_DATA32_SIZE_SHIFT5_2568 ) 
           4 PSC_UNIT ( ADD_SUB_PSC_unit_2517 ) 
           4 SHF_RIGHT_MAN ( ADD_SUB_SHF_right_SIZE_DATA32_SIZE_SHIFT5_2619 ) 
           4 SIGN_UNIT ( ADD_SUB_SIGN_unit_2670 ) 
        3 DATA_B_IM ( FPU_add_sub_NUM_OP1_2987 ) 
           4 EXP_ADJUST ( ADD_SUB_EXP_adjust_SIZE_EXP8_SIZE_LOPD8_1746 ) 
              5 CLA_8BIT_UNIT ( ADD_SUB_CLA_8bit_1111 ) 
                 6 CLA_4BIT_UNIT_0 ( ADD_SUB_CLA_4bit_881 ) 
                 6 CLA_4BIT_UNIT_1 ( ADD_SUB_CLA_4bit_880 ) 
           4 EXP_COM_8BIT ( ADD_SUB_EXP_comp_SIZE_DATA8_1797 ) 
              5 COMP_LESS_UNIT ( ADD_SUB_COMP_8bit_SIZE_DATA8_1695 ) 
                 6 u_high ( ADD_SUB_COMP_4bit_1538 ) 
                 6 u_low ( ADD_SUB_COMP_4bit_1539 ) 
           4 EXP_RND ( ADD_SUB_EXP_rounding_SIZE_DATA8_1848 ) 
           4 EXP_SUB ( ADD_SUB_EXP_sub_SIZE_EXP_SUB8_1899 ) 
              5 CLA_8BIT_UNIT ( ADD_SUB_CLA_8bit_1112 ) 
                 6 CLA_4BIT_UNIT_0 ( ADD_SUB_CLA_4bit_889 ) 
                 6 CLA_4BIT_UNIT_1 ( ADD_SUB_CLA_4bit_888 ) 
           4 EXP_SWAP ( ADD_SUB_EXP_swap_SIZE_DATA8_1950 ) 
           4 LOPD_24BIT ( ADD_SUB_LOPD_24bit_SIZE_DATA24_SIZE_LOPD5_2052 ) 
              5 LOPD_16bit_UNIT_MSB ( ADD_SUB_LOPD_16bit_2001 ) 
                 6 LOPD_8bit_unit_0 ( ADD_SUB_LOPD_8bit_2177 ) 
                 6 LOPD_8bit_unit_1 ( ADD_SUB_LOPD_8bit_2176 ) 
              5 LOPD_8bit_UNIT_LSB ( ADD_SUB_LOPD_8bit_2175 ) 
           4 MAN_ALU ( ADD_SUB_MAN_ALU_NUM_OP1_SIZE_MAN24_2258 ) 
              5 ALU_SUB_UNIT ( ADD_SUB_CLA_24bit_312 ) 
                 6 CLA_BLOCK_GEN[0].CLA_4BIT_UNIT ( ADD_SUB_CLA_4bit_887 ) 
                 6 CLA_BLOCK_GEN[1].CLA_4BIT_UNIT ( ADD_SUB_CLA_4bit_886 ) 
                 6 CLA_BLOCK_GEN[2].CLA_4BIT_UNIT ( ADD_SUB_CLA_4bit_885 ) 
                 6 CLA_BLOCK_GEN[3].CLA_4BIT_UNIT ( ADD_SUB_CLA_4bit_884 ) 
                 6 CLA_BLOCK_GEN[4].CLA_4BIT_UNIT ( ADD_SUB_CLA_4bit_883 ) 
                 6 CLA_BLOCK_GEN[5].CLA_4BIT_UNIT ( ADD_SUB_CLA_4bit_882 ) 
           4 MAN_ALU_PROC_RND ( ADD_SUB_CLS_4bit_1178 ) 
           4 MAN_COMP_24BIT ( ADD_SUB_COMP_24bit_SIZE_DATA24_1229 ) 
              5 u_i_data_0 ( ADD_SUB_COMP_4bit_1537 ) 
              5 u_i_data_1 ( ADD_SUB_COMP_4bit_1536 ) 
              5 u_i_data_2 ( ADD_SUB_COMP_4bit_1535 ) 
              5 u_i_data_3 ( ADD_SUB_COMP_4bit_1534 ) 
              5 u_i_data_4 ( ADD_SUB_COMP_4bit_1533 ) 
              5 u_i_data_5 ( ADD_SUB_COMP_4bit_1532 ) 
           4 MAN_RND ( ADD_SUB_MAN_rounding_SIZE_MAN32_SIZE_MAN_RESULT24_2309 ) 
           4 MAN_SWAP ( ADD_SUB_MAN_swap_SIZE_MAN24_2396 ) 
           4 MAN_SWAP_PRE ( ADD_SUB_MAN_swap_SIZE_MAN24_2397 ) 
           4 NOR_UNIT ( ADD_SUB_NOR_unit_SIZE_LOPD5_SIZE_DATA32_2463 ) 
              5 SHF_left_unit ( ADD_SUB_SHF_left_SIZE_DATA32_SIZE_SHIFT5_2565 ) 
           4 PSC_UNIT ( ADD_SUB_PSC_unit_2514 ) 
           4 SHF_RIGHT_MAN ( ADD_SUB_SHF_right_SIZE_DATA32_SIZE_SHIFT5_2616 ) 
           4 SIGN_UNIT ( ADD_SUB_SIGN_unit_2667 ) 
        3 DATA_B_RE ( FPU_add_sub_NUM_OP1_2988 ) 
           4 EXP_ADJUST ( ADD_SUB_EXP_adjust_SIZE_EXP8_SIZE_LOPD8_1747 ) 
              5 CLA_8BIT_UNIT ( ADD_SUB_CLA_8bit_1113 ) 
                 6 CLA_4BIT_UNIT_0 ( ADD_SUB_CLA_4bit_891 ) 
                 6 CLA_4BIT_UNIT_1 ( ADD_SUB_CLA_4bit_890 ) 
           4 EXP_COM_8BIT ( ADD_SUB_EXP_comp_SIZE_DATA8_1798 ) 
              5 COMP_LESS_UNIT ( ADD_SUB_COMP_8bit_SIZE_DATA8_1696 ) 
                 6 u_high ( ADD_SUB_COMP_4bit_1546 ) 
                 6 u_low ( ADD_SUB_COMP_4bit_1547 ) 
           4 EXP_RND ( ADD_SUB_EXP_rounding_SIZE_DATA8_1849 ) 
           4 EXP_SUB ( ADD_SUB_EXP_sub_SIZE_EXP_SUB8_1900 ) 
              5 CLA_8BIT_UNIT ( ADD_SUB_CLA_8bit_1114 ) 
                 6 CLA_4BIT_UNIT_0 ( ADD_SUB_CLA_4bit_899 ) 
                 6 CLA_4BIT_UNIT_1 ( ADD_SUB_CLA_4bit_898 ) 
           4 EXP_SWAP ( ADD_SUB_EXP_swap_SIZE_DATA8_1951 ) 
           4 LOPD_24BIT ( ADD_SUB_LOPD_24bit_SIZE_DATA24_SIZE_LOPD5_2053 ) 
              5 LOPD_16bit_UNIT_MSB ( ADD_SUB_LOPD_16bit_2002 ) 
                 6 LOPD_8bit_unit_0 ( ADD_SUB_LOPD_8bit_2180 ) 
                 6 LOPD_8bit_unit_1 ( ADD_SUB_LOPD_8bit_2179 ) 
              5 LOPD_8bit_UNIT_LSB ( ADD_SUB_LOPD_8bit_2178 ) 
           4 MAN_ALU ( ADD_SUB_MAN_ALU_NUM_OP1_SIZE_MAN24_2259 ) 
              5 ALU_SUB_UNIT ( ADD_SUB_CLA_24bit_313 ) 
                 6 CLA_BLOCK_GEN[0].CLA_4BIT_UNIT ( ADD_SUB_CLA_4bit_897 ) 
                 6 CLA_BLOCK_GEN[1].CLA_4BIT_UNIT ( ADD_SUB_CLA_4bit_896 ) 
                 6 CLA_BLOCK_GEN[2].CLA_4BIT_UNIT ( ADD_SUB_CLA_4bit_895 ) 
                 6 CLA_BLOCK_GEN[3].CLA_4BIT_UNIT ( ADD_SUB_CLA_4bit_894 ) 
                 6 CLA_BLOCK_GEN[4].CLA_4BIT_UNIT ( ADD_SUB_CLA_4bit_893 ) 
                 6 CLA_BLOCK_GEN[5].CLA_4BIT_UNIT ( ADD_SUB_CLA_4bit_892 ) 
           4 MAN_ALU_PROC_RND ( ADD_SUB_CLS_4bit_1179 ) 
           4 MAN_COMP_24BIT ( ADD_SUB_COMP_24bit_SIZE_DATA24_1230 ) 
              5 u_i_data_0 ( ADD_SUB_COMP_4bit_1545 ) 
              5 u_i_data_1 ( ADD_SUB_COMP_4bit_1544 ) 
              5 u_i_data_2 ( ADD_SUB_COMP_4bit_1543 ) 
              5 u_i_data_3 ( ADD_SUB_COMP_4bit_1542 ) 
              5 u_i_data_4 ( ADD_SUB_COMP_4bit_1541 ) 
              5 u_i_data_5 ( ADD_SUB_COMP_4bit_1540 ) 
           4 MAN_RND ( ADD_SUB_MAN_rounding_SIZE_MAN32_SIZE_MAN_RESULT24_2310 ) 
           4 MAN_SWAP ( ADD_SUB_MAN_swap_SIZE_MAN24_2398 ) 
           4 MAN_SWAP_PRE ( ADD_SUB_MAN_swap_SIZE_MAN24_2399 ) 
           4 NOR_UNIT ( ADD_SUB_NOR_unit_SIZE_LOPD5_SIZE_DATA32_2464 ) 
              5 SHF_left_unit ( ADD_SUB_SHF_left_SIZE_DATA32_SIZE_SHIFT5_2566 ) 
           4 PSC_UNIT ( ADD_SUB_PSC_unit_2515 ) 
           4 SHF_RIGHT_MAN ( ADD_SUB_SHF_right_SIZE_DATA32_SIZE_SHIFT5_2617 ) 
           4 SIGN_UNIT ( ADD_SUB_SIGN_unit_2668 ) 
     2 BFU2_UNIT1 ( BFU_2_SIZE_DATA32_2690 ) 
        3 DATA_A_IM ( FPU_add_sub_NUM_OP1_2985 ) 
           4 EXP_ADJUST ( ADD_SUB_EXP_adjust_SIZE_EXP8_SIZE_LOPD8_1744 ) 
              5 CLA_8BIT_UNIT ( ADD_SUB_CLA_8bit_1107 ) 
                 6 CLA_4BIT_UNIT_0 ( ADD_SUB_CLA_4bit_861 ) 
                 6 CLA_4BIT_UNIT_1 ( ADD_SUB_CLA_4bit_860 ) 
           4 EXP_COM_8BIT ( ADD_SUB_EXP_comp_SIZE_DATA8_1795 ) 
              5 COMP_LESS_UNIT ( ADD_SUB_COMP_8bit_SIZE_DATA8_1693 ) 
                 6 u_high ( ADD_SUB_COMP_4bit_1522 ) 
                 6 u_low ( ADD_SUB_COMP_4bit_1523 ) 
           4 EXP_RND ( ADD_SUB_EXP_rounding_SIZE_DATA8_1846 ) 
           4 EXP_SUB ( ADD_SUB_EXP_sub_SIZE_EXP_SUB8_1897 ) 
              5 CLA_8BIT_UNIT ( ADD_SUB_CLA_8bit_1108 ) 
                 6 CLA_4BIT_UNIT_0 ( ADD_SUB_CLA_4bit_869 ) 
                 6 CLA_4BIT_UNIT_1 ( ADD_SUB_CLA_4bit_868 ) 
           4 EXP_SWAP ( ADD_SUB_EXP_swap_SIZE_DATA8_1948 ) 
           4 LOPD_24BIT ( ADD_SUB_LOPD_24bit_SIZE_DATA24_SIZE_LOPD5_2050 ) 
              5 LOPD_16bit_UNIT_MSB ( ADD_SUB_LOPD_16bit_1999 ) 
                 6 LOPD_8bit_unit_0 ( ADD_SUB_LOPD_8bit_2171 ) 
                 6 LOPD_8bit_unit_1 ( ADD_SUB_LOPD_8bit_2170 ) 
              5 LOPD_8bit_UNIT_LSB ( ADD_SUB_LOPD_8bit_2169 ) 
           4 MAN_ALU ( ADD_SUB_MAN_ALU_NUM_OP1_SIZE_MAN24_2256 ) 
              5 ALU_SUB_UNIT ( ADD_SUB_CLA_24bit_310 ) 
                 6 CLA_BLOCK_GEN[0].CLA_4BIT_UNIT ( ADD_SUB_CLA_4bit_867 ) 
                 6 CLA_BLOCK_GEN[1].CLA_4BIT_UNIT ( ADD_SUB_CLA_4bit_866 ) 
                 6 CLA_BLOCK_GEN[2].CLA_4BIT_UNIT ( ADD_SUB_CLA_4bit_865 ) 
                 6 CLA_BLOCK_GEN[3].CLA_4BIT_UNIT ( ADD_SUB_CLA_4bit_864 ) 
                 6 CLA_BLOCK_GEN[4].CLA_4BIT_UNIT ( ADD_SUB_CLA_4bit_863 ) 
                 6 CLA_BLOCK_GEN[5].CLA_4BIT_UNIT ( ADD_SUB_CLA_4bit_862 ) 
           4 MAN_ALU_PROC_RND ( ADD_SUB_CLS_4bit_1176 ) 
           4 MAN_COMP_24BIT ( ADD_SUB_COMP_24bit_SIZE_DATA24_1227 ) 
              5 u_i_data_0 ( ADD_SUB_COMP_4bit_1521 ) 
              5 u_i_data_1 ( ADD_SUB_COMP_4bit_1520 ) 
              5 u_i_data_2 ( ADD_SUB_COMP_4bit_1519 ) 
              5 u_i_data_3 ( ADD_SUB_COMP_4bit_1518 ) 
              5 u_i_data_4 ( ADD_SUB_COMP_4bit_1517 ) 
              5 u_i_data_5 ( ADD_SUB_COMP_4bit_1516 ) 
           4 MAN_RND ( ADD_SUB_MAN_rounding_SIZE_MAN32_SIZE_MAN_RESULT24_2307 ) 
           4 MAN_SWAP ( ADD_SUB_MAN_swap_SIZE_MAN24_2392 ) 
           4 MAN_SWAP_PRE ( ADD_SUB_MAN_swap_SIZE_MAN24_2393 ) 
           4 NOR_UNIT ( ADD_SUB_NOR_unit_SIZE_LOPD5_SIZE_DATA32_2461 ) 
              5 SHF_left_unit ( ADD_SUB_SHF_left_SIZE_DATA32_SIZE_SHIFT5_2563 ) 
           4 PSC_UNIT ( ADD_SUB_PSC_unit_2512 ) 
           4 SHF_RIGHT_MAN ( ADD_SUB_SHF_right_SIZE_DATA32_SIZE_SHIFT5_2614 ) 
           4 SIGN_UNIT ( ADD_SUB_SIGN_unit_2665 ) 
        3 DATA_A_RE ( FPU_add_sub_NUM_OP1_2986 ) 
           4 EXP_ADJUST ( ADD_SUB_EXP_adjust_SIZE_EXP8_SIZE_LOPD8_1745 ) 
              5 CLA_8BIT_UNIT ( ADD_SUB_CLA_8bit_1109 ) 
                 6 CLA_4BIT_UNIT_0 ( ADD_SUB_CLA_4bit_871 ) 
                 6 CLA_4BIT_UNIT_1 ( ADD_SUB_CLA_4bit_870 ) 
           4 EXP_COM_8BIT ( ADD_SUB_EXP_comp_SIZE_DATA8_1796 ) 
              5 COMP_LESS_UNIT ( ADD_SUB_COMP_8bit_SIZE_DATA8_1694 ) 
                 6 u_high ( ADD_SUB_COMP_4bit_1530 ) 
                 6 u_low ( ADD_SUB_COMP_4bit_1531 ) 
           4 EXP_RND ( ADD_SUB_EXP_rounding_SIZE_DATA8_1847 ) 
           4 EXP_SUB ( ADD_SUB_EXP_sub_SIZE_EXP_SUB8_1898 ) 
              5 CLA_8BIT_UNIT ( ADD_SUB_CLA_8bit_1110 ) 
                 6 CLA_4BIT_UNIT_0 ( ADD_SUB_CLA_4bit_879 ) 
                 6 CLA_4BIT_UNIT_1 ( ADD_SUB_CLA_4bit_878 ) 
           4 EXP_SWAP ( ADD_SUB_EXP_swap_SIZE_DATA8_1949 ) 
           4 LOPD_24BIT ( ADD_SUB_LOPD_24bit_SIZE_DATA24_SIZE_LOPD5_2051 ) 
              5 LOPD_16bit_UNIT_MSB ( ADD_SUB_LOPD_16bit_2000 ) 
                 6 LOPD_8bit_unit_0 ( ADD_SUB_LOPD_8bit_2174 ) 
                 6 LOPD_8bit_unit_1 ( ADD_SUB_LOPD_8bit_2173 ) 
              5 LOPD_8bit_UNIT_LSB ( ADD_SUB_LOPD_8bit_2172 ) 
           4 MAN_ALU ( ADD_SUB_MAN_ALU_NUM_OP1_SIZE_MAN24_2257 ) 
              5 ALU_SUB_UNIT ( ADD_SUB_CLA_24bit_311 ) 
                 6 CLA_BLOCK_GEN[0].CLA_4BIT_UNIT ( ADD_SUB_CLA_4bit_877 ) 
                 6 CLA_BLOCK_GEN[1].CLA_4BIT_UNIT ( ADD_SUB_CLA_4bit_876 ) 
                 6 CLA_BLOCK_GEN[2].CLA_4BIT_UNIT ( ADD_SUB_CLA_4bit_875 ) 
                 6 CLA_BLOCK_GEN[3].CLA_4BIT_UNIT ( ADD_SUB_CLA_4bit_874 ) 
                 6 CLA_BLOCK_GEN[4].CLA_4BIT_UNIT ( ADD_SUB_CLA_4bit_873 ) 
                 6 CLA_BLOCK_GEN[5].CLA_4BIT_UNIT ( ADD_SUB_CLA_4bit_872 ) 
           4 MAN_ALU_PROC_RND ( ADD_SUB_CLS_4bit_1177 ) 
           4 MAN_COMP_24BIT ( ADD_SUB_COMP_24bit_SIZE_DATA24_1228 ) 
              5 u_i_data_0 ( ADD_SUB_COMP_4bit_1529 ) 
              5 u_i_data_1 ( ADD_SUB_COMP_4bit_1528 ) 
              5 u_i_data_2 ( ADD_SUB_COMP_4bit_1527 ) 
              5 u_i_data_3 ( ADD_SUB_COMP_4bit_1526 ) 
              5 u_i_data_4 ( ADD_SUB_COMP_4bit_1525 ) 
              5 u_i_data_5 ( ADD_SUB_COMP_4bit_1524 ) 
           4 MAN_RND ( ADD_SUB_MAN_rounding_SIZE_MAN32_SIZE_MAN_RESULT24_2308 ) 
           4 MAN_SWAP ( ADD_SUB_MAN_swap_SIZE_MAN24_2394 ) 
           4 MAN_SWAP_PRE ( ADD_SUB_MAN_swap_SIZE_MAN24_2395 ) 
           4 NOR_UNIT ( ADD_SUB_NOR_unit_SIZE_LOPD5_SIZE_DATA32_2462 ) 
              5 SHF_left_unit ( ADD_SUB_SHF_left_SIZE_DATA32_SIZE_SHIFT5_2564 ) 
           4 PSC_UNIT ( ADD_SUB_PSC_unit_2513 ) 
           4 SHF_RIGHT_MAN ( ADD_SUB_SHF_right_SIZE_DATA32_SIZE_SHIFT5_2615 ) 
           4 SIGN_UNIT ( ADD_SUB_SIGN_unit_2666 ) 
        3 DATA_B_IM ( FPU_add_sub_NUM_OP1_2983 ) 
           4 EXP_ADJUST ( ADD_SUB_EXP_adjust_SIZE_EXP8_SIZE_LOPD8_1742 ) 
              5 CLA_8BIT_UNIT ( ADD_SUB_CLA_8bit_1103 ) 
                 6 CLA_4BIT_UNIT_0 ( ADD_SUB_CLA_4bit_841 ) 
                 6 CLA_4BIT_UNIT_1 ( ADD_SUB_CLA_4bit_840 ) 
           4 EXP_COM_8BIT ( ADD_SUB_EXP_comp_SIZE_DATA8_1793 ) 
              5 COMP_LESS_UNIT ( ADD_SUB_COMP_8bit_SIZE_DATA8_1691 ) 
                 6 u_high ( ADD_SUB_COMP_4bit_1506 ) 
                 6 u_low ( ADD_SUB_COMP_4bit_1507 ) 
           4 EXP_RND ( ADD_SUB_EXP_rounding_SIZE_DATA8_1844 ) 
           4 EXP_SUB ( ADD_SUB_EXP_sub_SIZE_EXP_SUB8_1895 ) 
              5 CLA_8BIT_UNIT ( ADD_SUB_CLA_8bit_1104 ) 
                 6 CLA_4BIT_UNIT_0 ( ADD_SUB_CLA_4bit_849 ) 
                 6 CLA_4BIT_UNIT_1 ( ADD_SUB_CLA_4bit_848 ) 
           4 EXP_SWAP ( ADD_SUB_EXP_swap_SIZE_DATA8_1946 ) 
           4 LOPD_24BIT ( ADD_SUB_LOPD_24bit_SIZE_DATA24_SIZE_LOPD5_2048 ) 
              5 LOPD_16bit_UNIT_MSB ( ADD_SUB_LOPD_16bit_1997 ) 
                 6 LOPD_8bit_unit_0 ( ADD_SUB_LOPD_8bit_2165 ) 
                 6 LOPD_8bit_unit_1 ( ADD_SUB_LOPD_8bit_2164 ) 
              5 LOPD_8bit_UNIT_LSB ( ADD_SUB_LOPD_8bit_2163 ) 
           4 MAN_ALU ( ADD_SUB_MAN_ALU_NUM_OP1_SIZE_MAN24_2254 ) 
              5 ALU_SUB_UNIT ( ADD_SUB_CLA_24bit_308 ) 
                 6 CLA_BLOCK_GEN[0].CLA_4BIT_UNIT ( ADD_SUB_CLA_4bit_847 ) 
                 6 CLA_BLOCK_GEN[1].CLA_4BIT_UNIT ( ADD_SUB_CLA_4bit_846 ) 
                 6 CLA_BLOCK_GEN[2].CLA_4BIT_UNIT ( ADD_SUB_CLA_4bit_845 ) 
                 6 CLA_BLOCK_GEN[3].CLA_4BIT_UNIT ( ADD_SUB_CLA_4bit_844 ) 
                 6 CLA_BLOCK_GEN[4].CLA_4BIT_UNIT ( ADD_SUB_CLA_4bit_843 ) 
                 6 CLA_BLOCK_GEN[5].CLA_4BIT_UNIT ( ADD_SUB_CLA_4bit_842 ) 
           4 MAN_ALU_PROC_RND ( ADD_SUB_CLS_4bit_1174 ) 
           4 MAN_COMP_24BIT ( ADD_SUB_COMP_24bit_SIZE_DATA24_1225 ) 
              5 u_i_data_0 ( ADD_SUB_COMP_4bit_1505 ) 
              5 u_i_data_1 ( ADD_SUB_COMP_4bit_1504 ) 
              5 u_i_data_2 ( ADD_SUB_COMP_4bit_1503 ) 
              5 u_i_data_3 ( ADD_SUB_COMP_4bit_1502 ) 
              5 u_i_data_4 ( ADD_SUB_COMP_4bit_1501 ) 
              5 u_i_data_5 ( ADD_SUB_COMP_4bit_1500 ) 
           4 MAN_RND ( ADD_SUB_MAN_rounding_SIZE_MAN32_SIZE_MAN_RESULT24_2305 ) 
           4 MAN_SWAP ( ADD_SUB_MAN_swap_SIZE_MAN24_2388 ) 
           4 MAN_SWAP_PRE ( ADD_SUB_MAN_swap_SIZE_MAN24_2389 ) 
           4 NOR_UNIT ( ADD_SUB_NOR_unit_SIZE_LOPD5_SIZE_DATA32_2459 ) 
              5 SHF_left_unit ( ADD_SUB_SHF_left_SIZE_DATA32_SIZE_SHIFT5_2561 ) 
           4 PSC_UNIT ( ADD_SUB_PSC_unit_2510 ) 
           4 SHF_RIGHT_MAN ( ADD_SUB_SHF_right_SIZE_DATA32_SIZE_SHIFT5_2612 ) 
           4 SIGN_UNIT ( ADD_SUB_SIGN_unit_2663 ) 
        3 DATA_B_RE ( FPU_add_sub_NUM_OP1_2984 ) 
           4 EXP_ADJUST ( ADD_SUB_EXP_adjust_SIZE_EXP8_SIZE_LOPD8_1743 ) 
              5 CLA_8BIT_UNIT ( ADD_SUB_CLA_8bit_1105 ) 
                 6 CLA_4BIT_UNIT_0 ( ADD_SUB_CLA_4bit_851 ) 
                 6 CLA_4BIT_UNIT_1 ( ADD_SUB_CLA_4bit_850 ) 
           4 EXP_COM_8BIT ( ADD_SUB_EXP_comp_SIZE_DATA8_1794 ) 
              5 COMP_LESS_UNIT ( ADD_SUB_COMP_8bit_SIZE_DATA8_1692 ) 
                 6 u_high ( ADD_SUB_COMP_4bit_1514 ) 
                 6 u_low ( ADD_SUB_COMP_4bit_1515 ) 
           4 EXP_RND ( ADD_SUB_EXP_rounding_SIZE_DATA8_1845 ) 
           4 EXP_SUB ( ADD_SUB_EXP_sub_SIZE_EXP_SUB8_1896 ) 
              5 CLA_8BIT_UNIT ( ADD_SUB_CLA_8bit_1106 ) 
                 6 CLA_4BIT_UNIT_0 ( ADD_SUB_CLA_4bit_859 ) 
                 6 CLA_4BIT_UNIT_1 ( ADD_SUB_CLA_4bit_858 ) 
           4 EXP_SWAP ( ADD_SUB_EXP_swap_SIZE_DATA8_1947 ) 
           4 LOPD_24BIT ( ADD_SUB_LOPD_24bit_SIZE_DATA24_SIZE_LOPD5_2049 ) 
              5 LOPD_16bit_UNIT_MSB ( ADD_SUB_LOPD_16bit_1998 ) 
                 6 LOPD_8bit_unit_0 ( ADD_SUB_LOPD_8bit_2168 ) 
                 6 LOPD_8bit_unit_1 ( ADD_SUB_LOPD_8bit_2167 ) 
              5 LOPD_8bit_UNIT_LSB ( ADD_SUB_LOPD_8bit_2166 ) 
           4 MAN_ALU ( ADD_SUB_MAN_ALU_NUM_OP1_SIZE_MAN24_2255 ) 
              5 ALU_SUB_UNIT ( ADD_SUB_CLA_24bit_309 ) 
                 6 CLA_BLOCK_GEN[0].CLA_4BIT_UNIT ( ADD_SUB_CLA_4bit_857 ) 
                 6 CLA_BLOCK_GEN[1].CLA_4BIT_UNIT ( ADD_SUB_CLA_4bit_856 ) 
                 6 CLA_BLOCK_GEN[2].CLA_4BIT_UNIT ( ADD_SUB_CLA_4bit_855 ) 
                 6 CLA_BLOCK_GEN[3].CLA_4BIT_UNIT ( ADD_SUB_CLA_4bit_854 ) 
                 6 CLA_BLOCK_GEN[4].CLA_4BIT_UNIT ( ADD_SUB_CLA_4bit_853 ) 
                 6 CLA_BLOCK_GEN[5].CLA_4BIT_UNIT ( ADD_SUB_CLA_4bit_852 ) 
           4 MAN_ALU_PROC_RND ( ADD_SUB_CLS_4bit_1175 ) 
           4 MAN_COMP_24BIT ( ADD_SUB_COMP_24bit_SIZE_DATA24_1226 ) 
              5 u_i_data_0 ( ADD_SUB_COMP_4bit_1513 ) 
              5 u_i_data_1 ( ADD_SUB_COMP_4bit_1512 ) 
              5 u_i_data_2 ( ADD_SUB_COMP_4bit_1511 ) 
              5 u_i_data_3 ( ADD_SUB_COMP_4bit_1510 ) 
              5 u_i_data_4 ( ADD_SUB_COMP_4bit_1509 ) 
              5 u_i_data_5 ( ADD_SUB_COMP_4bit_1508 ) 
           4 MAN_RND ( ADD_SUB_MAN_rounding_SIZE_MAN32_SIZE_MAN_RESULT24_2306 ) 
           4 MAN_SWAP ( ADD_SUB_MAN_swap_SIZE_MAN24_2390 ) 
           4 MAN_SWAP_PRE ( ADD_SUB_MAN_swap_SIZE_MAN24_2391 ) 
           4 NOR_UNIT ( ADD_SUB_NOR_unit_SIZE_LOPD5_SIZE_DATA32_2460 ) 
              5 SHF_left_unit ( ADD_SUB_SHF_left_SIZE_DATA32_SIZE_SHIFT5_2562 ) 
           4 PSC_UNIT ( ADD_SUB_PSC_unit_2511 ) 
           4 SHF_RIGHT_MAN ( ADD_SUB_SHF_right_SIZE_DATA32_SIZE_SHIFT5_2613 ) 
           4 SIGN_UNIT ( ADD_SUB_SIGN_unit_2664 ) 
     2 BFU2_UNIT2 ( BFU_2_SIZE_DATA32_2689 ) 
        3 DATA_A_IM ( FPU_add_sub_NUM_OP1_2981 ) 
           4 EXP_ADJUST ( ADD_SUB_EXP_adjust_SIZE_EXP8_SIZE_LOPD8_1740 ) 
              5 CLA_8BIT_UNIT ( ADD_SUB_CLA_8bit_1099 ) 
                 6 CLA_4BIT_UNIT_0 ( ADD_SUB_CLA_4bit_821 ) 
                 6 CLA_4BIT_UNIT_1 ( ADD_SUB_CLA_4bit_820 ) 
           4 EXP_COM_8BIT ( ADD_SUB_EXP_comp_SIZE_DATA8_1791 ) 
              5 COMP_LESS_UNIT ( ADD_SUB_COMP_8bit_SIZE_DATA8_1689 ) 
                 6 u_high ( ADD_SUB_COMP_4bit_1490 ) 
                 6 u_low ( ADD_SUB_COMP_4bit_1491 ) 
           4 EXP_RND ( ADD_SUB_EXP_rounding_SIZE_DATA8_1842 ) 
           4 EXP_SUB ( ADD_SUB_EXP_sub_SIZE_EXP_SUB8_1893 ) 
              5 CLA_8BIT_UNIT ( ADD_SUB_CLA_8bit_1100 ) 
                 6 CLA_4BIT_UNIT_0 ( ADD_SUB_CLA_4bit_829 ) 
                 6 CLA_4BIT_UNIT_1 ( ADD_SUB_CLA_4bit_828 ) 
           4 EXP_SWAP ( ADD_SUB_EXP_swap_SIZE_DATA8_1944 ) 
           4 LOPD_24BIT ( ADD_SUB_LOPD_24bit_SIZE_DATA24_SIZE_LOPD5_2046 ) 
              5 LOPD_16bit_UNIT_MSB ( ADD_SUB_LOPD_16bit_1995 ) 
                 6 LOPD_8bit_unit_0 ( ADD_SUB_LOPD_8bit_2159 ) 
                 6 LOPD_8bit_unit_1 ( ADD_SUB_LOPD_8bit_2158 ) 
              5 LOPD_8bit_UNIT_LSB ( ADD_SUB_LOPD_8bit_2157 ) 
           4 MAN_ALU ( ADD_SUB_MAN_ALU_NUM_OP1_SIZE_MAN24_2252 ) 
              5 ALU_SUB_UNIT ( ADD_SUB_CLA_24bit_306 ) 
                 6 CLA_BLOCK_GEN[0].CLA_4BIT_UNIT ( ADD_SUB_CLA_4bit_827 ) 
                 6 CLA_BLOCK_GEN[1].CLA_4BIT_UNIT ( ADD_SUB_CLA_4bit_826 ) 
                 6 CLA_BLOCK_GEN[2].CLA_4BIT_UNIT ( ADD_SUB_CLA_4bit_825 ) 
                 6 CLA_BLOCK_GEN[3].CLA_4BIT_UNIT ( ADD_SUB_CLA_4bit_824 ) 
                 6 CLA_BLOCK_GEN[4].CLA_4BIT_UNIT ( ADD_SUB_CLA_4bit_823 ) 
                 6 CLA_BLOCK_GEN[5].CLA_4BIT_UNIT ( ADD_SUB_CLA_4bit_822 ) 
           4 MAN_ALU_PROC_RND ( ADD_SUB_CLS_4bit_1172 ) 
           4 MAN_COMP_24BIT ( ADD_SUB_COMP_24bit_SIZE_DATA24_1223 ) 
              5 u_i_data_0 ( ADD_SUB_COMP_4bit_1489 ) 
              5 u_i_data_1 ( ADD_SUB_COMP_4bit_1488 ) 
              5 u_i_data_2 ( ADD_SUB_COMP_4bit_1487 ) 
              5 u_i_data_3 ( ADD_SUB_COMP_4bit_1486 ) 
              5 u_i_data_4 ( ADD_SUB_COMP_4bit_1485 ) 
              5 u_i_data_5 ( ADD_SUB_COMP_4bit_1484 ) 
           4 MAN_RND ( ADD_SUB_MAN_rounding_SIZE_MAN32_SIZE_MAN_RESULT24_2303 ) 
           4 MAN_SWAP ( ADD_SUB_MAN_swap_SIZE_MAN24_2384 ) 
           4 MAN_SWAP_PRE ( ADD_SUB_MAN_swap_SIZE_MAN24_2385 ) 
           4 NOR_UNIT ( ADD_SUB_NOR_unit_SIZE_LOPD5_SIZE_DATA32_2457 ) 
              5 SHF_left_unit ( ADD_SUB_SHF_left_SIZE_DATA32_SIZE_SHIFT5_2559 ) 
           4 PSC_UNIT ( ADD_SUB_PSC_unit_2508 ) 
           4 SHF_RIGHT_MAN ( ADD_SUB_SHF_right_SIZE_DATA32_SIZE_SHIFT5_2610 ) 
           4 SIGN_UNIT ( ADD_SUB_SIGN_unit_2661 ) 
        3 DATA_A_RE ( FPU_add_sub_NUM_OP1_2982 ) 
           4 EXP_ADJUST ( ADD_SUB_EXP_adjust_SIZE_EXP8_SIZE_LOPD8_1741 ) 
              5 CLA_8BIT_UNIT ( ADD_SUB_CLA_8bit_1101 ) 
                 6 CLA_4BIT_UNIT_0 ( ADD_SUB_CLA_4bit_831 ) 
                 6 CLA_4BIT_UNIT_1 ( ADD_SUB_CLA_4bit_830 ) 
           4 EXP_COM_8BIT ( ADD_SUB_EXP_comp_SIZE_DATA8_1792 ) 
              5 COMP_LESS_UNIT ( ADD_SUB_COMP_8bit_SIZE_DATA8_1690 ) 
                 6 u_high ( ADD_SUB_COMP_4bit_1498 ) 
                 6 u_low ( ADD_SUB_COMP_4bit_1499 ) 
           4 EXP_RND ( ADD_SUB_EXP_rounding_SIZE_DATA8_1843 ) 
           4 EXP_SUB ( ADD_SUB_EXP_sub_SIZE_EXP_SUB8_1894 ) 
              5 CLA_8BIT_UNIT ( ADD_SUB_CLA_8bit_1102 ) 
                 6 CLA_4BIT_UNIT_0 ( ADD_SUB_CLA_4bit_839 ) 
                 6 CLA_4BIT_UNIT_1 ( ADD_SUB_CLA_4bit_838 ) 
           4 EXP_SWAP ( ADD_SUB_EXP_swap_SIZE_DATA8_1945 ) 
           4 LOPD_24BIT ( ADD_SUB_LOPD_24bit_SIZE_DATA24_SIZE_LOPD5_2047 ) 
              5 LOPD_16bit_UNIT_MSB ( ADD_SUB_LOPD_16bit_1996 ) 
                 6 LOPD_8bit_unit_0 ( ADD_SUB_LOPD_8bit_2162 ) 
                 6 LOPD_8bit_unit_1 ( ADD_SUB_LOPD_8bit_2161 ) 
              5 LOPD_8bit_UNIT_LSB ( ADD_SUB_LOPD_8bit_2160 ) 
           4 MAN_ALU ( ADD_SUB_MAN_ALU_NUM_OP1_SIZE_MAN24_2253 ) 
              5 ALU_SUB_UNIT ( ADD_SUB_CLA_24bit_307 ) 
                 6 CLA_BLOCK_GEN[0].CLA_4BIT_UNIT ( ADD_SUB_CLA_4bit_837 ) 
                 6 CLA_BLOCK_GEN[1].CLA_4BIT_UNIT ( ADD_SUB_CLA_4bit_836 ) 
                 6 CLA_BLOCK_GEN[2].CLA_4BIT_UNIT ( ADD_SUB_CLA_4bit_835 ) 
                 6 CLA_BLOCK_GEN[3].CLA_4BIT_UNIT ( ADD_SUB_CLA_4bit_834 ) 
                 6 CLA_BLOCK_GEN[4].CLA_4BIT_UNIT ( ADD_SUB_CLA_4bit_833 ) 
                 6 CLA_BLOCK_GEN[5].CLA_4BIT_UNIT ( ADD_SUB_CLA_4bit_832 ) 
           4 MAN_ALU_PROC_RND ( ADD_SUB_CLS_4bit_1173 ) 
           4 MAN_COMP_24BIT ( ADD_SUB_COMP_24bit_SIZE_DATA24_1224 ) 
              5 u_i_data_0 ( ADD_SUB_COMP_4bit_1497 ) 
              5 u_i_data_1 ( ADD_SUB_COMP_4bit_1496 ) 
              5 u_i_data_2 ( ADD_SUB_COMP_4bit_1495 ) 
              5 u_i_data_3 ( ADD_SUB_COMP_4bit_1494 ) 
              5 u_i_data_4 ( ADD_SUB_COMP_4bit_1493 ) 
              5 u_i_data_5 ( ADD_SUB_COMP_4bit_1492 ) 
           4 MAN_RND ( ADD_SUB_MAN_rounding_SIZE_MAN32_SIZE_MAN_RESULT24_2304 ) 
           4 MAN_SWAP ( ADD_SUB_MAN_swap_SIZE_MAN24_2386 ) 
           4 MAN_SWAP_PRE ( ADD_SUB_MAN_swap_SIZE_MAN24_2387 ) 
           4 NOR_UNIT ( ADD_SUB_NOR_unit_SIZE_LOPD5_SIZE_DATA32_2458 ) 
              5 SHF_left_unit ( ADD_SUB_SHF_left_SIZE_DATA32_SIZE_SHIFT5_2560 ) 
           4 PSC_UNIT ( ADD_SUB_PSC_unit_2509 ) 
           4 SHF_RIGHT_MAN ( ADD_SUB_SHF_right_SIZE_DATA32_SIZE_SHIFT5_2611 ) 
           4 SIGN_UNIT ( ADD_SUB_SIGN_unit_2662 ) 
        3 DATA_B_IM ( FPU_add_sub_NUM_OP1_2979 ) 
           4 EXP_ADJUST ( ADD_SUB_EXP_adjust_SIZE_EXP8_SIZE_LOPD8_1738 ) 
              5 CLA_8BIT_UNIT ( ADD_SUB_CLA_8bit_1095 ) 
                 6 CLA_4BIT_UNIT_0 ( ADD_SUB_CLA_4bit_801 ) 
                 6 CLA_4BIT_UNIT_1 ( ADD_SUB_CLA_4bit_800 ) 
           4 EXP_COM_8BIT ( ADD_SUB_EXP_comp_SIZE_DATA8_1789 ) 
              5 COMP_LESS_UNIT ( ADD_SUB_COMP_8bit_SIZE_DATA8_1687 ) 
                 6 u_high ( ADD_SUB_COMP_4bit_1474 ) 
                 6 u_low ( ADD_SUB_COMP_4bit_1475 ) 
           4 EXP_RND ( ADD_SUB_EXP_rounding_SIZE_DATA8_1840 ) 
           4 EXP_SUB ( ADD_SUB_EXP_sub_SIZE_EXP_SUB8_1891 ) 
              5 CLA_8BIT_UNIT ( ADD_SUB_CLA_8bit_1096 ) 
                 6 CLA_4BIT_UNIT_0 ( ADD_SUB_CLA_4bit_809 ) 
                 6 CLA_4BIT_UNIT_1 ( ADD_SUB_CLA_4bit_808 ) 
           4 EXP_SWAP ( ADD_SUB_EXP_swap_SIZE_DATA8_1942 ) 
           4 LOPD_24BIT ( ADD_SUB_LOPD_24bit_SIZE_DATA24_SIZE_LOPD5_2044 ) 
              5 LOPD_16bit_UNIT_MSB ( ADD_SUB_LOPD_16bit_1993 ) 
                 6 LOPD_8bit_unit_0 ( ADD_SUB_LOPD_8bit_2153 ) 
                 6 LOPD_8bit_unit_1 ( ADD_SUB_LOPD_8bit_2152 ) 
              5 LOPD_8bit_UNIT_LSB ( ADD_SUB_LOPD_8bit_2151 ) 
           4 MAN_ALU ( ADD_SUB_MAN_ALU_NUM_OP1_SIZE_MAN24_2250 ) 
              5 ALU_SUB_UNIT ( ADD_SUB_CLA_24bit_304 ) 
                 6 CLA_BLOCK_GEN[0].CLA_4BIT_UNIT ( ADD_SUB_CLA_4bit_807 ) 
                 6 CLA_BLOCK_GEN[1].CLA_4BIT_UNIT ( ADD_SUB_CLA_4bit_806 ) 
                 6 CLA_BLOCK_GEN[2].CLA_4BIT_UNIT ( ADD_SUB_CLA_4bit_805 ) 
                 6 CLA_BLOCK_GEN[3].CLA_4BIT_UNIT ( ADD_SUB_CLA_4bit_804 ) 
                 6 CLA_BLOCK_GEN[4].CLA_4BIT_UNIT ( ADD_SUB_CLA_4bit_803 ) 
                 6 CLA_BLOCK_GEN[5].CLA_4BIT_UNIT ( ADD_SUB_CLA_4bit_802 ) 
           4 MAN_ALU_PROC_RND ( ADD_SUB_CLS_4bit_1170 ) 
           4 MAN_COMP_24BIT ( ADD_SUB_COMP_24bit_SIZE_DATA24_1221 ) 
              5 u_i_data_0 ( ADD_SUB_COMP_4bit_1473 ) 
              5 u_i_data_1 ( ADD_SUB_COMP_4bit_1472 ) 
              5 u_i_data_2 ( ADD_SUB_COMP_4bit_1471 ) 
              5 u_i_data_3 ( ADD_SUB_COMP_4bit_1470 ) 
              5 u_i_data_4 ( ADD_SUB_COMP_4bit_1469 ) 
              5 u_i_data_5 ( ADD_SUB_COMP_4bit_1468 ) 
           4 MAN_RND ( ADD_SUB_MAN_rounding_SIZE_MAN32_SIZE_MAN_RESULT24_2301 ) 
           4 MAN_SWAP ( ADD_SUB_MAN_swap_SIZE_MAN24_2380 ) 
           4 MAN_SWAP_PRE ( ADD_SUB_MAN_swap_SIZE_MAN24_2381 ) 
           4 NOR_UNIT ( ADD_SUB_NOR_unit_SIZE_LOPD5_SIZE_DATA32_2455 ) 
              5 SHF_left_unit ( ADD_SUB_SHF_left_SIZE_DATA32_SIZE_SHIFT5_2557 ) 
           4 PSC_UNIT ( ADD_SUB_PSC_unit_2506 ) 
           4 SHF_RIGHT_MAN ( ADD_SUB_SHF_right_SIZE_DATA32_SIZE_SHIFT5_2608 ) 
           4 SIGN_UNIT ( ADD_SUB_SIGN_unit_2659 ) 
        3 DATA_B_RE ( FPU_add_sub_NUM_OP1_2980 ) 
           4 EXP_ADJUST ( ADD_SUB_EXP_adjust_SIZE_EXP8_SIZE_LOPD8_1739 ) 
              5 CLA_8BIT_UNIT ( ADD_SUB_CLA_8bit_1097 ) 
                 6 CLA_4BIT_UNIT_0 ( ADD_SUB_CLA_4bit_811 ) 
                 6 CLA_4BIT_UNIT_1 ( ADD_SUB_CLA_4bit_810 ) 
           4 EXP_COM_8BIT ( ADD_SUB_EXP_comp_SIZE_DATA8_1790 ) 
              5 COMP_LESS_UNIT ( ADD_SUB_COMP_8bit_SIZE_DATA8_1688 ) 
                 6 u_high ( ADD_SUB_COMP_4bit_1482 ) 
                 6 u_low ( ADD_SUB_COMP_4bit_1483 ) 
           4 EXP_RND ( ADD_SUB_EXP_rounding_SIZE_DATA8_1841 ) 
           4 EXP_SUB ( ADD_SUB_EXP_sub_SIZE_EXP_SUB8_1892 ) 
              5 CLA_8BIT_UNIT ( ADD_SUB_CLA_8bit_1098 ) 
                 6 CLA_4BIT_UNIT_0 ( ADD_SUB_CLA_4bit_819 ) 
                 6 CLA_4BIT_UNIT_1 ( ADD_SUB_CLA_4bit_818 ) 
           4 EXP_SWAP ( ADD_SUB_EXP_swap_SIZE_DATA8_1943 ) 
           4 LOPD_24BIT ( ADD_SUB_LOPD_24bit_SIZE_DATA24_SIZE_LOPD5_2045 ) 
              5 LOPD_16bit_UNIT_MSB ( ADD_SUB_LOPD_16bit_1994 ) 
                 6 LOPD_8bit_unit_0 ( ADD_SUB_LOPD_8bit_2156 ) 
                 6 LOPD_8bit_unit_1 ( ADD_SUB_LOPD_8bit_2155 ) 
              5 LOPD_8bit_UNIT_LSB ( ADD_SUB_LOPD_8bit_2154 ) 
           4 MAN_ALU ( ADD_SUB_MAN_ALU_NUM_OP1_SIZE_MAN24_2251 ) 
              5 ALU_SUB_UNIT ( ADD_SUB_CLA_24bit_305 ) 
                 6 CLA_BLOCK_GEN[0].CLA_4BIT_UNIT ( ADD_SUB_CLA_4bit_817 ) 
                 6 CLA_BLOCK_GEN[1].CLA_4BIT_UNIT ( ADD_SUB_CLA_4bit_816 ) 
                 6 CLA_BLOCK_GEN[2].CLA_4BIT_UNIT ( ADD_SUB_CLA_4bit_815 ) 
                 6 CLA_BLOCK_GEN[3].CLA_4BIT_UNIT ( ADD_SUB_CLA_4bit_814 ) 
                 6 CLA_BLOCK_GEN[4].CLA_4BIT_UNIT ( ADD_SUB_CLA_4bit_813 ) 
                 6 CLA_BLOCK_GEN[5].CLA_4BIT_UNIT ( ADD_SUB_CLA_4bit_812 ) 
           4 MAN_ALU_PROC_RND ( ADD_SUB_CLS_4bit_1171 ) 
           4 MAN_COMP_24BIT ( ADD_SUB_COMP_24bit_SIZE_DATA24_1222 ) 
              5 u_i_data_0 ( ADD_SUB_COMP_4bit_1481 ) 
              5 u_i_data_1 ( ADD_SUB_COMP_4bit_1480 ) 
              5 u_i_data_2 ( ADD_SUB_COMP_4bit_1479 ) 
              5 u_i_data_3 ( ADD_SUB_COMP_4bit_1478 ) 
              5 u_i_data_4 ( ADD_SUB_COMP_4bit_1477 ) 
              5 u_i_data_5 ( ADD_SUB_COMP_4bit_1476 ) 
           4 MAN_RND ( ADD_SUB_MAN_rounding_SIZE_MAN32_SIZE_MAN_RESULT24_2302 ) 
           4 MAN_SWAP ( ADD_SUB_MAN_swap_SIZE_MAN24_2382 ) 
           4 MAN_SWAP_PRE ( ADD_SUB_MAN_swap_SIZE_MAN24_2383 ) 
           4 NOR_UNIT ( ADD_SUB_NOR_unit_SIZE_LOPD5_SIZE_DATA32_2456 ) 
              5 SHF_left_unit ( ADD_SUB_SHF_left_SIZE_DATA32_SIZE_SHIFT5_2558 ) 
           4 PSC_UNIT ( ADD_SUB_PSC_unit_2507 ) 
           4 SHF_RIGHT_MAN ( ADD_SUB_SHF_right_SIZE_DATA32_SIZE_SHIFT5_2609 ) 
           4 SIGN_UNIT ( ADD_SUB_SIGN_unit_2660 ) 
     2 BFU2_UNIT3 ( BFU_2_SIZE_DATA32_2688 ) 
        3 DATA_A_IM ( FPU_add_sub_NUM_OP1_2977 ) 
           4 EXP_ADJUST ( ADD_SUB_EXP_adjust_SIZE_EXP8_SIZE_LOPD8_1736 ) 
              5 CLA_8BIT_UNIT ( ADD_SUB_CLA_8bit_1091 ) 
                 6 CLA_4BIT_UNIT_0 ( ADD_SUB_CLA_4bit_781 ) 
                 6 CLA_4BIT_UNIT_1 ( ADD_SUB_CLA_4bit_780 ) 
           4 EXP_COM_8BIT ( ADD_SUB_EXP_comp_SIZE_DATA8_1787 ) 
              5 COMP_LESS_UNIT ( ADD_SUB_COMP_8bit_SIZE_DATA8_1685 ) 
                 6 u_high ( ADD_SUB_COMP_4bit_1458 ) 
                 6 u_low ( ADD_SUB_COMP_4bit_1459 ) 
           4 EXP_RND ( ADD_SUB_EXP_rounding_SIZE_DATA8_1838 ) 
           4 EXP_SUB ( ADD_SUB_EXP_sub_SIZE_EXP_SUB8_1889 ) 
              5 CLA_8BIT_UNIT ( ADD_SUB_CLA_8bit_1092 ) 
                 6 CLA_4BIT_UNIT_0 ( ADD_SUB_CLA_4bit_789 ) 
                 6 CLA_4BIT_UNIT_1 ( ADD_SUB_CLA_4bit_788 ) 
           4 EXP_SWAP ( ADD_SUB_EXP_swap_SIZE_DATA8_1940 ) 
           4 LOPD_24BIT ( ADD_SUB_LOPD_24bit_SIZE_DATA24_SIZE_LOPD5_2042 ) 
              5 LOPD_16bit_UNIT_MSB ( ADD_SUB_LOPD_16bit_1991 ) 
                 6 LOPD_8bit_unit_0 ( ADD_SUB_LOPD_8bit_2147 ) 
                 6 LOPD_8bit_unit_1 ( ADD_SUB_LOPD_8bit_2146 ) 
              5 LOPD_8bit_UNIT_LSB ( ADD_SUB_LOPD_8bit_2145 ) 
           4 MAN_ALU ( ADD_SUB_MAN_ALU_NUM_OP1_SIZE_MAN24_2248 ) 
              5 ALU_SUB_UNIT ( ADD_SUB_CLA_24bit_302 ) 
                 6 CLA_BLOCK_GEN[0].CLA_4BIT_UNIT ( ADD_SUB_CLA_4bit_787 ) 
                 6 CLA_BLOCK_GEN[1].CLA_4BIT_UNIT ( ADD_SUB_CLA_4bit_786 ) 
                 6 CLA_BLOCK_GEN[2].CLA_4BIT_UNIT ( ADD_SUB_CLA_4bit_785 ) 
                 6 CLA_BLOCK_GEN[3].CLA_4BIT_UNIT ( ADD_SUB_CLA_4bit_784 ) 
                 6 CLA_BLOCK_GEN[4].CLA_4BIT_UNIT ( ADD_SUB_CLA_4bit_783 ) 
                 6 CLA_BLOCK_GEN[5].CLA_4BIT_UNIT ( ADD_SUB_CLA_4bit_782 ) 
           4 MAN_ALU_PROC_RND ( ADD_SUB_CLS_4bit_1168 ) 
           4 MAN_COMP_24BIT ( ADD_SUB_COMP_24bit_SIZE_DATA24_1219 ) 
              5 u_i_data_0 ( ADD_SUB_COMP_4bit_1457 ) 
              5 u_i_data_1 ( ADD_SUB_COMP_4bit_1456 ) 
              5 u_i_data_2 ( ADD_SUB_COMP_4bit_1455 ) 
              5 u_i_data_3 ( ADD_SUB_COMP_4bit_1454 ) 
              5 u_i_data_4 ( ADD_SUB_COMP_4bit_1453 ) 
              5 u_i_data_5 ( ADD_SUB_COMP_4bit_1452 ) 
           4 MAN_RND ( ADD_SUB_MAN_rounding_SIZE_MAN32_SIZE_MAN_RESULT24_2299 ) 
           4 MAN_SWAP ( ADD_SUB_MAN_swap_SIZE_MAN24_2376 ) 
           4 MAN_SWAP_PRE ( ADD_SUB_MAN_swap_SIZE_MAN24_2377 ) 
           4 NOR_UNIT ( ADD_SUB_NOR_unit_SIZE_LOPD5_SIZE_DATA32_2453 ) 
              5 SHF_left_unit ( ADD_SUB_SHF_left_SIZE_DATA32_SIZE_SHIFT5_2555 ) 
           4 PSC_UNIT ( ADD_SUB_PSC_unit_2504 ) 
           4 SHF_RIGHT_MAN ( ADD_SUB_SHF_right_SIZE_DATA32_SIZE_SHIFT5_2606 ) 
           4 SIGN_UNIT ( ADD_SUB_SIGN_unit_2657 ) 
        3 DATA_A_RE ( FPU_add_sub_NUM_OP1_2978 ) 
           4 EXP_ADJUST ( ADD_SUB_EXP_adjust_SIZE_EXP8_SIZE_LOPD8_1737 ) 
              5 CLA_8BIT_UNIT ( ADD_SUB_CLA_8bit_1093 ) 
                 6 CLA_4BIT_UNIT_0 ( ADD_SUB_CLA_4bit_791 ) 
                 6 CLA_4BIT_UNIT_1 ( ADD_SUB_CLA_4bit_790 ) 
           4 EXP_COM_8BIT ( ADD_SUB_EXP_comp_SIZE_DATA8_1788 ) 
              5 COMP_LESS_UNIT ( ADD_SUB_COMP_8bit_SIZE_DATA8_1686 ) 
                 6 u_high ( ADD_SUB_COMP_4bit_1466 ) 
                 6 u_low ( ADD_SUB_COMP_4bit_1467 ) 
           4 EXP_RND ( ADD_SUB_EXP_rounding_SIZE_DATA8_1839 ) 
           4 EXP_SUB ( ADD_SUB_EXP_sub_SIZE_EXP_SUB8_1890 ) 
              5 CLA_8BIT_UNIT ( ADD_SUB_CLA_8bit_1094 ) 
                 6 CLA_4BIT_UNIT_0 ( ADD_SUB_CLA_4bit_799 ) 
                 6 CLA_4BIT_UNIT_1 ( ADD_SUB_CLA_4bit_798 ) 
           4 EXP_SWAP ( ADD_SUB_EXP_swap_SIZE_DATA8_1941 ) 
           4 LOPD_24BIT ( ADD_SUB_LOPD_24bit_SIZE_DATA24_SIZE_LOPD5_2043 ) 
              5 LOPD_16bit_UNIT_MSB ( ADD_SUB_LOPD_16bit_1992 ) 
                 6 LOPD_8bit_unit_0 ( ADD_SUB_LOPD_8bit_2150 ) 
                 6 LOPD_8bit_unit_1 ( ADD_SUB_LOPD_8bit_2149 ) 
              5 LOPD_8bit_UNIT_LSB ( ADD_SUB_LOPD_8bit_2148 ) 
           4 MAN_ALU ( ADD_SUB_MAN_ALU_NUM_OP1_SIZE_MAN24_2249 ) 
              5 ALU_SUB_UNIT ( ADD_SUB_CLA_24bit_303 ) 
                 6 CLA_BLOCK_GEN[0].CLA_4BIT_UNIT ( ADD_SUB_CLA_4bit_797 ) 
                 6 CLA_BLOCK_GEN[1].CLA_4BIT_UNIT ( ADD_SUB_CLA_4bit_796 ) 
                 6 CLA_BLOCK_GEN[2].CLA_4BIT_UNIT ( ADD_SUB_CLA_4bit_795 ) 
                 6 CLA_BLOCK_GEN[3].CLA_4BIT_UNIT ( ADD_SUB_CLA_4bit_794 ) 
                 6 CLA_BLOCK_GEN[4].CLA_4BIT_UNIT ( ADD_SUB_CLA_4bit_793 ) 
                 6 CLA_BLOCK_GEN[5].CLA_4BIT_UNIT ( ADD_SUB_CLA_4bit_792 ) 
           4 MAN_ALU_PROC_RND ( ADD_SUB_CLS_4bit_1169 ) 
           4 MAN_COMP_24BIT ( ADD_SUB_COMP_24bit_SIZE_DATA24_1220 ) 
              5 u_i_data_0 ( ADD_SUB_COMP_4bit_1465 ) 
              5 u_i_data_1 ( ADD_SUB_COMP_4bit_1464 ) 
              5 u_i_data_2 ( ADD_SUB_COMP_4bit_1463 ) 
              5 u_i_data_3 ( ADD_SUB_COMP_4bit_1462 ) 
              5 u_i_data_4 ( ADD_SUB_COMP_4bit_1461 ) 
              5 u_i_data_5 ( ADD_SUB_COMP_4bit_1460 ) 
           4 MAN_RND ( ADD_SUB_MAN_rounding_SIZE_MAN32_SIZE_MAN_RESULT24_2300 ) 
           4 MAN_SWAP ( ADD_SUB_MAN_swap_SIZE_MAN24_2378 ) 
           4 MAN_SWAP_PRE ( ADD_SUB_MAN_swap_SIZE_MAN24_2379 ) 
           4 NOR_UNIT ( ADD_SUB_NOR_unit_SIZE_LOPD5_SIZE_DATA32_2454 ) 
              5 SHF_left_unit ( ADD_SUB_SHF_left_SIZE_DATA32_SIZE_SHIFT5_2556 ) 
           4 PSC_UNIT ( ADD_SUB_PSC_unit_2505 ) 
           4 SHF_RIGHT_MAN ( ADD_SUB_SHF_right_SIZE_DATA32_SIZE_SHIFT5_2607 ) 
           4 SIGN_UNIT ( ADD_SUB_SIGN_unit_2658 ) 
        3 DATA_B_IM ( FPU_add_sub_NUM_OP1_2975 ) 
           4 EXP_ADJUST ( ADD_SUB_EXP_adjust_SIZE_EXP8_SIZE_LOPD8_1734 ) 
              5 CLA_8BIT_UNIT ( ADD_SUB_CLA_8bit_1087 ) 
                 6 CLA_4BIT_UNIT_0 ( ADD_SUB_CLA_4bit_761 ) 
                 6 CLA_4BIT_UNIT_1 ( ADD_SUB_CLA_4bit_760 ) 
           4 EXP_COM_8BIT ( ADD_SUB_EXP_comp_SIZE_DATA8_1785 ) 
              5 COMP_LESS_UNIT ( ADD_SUB_COMP_8bit_SIZE_DATA8_1683 ) 
                 6 u_high ( ADD_SUB_COMP_4bit_1442 ) 
                 6 u_low ( ADD_SUB_COMP_4bit_1443 ) 
           4 EXP_RND ( ADD_SUB_EXP_rounding_SIZE_DATA8_1836 ) 
           4 EXP_SUB ( ADD_SUB_EXP_sub_SIZE_EXP_SUB8_1887 ) 
              5 CLA_8BIT_UNIT ( ADD_SUB_CLA_8bit_1088 ) 
                 6 CLA_4BIT_UNIT_0 ( ADD_SUB_CLA_4bit_769 ) 
                 6 CLA_4BIT_UNIT_1 ( ADD_SUB_CLA_4bit_768 ) 
           4 EXP_SWAP ( ADD_SUB_EXP_swap_SIZE_DATA8_1938 ) 
           4 LOPD_24BIT ( ADD_SUB_LOPD_24bit_SIZE_DATA24_SIZE_LOPD5_2040 ) 
              5 LOPD_16bit_UNIT_MSB ( ADD_SUB_LOPD_16bit_1989 ) 
                 6 LOPD_8bit_unit_0 ( ADD_SUB_LOPD_8bit_2141 ) 
                 6 LOPD_8bit_unit_1 ( ADD_SUB_LOPD_8bit_2140 ) 
              5 LOPD_8bit_UNIT_LSB ( ADD_SUB_LOPD_8bit_2139 ) 
           4 MAN_ALU ( ADD_SUB_MAN_ALU_NUM_OP1_SIZE_MAN24_2246 ) 
              5 ALU_SUB_UNIT ( ADD_SUB_CLA_24bit_300 ) 
                 6 CLA_BLOCK_GEN[0].CLA_4BIT_UNIT ( ADD_SUB_CLA_4bit_767 ) 
                 6 CLA_BLOCK_GEN[1].CLA_4BIT_UNIT ( ADD_SUB_CLA_4bit_766 ) 
                 6 CLA_BLOCK_GEN[2].CLA_4BIT_UNIT ( ADD_SUB_CLA_4bit_765 ) 
                 6 CLA_BLOCK_GEN[3].CLA_4BIT_UNIT ( ADD_SUB_CLA_4bit_764 ) 
                 6 CLA_BLOCK_GEN[4].CLA_4BIT_UNIT ( ADD_SUB_CLA_4bit_763 ) 
                 6 CLA_BLOCK_GEN[5].CLA_4BIT_UNIT ( ADD_SUB_CLA_4bit_762 ) 
           4 MAN_ALU_PROC_RND ( ADD_SUB_CLS_4bit_1166 ) 
           4 MAN_COMP_24BIT ( ADD_SUB_COMP_24bit_SIZE_DATA24_1217 ) 
              5 u_i_data_0 ( ADD_SUB_COMP_4bit_1441 ) 
              5 u_i_data_1 ( ADD_SUB_COMP_4bit_1440 ) 
              5 u_i_data_2 ( ADD_SUB_COMP_4bit_1439 ) 
              5 u_i_data_3 ( ADD_SUB_COMP_4bit_1438 ) 
              5 u_i_data_4 ( ADD_SUB_COMP_4bit_1437 ) 
              5 u_i_data_5 ( ADD_SUB_COMP_4bit_1436 ) 
           4 MAN_RND ( ADD_SUB_MAN_rounding_SIZE_MAN32_SIZE_MAN_RESULT24_2297 ) 
           4 MAN_SWAP ( ADD_SUB_MAN_swap_SIZE_MAN24_2372 ) 
           4 MAN_SWAP_PRE ( ADD_SUB_MAN_swap_SIZE_MAN24_2373 ) 
           4 NOR_UNIT ( ADD_SUB_NOR_unit_SIZE_LOPD5_SIZE_DATA32_2451 ) 
              5 SHF_left_unit ( ADD_SUB_SHF_left_SIZE_DATA32_SIZE_SHIFT5_2553 ) 
           4 PSC_UNIT ( ADD_SUB_PSC_unit_2502 ) 
           4 SHF_RIGHT_MAN ( ADD_SUB_SHF_right_SIZE_DATA32_SIZE_SHIFT5_2604 ) 
           4 SIGN_UNIT ( ADD_SUB_SIGN_unit_2655 ) 
        3 DATA_B_RE ( FPU_add_sub_NUM_OP1_2976 ) 
           4 EXP_ADJUST ( ADD_SUB_EXP_adjust_SIZE_EXP8_SIZE_LOPD8_1735 ) 
              5 CLA_8BIT_UNIT ( ADD_SUB_CLA_8bit_1089 ) 
                 6 CLA_4BIT_UNIT_0 ( ADD_SUB_CLA_4bit_771 ) 
                 6 CLA_4BIT_UNIT_1 ( ADD_SUB_CLA_4bit_770 ) 
           4 EXP_COM_8BIT ( ADD_SUB_EXP_comp_SIZE_DATA8_1786 ) 
              5 COMP_LESS_UNIT ( ADD_SUB_COMP_8bit_SIZE_DATA8_1684 ) 
                 6 u_high ( ADD_SUB_COMP_4bit_1450 ) 
                 6 u_low ( ADD_SUB_COMP_4bit_1451 ) 
           4 EXP_RND ( ADD_SUB_EXP_rounding_SIZE_DATA8_1837 ) 
           4 EXP_SUB ( ADD_SUB_EXP_sub_SIZE_EXP_SUB8_1888 ) 
              5 CLA_8BIT_UNIT ( ADD_SUB_CLA_8bit_1090 ) 
                 6 CLA_4BIT_UNIT_0 ( ADD_SUB_CLA_4bit_779 ) 
                 6 CLA_4BIT_UNIT_1 ( ADD_SUB_CLA_4bit_778 ) 
           4 EXP_SWAP ( ADD_SUB_EXP_swap_SIZE_DATA8_1939 ) 
           4 LOPD_24BIT ( ADD_SUB_LOPD_24bit_SIZE_DATA24_SIZE_LOPD5_2041 ) 
              5 LOPD_16bit_UNIT_MSB ( ADD_SUB_LOPD_16bit_1990 ) 
                 6 LOPD_8bit_unit_0 ( ADD_SUB_LOPD_8bit_2144 ) 
                 6 LOPD_8bit_unit_1 ( ADD_SUB_LOPD_8bit_2143 ) 
              5 LOPD_8bit_UNIT_LSB ( ADD_SUB_LOPD_8bit_2142 ) 
           4 MAN_ALU ( ADD_SUB_MAN_ALU_NUM_OP1_SIZE_MAN24_2247 ) 
              5 ALU_SUB_UNIT ( ADD_SUB_CLA_24bit_301 ) 
                 6 CLA_BLOCK_GEN[0].CLA_4BIT_UNIT ( ADD_SUB_CLA_4bit_777 ) 
                 6 CLA_BLOCK_GEN[1].CLA_4BIT_UNIT ( ADD_SUB_CLA_4bit_776 ) 
                 6 CLA_BLOCK_GEN[2].CLA_4BIT_UNIT ( ADD_SUB_CLA_4bit_775 ) 
                 6 CLA_BLOCK_GEN[3].CLA_4BIT_UNIT ( ADD_SUB_CLA_4bit_774 ) 
                 6 CLA_BLOCK_GEN[4].CLA_4BIT_UNIT ( ADD_SUB_CLA_4bit_773 ) 
                 6 CLA_BLOCK_GEN[5].CLA_4BIT_UNIT ( ADD_SUB_CLA_4bit_772 ) 
           4 MAN_ALU_PROC_RND ( ADD_SUB_CLS_4bit_1167 ) 
           4 MAN_COMP_24BIT ( ADD_SUB_COMP_24bit_SIZE_DATA24_1218 ) 
              5 u_i_data_0 ( ADD_SUB_COMP_4bit_1449 ) 
              5 u_i_data_1 ( ADD_SUB_COMP_4bit_1448 ) 
              5 u_i_data_2 ( ADD_SUB_COMP_4bit_1447 ) 
              5 u_i_data_3 ( ADD_SUB_COMP_4bit_1446 ) 
              5 u_i_data_4 ( ADD_SUB_COMP_4bit_1445 ) 
              5 u_i_data_5 ( ADD_SUB_COMP_4bit_1444 ) 
           4 MAN_RND ( ADD_SUB_MAN_rounding_SIZE_MAN32_SIZE_MAN_RESULT24_2298 ) 
           4 MAN_SWAP ( ADD_SUB_MAN_swap_SIZE_MAN24_2374 ) 
           4 MAN_SWAP_PRE ( ADD_SUB_MAN_swap_SIZE_MAN24_2375 ) 
           4 NOR_UNIT ( ADD_SUB_NOR_unit_SIZE_LOPD5_SIZE_DATA32_2452 ) 
              5 SHF_left_unit ( ADD_SUB_SHF_left_SIZE_DATA32_SIZE_SHIFT5_2554 ) 
           4 PSC_UNIT ( ADD_SUB_PSC_unit_2503 ) 
           4 SHF_RIGHT_MAN ( ADD_SUB_SHF_right_SIZE_DATA32_SIZE_SHIFT5_2605 ) 
           4 SIGN_UNIT ( ADD_SUB_SIGN_unit_2656 ) 
     2 INPUT_DATA_5 ( Complex_Multiplier_SIZE_DATA32 ) 
        3 DATA_A_IM ( FPU_add_sub_NUM_OP1_2993 ) 
           4 EXP_ADJUST ( ADD_SUB_EXP_adjust_SIZE_EXP8_SIZE_LOPD8_1752 ) 
              5 CLA_8BIT_UNIT ( ADD_SUB_CLA_8bit_1123 ) 
                 6 CLA_4BIT_UNIT_0 ( ADD_SUB_CLA_4bit_941 ) 
                 6 CLA_4BIT_UNIT_1 ( ADD_SUB_CLA_4bit_940 ) 
           4 EXP_COM_8BIT ( ADD_SUB_EXP_comp_SIZE_DATA8_1803 ) 
              5 COMP_LESS_UNIT ( ADD_SUB_COMP_8bit_SIZE_DATA8_1701 ) 
                 6 u_high ( ADD_SUB_COMP_4bit_1586 ) 
                 6 u_low ( ADD_SUB_COMP_4bit_1587 ) 
           4 EXP_RND ( ADD_SUB_EXP_rounding_SIZE_DATA8_1854 ) 
           4 EXP_SUB ( ADD_SUB_EXP_sub_SIZE_EXP_SUB8_1905 ) 
              5 CLA_8BIT_UNIT ( ADD_SUB_CLA_8bit_1124 ) 
                 6 CLA_4BIT_UNIT_0 ( ADD_SUB_CLA_4bit_949 ) 
                 6 CLA_4BIT_UNIT_1 ( ADD_SUB_CLA_4bit_948 ) 
           4 EXP_SWAP ( ADD_SUB_EXP_swap_SIZE_DATA8_1956 ) 
           4 LOPD_24BIT ( ADD_SUB_LOPD_24bit_SIZE_DATA24_SIZE_LOPD5_2058 ) 
              5 LOPD_16bit_UNIT_MSB ( ADD_SUB_LOPD_16bit_2007 ) 
                 6 LOPD_8bit_unit_0 ( ADD_SUB_LOPD_8bit_2195 ) 
                 6 LOPD_8bit_unit_1 ( ADD_SUB_LOPD_8bit_2194 ) 
              5 LOPD_8bit_UNIT_LSB ( ADD_SUB_LOPD_8bit_2193 ) 
           4 MAN_ALU ( ADD_SUB_MAN_ALU_NUM_OP1_SIZE_MAN24_2264 ) 
              5 ALU_SUB_UNIT ( ADD_SUB_CLA_24bit_318 ) 
                 6 CLA_BLOCK_GEN[0].CLA_4BIT_UNIT ( ADD_SUB_CLA_4bit_947 ) 
                 6 CLA_BLOCK_GEN[1].CLA_4BIT_UNIT ( ADD_SUB_CLA_4bit_946 ) 
                 6 CLA_BLOCK_GEN[2].CLA_4BIT_UNIT ( ADD_SUB_CLA_4bit_945 ) 
                 6 CLA_BLOCK_GEN[3].CLA_4BIT_UNIT ( ADD_SUB_CLA_4bit_944 ) 
                 6 CLA_BLOCK_GEN[4].CLA_4BIT_UNIT ( ADD_SUB_CLA_4bit_943 ) 
                 6 CLA_BLOCK_GEN[5].CLA_4BIT_UNIT ( ADD_SUB_CLA_4bit_942 ) 
           4 MAN_ALU_PROC_RND ( ADD_SUB_CLS_4bit_1184 ) 
           4 MAN_COMP_24BIT ( ADD_SUB_COMP_24bit_SIZE_DATA24_1235 ) 
              5 u_i_data_0 ( ADD_SUB_COMP_4bit_1585 ) 
              5 u_i_data_1 ( ADD_SUB_COMP_4bit_1584 ) 
              5 u_i_data_2 ( ADD_SUB_COMP_4bit_1583 ) 
              5 u_i_data_3 ( ADD_SUB_COMP_4bit_1582 ) 
              5 u_i_data_4 ( ADD_SUB_COMP_4bit_1581 ) 
              5 u_i_data_5 ( ADD_SUB_COMP_4bit_1580 ) 
           4 MAN_RND ( ADD_SUB_MAN_rounding_SIZE_MAN32_SIZE_MAN_RESULT24_2315 ) 
           4 MAN_SWAP ( ADD_SUB_MAN_swap_SIZE_MAN24_2408 ) 
           4 MAN_SWAP_PRE ( ADD_SUB_MAN_swap_SIZE_MAN24_2409 ) 
           4 NOR_UNIT ( ADD_SUB_NOR_unit_SIZE_LOPD5_SIZE_DATA32_2469 ) 
              5 SHF_left_unit ( ADD_SUB_SHF_left_SIZE_DATA32_SIZE_SHIFT5_2571 ) 
           4 PSC_UNIT ( ADD_SUB_PSC_unit_2520 ) 
           4 SHF_RIGHT_MAN ( ADD_SUB_SHF_right_SIZE_DATA32_SIZE_SHIFT5_2622 ) 
           4 SIGN_UNIT ( ADD_SUB_SIGN_unit_2673 ) 
        3 DATA_A_RE ( FPU_add_sub_NUM_OP1_2994 ) 
           4 EXP_ADJUST ( ADD_SUB_EXP_adjust_SIZE_EXP8_SIZE_LOPD8_1753 ) 
              5 CLA_8BIT_UNIT ( ADD_SUB_CLA_8bit_1125 ) 
                 6 CLA_4BIT_UNIT_0 ( ADD_SUB_CLA_4bit_951 ) 
                 6 CLA_4BIT_UNIT_1 ( ADD_SUB_CLA_4bit_950 ) 
           4 EXP_COM_8BIT ( ADD_SUB_EXP_comp_SIZE_DATA8_1804 ) 
              5 COMP_LESS_UNIT ( ADD_SUB_COMP_8bit_SIZE_DATA8_1702 ) 
                 6 u_high ( ADD_SUB_COMP_4bit_1594 ) 
                 6 u_low ( ADD_SUB_COMP_4bit_1595 ) 
           4 EXP_RND ( ADD_SUB_EXP_rounding_SIZE_DATA8_1855 ) 
           4 EXP_SUB ( ADD_SUB_EXP_sub_SIZE_EXP_SUB8_1906 ) 
              5 CLA_8BIT_UNIT ( ADD_SUB_CLA_8bit_1126 ) 
                 6 CLA_4BIT_UNIT_0 ( ADD_SUB_CLA_4bit_959 ) 
                 6 CLA_4BIT_UNIT_1 ( ADD_SUB_CLA_4bit_958 ) 
           4 EXP_SWAP ( ADD_SUB_EXP_swap_SIZE_DATA8_1957 ) 
           4 LOPD_24BIT ( ADD_SUB_LOPD_24bit_SIZE_DATA24_SIZE_LOPD5_2059 ) 
              5 LOPD_16bit_UNIT_MSB ( ADD_SUB_LOPD_16bit_2008 ) 
                 6 LOPD_8bit_unit_0 ( ADD_SUB_LOPD_8bit_2198 ) 
                 6 LOPD_8bit_unit_1 ( ADD_SUB_LOPD_8bit_2197 ) 
              5 LOPD_8bit_UNIT_LSB ( ADD_SUB_LOPD_8bit_2196 ) 
           4 MAN_ALU ( ADD_SUB_MAN_ALU_NUM_OP1_SIZE_MAN24_2265 ) 
              5 ALU_SUB_UNIT ( ADD_SUB_CLA_24bit_319 ) 
                 6 CLA_BLOCK_GEN[0].CLA_4BIT_UNIT ( ADD_SUB_CLA_4bit_957 ) 
                 6 CLA_BLOCK_GEN[1].CLA_4BIT_UNIT ( ADD_SUB_CLA_4bit_956 ) 
                 6 CLA_BLOCK_GEN[2].CLA_4BIT_UNIT ( ADD_SUB_CLA_4bit_955 ) 
                 6 CLA_BLOCK_GEN[3].CLA_4BIT_UNIT ( ADD_SUB_CLA_4bit_954 ) 
                 6 CLA_BLOCK_GEN[4].CLA_4BIT_UNIT ( ADD_SUB_CLA_4bit_953 ) 
                 6 CLA_BLOCK_GEN[5].CLA_4BIT_UNIT ( ADD_SUB_CLA_4bit_952 ) 
           4 MAN_ALU_PROC_RND ( ADD_SUB_CLS_4bit_1185 ) 
           4 MAN_COMP_24BIT ( ADD_SUB_COMP_24bit_SIZE_DATA24_1236 ) 
              5 u_i_data_0 ( ADD_SUB_COMP_4bit_1593 ) 
              5 u_i_data_1 ( ADD_SUB_COMP_4bit_1592 ) 
              5 u_i_data_2 ( ADD_SUB_COMP_4bit_1591 ) 
              5 u_i_data_3 ( ADD_SUB_COMP_4bit_1590 ) 
              5 u_i_data_4 ( ADD_SUB_COMP_4bit_1589 ) 
              5 u_i_data_5 ( ADD_SUB_COMP_4bit_1588 ) 
           4 MAN_RND ( ADD_SUB_MAN_rounding_SIZE_MAN32_SIZE_MAN_RESULT24_2316 ) 
           4 MAN_SWAP ( ADD_SUB_MAN_swap_SIZE_MAN24_2410 ) 
           4 MAN_SWAP_PRE ( ADD_SUB_MAN_swap_SIZE_MAN24_2411 ) 
           4 NOR_UNIT ( ADD_SUB_NOR_unit_SIZE_LOPD5_SIZE_DATA32_2470 ) 
              5 SHF_left_unit ( ADD_SUB_SHF_left_SIZE_DATA32_SIZE_SHIFT5_2572 ) 
           4 PSC_UNIT ( ADD_SUB_PSC_unit_2521 ) 
           4 SHF_RIGHT_MAN ( ADD_SUB_SHF_right_SIZE_DATA32_SIZE_SHIFT5_2623 ) 
           4 SIGN_UNIT ( ADD_SUB_SIGN_unit_2674 ) 
        3 mul1_add ( fpu_mul_SIZE_DATA32 ) 
           4 EXP_ROUNDING_UNIT ( MUL_EXP_rounding_SIZE_DATA8 ) 
           4 LOPD_UNIT ( MUL_LOPD_24bit_SIZE_DATA24_SIZE_LOPD5 ) 
              5 LOPD_16bit_UNIT_MSB ( MUL_LOPD_16bit ) 
                 6 LOPD_8bit_unit_0 ( MUL_LOPD_8bit ) 
                 6 LOPD_8bit_unit_1 ( MUL_LOPD_8bit_3037 ) 
              5 LOPD_8bit_UNIT_LSB ( MUL_LOPD_8bit_3036 ) 
           4 MAN_MUL_UNIT ( MUL_MAN_mul_SIZE_DATA24 ) 
              5 MUL_UNIT_MAN_UNIT ( Multiplier ) 
                 6 u_booth ( Modified_booth_N24_NUM_PP13 ) 
                 6 u_cla ( CLA_adder_top_WIDTH48_FANIN4 ) 
                    7 cla_tree ( cla_logic_tree_level_WIDTH48_FANIN4 ) 
                       8 COMPUTE_DETAILED_CARRY[10].cla_unit ( CLA_logic_WIDTH4_2746 ) 
                       8 COMPUTE_DETAILED_CARRY[11].cla_unit ( CLA_logic_WIDTH4_2745 ) 
                       8 COMPUTE_DETAILED_CARRY[2].cla_unit ( CLA_logic_WIDTH4_2754 ) 
                       8 COMPUTE_DETAILED_CARRY[3].cla_unit ( CLA_logic_WIDTH4_2753 ) 
                       8 COMPUTE_DETAILED_CARRY[4].cla_unit ( CLA_logic_WIDTH4_2752 ) 
                       8 COMPUTE_DETAILED_CARRY[5].cla_unit ( CLA_logic_WIDTH4_2751 ) 
                       8 COMPUTE_DETAILED_CARRY[6].cla_unit ( CLA_logic_WIDTH4_2750 ) 
                       8 COMPUTE_DETAILED_CARRY[7].cla_unit ( CLA_logic_WIDTH4_2749 ) 
                       8 COMPUTE_DETAILED_CARRY[8].cla_unit ( CLA_logic_WIDTH4_2748 ) 
                       8 COMPUTE_DETAILED_CARRY[9].cla_unit ( CLA_logic_WIDTH4_2747 ) 
                       8 MULTI_GROUP.next_level ( cla_logic_tree_level_WIDTH12_FANIN4 ) 
                          9 COMPUTE_DETAILED_CARRY[0].cla_unit ( CLA_logic_WIDTH4 ) 
                          9 COMPUTE_DETAILED_CARRY[1].cla_unit ( CLA_logic_WIDTH4_2758 ) 
                          9 COMPUTE_DETAILED_CARRY[2].cla_unit ( CLA_logic_WIDTH4_2757 ) 
                          9 MULTI_GROUP.next_level ( cla_logic_tree_level_WIDTH3_FANIN4 ) 
                            10 COMPUTE_DETAILED_CARRY[0].cla_unit ( CLA_logic_WIDTH3 ) 
                 6 u_merge ( wallace_final_merge_WIDTH48 ) 
                    7 csa_row[10].u_fa ( FA_1bit_2941 ) 
                    7 csa_row[11].u_fa ( FA_1bit_2940 ) 
                    7 csa_row[12].u_fa ( FA_1bit_2939 ) 
                    7 csa_row[13].u_fa ( FA_1bit_2938 ) 
                    7 csa_row[14].u_fa ( FA_1bit_2937 ) 
                    7 csa_row[15].u_fa ( FA_1bit_2936 ) 
                    7 csa_row[16].u_fa ( FA_1bit_2935 ) 
                    7 csa_row[17].u_fa ( FA_1bit_2934 ) 
                    7 csa_row[18].u_fa ( FA_1bit_2933 ) 
                    7 csa_row[19].u_fa ( FA_1bit_2932 ) 
                    7 csa_row[20].u_fa ( FA_1bit_2931 ) 
                    7 csa_row[21].u_fa ( FA_1bit_2930 ) 
                    7 csa_row[22].u_fa ( FA_1bit_2929 ) 
                    7 csa_row[23].u_fa ( FA_1bit_2928 ) 
                    7 csa_row[24].u_fa ( FA_1bit_2927 ) 
                    7 csa_row[25].u_fa ( FA_1bit_2926 ) 
                    7 csa_row[26].u_fa ( FA_1bit_2925 ) 
                    7 csa_row[27].u_fa ( FA_1bit_2924 ) 
                    7 csa_row[28].u_fa ( FA_1bit_2923 ) 
                    7 csa_row[29].u_fa ( FA_1bit_2922 ) 
                    7 csa_row[30].u_fa ( FA_1bit_2921 ) 
                    7 csa_row[31].u_fa ( FA_1bit_2920 ) 
                    7 csa_row[32].u_fa ( FA_1bit_2919 ) 
                    7 csa_row[33].u_fa ( FA_1bit_2918 ) 
                    7 csa_row[34].u_fa ( FA_1bit_2917 ) 
                    7 csa_row[35].u_fa ( FA_1bit_2916 ) 
                    7 csa_row[36].u_fa ( FA_1bit_2915 ) 
                    7 csa_row[37].u_fa ( FA_1bit_2914 ) 
                    7 csa_row[38].u_fa ( FA_1bit_2913 ) 
                    7 csa_row[39].u_fa ( FA_1bit_2912 ) 
                    7 csa_row[40].u_fa ( FA_1bit_2911 ) 
                    7 csa_row[41].u_fa ( FA_1bit_2910 ) 
                    7 csa_row[42].u_fa ( FA_1bit_2909 ) 
                    7 csa_row[43].u_fa ( FA_1bit_2908 ) 
                    7 csa_row[44].u_fa ( FA_1bit_2907 ) 
                    7 csa_row[45].u_fa ( FA_1bit_2906 ) 
                    7 csa_row[46].u_fa ( FA_1bit_2905 ) 
                    7 csa_row[47].u_fa ( FA_1bit_2904 ) 
                    7 csa_row[6].u_fa ( FA_1bit_2945 ) 
                    7 csa_row[7].u_fa ( FA_1bit_2944 ) 
                    7 csa_row[8].u_fa ( FA_1bit_2943 ) 
                    7 csa_row[9].u_fa ( FA_1bit_2942 ) 
                 6 u_wallace ( wallace_tree_N24_NUM_PP13_NUM_CZ12 ) 
                    7 STAGE_GEN[0].u_stage ( wallace_stage_NUM_COLS48_COL_HEIGHTSx000000020000000200000003000000030000000400000004000000050000000500000006000000060000000700000007000000080000000800000009000000090000000a0000000a0000000b0000000b0000000c0000000c0000000d0000000d0000000d0000000c0000000c0000000b0000000b0000000a0000000a0000000900000009000000080000000800000007000000070000000600000006000000050000000500000004000000040000000300000003000000020000000200000001_MAX_H_IN32_MAX_H_OUT32 ) 
                    7 STAGE_GEN[1].u_stage ( wallace_stage_NUM_COLS48_COL_HEIGHTSx000000010000000200000002000000020000000300000003000000030000000400000004000000040000000500000005000000050000000600000006000000060000000700000007000000070000000800000008000000080000000900000009000000090000000800000008000000080000000800000008000000070000000600000006000000060000000600000006000000050000000400000004000000040000000400000004000000030000000200000002000000020000000200000002_MAX_H_IN32_MAX_H_OUT32 ) 
                    7 STAGE_GEN[2].u_stage ( wallace_stage_NUM_COLS48_COL_HEIGHTSx000000010000000100000002000000020000000200000002000000020000000300000003000000030000000300000004000000040000000400000004000000040000000500000005000000050000000500000006000000060000000600000006000000060000000600000006000000060000000600000006000000060000000400000004000000040000000400000004000000040000000400000003000000030000000300000003000000020000000200000002000000020000000200000002_MAX_H_IN32_MAX_H_OUT32 ) 
                    7 STAGE_GEN[3].u_stage ( wallace_stage_NUM_COLS48_COL_HEIGHTSx000000010000000100000001000000020000000200000002000000020000000200000002000000020000000200000003000000030000000300000003000000030000000300000004000000040000000400000004000000040000000400000004000000040000000400000004000000040000000400000004000000040000000400000003000000030000000300000003000000030000000300000002000000020000000200000002000000020000000200000002000000020000000200000002_MAX_H_IN32_MAX_H_OUT32 ) 
                    7 STAGE_GEN[4].u_stage ( wallace_stage_NUM_COLS48_COL_HEIGHTSx000000010000000100000001000000010000000200000002000000020000000200000002000000020000000200000002000000020000000200000002000000020000000200000003000000030000000300000003000000030000000300000003000000030000000300000003000000030000000300000003000000030000000300000002000000020000000200000002000000020000000200000002000000020000000200000002000000020000000200000002000000020000000200000002_MAX_H_IN32_MAX_H_OUT32 ) 
                    7 STAGE_GEN[5].u_stage ( wallace_stage_NUM_COLS48_COL_HEIGHTSx000000010000000100000001000000010000000100000002000000020000000200000002000000020000000200000002000000020000000200000002000000020000000200000002000000020000000200000002000000020000000200000002000000020000000200000002000000020000000200000002000000020000000200000002000000020000000200000002000000020000000200000002000000020000000200000002000000020000000200000002000000020000000200000002_MAX_H_IN32_MAX_H_OUT32 ) 
           4 MAN_ROUNDING_UNIT ( MUL_MAN_rounding_SIZE_MAN24 ) 
           4 MUL_EXP_ADJUST_UNIT ( MUL_EXP_adjust_SIZE_DATA8_SIZE_LOPD8 ) 
              5 CLA_8BIT_UNIT ( MUL_CLA_8bit ) 
                 6 CLA_4BIT_UNIT_0 ( MUL_CLA_4bit ) 
                 6 CLA_4BIT_UNIT_1 ( MUL_CLA_4bit_3008 ) 
           4 MUL_EXP_UNIT ( MUL_EXP_unit_SIZE_EXP8 ) 
           4 NOR_UNIT ( MUL_NOR_unit_SIZE_LOPD5_SIZE_DATA24 ) 
              5 SHF_left_unit ( MUL_SHF_left_SIZE_DATA32_SIZE_SHIFT5 ) 
           4 PSC_UNIT ( MUL_PSC_unit_SIZE_EXP8_SIZE_MAN24 ) 
        3 mul1_sub ( fpu_mul_SIZE_DATA32_3124 ) 
           4 EXP_ROUNDING_UNIT ( MUL_EXP_rounding_SIZE_DATA8_3017 ) 
           4 LOPD_UNIT ( MUL_LOPD_24bit_SIZE_DATA24_SIZE_LOPD5_3026 ) 
              5 LOPD_16bit_UNIT_MSB ( MUL_LOPD_16bit_3023 ) 
                 6 LOPD_8bit_unit_0 ( MUL_LOPD_8bit_3035 ) 
                 6 LOPD_8bit_unit_1 ( MUL_LOPD_8bit_3034 ) 
              5 LOPD_8bit_UNIT_LSB ( MUL_LOPD_8bit_3033 ) 
           4 MAN_MUL_UNIT ( MUL_MAN_mul_SIZE_DATA24_3040 ) 
              5 MUL_UNIT_MAN_UNIT ( Multiplier_3058 ) 
                 6 u_booth ( Modified_booth_N24_NUM_PP13_3055 ) 
                 6 u_cla ( CLA_adder_top_WIDTH48_FANIN4_2696 ) 
                    7 cla_tree ( cla_logic_tree_level_WIDTH48_FANIN4_3070 ) 
                       8 COMPUTE_DETAILED_CARRY[10].cla_unit ( CLA_logic_WIDTH4_2731 ) 
                       8 COMPUTE_DETAILED_CARRY[11].cla_unit ( CLA_logic_WIDTH4_2730 ) 
                       8 COMPUTE_DETAILED_CARRY[2].cla_unit ( CLA_logic_WIDTH4_2739 ) 
                       8 COMPUTE_DETAILED_CARRY[3].cla_unit ( CLA_logic_WIDTH4_2738 ) 
                       8 COMPUTE_DETAILED_CARRY[4].cla_unit ( CLA_logic_WIDTH4_2737 ) 
                       8 COMPUTE_DETAILED_CARRY[5].cla_unit ( CLA_logic_WIDTH4_2736 ) 
                       8 COMPUTE_DETAILED_CARRY[6].cla_unit ( CLA_logic_WIDTH4_2735 ) 
                       8 COMPUTE_DETAILED_CARRY[7].cla_unit ( CLA_logic_WIDTH4_2734 ) 
                       8 COMPUTE_DETAILED_CARRY[8].cla_unit ( CLA_logic_WIDTH4_2733 ) 
                       8 COMPUTE_DETAILED_CARRY[9].cla_unit ( CLA_logic_WIDTH4_2732 ) 
                       8 MULTI_GROUP.next_level ( cla_logic_tree_level_WIDTH12_FANIN4_3064 ) 
                          9 COMPUTE_DETAILED_CARRY[0].cla_unit ( CLA_logic_WIDTH4_2744 ) 
                          9 COMPUTE_DETAILED_CARRY[1].cla_unit ( CLA_logic_WIDTH4_2743 ) 
                          9 COMPUTE_DETAILED_CARRY[2].cla_unit ( CLA_logic_WIDTH4_2742 ) 
                          9 MULTI_GROUP.next_level ( cla_logic_tree_level_WIDTH3_FANIN4_3067 ) 
                            10 COMPUTE_DETAILED_CARRY[0].cla_unit ( CLA_logic_WIDTH3_2699 ) 
                 6 u_merge ( wallace_final_merge_WIDTH48_3390 ) 
                    7 csa_row[10].u_fa ( FA_1bit_2893 ) 
                    7 csa_row[11].u_fa ( FA_1bit_2892 ) 
                    7 csa_row[12].u_fa ( FA_1bit_2891 ) 
                    7 csa_row[13].u_fa ( FA_1bit_2890 ) 
                    7 csa_row[14].u_fa ( FA_1bit_2889 ) 
                    7 csa_row[15].u_fa ( FA_1bit_2888 ) 
                    7 csa_row[16].u_fa ( FA_1bit_2887 ) 
                    7 csa_row[17].u_fa ( FA_1bit_2886 ) 
                    7 csa_row[18].u_fa ( FA_1bit_2885 ) 
                    7 csa_row[19].u_fa ( FA_1bit_2884 ) 
                    7 csa_row[20].u_fa ( FA_1bit_2883 ) 
                    7 csa_row[21].u_fa ( FA_1bit_2882 ) 
                    7 csa_row[22].u_fa ( FA_1bit_2881 ) 
                    7 csa_row[23].u_fa ( FA_1bit_2880 ) 
                    7 csa_row[24].u_fa ( FA_1bit_2879 ) 
                    7 csa_row[25].u_fa ( FA_1bit_2878 ) 
                    7 csa_row[26].u_fa ( FA_1bit_2877 ) 
                    7 csa_row[27].u_fa ( FA_1bit_2876 ) 
                    7 csa_row[28].u_fa ( FA_1bit_2875 ) 
                    7 csa_row[29].u_fa ( FA_1bit_2874 ) 
                    7 csa_row[30].u_fa ( FA_1bit_2873 ) 
                    7 csa_row[31].u_fa ( FA_1bit_2872 ) 
                    7 csa_row[32].u_fa ( FA_1bit_2871 ) 
                    7 csa_row[33].u_fa ( FA_1bit_2870 ) 
                    7 csa_row[34].u_fa ( FA_1bit_2869 ) 
                    7 csa_row[35].u_fa ( FA_1bit_2868 ) 
                    7 csa_row[36].u_fa ( FA_1bit_2867 ) 
                    7 csa_row[37].u_fa ( FA_1bit_2866 ) 
                    7 csa_row[38].u_fa ( FA_1bit_2865 ) 
                    7 csa_row[39].u_fa ( FA_1bit_2864 ) 
                    7 csa_row[40].u_fa ( FA_1bit_2863 ) 
                    7 csa_row[41].u_fa ( FA_1bit_2862 ) 
                    7 csa_row[42].u_fa ( FA_1bit_2861 ) 
                    7 csa_row[43].u_fa ( FA_1bit_2860 ) 
                    7 csa_row[44].u_fa ( FA_1bit_2859 ) 
                    7 csa_row[45].u_fa ( FA_1bit_2858 ) 
                    7 csa_row[46].u_fa ( FA_1bit_2857 ) 
                    7 csa_row[47].u_fa ( FA_1bit_2856 ) 
                    7 csa_row[6].u_fa ( FA_1bit_2897 ) 
                    7 csa_row[7].u_fa ( FA_1bit_2896 ) 
                    7 csa_row[8].u_fa ( FA_1bit_2895 ) 
                    7 csa_row[9].u_fa ( FA_1bit_2894 ) 
                 6 u_wallace ( wallace_tree_N24_NUM_PP13_NUM_CZ12_3411 ) 
                    7 STAGE_GEN[0].u_stage ( wallace_stage_NUM_COLS48_COL_HEIGHTSx000000020000000200000003000000030000000400000004000000050000000500000006000000060000000700000007000000080000000800000009000000090000000a0000000a0000000b0000000b0000000c0000000c0000000d0000000d0000000d0000000c0000000c0000000b0000000b0000000a0000000a0000000900000009000000080000000800000007000000070000000600000006000000050000000500000004000000040000000300000003000000020000000200000001_MAX_H_IN32_MAX_H_OUT32_3408 ) 
                    7 STAGE_GEN[1].u_stage ( wallace_stage_NUM_COLS48_COL_HEIGHTSx000000010000000200000002000000020000000300000003000000030000000400000004000000040000000500000005000000050000000600000006000000060000000700000007000000070000000800000008000000080000000900000009000000090000000800000008000000080000000800000008000000070000000600000006000000060000000600000006000000050000000400000004000000040000000400000004000000030000000200000002000000020000000200000002_MAX_H_IN32_MAX_H_OUT32_3405 ) 
                    7 STAGE_GEN[2].u_stage ( wallace_stage_NUM_COLS48_COL_HEIGHTSx000000010000000100000002000000020000000200000002000000020000000300000003000000030000000300000004000000040000000400000004000000040000000500000005000000050000000500000006000000060000000600000006000000060000000600000006000000060000000600000006000000060000000400000004000000040000000400000004000000040000000400000003000000030000000300000003000000020000000200000002000000020000000200000002_MAX_H_IN32_MAX_H_OUT32_3402 ) 
                    7 STAGE_GEN[3].u_stage ( wallace_stage_NUM_COLS48_COL_HEIGHTSx000000010000000100000001000000020000000200000002000000020000000200000002000000020000000200000003000000030000000300000003000000030000000300000004000000040000000400000004000000040000000400000004000000040000000400000004000000040000000400000004000000040000000400000003000000030000000300000003000000030000000300000002000000020000000200000002000000020000000200000002000000020000000200000002_MAX_H_IN32_MAX_H_OUT32_3399 ) 
                    7 STAGE_GEN[4].u_stage ( wallace_stage_NUM_COLS48_COL_HEIGHTSx000000010000000100000001000000010000000200000002000000020000000200000002000000020000000200000002000000020000000200000002000000020000000200000003000000030000000300000003000000030000000300000003000000030000000300000003000000030000000300000003000000030000000300000002000000020000000200000002000000020000000200000002000000020000000200000002000000020000000200000002000000020000000200000002_MAX_H_IN32_MAX_H_OUT32_3396 ) 
                    7 STAGE_GEN[5].u_stage ( wallace_stage_NUM_COLS48_COL_HEIGHTSx000000010000000100000001000000010000000100000002000000020000000200000002000000020000000200000002000000020000000200000002000000020000000200000002000000020000000200000002000000020000000200000002000000020000000200000002000000020000000200000002000000020000000200000002000000020000000200000002000000020000000200000002000000020000000200000002000000020000000200000002000000020000000200000002_MAX_H_IN32_MAX_H_OUT32_3393 ) 
           4 MAN_ROUNDING_UNIT ( MUL_MAN_rounding_SIZE_MAN24_3043 ) 
           4 MUL_EXP_ADJUST_UNIT ( MUL_EXP_adjust_SIZE_DATA8_SIZE_LOPD8_3014 ) 
              5 CLA_8BIT_UNIT ( MUL_CLA_8bit_3011 ) 
                 6 CLA_4BIT_UNIT_0 ( MUL_CLA_4bit_3007 ) 
                 6 CLA_4BIT_UNIT_1 ( MUL_CLA_4bit_3006 ) 
           4 MUL_EXP_UNIT ( MUL_EXP_unit_SIZE_EXP8_3020 ) 
           4 NOR_UNIT ( MUL_NOR_unit_SIZE_LOPD5_SIZE_DATA24_3046 ) 
              5 SHF_left_unit ( MUL_SHF_left_SIZE_DATA32_SIZE_SHIFT5_3052 ) 
           4 PSC_UNIT ( MUL_PSC_unit_SIZE_EXP8_SIZE_MAN24_3049 ) 
     2 INPUT_DATA_7 ( Complex_Multiplier_SIZE_DATA32_2759 ) 
        3 DATA_A_IM ( FPU_add_sub_NUM_OP1_2991 ) 
           4 EXP_ADJUST ( ADD_SUB_EXP_adjust_SIZE_EXP8_SIZE_LOPD8_1750 ) 
              5 CLA_8BIT_UNIT ( ADD_SUB_CLA_8bit_1119 ) 
                 6 CLA_4BIT_UNIT_0 ( ADD_SUB_CLA_4bit_921 ) 
                 6 CLA_4BIT_UNIT_1 ( ADD_SUB_CLA_4bit_920 ) 
           4 EXP_COM_8BIT ( ADD_SUB_EXP_comp_SIZE_DATA8_1801 ) 
              5 COMP_LESS_UNIT ( ADD_SUB_COMP_8bit_SIZE_DATA8_1699 ) 
                 6 u_high ( ADD_SUB_COMP_4bit_1570 ) 
                 6 u_low ( ADD_SUB_COMP_4bit_1571 ) 
           4 EXP_RND ( ADD_SUB_EXP_rounding_SIZE_DATA8_1852 ) 
           4 EXP_SUB ( ADD_SUB_EXP_sub_SIZE_EXP_SUB8_1903 ) 
              5 CLA_8BIT_UNIT ( ADD_SUB_CLA_8bit_1120 ) 
                 6 CLA_4BIT_UNIT_0 ( ADD_SUB_CLA_4bit_929 ) 
                 6 CLA_4BIT_UNIT_1 ( ADD_SUB_CLA_4bit_928 ) 
           4 EXP_SWAP ( ADD_SUB_EXP_swap_SIZE_DATA8_1954 ) 
           4 LOPD_24BIT ( ADD_SUB_LOPD_24bit_SIZE_DATA24_SIZE_LOPD5_2056 ) 
              5 LOPD_16bit_UNIT_MSB ( ADD_SUB_LOPD_16bit_2005 ) 
                 6 LOPD_8bit_unit_0 ( ADD_SUB_LOPD_8bit_2189 ) 
                 6 LOPD_8bit_unit_1 ( ADD_SUB_LOPD_8bit_2188 ) 
              5 LOPD_8bit_UNIT_LSB ( ADD_SUB_LOPD_8bit_2187 ) 
           4 MAN_ALU ( ADD_SUB_MAN_ALU_NUM_OP1_SIZE_MAN24_2262 ) 
              5 ALU_SUB_UNIT ( ADD_SUB_CLA_24bit_316 ) 
                 6 CLA_BLOCK_GEN[0].CLA_4BIT_UNIT ( ADD_SUB_CLA_4bit_927 ) 
                 6 CLA_BLOCK_GEN[1].CLA_4BIT_UNIT ( ADD_SUB_CLA_4bit_926 ) 
                 6 CLA_BLOCK_GEN[2].CLA_4BIT_UNIT ( ADD_SUB_CLA_4bit_925 ) 
                 6 CLA_BLOCK_GEN[3].CLA_4BIT_UNIT ( ADD_SUB_CLA_4bit_924 ) 
                 6 CLA_BLOCK_GEN[4].CLA_4BIT_UNIT ( ADD_SUB_CLA_4bit_923 ) 
                 6 CLA_BLOCK_GEN[5].CLA_4BIT_UNIT ( ADD_SUB_CLA_4bit_922 ) 
           4 MAN_ALU_PROC_RND ( ADD_SUB_CLS_4bit_1182 ) 
           4 MAN_COMP_24BIT ( ADD_SUB_COMP_24bit_SIZE_DATA24_1233 ) 
              5 u_i_data_0 ( ADD_SUB_COMP_4bit_1569 ) 
              5 u_i_data_1 ( ADD_SUB_COMP_4bit_1568 ) 
              5 u_i_data_2 ( ADD_SUB_COMP_4bit_1567 ) 
              5 u_i_data_3 ( ADD_SUB_COMP_4bit_1566 ) 
              5 u_i_data_4 ( ADD_SUB_COMP_4bit_1565 ) 
              5 u_i_data_5 ( ADD_SUB_COMP_4bit_1564 ) 
           4 MAN_RND ( ADD_SUB_MAN_rounding_SIZE_MAN32_SIZE_MAN_RESULT24_2313 ) 
           4 MAN_SWAP ( ADD_SUB_MAN_swap_SIZE_MAN24_2404 ) 
           4 MAN_SWAP_PRE ( ADD_SUB_MAN_swap_SIZE_MAN24_2405 ) 
           4 NOR_UNIT ( ADD_SUB_NOR_unit_SIZE_LOPD5_SIZE_DATA32_2467 ) 
              5 SHF_left_unit ( ADD_SUB_SHF_left_SIZE_DATA32_SIZE_SHIFT5_2569 ) 
           4 PSC_UNIT ( ADD_SUB_PSC_unit_2518 ) 
           4 SHF_RIGHT_MAN ( ADD_SUB_SHF_right_SIZE_DATA32_SIZE_SHIFT5_2620 ) 
           4 SIGN_UNIT ( ADD_SUB_SIGN_unit_2671 ) 
        3 DATA_A_RE ( FPU_add_sub_NUM_OP1_2992 ) 
           4 EXP_ADJUST ( ADD_SUB_EXP_adjust_SIZE_EXP8_SIZE_LOPD8_1751 ) 
              5 CLA_8BIT_UNIT ( ADD_SUB_CLA_8bit_1121 ) 
                 6 CLA_4BIT_UNIT_0 ( ADD_SUB_CLA_4bit_931 ) 
                 6 CLA_4BIT_UNIT_1 ( ADD_SUB_CLA_4bit_930 ) 
           4 EXP_COM_8BIT ( ADD_SUB_EXP_comp_SIZE_DATA8_1802 ) 
              5 COMP_LESS_UNIT ( ADD_SUB_COMP_8bit_SIZE_DATA8_1700 ) 
                 6 u_high ( ADD_SUB_COMP_4bit_1578 ) 
                 6 u_low ( ADD_SUB_COMP_4bit_1579 ) 
           4 EXP_RND ( ADD_SUB_EXP_rounding_SIZE_DATA8_1853 ) 
           4 EXP_SUB ( ADD_SUB_EXP_sub_SIZE_EXP_SUB8_1904 ) 
              5 CLA_8BIT_UNIT ( ADD_SUB_CLA_8bit_1122 ) 
                 6 CLA_4BIT_UNIT_0 ( ADD_SUB_CLA_4bit_939 ) 
                 6 CLA_4BIT_UNIT_1 ( ADD_SUB_CLA_4bit_938 ) 
           4 EXP_SWAP ( ADD_SUB_EXP_swap_SIZE_DATA8_1955 ) 
           4 LOPD_24BIT ( ADD_SUB_LOPD_24bit_SIZE_DATA24_SIZE_LOPD5_2057 ) 
              5 LOPD_16bit_UNIT_MSB ( ADD_SUB_LOPD_16bit_2006 ) 
                 6 LOPD_8bit_unit_0 ( ADD_SUB_LOPD_8bit_2192 ) 
                 6 LOPD_8bit_unit_1 ( ADD_SUB_LOPD_8bit_2191 ) 
              5 LOPD_8bit_UNIT_LSB ( ADD_SUB_LOPD_8bit_2190 ) 
           4 MAN_ALU ( ADD_SUB_MAN_ALU_NUM_OP1_SIZE_MAN24_2263 ) 
              5 ALU_SUB_UNIT ( ADD_SUB_CLA_24bit_317 ) 
                 6 CLA_BLOCK_GEN[0].CLA_4BIT_UNIT ( ADD_SUB_CLA_4bit_937 ) 
                 6 CLA_BLOCK_GEN[1].CLA_4BIT_UNIT ( ADD_SUB_CLA_4bit_936 ) 
                 6 CLA_BLOCK_GEN[2].CLA_4BIT_UNIT ( ADD_SUB_CLA_4bit_935 ) 
                 6 CLA_BLOCK_GEN[3].CLA_4BIT_UNIT ( ADD_SUB_CLA_4bit_934 ) 
                 6 CLA_BLOCK_GEN[4].CLA_4BIT_UNIT ( ADD_SUB_CLA_4bit_933 ) 
                 6 CLA_BLOCK_GEN[5].CLA_4BIT_UNIT ( ADD_SUB_CLA_4bit_932 ) 
           4 MAN_ALU_PROC_RND ( ADD_SUB_CLS_4bit_1183 ) 
           4 MAN_COMP_24BIT ( ADD_SUB_COMP_24bit_SIZE_DATA24_1234 ) 
              5 u_i_data_0 ( ADD_SUB_COMP_4bit_1577 ) 
              5 u_i_data_1 ( ADD_SUB_COMP_4bit_1576 ) 
              5 u_i_data_2 ( ADD_SUB_COMP_4bit_1575 ) 
              5 u_i_data_3 ( ADD_SUB_COMP_4bit_1574 ) 
              5 u_i_data_4 ( ADD_SUB_COMP_4bit_1573 ) 
              5 u_i_data_5 ( ADD_SUB_COMP_4bit_1572 ) 
           4 MAN_RND ( ADD_SUB_MAN_rounding_SIZE_MAN32_SIZE_MAN_RESULT24_2314 ) 
           4 MAN_SWAP ( ADD_SUB_MAN_swap_SIZE_MAN24_2406 ) 
           4 MAN_SWAP_PRE ( ADD_SUB_MAN_swap_SIZE_MAN24_2407 ) 
           4 NOR_UNIT ( ADD_SUB_NOR_unit_SIZE_LOPD5_SIZE_DATA32_2468 ) 
              5 SHF_left_unit ( ADD_SUB_SHF_left_SIZE_DATA32_SIZE_SHIFT5_2570 ) 
           4 PSC_UNIT ( ADD_SUB_PSC_unit_2519 ) 
           4 SHF_RIGHT_MAN ( ADD_SUB_SHF_right_SIZE_DATA32_SIZE_SHIFT5_2621 ) 
           4 SIGN_UNIT ( ADD_SUB_SIGN_unit_2672 ) 
        3 mul1_add ( fpu_mul_SIZE_DATA32_3123 ) 
           4 EXP_ROUNDING_UNIT ( MUL_EXP_rounding_SIZE_DATA8_3016 ) 
           4 LOPD_UNIT ( MUL_LOPD_24bit_SIZE_DATA24_SIZE_LOPD5_3025 ) 
              5 LOPD_16bit_UNIT_MSB ( MUL_LOPD_16bit_3022 ) 
                 6 LOPD_8bit_unit_0 ( MUL_LOPD_8bit_3032 ) 
                 6 LOPD_8bit_unit_1 ( MUL_LOPD_8bit_3031 ) 
              5 LOPD_8bit_UNIT_LSB ( MUL_LOPD_8bit_3030 ) 
           4 MAN_MUL_UNIT ( MUL_MAN_mul_SIZE_DATA24_3039 ) 
              5 MUL_UNIT_MAN_UNIT ( Multiplier_3057 ) 
                 6 u_booth ( Modified_booth_N24_NUM_PP13_3054 ) 
                 6 u_cla ( CLA_adder_top_WIDTH48_FANIN4_2695 ) 
                    7 cla_tree ( cla_logic_tree_level_WIDTH48_FANIN4_3069 ) 
                       8 COMPUTE_DETAILED_CARRY[10].cla_unit ( CLA_logic_WIDTH4_2716 ) 
                       8 COMPUTE_DETAILED_CARRY[11].cla_unit ( CLA_logic_WIDTH4_2715 ) 
                       8 COMPUTE_DETAILED_CARRY[2].cla_unit ( CLA_logic_WIDTH4_2724 ) 
                       8 COMPUTE_DETAILED_CARRY[3].cla_unit ( CLA_logic_WIDTH4_2723 ) 
                       8 COMPUTE_DETAILED_CARRY[4].cla_unit ( CLA_logic_WIDTH4_2722 ) 
                       8 COMPUTE_DETAILED_CARRY[5].cla_unit ( CLA_logic_WIDTH4_2721 ) 
                       8 COMPUTE_DETAILED_CARRY[6].cla_unit ( CLA_logic_WIDTH4_2720 ) 
                       8 COMPUTE_DETAILED_CARRY[7].cla_unit ( CLA_logic_WIDTH4_2719 ) 
                       8 COMPUTE_DETAILED_CARRY[8].cla_unit ( CLA_logic_WIDTH4_2718 ) 
                       8 COMPUTE_DETAILED_CARRY[9].cla_unit ( CLA_logic_WIDTH4_2717 ) 
                       8 MULTI_GROUP.next_level ( cla_logic_tree_level_WIDTH12_FANIN4_3063 ) 
                          9 COMPUTE_DETAILED_CARRY[0].cla_unit ( CLA_logic_WIDTH4_2729 ) 
                          9 COMPUTE_DETAILED_CARRY[1].cla_unit ( CLA_logic_WIDTH4_2728 ) 
                          9 COMPUTE_DETAILED_CARRY[2].cla_unit ( CLA_logic_WIDTH4_2727 ) 
                          9 MULTI_GROUP.next_level ( cla_logic_tree_level_WIDTH3_FANIN4_3066 ) 
                            10 COMPUTE_DETAILED_CARRY[0].cla_unit ( CLA_logic_WIDTH3_2698 ) 
                 6 u_merge ( wallace_final_merge_WIDTH48_3389 ) 
                    7 csa_row[10].u_fa ( FA_1bit_2845 ) 
                    7 csa_row[11].u_fa ( FA_1bit_2844 ) 
                    7 csa_row[12].u_fa ( FA_1bit_2843 ) 
                    7 csa_row[13].u_fa ( FA_1bit_2842 ) 
                    7 csa_row[14].u_fa ( FA_1bit_2841 ) 
                    7 csa_row[15].u_fa ( FA_1bit_2840 ) 
                    7 csa_row[16].u_fa ( FA_1bit_2839 ) 
                    7 csa_row[17].u_fa ( FA_1bit_2838 ) 
                    7 csa_row[18].u_fa ( FA_1bit_2837 ) 
                    7 csa_row[19].u_fa ( FA_1bit_2836 ) 
                    7 csa_row[20].u_fa ( FA_1bit_2835 ) 
                    7 csa_row[21].u_fa ( FA_1bit_2834 ) 
                    7 csa_row[22].u_fa ( FA_1bit_2833 ) 
                    7 csa_row[23].u_fa ( FA_1bit_2832 ) 
                    7 csa_row[24].u_fa ( FA_1bit_2831 ) 
                    7 csa_row[25].u_fa ( FA_1bit_2830 ) 
                    7 csa_row[26].u_fa ( FA_1bit_2829 ) 
                    7 csa_row[27].u_fa ( FA_1bit_2828 ) 
                    7 csa_row[28].u_fa ( FA_1bit_2827 ) 
                    7 csa_row[29].u_fa ( FA_1bit_2826 ) 
                    7 csa_row[30].u_fa ( FA_1bit_2825 ) 
                    7 csa_row[31].u_fa ( FA_1bit_2824 ) 
                    7 csa_row[32].u_fa ( FA_1bit_2823 ) 
                    7 csa_row[33].u_fa ( FA_1bit_2822 ) 
                    7 csa_row[34].u_fa ( FA_1bit_2821 ) 
                    7 csa_row[35].u_fa ( FA_1bit_2820 ) 
                    7 csa_row[36].u_fa ( FA_1bit_2819 ) 
                    7 csa_row[37].u_fa ( FA_1bit_2818 ) 
                    7 csa_row[38].u_fa ( FA_1bit_2817 ) 
                    7 csa_row[39].u_fa ( FA_1bit_2816 ) 
                    7 csa_row[40].u_fa ( FA_1bit_2815 ) 
                    7 csa_row[41].u_fa ( FA_1bit_2814 ) 
                    7 csa_row[42].u_fa ( FA_1bit_2813 ) 
                    7 csa_row[43].u_fa ( FA_1bit_2812 ) 
                    7 csa_row[44].u_fa ( FA_1bit_2811 ) 
                    7 csa_row[45].u_fa ( FA_1bit_2810 ) 
                    7 csa_row[46].u_fa ( FA_1bit_2809 ) 
                    7 csa_row[47].u_fa ( FA_1bit_2808 ) 
                    7 csa_row[6].u_fa ( FA_1bit_2849 ) 
                    7 csa_row[7].u_fa ( FA_1bit_2848 ) 
                    7 csa_row[8].u_fa ( FA_1bit_2847 ) 
                    7 csa_row[9].u_fa ( FA_1bit_2846 ) 
                 6 u_wallace ( wallace_tree_N24_NUM_PP13_NUM_CZ12_3410 ) 
                    7 STAGE_GEN[0].u_stage ( wallace_stage_NUM_COLS48_COL_HEIGHTSx000000020000000200000003000000030000000400000004000000050000000500000006000000060000000700000007000000080000000800000009000000090000000a0000000a0000000b0000000b0000000c0000000c0000000d0000000d0000000d0000000c0000000c0000000b0000000b0000000a0000000a0000000900000009000000080000000800000007000000070000000600000006000000050000000500000004000000040000000300000003000000020000000200000001_MAX_H_IN32_MAX_H_OUT32_3407 ) 
                    7 STAGE_GEN[1].u_stage ( wallace_stage_NUM_COLS48_COL_HEIGHTSx000000010000000200000002000000020000000300000003000000030000000400000004000000040000000500000005000000050000000600000006000000060000000700000007000000070000000800000008000000080000000900000009000000090000000800000008000000080000000800000008000000070000000600000006000000060000000600000006000000050000000400000004000000040000000400000004000000030000000200000002000000020000000200000002_MAX_H_IN32_MAX_H_OUT32_3404 ) 
                    7 STAGE_GEN[2].u_stage ( wallace_stage_NUM_COLS48_COL_HEIGHTSx000000010000000100000002000000020000000200000002000000020000000300000003000000030000000300000004000000040000000400000004000000040000000500000005000000050000000500000006000000060000000600000006000000060000000600000006000000060000000600000006000000060000000400000004000000040000000400000004000000040000000400000003000000030000000300000003000000020000000200000002000000020000000200000002_MAX_H_IN32_MAX_H_OUT32_3401 ) 
                    7 STAGE_GEN[3].u_stage ( wallace_stage_NUM_COLS48_COL_HEIGHTSx000000010000000100000001000000020000000200000002000000020000000200000002000000020000000200000003000000030000000300000003000000030000000300000004000000040000000400000004000000040000000400000004000000040000000400000004000000040000000400000004000000040000000400000003000000030000000300000003000000030000000300000002000000020000000200000002000000020000000200000002000000020000000200000002_MAX_H_IN32_MAX_H_OUT32_3398 ) 
                    7 STAGE_GEN[4].u_stage ( wallace_stage_NUM_COLS48_COL_HEIGHTSx000000010000000100000001000000010000000200000002000000020000000200000002000000020000000200000002000000020000000200000002000000020000000200000003000000030000000300000003000000030000000300000003000000030000000300000003000000030000000300000003000000030000000300000002000000020000000200000002000000020000000200000002000000020000000200000002000000020000000200000002000000020000000200000002_MAX_H_IN32_MAX_H_OUT32_3395 ) 
                    7 STAGE_GEN[5].u_stage ( wallace_stage_NUM_COLS48_COL_HEIGHTSx000000010000000100000001000000010000000100000002000000020000000200000002000000020000000200000002000000020000000200000002000000020000000200000002000000020000000200000002000000020000000200000002000000020000000200000002000000020000000200000002000000020000000200000002000000020000000200000002000000020000000200000002000000020000000200000002000000020000000200000002000000020000000200000002_MAX_H_IN32_MAX_H_OUT32_3392 ) 
           4 MAN_ROUNDING_UNIT ( MUL_MAN_rounding_SIZE_MAN24_3042 ) 
           4 MUL_EXP_ADJUST_UNIT ( MUL_EXP_adjust_SIZE_DATA8_SIZE_LOPD8_3013 ) 
              5 CLA_8BIT_UNIT ( MUL_CLA_8bit_3010 ) 
                 6 CLA_4BIT_UNIT_0 ( MUL_CLA_4bit_3005 ) 
                 6 CLA_4BIT_UNIT_1 ( MUL_CLA_4bit_3004 ) 
           4 MUL_EXP_UNIT ( MUL_EXP_unit_SIZE_EXP8_3019 ) 
           4 NOR_UNIT ( MUL_NOR_unit_SIZE_LOPD5_SIZE_DATA24_3045 ) 
              5 SHF_left_unit ( MUL_SHF_left_SIZE_DATA32_SIZE_SHIFT5_3051 ) 
           4 PSC_UNIT ( MUL_PSC_unit_SIZE_EXP8_SIZE_MAN24_3048 ) 
        3 mul1_sub ( fpu_mul_SIZE_DATA32_3122 ) 
           4 EXP_ROUNDING_UNIT ( MUL_EXP_rounding_SIZE_DATA8_3015 ) 
           4 LOPD_UNIT ( MUL_LOPD_24bit_SIZE_DATA24_SIZE_LOPD5_3024 ) 
              5 LOPD_16bit_UNIT_MSB ( MUL_LOPD_16bit_3021 ) 
                 6 LOPD_8bit_unit_0 ( MUL_LOPD_8bit_3029 ) 
                 6 LOPD_8bit_unit_1 ( MUL_LOPD_8bit_3028 ) 
              5 LOPD_8bit_UNIT_LSB ( MUL_LOPD_8bit_3027 ) 
           4 MAN_MUL_UNIT ( MUL_MAN_mul_SIZE_DATA24_3038 ) 
              5 MUL_UNIT_MAN_UNIT ( Multiplier_3056 ) 
                 6 u_booth ( Modified_booth_N24_NUM_PP13_3053 ) 
                 6 u_cla ( CLA_adder_top_WIDTH48_FANIN4_2694 ) 
                    7 cla_tree ( cla_logic_tree_level_WIDTH48_FANIN4_3068 ) 
                       8 COMPUTE_DETAILED_CARRY[10].cla_unit ( CLA_logic_WIDTH4_2701 ) 
                       8 COMPUTE_DETAILED_CARRY[11].cla_unit ( CLA_logic_WIDTH4_2700 ) 
                       8 COMPUTE_DETAILED_CARRY[2].cla_unit ( CLA_logic_WIDTH4_2709 ) 
                       8 COMPUTE_DETAILED_CARRY[3].cla_unit ( CLA_logic_WIDTH4_2708 ) 
                       8 COMPUTE_DETAILED_CARRY[4].cla_unit ( CLA_logic_WIDTH4_2707 ) 
                       8 COMPUTE_DETAILED_CARRY[5].cla_unit ( CLA_logic_WIDTH4_2706 ) 
                       8 COMPUTE_DETAILED_CARRY[6].cla_unit ( CLA_logic_WIDTH4_2705 ) 
                       8 COMPUTE_DETAILED_CARRY[7].cla_unit ( CLA_logic_WIDTH4_2704 ) 
                       8 COMPUTE_DETAILED_CARRY[8].cla_unit ( CLA_logic_WIDTH4_2703 ) 
                       8 COMPUTE_DETAILED_CARRY[9].cla_unit ( CLA_logic_WIDTH4_2702 ) 
                       8 MULTI_GROUP.next_level ( cla_logic_tree_level_WIDTH12_FANIN4_3062 ) 
                          9 COMPUTE_DETAILED_CARRY[0].cla_unit ( CLA_logic_WIDTH4_2714 ) 
                          9 COMPUTE_DETAILED_CARRY[1].cla_unit ( CLA_logic_WIDTH4_2713 ) 
                          9 COMPUTE_DETAILED_CARRY[2].cla_unit ( CLA_logic_WIDTH4_2712 ) 
                          9 MULTI_GROUP.next_level ( cla_logic_tree_level_WIDTH3_FANIN4_3065 ) 
                            10 COMPUTE_DETAILED_CARRY[0].cla_unit ( CLA_logic_WIDTH3_2697 ) 
                 6 u_merge ( wallace_final_merge_WIDTH48_3388 ) 
                    7 csa_row[10].u_fa ( FA_1bit_2797 ) 
                    7 csa_row[11].u_fa ( FA_1bit_2796 ) 
                    7 csa_row[12].u_fa ( FA_1bit_2795 ) 
                    7 csa_row[13].u_fa ( FA_1bit_2794 ) 
                    7 csa_row[14].u_fa ( FA_1bit_2793 ) 
                    7 csa_row[15].u_fa ( FA_1bit_2792 ) 
                    7 csa_row[16].u_fa ( FA_1bit_2791 ) 
                    7 csa_row[17].u_fa ( FA_1bit_2790 ) 
                    7 csa_row[18].u_fa ( FA_1bit_2789 ) 
                    7 csa_row[19].u_fa ( FA_1bit_2788 ) 
                    7 csa_row[20].u_fa ( FA_1bit_2787 ) 
                    7 csa_row[21].u_fa ( FA_1bit_2786 ) 
                    7 csa_row[22].u_fa ( FA_1bit_2785 ) 
                    7 csa_row[23].u_fa ( FA_1bit_2784 ) 
                    7 csa_row[24].u_fa ( FA_1bit_2783 ) 
                    7 csa_row[25].u_fa ( FA_1bit_2782 ) 
                    7 csa_row[26].u_fa ( FA_1bit_2781 ) 
                    7 csa_row[27].u_fa ( FA_1bit_2780 ) 
                    7 csa_row[28].u_fa ( FA_1bit_2779 ) 
                    7 csa_row[29].u_fa ( FA_1bit_2778 ) 
                    7 csa_row[30].u_fa ( FA_1bit_2777 ) 
                    7 csa_row[31].u_fa ( FA_1bit_2776 ) 
                    7 csa_row[32].u_fa ( FA_1bit_2775 ) 
                    7 csa_row[33].u_fa ( FA_1bit_2774 ) 
                    7 csa_row[34].u_fa ( FA_1bit_2773 ) 
                    7 csa_row[35].u_fa ( FA_1bit_2772 ) 
                    7 csa_row[36].u_fa ( FA_1bit_2771 ) 
                    7 csa_row[37].u_fa ( FA_1bit_2770 ) 
                    7 csa_row[38].u_fa ( FA_1bit_2769 ) 
                    7 csa_row[39].u_fa ( FA_1bit_2768 ) 
                    7 csa_row[40].u_fa ( FA_1bit_2767 ) 
                    7 csa_row[41].u_fa ( FA_1bit_2766 ) 
                    7 csa_row[42].u_fa ( FA_1bit_2765 ) 
                    7 csa_row[43].u_fa ( FA_1bit_2764 ) 
                    7 csa_row[44].u_fa ( FA_1bit_2763 ) 
                    7 csa_row[45].u_fa ( FA_1bit_2762 ) 
                    7 csa_row[46].u_fa ( FA_1bit_2761 ) 
                    7 csa_row[47].u_fa ( FA_1bit_2760 ) 
                    7 csa_row[6].u_fa ( FA_1bit_2801 ) 
                    7 csa_row[7].u_fa ( FA_1bit_2800 ) 
                    7 csa_row[8].u_fa ( FA_1bit_2799 ) 
                    7 csa_row[9].u_fa ( FA_1bit_2798 ) 
                 6 u_wallace ( wallace_tree_N24_NUM_PP13_NUM_CZ12_3409 ) 
                    7 STAGE_GEN[0].u_stage ( wallace_stage_NUM_COLS48_COL_HEIGHTSx000000020000000200000003000000030000000400000004000000050000000500000006000000060000000700000007000000080000000800000009000000090000000a0000000a0000000b0000000b0000000c0000000c0000000d0000000d0000000d0000000c0000000c0000000b0000000b0000000a0000000a0000000900000009000000080000000800000007000000070000000600000006000000050000000500000004000000040000000300000003000000020000000200000001_MAX_H_IN32_MAX_H_OUT32_3406 ) 
                    7 STAGE_GEN[1].u_stage ( wallace_stage_NUM_COLS48_COL_HEIGHTSx000000010000000200000002000000020000000300000003000000030000000400000004000000040000000500000005000000050000000600000006000000060000000700000007000000070000000800000008000000080000000900000009000000090000000800000008000000080000000800000008000000070000000600000006000000060000000600000006000000050000000400000004000000040000000400000004000000030000000200000002000000020000000200000002_MAX_H_IN32_MAX_H_OUT32_3403 ) 
                    7 STAGE_GEN[2].u_stage ( wallace_stage_NUM_COLS48_COL_HEIGHTSx000000010000000100000002000000020000000200000002000000020000000300000003000000030000000300000004000000040000000400000004000000040000000500000005000000050000000500000006000000060000000600000006000000060000000600000006000000060000000600000006000000060000000400000004000000040000000400000004000000040000000400000003000000030000000300000003000000020000000200000002000000020000000200000002_MAX_H_IN32_MAX_H_OUT32_3400 ) 
                    7 STAGE_GEN[3].u_stage ( wallace_stage_NUM_COLS48_COL_HEIGHTSx000000010000000100000001000000020000000200000002000000020000000200000002000000020000000200000003000000030000000300000003000000030000000300000004000000040000000400000004000000040000000400000004000000040000000400000004000000040000000400000004000000040000000400000003000000030000000300000003000000030000000300000002000000020000000200000002000000020000000200000002000000020000000200000002_MAX_H_IN32_MAX_H_OUT32_3397 ) 
                    7 STAGE_GEN[4].u_stage ( wallace_stage_NUM_COLS48_COL_HEIGHTSx000000010000000100000001000000010000000200000002000000020000000200000002000000020000000200000002000000020000000200000002000000020000000200000003000000030000000300000003000000030000000300000003000000030000000300000003000000030000000300000003000000030000000300000002000000020000000200000002000000020000000200000002000000020000000200000002000000020000000200000002000000020000000200000002_MAX_H_IN32_MAX_H_OUT32_3394 ) 
                    7 STAGE_GEN[5].u_stage ( wallace_stage_NUM_COLS48_COL_HEIGHTSx000000010000000100000001000000010000000100000002000000020000000200000002000000020000000200000002000000020000000200000002000000020000000200000002000000020000000200000002000000020000000200000002000000020000000200000002000000020000000200000002000000020000000200000002000000020000000200000002000000020000000200000002000000020000000200000002000000020000000200000002000000020000000200000002_MAX_H_IN32_MAX_H_OUT32_3391 ) 
           4 MAN_ROUNDING_UNIT ( MUL_MAN_rounding_SIZE_MAN24_3041 ) 
           4 MUL_EXP_ADJUST_UNIT ( MUL_EXP_adjust_SIZE_DATA8_SIZE_LOPD8_3012 ) 
              5 CLA_8BIT_UNIT ( MUL_CLA_8bit_3009 ) 
                 6 CLA_4BIT_UNIT_0 ( MUL_CLA_4bit_3003 ) 
                 6 CLA_4BIT_UNIT_1 ( MUL_CLA_4bit_3002 ) 
           4 MUL_EXP_UNIT ( MUL_EXP_unit_SIZE_EXP8_3018 ) 
           4 NOR_UNIT ( MUL_NOR_unit_SIZE_LOPD5_SIZE_DATA24_3044 ) 
              5 SHF_left_unit ( MUL_SHF_left_SIZE_DATA32_SIZE_SHIFT5_3050 ) 
           4 PSC_UNIT ( MUL_PSC_unit_SIZE_EXP8_SIZE_MAN24_3047 ) 
  1 DETECT_START_STAGE1 ( Detect_edge_POS_EDGE1 ) 
