============================================================
  Generated by:           Genus(TM) Synthesis Solution GENUS15.20 - 15.20-p004_1
  Generated on:           Jan 04 2026  08:07:08 am
  Module:                 FFT_8Points
  Wireload mode:          enclosed
  Area mode:              timing library
============================================================

                                                     Leakage    Dynamic     Total   
                   Instance                   Cells Power(nW)  Power(nW)  Power(nW) 
------------------------------------------------------------------------------------
FFT_8Points                                   66473 75694.692 282608.305 358302.997 
  BFU8_07                                     28466 35389.992  74675.399 110065.391 
    INPUT_DATA_5                               5269  9497.172  17755.798  27252.970 
      mul1_sub                                 1513  3723.231   6327.161  10050.392 
        MAN_MUL_UNIT                           1117  3385.344   5884.810   9270.154 
          MUL_UNIT_MAN_UNIT                    1109  3376.931   5883.707   9260.638 
            u_booth                             371  1981.770   5705.358   7687.128 
            u_wallace                           394   981.207      0.000    981.207 
              STAGE_GEN[0].u_stage              116   297.739      0.000    297.739 
              STAGE_GEN[1].u_stage               85   215.102      0.000    215.102 
              STAGE_GEN[2].u_stage               61   154.051      0.000    154.051 
              STAGE_GEN[3].u_stage               45   111.289      0.000    111.289 
              STAGE_GEN[4].u_stage               44   105.097      0.000    105.097 
              STAGE_GEN[5].u_stage               43    97.929      0.000     97.929 
            u_cla                               282   324.221    148.099    472.320 
              cla_tree                          201   143.476     47.108    190.584 
                MULTI_GROUP.next_level           32    21.458      7.720     29.178 
                  COMPUTE_DE..Y[1].cla_unit      11     7.731      1.418      9.149 
                  COMPUTE_DE..Y[2].cla_unit       8     5.406      3.624      9.030 
                  COMPUTE_DE..Y[0].cla_unit       2     1.896      0.000      1.896 
                  MULTI_GROUP.next_level          1     0.882      1.418      2.300 
                    COMPUTE_DE..Y[0].cla_unit     1     0.882      1.418      2.300 
                COMPUTE_DE..Y[6].cla_unit        11    10.505      0.000     10.505 
                COMPUTE_DE..Y[9].cla_unit        11     9.383      4.254     13.637 
                COMPUTE_DE..Y[8].cla_unit        11     9.347      4.569     13.916 
                COMPUTE_DE..Y[7].cla_unit        11     9.254      0.945     10.199 
                COMPUTE_DE..[10].cla_unit        11     8.779      3.781     12.560 
                COMPUTE_DE..Y[3].cla_unit        11     8.231      0.000      8.231 
                COMPUTE_DE..Y[2].cla_unit        11     7.757      0.000      7.757 
                COMPUTE_DE..Y[4].cla_unit        11     7.479      0.000      7.479 
                COMPUTE_DE..Y[5].cla_unit        11     7.104      0.000      7.104 
                COMPUTE_DE..[11].cla_unit         7     6.093      3.309      9.402 
            u_merge                              62    89.733     30.250    119.983 
              csa_row[10].u_fa                    1     2.286      0.000      2.286 
              csa_row[11].u_fa                    1     2.286      1.260      3.547 
              csa_row[12].u_fa                    1     2.286      0.000      2.286 
              csa_row[13].u_fa                    1     2.286      0.000      2.286 
              csa_row[14].u_fa                    1     2.286      1.260      3.547 
              csa_row[15].u_fa                    1     2.286      1.260      3.547 
              csa_row[16].u_fa                    1     2.286      0.000      2.286 
              csa_row[17].u_fa                    1     2.286      0.000      2.286 
              csa_row[18].u_fa                    1     2.286      0.000      2.286 
              csa_row[19].u_fa                    1     2.286      1.260      3.547 
              csa_row[20].u_fa                    1     2.286      0.000      2.286 
              csa_row[21].u_fa                    1     2.286      0.000      2.286 
              csa_row[22].u_fa                    1     2.286      0.000      2.286 
              csa_row[23].u_fa                    1     2.286      0.000      2.286 
              csa_row[24].u_fa                    1     2.286      1.260      3.547 
              csa_row[29].u_fa                    1     2.286      1.260      3.547 
              csa_row[45].u_fa                    1     2.286      1.260      3.547 
              csa_row[6].u_fa                     1     2.286      0.000      2.286 
              csa_row[7].u_fa                     1     2.286      1.260      3.547 
              csa_row[8].u_fa                     1     2.286      0.000      2.286 
              csa_row[9].u_fa                     1     2.286      1.260      3.547 
              csa_row[25].u_fa                    2     2.009      0.000      2.009 
              csa_row[26].u_fa                    2     2.009      0.000      2.009 
              csa_row[27].u_fa                    2     2.009      0.000      2.009 
              csa_row[31].u_fa                    2     2.009      0.000      2.009 
              csa_row[32].u_fa                    2     2.009      0.000      2.009 
              csa_row[34].u_fa                    2     2.009      0.000      2.009 
              csa_row[35].u_fa                    2     2.009      0.000      2.009 
              csa_row[37].u_fa                    2     2.009      0.000      2.009 
              csa_row[38].u_fa                    2     2.009      0.000      2.009 
              csa_row[40].u_fa                    2     2.009      0.000      2.009 
              csa_row[42].u_fa                    2     2.009      0.000      2.009 
              csa_row[43].u_fa                    2     2.009      0.000      2.009 
              csa_row[44].u_fa                    2     2.009      0.000      2.009 
              csa_row[46].u_fa                    2     2.009      0.000      2.009 
              csa_row[30].u_fa                    2     1.948      3.151      5.099 
              csa_row[33].u_fa                    2     1.948      3.151      5.099 
              csa_row[36].u_fa                    2     1.948      3.151      5.099 
              csa_row[41].u_fa                    2     1.948      3.151      5.099 
              csa_row[28].u_fa                    2     1.948      3.151      5.099 
              csa_row[39].u_fa                    2     1.948      3.151      5.099 
              csa_row[47].u_fa                    1     1.911      0.000      1.911 
        NOR_UNIT                                178   126.057    121.315    247.372 
          SHF_left_unit                         124    87.199     73.419    160.618 
        MAN_ROUNDING_UNIT                        24    59.702      6.145     65.846 
        MUL_EXP_ADJUST_UNIT                      45    50.885     74.244    125.129 
          CLA_8BIT_UNIT                          30    38.376     42.999     81.375 
            CLA_4BIT_UNIT_0                      18    20.994     18.333     39.327 
            CLA_4BIT_UNIT_1                      11    16.434     24.666     41.100 
        LOPD_UNIT                                58    36.110     25.051     61.161 
          LOPD_16bit_UNIT_MSB                    34    23.697      9.926     33.623 
            LOPD_8bit_unit_1                     14    11.267      5.672     16.939 
            LOPD_8bit_unit_0                     14     8.169      3.309     11.478 
          LOPD_8bit_UNIT_LSB                     14     7.160      1.891      9.050 
        EXP_ROUNDING_UNIT                        15    17.489     17.950     35.439 
        MUL_EXP_UNIT                             21    13.246     24.542     37.787 
        PSC_UNIT                                 12     4.451      8.267     12.718 
      mul1_add                                 1513  3713.164   6238.828   9951.992 
        MAN_MUL_UNIT                           1117  3371.500   5894.878   9266.378 
          MUL_UNIT_MAN_UNIT                    1109  3363.382   5892.672   9256.054 
            u_booth                             371  1972.090   5703.610   7675.700 
            u_wallace                           394   981.207      0.000    981.207 
              STAGE_GEN[0].u_stage              116   297.739      0.000    297.739 
              STAGE_GEN[1].u_stage               85   215.102      0.000    215.102 
              STAGE_GEN[2].u_stage               61   154.051      0.000    154.051 
              STAGE_GEN[3].u_stage               45   111.289      0.000    111.289 
              STAGE_GEN[4].u_stage               44   105.097      0.000    105.097 
              STAGE_GEN[5].u_stage               43    97.929      0.000     97.929 
            u_cla                               282   320.597    146.208    466.805 
              cla_tree                          201   139.216     34.977    174.193 
                MULTI_GROUP.next_level           32    21.144      3.309     24.453 
                  COMPUTE_DE..Y[1].cla_unit      11     7.891      1.418      9.309 
                  COMPUTE_DE..Y[2].cla_unit       8     5.063      0.945      6.009 
                  COMPUTE_DE..Y[0].cla_unit       2     1.896      0.000      1.896 
                  MULTI_GROUP.next_level          1     0.948      0.000      0.948 
                    COMPUTE_DE..Y[0].cla_unit     1     0.948      0.000      0.948 
                COMPUTE_DE..Y[7].cla_unit        11     9.684      2.206     11.890 
                COMPUTE_DE..[10].cla_unit        11     9.135      6.932     16.067 
                COMPUTE_DE..Y[6].cla_unit        11     9.128      2.363     11.491 
                COMPUTE_DE..Y[9].cla_unit        11     8.704      4.096     12.801 
                COMPUTE_DE..Y[2].cla_unit        11     8.442      0.000      8.442 
                COMPUTE_DE..Y[5].cla_unit        11     8.439      0.000      8.439 
                COMPUTE_DE..Y[4].cla_unit        11     7.759      0.000      7.759 
                COMPUTE_DE..Y[8].cla_unit        11     7.621      3.151     10.772 
                COMPUTE_DE..Y[3].cla_unit        11     7.104      0.000      7.104 
                COMPUTE_DE..[11].cla_unit         7     5.974      0.473      6.447 
            u_merge                              62    89.487     42.854    132.342 
              csa_row[10].u_fa                    1     2.286      1.260      3.547 
              csa_row[11].u_fa                    1     2.286      0.000      2.286 
              csa_row[12].u_fa                    1     2.286      0.000      2.286 
              csa_row[13].u_fa                    1     2.286      0.000      2.286 
              csa_row[14].u_fa                    1     2.286      0.000      2.286 
              csa_row[15].u_fa                    1     2.286      0.000      2.286 
              csa_row[16].u_fa                    1     2.286      0.000      2.286 
              csa_row[17].u_fa                    1     2.286      1.260      3.547 
              csa_row[18].u_fa                    1     2.286      0.000      2.286 
              csa_row[19].u_fa                    1     2.286      1.260      3.547 
              csa_row[20].u_fa                    1     2.286      1.260      3.547 
              csa_row[21].u_fa                    1     2.286      0.000      2.286 
              csa_row[22].u_fa                    1     2.286      1.260      3.547 
              csa_row[23].u_fa                    1     2.286      0.000      2.286 
              csa_row[24].u_fa                    1     2.286      1.260      3.547 
              csa_row[29].u_fa                    1     2.286      1.260      3.547 
              csa_row[45].u_fa                    1     2.286      0.000      2.286 
              csa_row[6].u_fa                     1     2.286      0.000      2.286 
              csa_row[7].u_fa                     1     2.286      1.260      3.547 
              csa_row[8].u_fa                     1     2.286      1.260      3.547 
              csa_row[9].u_fa                     1     2.286      0.000      2.286 
              csa_row[26].u_fa                    2     2.009      0.000      2.009 
              csa_row[27].u_fa                    2     2.009      0.000      2.009 
              csa_row[28].u_fa                    2     2.009      0.000      2.009 
              csa_row[32].u_fa                    2     2.009      0.000      2.009 
              csa_row[35].u_fa                    2     2.009      0.000      2.009 
              csa_row[38].u_fa                    2     2.009      0.000      2.009 
              csa_row[39].u_fa                    2     2.009      0.000      2.009 
              csa_row[41].u_fa                    2     2.009      0.000      2.009 
              csa_row[44].u_fa                    2     2.009      0.000      2.009 
              csa_row[46].u_fa                    2     2.009      0.000      2.009 
              csa_row[30].u_fa                    2     1.948      3.151      5.099 
              csa_row[31].u_fa                    2     1.948      3.151      5.099 
              csa_row[33].u_fa                    2     1.948      3.151      5.099 
              csa_row[36].u_fa                    2     1.948      3.151      5.099 
              csa_row[42].u_fa                    2     1.948      3.151      5.099 
              csa_row[43].u_fa                    2     1.948      3.151      5.099 
              csa_row[25].u_fa                    2     1.948      3.151      5.099 
              csa_row[34].u_fa                    2     1.948      3.151      5.099 
              csa_row[37].u_fa                    2     1.948      3.151      5.099 
              csa_row[40].u_fa                    2     1.948      3.151      5.099 
              csa_row[47].u_fa                    1     1.911      0.000      1.911 
        NOR_UNIT                                178   130.302     62.863    193.165 
          SHF_left_unit                         124    90.394     40.176    130.569 
        MAN_ROUNDING_UNIT                        24    58.990      6.145     65.134 
        MUL_EXP_ADJUST_UNIT                      45    50.064     58.898    108.962 
          CLA_8BIT_UNIT                          30    37.860     35.018     72.878 
            CLA_4BIT_UNIT_0                      18    20.478     10.353     30.831 
            CLA_4BIT_UNIT_1                      11    16.434     24.666     41.100 
        LOPD_UNIT                                58    37.175     14.652     51.827 
          LOPD_16bit_UNIT_MSB                    34    23.057      9.926     32.982 
            LOPD_8bit_unit_0                     14     9.656      5.199     14.855 
            LOPD_8bit_unit_1                     14     9.036      4.727     13.762 
          LOPD_8bit_UNIT_LSB                     14     8.497      4.727     13.223 
        EXP_ROUNDING_UNIT                        15    17.144     14.935     32.079 
        MUL_EXP_UNIT                             21    13.246     24.542     37.787 
        PSC_UNIT                                 12     5.023     11.153     16.176 
      DATA_A_IM                                1122  1031.519   2622.220   3653.739 
        MAN_ALU                                 219   236.770    347.371    584.141 
          ALU_SUB_UNIT                          124   122.784    211.873    334.657 
            CLA_BLOCK_..CLA_4BIT_UNIT            20    24.809     33.111     57.920 
            CLA_BLOCK_..CLA_4BIT_UNIT            15    18.867     49.480     68.347 
            CLA_BLOCK_..CLA_4BIT_UNIT            18    17.969     39.468     57.437 
            CLA_BLOCK_..CLA_4BIT_UNIT            18    16.990     36.444     53.434 
            CLA_BLOCK_..CLA_4BIT_UNIT            18    16.666     16.979     33.646 
            CLA_BLOCK_..CLA_4BIT_UNIT            18    16.351     23.005     39.356 
        NOR_UNIT                                205   140.501    331.507    472.008 
          SHF_left_unit                         142    94.210    242.829    337.039 
        MAN_COMP_24BIT                           78    78.210    105.203    183.413 
          u_i_data_2                             13    14.934     26.369     41.303 
          u_i_data_4                             13    14.305     31.594     45.899 
          u_i_data_3                             13    13.749     22.499     36.248 
          u_i_data_1                             13    13.572     13.252     26.824 
          u_i_data_5                             10    10.457      5.766     16.223 
          u_i_data_0                             10     6.451      5.674     12.125 
        MAN_SWAP                                 48    76.757     71.371    148.128 
        SHF_RIGHT_MAN                           130    75.445    431.335    506.780 
        PSC_UNIT                                 88    70.185    136.678    206.863 
        MAN_SWAP_PRE                             46    64.300    279.648    343.948 
        MAN_RND                                  26    55.395     55.627    111.022 
        EXP_ADJUST                               37    41.478     40.546     82.024 
          CLA_8BIT_UNIT                          30    37.487     40.546     78.033 
            CLA_4BIT_UNIT_0                      18    20.096     13.500     33.597 
            CLA_4BIT_UNIT_1                      11    16.417     27.046     43.463 
        LOPD_24BIT                               58    32.689     36.245     68.934 
          LOPD_16bit_UNIT_MSB                    34    18.901     21.609     40.510 
            LOPD_8bit_unit_1                     14     7.958     15.913     23.871 
            LOPD_8bit_unit_0                     14     6.789      5.644     12.433 
          LOPD_8bit_UNIT_LSB                     14     8.502     14.636     23.139 
        EXP_SUB                                  26    26.002    126.248    152.250 
          CLA_8BIT_UNIT                          21    24.391    116.214    140.606 
            CLA_4BIT_UNIT_0                      18    19.324    101.104    120.428 
            CLA_4BIT_UNIT_1                       2     3.981     12.503     16.484 
        EXP_SWAP                                 13    18.064     76.687     94.751 
        EXP_COM_8BIT                             24    18.007    115.041    133.049 
          COMP_LESS_UNIT                         24    18.007    115.041    133.049 
            u_high                               13    11.682     36.361     48.043 
            u_low                                10     5.352     15.041     20.393 
        EXP_RND                                  15    14.987     18.665     33.651 
        MAN_ALU_PROC_RND                          7     9.143     24.479     33.622 
        SIGN_UNIT                                 2     1.384      2.208      3.591 
      DATA_A_RE                                1121  1029.259   2567.588   3596.847 
        MAN_ALU                                 221   237.832    268.117    505.949 
          ALU_SUB_UNIT                          124   137.639    142.927    280.566 
            CLA_BLOCK_..CLA_4BIT_UNIT            20    21.867     11.241     33.108 
            CLA_BLOCK_..CLA_4BIT_UNIT            18    21.114      0.057     21.170 
            CLA_BLOCK_..CLA_4BIT_UNIT            18    20.883     39.960     60.843 
            CLA_BLOCK_..CLA_4BIT_UNIT            18    20.766     24.687     45.453 
            CLA_BLOCK_..CLA_4BIT_UNIT            18    20.613     21.672     42.285 
            CLA_BLOCK_..CLA_4BIT_UNIT            15    20.283     45.287     65.570 
        NOR_UNIT                                205   138.473    351.956    490.429 
          SHF_left_unit                         142    92.765    260.653    353.418 
        MAN_COMP_24BIT                           78    78.210    105.203    183.413 
          u_i_data_2                             13    14.934     26.370     41.303 
          u_i_data_4                             13    14.305     31.594     45.899 
          u_i_data_3                             13    13.749     22.499     36.248 
          u_i_data_1                             13    13.572     13.252     26.824 
          u_i_data_5                             10    10.457      5.766     16.223 
          u_i_data_0                             10     6.451      5.674     12.125 
        MAN_SWAP                                 48    76.800     72.001    148.801 
        SHF_RIGHT_MAN                           130    75.445    431.335    506.780 
        PSC_UNIT                                 86    67.780    127.115    194.895 
        MAN_SWAP_PRE                             46    64.330    279.648    343.978 
        MAN_RND                                  26    55.002     56.059    111.061 
        EXP_ADJUST                               37    41.478     40.546     82.024 
          CLA_8BIT_UNIT                          30    37.487     40.546     78.033 
            CLA_4BIT_UNIT_0                      18    20.096     13.500     33.597 
            CLA_4BIT_UNIT_1                      11    16.417     27.046     43.463 
        LOPD_24BIT                               58    34.152     40.937     75.089 
          LOPD_16bit_UNIT_MSB                    34    20.380     30.428     50.808 
            LOPD_8bit_unit_0                     14     8.562     17.439     26.001 
            LOPD_8bit_unit_1                     14     7.859     12.988     20.848 
          LOPD_8bit_UNIT_LSB                     14     8.486     10.509     18.996 
        EXP_SUB                                  26    26.002    126.248    152.250 
          CLA_8BIT_UNIT                          21    24.391    116.214    140.606 
            CLA_4BIT_UNIT_0                      18    19.324    101.104    120.428 
            CLA_4BIT_UNIT_1                       2     3.981     12.503     16.484 
        EXP_SWAP                                 13    18.064     76.687     94.751 
        EXP_COM_8BIT                             24    18.007    115.041    133.049 
          COMP_LESS_UNIT                         24    18.007    115.041    133.049 
            u_high                               13    11.682     36.361     48.043 
            u_low                                10     5.352     15.041     20.393 
        EXP_RND                                  15    14.987     18.665     33.651 
        MAN_ALU_PROC_RND                          7     9.143     24.479     33.622 
        SIGN_UNIT                                 1     1.383     10.188     11.571 
    INPUT_DATA_7                               5269  9479.254  19057.842  28537.096 
      mul1_add                                 1513  3712.112   6875.950  10588.062 
        MAN_MUL_UNIT                           1117  3373.090   6463.336   9836.426 
          MUL_UNIT_MAN_UNIT                    1109  3366.744   6462.706   9829.450 
            u_booth                             371  1974.538   6209.362   8183.900 
            u_wallace                           394   981.207      0.000    981.207 
              STAGE_GEN[0].u_stage              116   297.739      0.000    297.739 
              STAGE_GEN[1].u_stage               85   215.102      0.000    215.102 
              STAGE_GEN[2].u_stage               61   154.051      0.000    154.051 
              STAGE_GEN[3].u_stage               45   111.289      0.000    111.289 
              STAGE_GEN[4].u_stage               44   105.097      0.000    105.097 
              STAGE_GEN[5].u_stage               43    97.929      0.000     97.929 
            u_cla                               282   321.695    194.104    515.799 
              cla_tree                          201   138.645     59.870    198.515 
                MULTI_GROUP.next_level           32    21.390      5.042     26.431 
                  COMPUTE_DE..Y[1].cla_unit      11     7.439      0.000      7.439 
                  COMPUTE_DE..Y[2].cla_unit       8     6.021      5.042     11.063 
                  COMPUTE_DE..Y[0].cla_unit       2     1.896      0.000      1.896 
                  MULTI_GROUP.next_level          1     0.816      0.000      0.816 
                    COMPUTE_DE..Y[0].cla_unit     1     0.816      0.000      0.816 
                COMPUTE_DE..Y[2].cla_unit        11     9.094      0.000      9.094 
                COMPUTE_DE..Y[4].cla_unit        11     9.093      0.000      9.093 
                COMPUTE_DE..Y[6].cla_unit        11     8.906      0.945      9.851 
                COMPUTE_DE..Y[8].cla_unit        11     8.712      4.727     13.439 
                COMPUTE_DE..Y[9].cla_unit        11     8.598      4.569     13.167 
                COMPUTE_DE..Y[7].cla_unit        11     8.566      6.460     15.026 
                COMPUTE_DE..Y[5].cla_unit        11     7.970      0.000      7.970 
                COMPUTE_DE..Y[3].cla_unit        11     7.481      0.000      7.481 
                COMPUTE_DE..[10].cla_unit        11     7.429      4.569     11.998 
                COMPUTE_DE..[11].cla_unit         7     5.083      3.939      9.021 
            u_merge                              62    89.303     59.240    148.543 
              csa_row[10].u_fa                    1     2.286      1.260      3.547 
              csa_row[11].u_fa                    1     2.286      1.260      3.547 
              csa_row[12].u_fa                    1     2.286      0.000      2.286 
              csa_row[13].u_fa                    1     2.286      0.000      2.286 
              csa_row[14].u_fa                    1     2.286      0.000      2.286 
              csa_row[15].u_fa                    1     2.286      1.260      3.547 
              csa_row[16].u_fa                    1     2.286      1.260      3.547 
              csa_row[17].u_fa                    1     2.286      1.260      3.547 
              csa_row[18].u_fa                    1     2.286      1.260      3.547 
              csa_row[19].u_fa                    1     2.286      1.260      3.547 
              csa_row[20].u_fa                    1     2.286      1.260      3.547 
              csa_row[21].u_fa                    1     2.286      1.260      3.547 
              csa_row[22].u_fa                    1     2.286      0.000      2.286 
              csa_row[23].u_fa                    1     2.286      0.000      2.286 
              csa_row[24].u_fa                    1     2.286      1.260      3.547 
              csa_row[29].u_fa                    1     2.286      1.260      3.547 
              csa_row[45].u_fa                    1     2.286      1.260      3.547 
              csa_row[6].u_fa                     1     2.286      0.000      2.286 
              csa_row[7].u_fa                     1     2.286      1.260      3.547 
              csa_row[8].u_fa                     1     2.286      1.260      3.547 
              csa_row[9].u_fa                     1     2.286      1.260      3.547 
              csa_row[26].u_fa                    2     2.009      0.000      2.009 
              csa_row[28].u_fa                    2     2.009      0.000      2.009 
              csa_row[31].u_fa                    2     2.009      0.000      2.009 
              csa_row[32].u_fa                    2     2.009      0.000      2.009 
              csa_row[34].u_fa                    2     2.009      0.000      2.009 
              csa_row[37].u_fa                    2     2.009      0.000      2.009 
              csa_row[38].u_fa                    2     2.009      0.000      2.009 
              csa_row[25].u_fa                    2     1.948      3.151      5.099 
              csa_row[27].u_fa                    2     1.948      3.151      5.099 
              csa_row[33].u_fa                    2     1.948      3.151      5.099 
              csa_row[35].u_fa                    2     1.948      3.151      5.099 
              csa_row[40].u_fa                    2     1.948      3.151      5.099 
              csa_row[42].u_fa                    2     1.948      3.151      5.099 
              csa_row[44].u_fa                    2     1.948      3.151      5.099 
              csa_row[30].u_fa                    2     1.948      3.151      5.099 
              csa_row[36].u_fa                    2     1.948      3.151      5.099 
              csa_row[39].u_fa                    2     1.948      3.151      5.099 
              csa_row[41].u_fa                    2     1.948      3.151      5.099 
              csa_row[43].u_fa                    2     1.948      3.151      5.099 
              csa_row[46].u_fa                    2     1.948      2.521      4.468 
              csa_row[47].u_fa                    1     1.911      0.000      1.911 
        NOR_UNIT                                178   123.798     80.352    204.149 
          SHF_left_unit                         124    86.963     49.786    136.750 
        MAN_ROUNDING_UNIT                        24    57.687      6.617     64.304 
        MUL_EXP_ADJUST_UNIT                      45    49.195     72.408    121.603 
          CLA_8BIT_UNIT                          30    37.164     42.581     79.745 
            CLA_4BIT_UNIT_0                      18    19.781     17.915     37.697 
            CLA_4BIT_UNIT_1                      11    16.434     24.666     41.100 
        LOPD_UNIT                                58    41.293     21.900     63.193 
          LOPD_16bit_UNIT_MSB                    34    25.547      8.035     33.582 
            LOPD_8bit_unit_0                     14    11.517      3.309     14.826 
            LOPD_8bit_unit_1                     14     9.705      3.781     13.486 
          LOPD_8bit_UNIT_LSB                     14    10.289      3.309     13.598 
        EXP_ROUNDING_UNIT                        15    17.489     17.950     35.439 
        MUL_EXP_UNIT                             21    13.945     33.462     47.407 
        PSC_UNIT                                 12     4.936      8.769     13.706 
      mul1_sub                                 1513  3705.770   6812.587  10518.357 
        MAN_MUL_UNIT                           1117  3364.760   6390.434   9755.193 
          MUL_UNIT_MAN_UNIT                    1109  3357.806   6389.016   9746.821 
            u_booth                             371  1964.859   6179.629   8144.488 
            u_wallace                           394   981.207      0.000    981.207 
              STAGE_GEN[0].u_stage              116   297.739      0.000    297.739 
              STAGE_GEN[1].u_stage               85   215.102      0.000    215.102 
              STAGE_GEN[2].u_stage               61   154.051      0.000    154.051 
              STAGE_GEN[3].u_stage               45   111.289      0.000    111.289 
              STAGE_GEN[4].u_stage               44   105.097      0.000    105.097 
              STAGE_GEN[5].u_stage               43    97.929      0.000     97.929 
            u_cla                               282   322.251    164.012    486.263 
              cla_tree                          201   141.010     49.786    190.797 
                MULTI_GROUP.next_level           32    20.845      8.193     29.037 
                  COMPUTE_DE..Y[1].cla_unit      11     6.980      1.418      8.398 
                  COMPUTE_DE..Y[2].cla_unit       8     5.719      4.096      9.815 
                  COMPUTE_DE..Y[0].cla_unit       2     1.896      0.000      1.896 
                  MULTI_GROUP.next_level          1     0.882      1.418      2.300 
                    COMPUTE_DE..Y[0].cla_unit     1     0.882      1.418      2.300 
                COMPUTE_DE..Y[6].cla_unit        11    10.129      0.000     10.129 
                COMPUTE_DE..Y[7].cla_unit        11     9.183      0.945     10.129 
                COMPUTE_DE..[10].cla_unit        11     9.146      5.042     14.187 
                COMPUTE_DE..Y[9].cla_unit        11     8.782      3.781     12.563 
                COMPUTE_DE..Y[8].cla_unit        11     8.694      6.460     15.154 
                COMPUTE_DE..Y[3].cla_unit        11     8.514      0.000      8.514 
                COMPUTE_DE..Y[4].cla_unit        11     8.066      0.000      8.066 
                COMPUTE_DE..Y[5].cla_unit        11     7.967      0.000      7.967 
                COMPUTE_DE..Y[2].cla_unit        11     7.383      0.000      7.383 
                COMPUTE_DE..[11].cla_unit         7     5.908      3.781      9.689 
            u_merge                              62    89.488     45.375    134.863 
              csa_row[10].u_fa                    1     2.286      0.000      2.286 
              csa_row[11].u_fa                    1     2.286      0.000      2.286 
              csa_row[12].u_fa                    1     2.286      0.000      2.286 
              csa_row[13].u_fa                    1     2.286      1.260      3.547 
              csa_row[14].u_fa                    1     2.286      1.260      3.547 
              csa_row[15].u_fa                    1     2.286      1.260      3.547 
              csa_row[16].u_fa                    1     2.286      1.260      3.547 
              csa_row[17].u_fa                    1     2.286      0.000      2.286 
              csa_row[18].u_fa                    1     2.286      0.000      2.286 
              csa_row[19].u_fa                    1     2.286      1.260      3.547 
              csa_row[20].u_fa                    1     2.286      1.260      3.547 
              csa_row[21].u_fa                    1     2.286      1.260      3.547 
              csa_row[22].u_fa                    1     2.286      0.000      2.286 
              csa_row[23].u_fa                    1     2.286      0.000      2.286 
              csa_row[24].u_fa                    1     2.286      1.260      3.547 
              csa_row[29].u_fa                    1     2.286      0.000      2.286 
              csa_row[45].u_fa                    1     2.286      1.260      3.547 
              csa_row[6].u_fa                     1     2.286      0.000      2.286 
              csa_row[7].u_fa                     1     2.286      1.260      3.547 
              csa_row[8].u_fa                     1     2.286      0.000      2.286 
              csa_row[9].u_fa                     1     2.286      1.260      3.547 
              csa_row[25].u_fa                    2     2.009      0.000      2.009 
              csa_row[26].u_fa                    2     2.009      0.000      2.009 
              csa_row[34].u_fa                    2     2.009      0.000      2.009 
              csa_row[36].u_fa                    2     2.009      0.000      2.009 
              csa_row[38].u_fa                    2     2.009      0.000      2.009 
              csa_row[39].u_fa                    2     2.009      0.000      2.009 
              csa_row[41].u_fa                    2     2.009      0.000      2.009 
              csa_row[42].u_fa                    2     2.009      0.000      2.009 
              csa_row[44].u_fa                    2     2.009      0.000      2.009 
              csa_row[46].u_fa                    2     2.009      0.000      2.009 
              csa_row[27].u_fa                    2     1.948      3.151      5.099 
              csa_row[28].u_fa                    2     1.948      3.151      5.099 
              csa_row[30].u_fa                    2     1.948      3.151      5.099 
              csa_row[32].u_fa                    2     1.948      3.151      5.099 
              csa_row[33].u_fa                    2     1.948      3.151      5.099 
              csa_row[35].u_fa                    2     1.948      3.151      5.099 
              csa_row[37].u_fa                    2     1.948      3.151      5.099 
              csa_row[40].u_fa                    2     1.948      3.151      5.099 
              csa_row[31].u_fa                    2     1.948      3.151      5.099 
              csa_row[43].u_fa                    2     1.948      3.151      5.099 
              csa_row[47].u_fa                    1     1.911      0.000      1.911 
        NOR_UNIT                                178   124.613    131.714    256.327 
          SHF_left_unit                         124    86.714     81.612    168.326 
        MAN_ROUNDING_UNIT                        24    57.672      5.199     62.871 
        MUL_EXP_ADJUST_UNIT                      45    50.802     59.588    110.389 
          CLA_8BIT_UNIT                          30    37.998     34.286     72.285 
            CLA_4BIT_UNIT_0                      18    20.616      9.621     30.237 
            CLA_4BIT_UNIT_1                      11    16.434     24.666     41.100 
        LOPD_UNIT                                58    39.410     29.620     69.030 
          LOPD_16bit_UNIT_MSB                    34    26.487     16.070     42.557 
            LOPD_8bit_unit_1                     14    11.264      7.090     18.354 
            LOPD_8bit_unit_0                     14    10.853      8.035     18.889 
          LOPD_8bit_UNIT_LSB                     14     7.578      1.418      8.996 
        EXP_ROUNDING_UNIT                        15    17.835     14.935     32.770 
        MUL_EXP_UNIT                             21    13.945     33.462     47.407 
        PSC_UNIT                                 12     5.145      9.065     14.210 
      DATA_A_RE                                1121  1032.464   2703.450   3735.914 
        MAN_ALU                                 221   239.133    304.022    543.154 
          ALU_SUB_UNIT                          124   138.343    158.497    296.840 
            CLA_BLOCK_..CLA_4BIT_UNIT            20    22.101      9.414     31.515 
            CLA_BLOCK_..CLA_4BIT_UNIT            18    21.204     35.023     56.227 
            CLA_BLOCK_..CLA_4BIT_UNIT            18    20.914     17.554     38.468 
            CLA_BLOCK_..CLA_4BIT_UNIT            18    20.880     24.922     45.802 
            CLA_BLOCK_..CLA_4BIT_UNIT            15    20.684     25.087     45.771 
            CLA_BLOCK_..CLA_4BIT_UNIT            18    20.448     46.472     66.920 
        NOR_UNIT                                205   139.510    362.612    502.122 
          SHF_left_unit                         142    93.367    267.430    360.797 
        SHF_RIGHT_MAN                           130    77.681    472.543    550.224 
        MAN_SWAP                                 48    76.658     65.133    141.791 
        MAN_COMP_24BIT                           78    74.183     87.599    161.782 
          u_i_data_2                             13    13.840     24.673     38.513 
          u_i_data_3                             13    13.608     10.578     24.186 
          u_i_data_1                             13    13.175     30.951     44.126 
          u_i_data_4                             13    12.411     15.748     28.159 
          u_i_data_5                             10    10.578      5.565     16.143 
          u_i_data_0                             10     6.368      0.083      6.452 
        PSC_UNIT                                 86    68.023    143.574    211.597 
        MAN_SWAP_PRE                             46    64.233    291.038    355.271 
        MAN_RND                                  26    55.314     60.248    115.562 
        EXP_ADJUST                               37    40.996     51.881     92.877 
          CLA_8BIT_UNIT                          30    37.005     51.881     88.886 
            CLA_4BIT_UNIT_0                      18    19.615     24.835     44.450 
            CLA_4BIT_UNIT_1                      11    16.417     27.046     43.463 
        LOPD_24BIT                               58    35.088     61.413     96.502 
          LOPD_16bit_UNIT_MSB                    34    19.080     19.308     38.388 
            LOPD_8bit_unit_0                     14     7.464     10.026     17.490 
            LOPD_8bit_unit_1                     14     7.462      9.230     16.692 
          LOPD_8bit_UNIT_LSB                     14    10.567     41.705     52.271 
        EXP_SUB                                  26    26.312    100.057    126.369 
          CLA_8BIT_UNIT                          21    24.702     90.023    114.725 
            CLA_4BIT_UNIT_0                      18    19.635     74.912     94.547 
            CLA_4BIT_UNIT_1                       2     3.981     12.503     16.484 
        EXP_SWAP                                 13    18.111     82.044    100.156 
        EXP_COM_8BIT                             24    18.106    115.333    133.438 
          COMP_LESS_UNIT                         24    18.106    115.333    133.438 
            u_high                               13    11.682     36.361     48.043 
            u_low                                10     5.451     15.332     20.783 
        EXP_RND                                  15    14.999     22.602     37.601 
        MAN_ALU_PROC_RND                          7     8.987     20.624     29.612 
        SIGN_UNIT                                 1     1.325      0.791      2.116 
      DATA_A_IM                                1122  1028.908   2665.855   3694.763 
        MAN_ALU                                 219   236.123    321.647    557.769 
          ALU_SUB_UNIT                          124   122.525    174.536    297.061 
            CLA_BLOCK_..CLA_4BIT_UNIT            20    25.551     28.822     54.374 
            CLA_BLOCK_..CLA_4BIT_UNIT            15    18.140     22.048     40.188 
            CLA_BLOCK_..CLA_4BIT_UNIT            18    17.070     45.614     62.684 
            CLA_BLOCK_..CLA_4BIT_UNIT            18    16.849     42.041     58.890 
            CLA_BLOCK_..CLA_4BIT_UNIT            18    16.765     10.535     27.300 
            CLA_BLOCK_..CLA_4BIT_UNIT            18    16.633     22.802     39.435 
        NOR_UNIT                                205   137.403    371.610    509.013 
          SHF_left_unit                         142    92.134    276.663    368.798 
        SHF_RIGHT_MAN                           130    77.681    472.543    550.224 
        MAN_SWAP                                 48    76.623     65.688    142.311 
        MAN_COMP_24BIT                           78    74.183     87.544    161.727 
          u_i_data_2                             13    13.840     24.618     38.458 
          u_i_data_3                             13    13.608     10.578     24.186 
          u_i_data_1                             13    13.175     30.951     44.126 
          u_i_data_4                             13    12.411     15.748     28.159 
          u_i_data_5                             10    10.578      5.565     16.143 
          u_i_data_0                             10     6.368      0.083      6.452 
        PSC_UNIT                                 88    68.516     94.061    162.577 
        MAN_SWAP_PRE                             46    64.199    291.751    355.950 
        MAN_RND                                  26    54.908     61.127    116.036 
        EXP_ADJUST                               37    40.996     51.881     92.877 
          CLA_8BIT_UNIT                          30    37.005     51.881     88.886 
            CLA_4BIT_UNIT_0                      18    19.615     24.835     44.450 
            CLA_4BIT_UNIT_1                      11    16.417     27.046     43.463 
        LOPD_24BIT                               58    36.237     41.142     77.380 
          LOPD_16bit_UNIT_MSB                    34    20.128     24.959     45.088 
            LOPD_8bit_unit_1                     14     8.203     12.264     20.466 
            LOPD_8bit_unit_0                     14     7.771     12.644     20.416 
          LOPD_8bit_UNIT_LSB                     14    10.667     15.783     26.450 
        EXP_SUB                                  26    26.312    100.057    126.369 
          CLA_8BIT_UNIT                          21    24.702     90.023    114.725 
            CLA_4BIT_UNIT_0                      18    19.635     74.912     94.547 
            CLA_4BIT_UNIT_1                       2     3.981     12.503     16.484 
        EXP_SWAP                                 13    18.111     82.044    100.156 
        EXP_COM_8BIT                             24    18.106    115.333    133.438 
          COMP_LESS_UNIT                         24    18.106    115.333    133.438 
            u_high                               13    11.682     36.361     48.043 
            u_low                                10     5.451     15.332     20.783 
        EXP_RND                                  15    14.999     22.602     37.601 
        MAN_ALU_PROC_RND                          7     8.987     20.624     29.612 
        SIGN_UNIT                                 2     1.697      3.689      5.386 
    BFU2_UNIT0                                 4482  4109.920  10662.622  14772.542 
      DATA_B_RE                                1121  1033.342   2347.241   3380.583 
        MAN_ALU                                 219   233.430    463.160    696.590 
          ALU_SUB_UNIT                          124   128.130    228.245    356.375 
            CLA_BLOCK_..CLA_4BIT_UNIT            20    24.360     33.131     57.490 
            CLA_BLOCK_..CLA_4BIT_UNIT            15    20.106     34.282     54.388 
            CLA_BLOCK_..CLA_4BIT_UNIT            18    19.445     45.004     64.449 
            CLA_BLOCK_..CLA_4BIT_UNIT            18    18.598     21.651     40.249 
            CLA_BLOCK_..CLA_4BIT_UNIT            18    17.259     26.789     44.048 
            CLA_BLOCK_..CLA_4BIT_UNIT            18    16.944     37.596     54.541 
        NOR_UNIT                                205   137.754    399.115    536.869 
          SHF_left_unit                         142    92.641    290.650    383.291 
        MAN_SWAP                                 48    76.575    139.001    215.576 
        MAN_COMP_24BIT                           78    74.597    131.546    206.143 
          u_i_data_4                             13    14.578     21.834     36.412 
          u_i_data_3                             13    13.648     27.105     40.753 
          u_i_data_1                             13    13.042     26.060     39.101 
          u_i_data_2                             13    13.012     20.304     33.315 
          u_i_data_5                             10     9.658     11.567     21.224 
          u_i_data_0                             10     5.905     21.783     27.688 
        MAN_SWAP_PRE                             46    73.999    140.784    214.783 
        SHF_RIGHT_MAN                           130    73.372    444.314    517.687 
        PSC_UNIT                                 88    68.766    102.249    171.014 
        MAN_RND                                  26    55.998     62.375    118.372 
        EXP_ADJUST                               37    42.344     41.504     83.848 
          CLA_8BIT_UNIT                          30    38.353     41.504     79.858 
            CLA_4BIT_UNIT_0                      18    20.544     24.936     45.481 
            CLA_4BIT_UNIT_1                      11    16.665     16.502     33.167 
        LOPD_24BIT                               58    37.461     75.573    113.034 
          LOPD_16bit_UNIT_MSB                    34    22.609     53.675     76.284 
            LOPD_8bit_unit_0                     14    10.357     36.302     46.659 
            LOPD_8bit_unit_1                     14     7.902     17.269     25.171 
          LOPD_8bit_UNIT_LSB                     14     9.410     21.497     30.907 
        EXP_SUB                                  26    28.865    119.488    148.353 
          CLA_8BIT_UNIT                          21    27.431    117.688    145.119 
            CLA_4BIT_UNIT_0                      18    22.359    102.578    124.937 
            CLA_4BIT_UNIT_1                       2     3.984     12.503     16.486 
        EXP_SWAP                                 13    19.629     26.830     46.459 
        EXP_COM_8BIT                             24    18.357     36.071     54.428 
          COMP_LESS_UNIT                         24    18.357     36.071     54.428 
            u_high                               13    11.602     18.825     30.427 
            u_low                                10     5.634     17.132     22.767 
        EXP_RND                                  15    14.848     17.950     32.799 
        MAN_ALU_PROC_RND                          7     9.561     18.661     28.223 
        SIGN_UNIT                                 2     1.455      0.023      1.478 
      DATA_A_RE                                1120  1031.943   2436.441   3468.383 
        MAN_ALU                                 221   233.228    478.725    711.953 
          ALU_SUB_UNIT                          124   131.714    237.210    368.925 
            CLA_BLOCK_..CLA_4BIT_UNIT            20    22.510     20.463     42.972 
            CLA_BLOCK_..CLA_4BIT_UNIT            18    20.479     34.815     55.294 
            CLA_BLOCK_..CLA_4BIT_UNIT            15    20.195     34.962     55.158 
            CLA_BLOCK_..CLA_4BIT_UNIT            18    20.131     33.188     53.319 
            CLA_BLOCK_..CLA_4BIT_UNIT            18    19.331     35.337     54.668 
            CLA_BLOCK_..CLA_4BIT_UNIT            18    18.138     55.116     73.254 
        NOR_UNIT                                205   138.141    429.093    567.234 
          SHF_left_unit                         142    92.899    314.506    407.405 
        MAN_SWAP                                 48    76.601    140.411    217.012 
        MAN_COMP_24BIT                           78    74.597    131.546    206.143 
          u_i_data_4                             13    14.578     21.834     36.412 
          u_i_data_3                             13    13.648     27.105     40.753 
          u_i_data_1                             13    13.042     26.060     39.101 
          u_i_data_2                             13    13.012     20.304     33.315 
          u_i_data_5                             10     9.658     11.567     21.224 
          u_i_data_0                             10     5.905     21.783     27.688 
        MAN_SWAP_PRE                             46    74.025    140.784    214.809 
        SHF_RIGHT_MAN                           130    73.372    444.314    517.687 
        PSC_UNIT                                 86    66.947    132.447    199.394 
        MAN_RND                                  26    55.699     67.207    122.906 
        EXP_ADJUST                               37    42.344     41.504     83.848 
          CLA_8BIT_UNIT                          30    38.353     41.504     79.858 
            CLA_4BIT_UNIT_0                      18    20.544     24.936     45.481 
            CLA_4BIT_UNIT_1                      11    16.665     16.502     33.167 
        LOPD_24BIT                               58    37.607     81.542    119.149 
          LOPD_16bit_UNIT_MSB                    34    23.032     59.994     83.025 
            LOPD_8bit_unit_0                     14    10.480     35.415     45.894 
            LOPD_8bit_unit_1                     14     8.008     24.424     32.432 
          LOPD_8bit_UNIT_LSB                     14     9.134     21.148     30.281 
        EXP_SUB                                  26    28.865    119.488    148.353 
          CLA_8BIT_UNIT                          21    27.431    117.688    145.119 
            CLA_4BIT_UNIT_0                      18    22.359    102.578    124.937 
            CLA_4BIT_UNIT_1                       2     3.984     12.503     16.486 
        EXP_SWAP                                 13    19.629     26.830     46.459 
        EXP_COM_8BIT                             24    18.357     36.071     54.428 
          COMP_LESS_UNIT                         24    18.357     36.071     54.428 
            u_high                               13    11.602     18.825     30.427 
            u_low                                10     5.634     17.132     22.767 
        EXP_RND                                  15    14.848     17.950     32.799 
        MAN_ALU_PROC_RND                          7     9.561     18.661     28.223 
        SIGN_UNIT                                 1     1.701      0.023      1.724 
      DATA_A_IM                                1120  1023.500   3070.291   4093.791 
        MAN_ALU                                 221   234.294    521.807    756.101 
          ALU_SUB_UNIT                          124   134.783    302.643    437.426 
            CLA_BLOCK_..CLA_4BIT_UNIT            20    24.950     49.163     74.113 
            CLA_BLOCK_..CLA_4BIT_UNIT            18    20.170     43.934     64.103 
            CLA_BLOCK_..CLA_4BIT_UNIT            15    20.158     35.059     55.217 
            CLA_BLOCK_..CLA_4BIT_UNIT            18    19.602     48.328     67.930 
            CLA_BLOCK_..CLA_4BIT_UNIT            18    19.453     36.730     56.183 
            CLA_BLOCK_..CLA_4BIT_UNIT            18    18.485     48.404     66.889 
        NOR_UNIT                                205   143.447    546.687    690.134 
          SHF_left_unit                         142    96.075    329.882    425.956 
        SHF_RIGHT_MAN                           130    77.305    484.292    561.597 
        MAN_SWAP                                 48    76.452    158.085    234.537 
        MAN_COMP_24BIT                           78    71.879    126.396    198.275 
          u_i_data_4                             13    14.146     14.486     28.632 
          u_i_data_3                             13    14.022     40.594     54.616 
          u_i_data_2                             13    12.312     33.579     45.891 
          u_i_data_1                             13    11.957     11.062     23.019 
          u_i_data_5                             10     9.774     18.822     28.596 
          u_i_data_0                             10     5.561      7.766     13.327 
        PSC_UNIT                                 86    68.894    126.138    195.032 
        MAN_SWAP_PRE                             46    64.462    312.385    376.847 
        MAN_RND                                  26    54.881     60.004    114.884 
        EXP_ADJUST                               37    41.777    122.938    164.715 
          CLA_8BIT_UNIT                          30    36.115     86.212    122.326 
            CLA_4BIT_UNIT_0                      18    20.024     39.360     59.383 
            CLA_4BIT_UNIT_1                      11    15.116     43.288     58.404 
        LOPD_24BIT                               58    34.167     45.646     79.813 
          LOPD_16bit_UNIT_MSB                    34    21.786     32.584     54.370 
            LOPD_8bit_unit_0                     14     9.523     18.162     27.685 
            LOPD_8bit_unit_1                     14     7.953     10.830     18.783 
          LOPD_8bit_UNIT_LSB                     14     7.231      6.520     13.751 
        EXP_SUB                                  26    23.868    124.511    148.378 
          CLA_8BIT_UNIT                          21    21.563    120.597    142.160 
            CLA_4BIT_UNIT_0                      18    17.292    120.597    137.889 
            CLA_4BIT_UNIT_1                       2     3.451      0.000      3.451 
        EXP_COM_8BIT                             24    19.145     97.393    116.538 
          COMP_LESS_UNIT                         24    19.145     97.393    116.538 
            u_high                               13    11.952     12.806     24.758 
            u_low                                10     6.072     20.633     26.705 
        EXP_SWAP                                 13    18.221     80.100     98.321 
        EXP_RND                                  15    14.986     28.009     42.995 
        MAN_ALU_PROC_RND                          7     9.389     24.526     33.914 
        SIGN_UNIT                                 1     1.393      0.819      2.212 
      DATA_B_IM                                1121  1021.136   2808.650   3829.786 
        MAN_ALU                                 219   232.727    495.395    728.122 
          ALU_SUB_UNIT                          124   129.303    262.647    391.950 
            CLA_BLOCK_..CLA_4BIT_UNIT            20    21.797      9.917     31.715 
            CLA_BLOCK_..CLA_4BIT_UNIT            18    20.759     45.383     66.142 
            CLA_BLOCK_..CLA_4BIT_UNIT            18    19.492     51.352     70.844 
            CLA_BLOCK_..CLA_4BIT_UNIT            15    18.862     38.549     57.411 
            CLA_BLOCK_..CLA_4BIT_UNIT            18    18.833     47.459     66.292 
            CLA_BLOCK_..CLA_4BIT_UNIT            18    18.690     46.658     65.348 
        NOR_UNIT                                205   141.740    417.600    559.341 
          SHF_left_unit                         142    94.764    305.934    400.698 
        SHF_RIGHT_MAN                           130    77.305    484.292    561.597 
        MAN_SWAP                                 48    76.417    158.802    235.220 
        MAN_COMP_24BIT                           78    71.879    126.379    198.258 
          u_i_data_4                             13    14.146     14.486     28.632 
          u_i_data_3                             13    14.022     40.594     54.616 
          u_i_data_2                             13    12.312     33.562     45.874 
          u_i_data_1                             13    11.957     11.062     23.019 
          u_i_data_5                             10     9.774     18.822     28.596 
          u_i_data_0                             10     5.561      7.766     13.327 
        PSC_UNIT                                 88    69.583    109.497    179.079 
        MAN_SWAP_PRE                             46    64.428    313.099    377.527 
        MAN_RND                                  26    54.532     64.387    118.919 
        EXP_ADJUST                               37    41.994     64.556    106.551 
          CLA_8BIT_UNIT                          30    38.003     64.556    102.560 
            CLA_4BIT_UNIT_0                      18    20.443     37.129     57.572 
            CLA_4BIT_UNIT_1                      11    16.417     27.361     43.778 
        LOPD_24BIT                               58    35.015     39.260     74.274 
          LOPD_16bit_UNIT_MSB                    34    20.589     20.057     40.646 
            LOPD_8bit_unit_0                     14     8.589     13.919     22.508 
            LOPD_8bit_unit_1                     14     7.846      6.087     13.933 
          LOPD_8bit_UNIT_LSB                     14     8.984     18.802     27.786 
        EXP_SUB                                  26    23.868    124.511    148.378 
          CLA_8BIT_UNIT                          21    21.563    120.597    142.160 
            CLA_4BIT_UNIT_0                      18    17.292    120.597    137.889 
            CLA_4BIT_UNIT_1                       2     3.451      0.000      3.451 
        EXP_COM_8BIT                             24    19.145     97.393    116.538 
          COMP_LESS_UNIT                         24    19.145     97.393    116.538 
            u_high                               13    11.952     12.806     24.758 
            u_low                                10     6.072     20.633     26.705 
        EXP_SWAP                                 13    18.221     80.100     98.321 
        EXP_RND                                  15    14.948     27.277     42.226 
        MAN_ALU_PROC_RND                          7     9.389     24.526     33.914 
        SIGN_UNIT                                 2     1.267      4.950      6.217 
    BFU2_UNIT3                                 4480  4104.488   9031.211  13135.699 
      DATA_B_RE                                1120  1029.588   2479.240   3508.828 
        MAN_ALU                                 219   238.690    480.896    719.586 
          ALU_SUB_UNIT                          124   136.022    240.684    376.706 
            CLA_BLOCK_..CLA_4BIT_UNIT            20    23.227     44.153     67.380 
            CLA_BLOCK_..CLA_4BIT_UNIT            18    21.031     11.769     32.800 
            CLA_BLOCK_..CLA_4BIT_UNIT            18    20.317     46.704     67.021 
            CLA_BLOCK_..CLA_4BIT_UNIT            15    19.924     29.855     49.779 
            CLA_BLOCK_..CLA_4BIT_UNIT            18    19.712     46.735     66.447 
            CLA_BLOCK_..CLA_4BIT_UNIT            18    19.695     50.162     69.857 
        NOR_UNIT                                205   142.187    477.788    619.975 
          SHF_left_unit                         142    94.933    255.211    350.145 
        MAN_COMP_24BIT                           78    80.478    116.357    196.835 
          u_i_data_1                             13    14.944      7.292     22.237 
          u_i_data_2                             13    14.855     17.021     31.876 
          u_i_data_3                             13    14.249     30.395     44.644 
          u_i_data_4                             13    13.210     24.358     37.568 
          u_i_data_5                             10    12.369      0.000     12.369 
          u_i_data_0                             10     5.800     26.566     32.366 
        SHF_RIGHT_MAN                           130    77.621    348.272    425.893 
        MAN_SWAP                                 48    74.484    125.824    200.308 
        PSC_UNIT                                 87    68.098     89.965    158.062 
        MAN_SWAP_PRE                             46    64.373    234.678    299.051 
        MAN_RND                                  26    54.994     43.375     98.370 
        EXP_ADJUST                               37    41.336    122.896    164.232 
          CLA_8BIT_UNIT                          30    35.674     86.173    121.846 
            CLA_4BIT_UNIT_0                      18    19.736     39.311     59.046 
            CLA_4BIT_UNIT_1                      11    14.931     43.562     58.493 
        LOPD_24BIT                               58    32.180     60.998     93.179 
          LOPD_16bit_UNIT_MSB                    34    19.364     40.376     59.740 
            LOPD_8bit_unit_1                     14     8.879     28.404     37.282 
            LOPD_8bit_unit_0                     14     6.459      8.485     14.944 
          LOPD_8bit_UNIT_LSB                     14     7.580     13.680     21.259 
        EXP_SUB                                  26    26.347     69.589     95.936 
          CLA_8BIT_UNIT                          21    24.738     64.099     88.837 
            CLA_4BIT_UNIT_0                      18    20.376     57.081     77.457 
            CLA_4BIT_UNIT_1                       2     3.275      4.411      7.686 
        EXP_COM_8BIT                             24    17.745    111.468    129.213 
          COMP_LESS_UNIT                         24    17.745    111.468    129.213 
            u_high                               13    11.851     37.670     49.521 
            u_low                                10     5.012     10.206     15.218 
        EXP_SWAP                                 13    17.422     54.131     71.554 
        EXP_RND                                  15    14.898     13.281     28.179 
        MAN_ALU_PROC_RND                          7     8.676     19.841     28.517 
        SIGN_UNIT                                 2     1.325      0.809      2.134 
      DATA_A_RE                                1120  1029.369   2146.598   3175.966 
        MAN_ALU                                 221   233.179    492.598    725.777 
          ALU_SUB_UNIT                          124   131.680    322.207    453.887 
            CLA_BLOCK_..CLA_4BIT_UNIT            20    23.700     60.330     84.030 
            CLA_BLOCK_..CLA_4BIT_UNIT            15    19.571     41.569     61.140 
            CLA_BLOCK_..CLA_4BIT_UNIT            18    19.560     53.513     73.074 
            CLA_BLOCK_..CLA_4BIT_UNIT            18    19.455     53.246     72.701 
            CLA_BLOCK_..CLA_4BIT_UNIT            18    19.260     33.962     53.222 
            CLA_BLOCK_..CLA_4BIT_UNIT            18    18.959     51.503     70.461 
        NOR_UNIT                                205   133.895    257.015    390.910 
          SHF_left_unit                         142    90.222    184.636    274.857 
        MAN_COMP_24BIT                           78    80.478    116.412    196.890 
          u_i_data_1                             13    14.944      7.292     22.237 
          u_i_data_2                             13    14.855     17.076     31.931 
          u_i_data_3                             13    14.249     30.395     44.644 
          u_i_data_4                             13    13.210     24.358     37.568 
          u_i_data_5                             10    12.369      0.000     12.369 
          u_i_data_0                             10     5.800     26.566     32.366 
        SHF_RIGHT_MAN                           130    77.621    348.272    425.893 
        MAN_SWAP                                 48    74.510    124.578    199.088 
        PSC_UNIT                                 86    71.027    109.957    180.984 
        MAN_SWAP_PRE                             46    64.403    233.972    298.375 
        MAN_RND                                  26    55.140     39.332     94.471 
        LOPD_24BIT                               58    42.714     72.127    114.841 
          LOPD_16bit_UNIT_MSB                    34    25.067     61.703     86.770 
            LOPD_8bit_unit_0                     14    11.219     28.787     40.006 
            LOPD_8bit_unit_1                     14     9.583     32.804     42.387 
          LOPD_8bit_UNIT_LSB                     14    11.896     10.023     21.919 
        EXP_ADJUST                               37    41.860     16.502     58.361 
          CLA_8BIT_UNIT                          30    37.869     16.502     54.370 
            CLA_4BIT_UNIT_0                      18    20.230      0.000     20.230 
            CLA_4BIT_UNIT_1                      11    16.665     16.502     33.167 
        EXP_SUB                                  26    26.347     69.589     95.936 
          CLA_8BIT_UNIT                          21    24.738     64.099     88.837 
            CLA_4BIT_UNIT_0                      18    20.376     57.081     77.457 
            CLA_4BIT_UNIT_1                       2     3.275      4.411      7.686 
        EXP_COM_8BIT                             24    17.745    111.468    129.213 
          COMP_LESS_UNIT                         24    17.745    111.468    129.213 
            u_high                               13    11.851     37.670     49.521 
            u_low                                10     5.012     10.206     15.218 
        EXP_SWAP                                 13    17.422     54.131     71.554 
        EXP_RND                                  15    14.886      9.343     24.229 
        MAN_ALU_PROC_RND                          7     8.676     19.841     28.517 
        SIGN_UNIT                                 1     1.393      4.378      5.771 
      DATA_B_IM                                1120  1024.563   2210.026   3234.589 
        MAN_ALU                                 219   236.577    418.737    655.314 
          ALU_SUB_UNIT                          124   130.645    189.008    319.653 
            CLA_BLOCK_..CLA_4BIT_UNIT            20    22.714     18.510     41.224 
            CLA_BLOCK_..CLA_4BIT_UNIT            18    20.267     43.935     64.202 
            CLA_BLOCK_..CLA_4BIT_UNIT            15    20.219     10.223     30.442 
            CLA_BLOCK_..CLA_4BIT_UNIT            18    19.857     42.311     62.167 
            CLA_BLOCK_..CLA_4BIT_UNIT            18    18.639     28.000     46.640 
            CLA_BLOCK_..CLA_4BIT_UNIT            18    18.246     29.631     47.877 
        NOR_UNIT                                205   140.081    362.856    502.937 
          SHF_left_unit                         142    93.633    258.529    352.162 
        MAN_COMP_24BIT                           78    76.278    106.581    182.859 
          u_i_data_4                             13    14.720     35.111     49.831 
          u_i_data_2                             13    13.733     22.576     36.309 
          u_i_data_3                             13    13.554     15.131     28.685 
          u_i_data_1                             13    12.986     20.673     33.659 
          u_i_data_5                             10    10.599      4.784     15.383 
          u_i_data_0                             10     6.004      8.177     14.180 
        MAN_SWAP                                 48    75.756     82.540    158.296 
        SHF_RIGHT_MAN                           130    72.993    300.578    373.571 
        PSC_UNIT                                 87    67.390     88.596    155.986 
        MAN_SWAP_PRE                             46    64.292    227.799    292.091 
        MAN_RND                                  26    54.316     60.278    114.593 
        EXP_ADJUST                               37    40.877     51.770     92.647 
          CLA_8BIT_UNIT                          30    36.886     51.770     88.656 
            CLA_4BIT_UNIT_0                      18    19.496     24.409     43.904 
            CLA_4BIT_UNIT_1                      11    16.417     27.361     43.778 
        LOPD_24BIT                               58    35.392     42.323     77.714 
          LOPD_16bit_UNIT_MSB                    34    19.646     19.072     38.718 
            LOPD_8bit_unit_0                     14     8.053     12.574     20.627 
            LOPD_8bit_unit_1                     14     7.634      6.498     14.133 
          LOPD_8bit_UNIT_LSB                     14    10.149     22.449     32.598 
        EXP_SUB                                  26    27.135    108.695    135.829 
          CLA_8BIT_UNIT                          21    25.700    100.460    126.160 
            CLA_4BIT_UNIT_0                      18    20.266     93.441    113.707 
            CLA_4BIT_UNIT_1                       2     4.346      4.411      8.757 
        EXP_SWAP                                 13    18.470     82.017    100.488 
        EXP_COM_8BIT                             24    18.148    107.340    125.488 
          COMP_LESS_UNIT                         24    18.148    107.340    125.488 
            u_high                               13    11.354     29.434     40.788 
            u_low                                10     5.823     14.267     20.090 
        EXP_RND                                  15    14.960     23.340     38.300 
        MAN_ALU_PROC_RND                          7    10.334     34.547     44.881 
        SIGN_UNIT                                 2     1.267      4.950      6.217 
      DATA_A_IM                                1120  1020.969   2195.347   3216.315 
        MAN_ALU                                 221   229.483    445.915    675.398 
          ALU_SUB_UNIT                          124   126.791    220.278    347.069 
            CLA_BLOCK_..CLA_4BIT_UNIT            20    23.306     32.771     56.077 
            CLA_BLOCK_..CLA_4BIT_UNIT            18    19.356     35.021     54.376 
            CLA_BLOCK_..CLA_4BIT_UNIT            15    19.351     37.427     56.778 
            CLA_BLOCK_..CLA_4BIT_UNIT            18    18.696     43.562     62.258 
            CLA_BLOCK_..CLA_4BIT_UNIT            18    18.001     26.676     44.677 
            CLA_BLOCK_..CLA_4BIT_UNIT            18    17.012     14.713     31.725 
        NOR_UNIT                                205   141.500    337.779    479.279 
          SHF_left_unit                         142    95.180    238.208    333.388 
        MAN_COMP_24BIT                           78    76.278    106.580    182.858 
          u_i_data_4                             13    14.720     35.111     49.831 
          u_i_data_2                             13    13.733     22.575     36.308 
          u_i_data_3                             13    13.554     15.131     28.685 
          u_i_data_1                             13    12.986     20.673     33.659 
          u_i_data_5                             10    10.599      4.784     15.383 
          u_i_data_0                             10     6.004      8.177     14.180 
        MAN_SWAP                                 48    75.782     83.032    158.814 
        SHF_RIGHT_MAN                           130    72.993    300.578    373.571 
        PSC_UNIT                                 86    66.494    105.499    171.994 
        MAN_SWAP_PRE                             46    64.326    227.085    291.411 
        MAN_RND                                  26    55.139     47.748    102.888 
        EXP_ADJUST                               37    40.877     51.770     92.647 
          CLA_8BIT_UNIT                          30    36.886     51.770     88.656 
            CLA_4BIT_UNIT_0                      18    19.496     24.409     43.904 
            CLA_4BIT_UNIT_1                      11    16.417     27.361     43.778 
        LOPD_24BIT                               58    37.396     50.519     87.915 
          LOPD_16bit_UNIT_MSB                    34    22.433     27.452     49.884 
            LOPD_8bit_unit_0                     14     9.581     12.439     22.020 
            LOPD_8bit_unit_1                     14     8.503     15.012     23.516 
          LOPD_8bit_UNIT_LSB                     14     9.366     22.266     31.632 
        EXP_SUB                                  26    27.135    108.695    135.829 
          CLA_8BIT_UNIT                          21    25.700    100.460    126.160 
            CLA_4BIT_UNIT_0                      18    20.266     93.441    113.707 
            CLA_4BIT_UNIT_1                       2     4.346      4.411      8.757 
        EXP_SWAP                                 13    18.470     82.017    100.488 
        EXP_COM_8BIT                             24    18.148    107.340    125.488 
          COMP_LESS_UNIT                         24    18.148    107.340    125.488 
            u_high                               13    11.354     29.434     40.788 
            u_low                                10     5.823     14.267     20.090 
        EXP_RND                                  15    14.960     23.340     38.300 
        MAN_ALU_PROC_RND                          7    10.334     34.547     44.881 
        SIGN_UNIT                                 1     1.393      0.819      2.212 
    BFU2_UNIT2                                 4482  4099.003   9405.053  13504.056 
      DATA_B_RE                                1121  1029.905   2215.571   3245.476 
        MAN_ALU                                 219   233.122    543.238    776.360 
          ALU_SUB_UNIT                          124   130.767    292.952    423.719 
            CLA_BLOCK_..CLA_4BIT_UNIT            20    22.734     40.146     62.880 
            CLA_BLOCK_..CLA_4BIT_UNIT            18    20.780     45.405     66.185 
            CLA_BLOCK_..CLA_4BIT_UNIT            15    19.944     38.333     58.277 
            CLA_BLOCK_..CLA_4BIT_UNIT            18    19.128     25.682     44.811 
            CLA_BLOCK_..CLA_4BIT_UNIT            18    18.715     47.615     66.329 
            CLA_BLOCK_..CLA_4BIT_UNIT            18    18.138     54.811     72.948 
        NOR_UNIT                                205   142.692    417.966    560.657 
          SHF_left_unit                         142    95.862    306.724    402.586 
        SHF_RIGHT_MAN                           130    80.906    341.173    422.080 
        MAN_SWAP                                 48    76.002    108.459    184.461 
        MAN_SWAP_PRE                             46    72.933    135.640    208.573 
        MAN_COMP_24BIT                           78    71.793    112.016    183.809 
          u_i_data_4                             13    14.047     20.220     34.267 
          u_i_data_2                             13    13.868     17.211     31.079 
          u_i_data_3                             13    13.721     42.182     55.903 
          u_i_data_1                             13    10.579     17.658     28.237 
          u_i_data_5                             10     9.658     11.567     21.224 
          u_i_data_0                             10     5.811      3.093      8.904 
        PSC_UNIT                                 88    64.330    105.497    169.827 
        MAN_RND                                  26    54.886     67.204    122.090 
        EXP_ADJUST                               37    42.344     41.504     83.848 
          CLA_8BIT_UNIT                          30    38.353     41.504     79.858 
            CLA_4BIT_UNIT_0                      18    20.544     24.936     45.481 
            CLA_4BIT_UNIT_1                      11    16.665     16.502     33.167 
        LOPD_24BIT                               58    34.851     54.958     89.809 
          LOPD_16bit_UNIT_MSB                    34    19.708     28.704     48.412 
            LOPD_8bit_unit_0                     14     8.101      8.571     16.672 
            LOPD_8bit_unit_1                     14     7.453     20.082     27.534 
          LOPD_8bit_UNIT_LSB                     14     9.546     25.452     34.998 
        EXP_SUB                                  26    22.853     48.762     71.615 
          CLA_8BIT_UNIT                          21    20.723     46.963     67.686 
            CLA_4BIT_UNIT_0                      18    16.452     46.963     63.415 
            CLA_4BIT_UNIT_1                       2     3.451      0.000      3.451 
        EXP_SWAP                                 13    20.382     26.830     47.212 
        EXP_COM_8BIT                             24    17.946     22.298     40.244 
          COMP_LESS_UNIT                         24    17.946     22.298     40.244 
            u_high                               13    11.602     18.825     30.427 
            u_low                                10     5.202      3.426      8.628 
        EXP_RND                                  15    14.848     17.950     32.799 
        MAN_ALU_PROC_RND                          7     9.030     24.610     33.640 
        SIGN_UNIT                                 2     1.619      3.870      5.489 
      DATA_A_RE                                1120  1028.204   1932.769   2960.974 
        MAN_ALU                                 221   231.042    409.482    640.523 
          ALU_SUB_UNIT                          124   133.036    195.720    328.756 
            CLA_BLOCK_..CLA_4BIT_UNIT            20    24.032     43.075     67.106 
            CLA_BLOCK_..CLA_4BIT_UNIT            18    20.426     29.024     49.450 
            CLA_BLOCK_..CLA_4BIT_UNIT            15    20.130     20.751     40.882 
            CLA_BLOCK_..CLA_4BIT_UNIT            18    19.429     10.879     30.308 
            CLA_BLOCK_..CLA_4BIT_UNIT            18    19.339     20.076     39.416 
            CLA_BLOCK_..CLA_4BIT_UNIT            18    18.352     56.220     74.572 
        NOR_UNIT                                205   143.267    301.871    445.138 
          SHF_left_unit                         142    96.091    216.582    312.673 
        SHF_RIGHT_MAN                           130    80.906    341.173    422.080 
        MAN_SWAP                                 48    76.020    107.885    183.904 
        MAN_SWAP_PRE                             46    72.959    135.640    208.599 
        MAN_COMP_24BIT                           78    71.793    112.016    183.809 
          u_i_data_4                             13    14.047     20.220     34.267 
          u_i_data_2                             13    13.868     17.211     31.079 
          u_i_data_3                             13    13.721     42.182     55.903 
          u_i_data_1                             13    10.579     17.658     28.237 
          u_i_data_5                             10     9.658     11.567     21.224 
          u_i_data_0                             10     5.811      3.093      8.904 
        PSC_UNIT                                 86    64.344     92.588    156.932 
        MAN_RND                                  26    55.852     49.744    105.595 
        EXP_ADJUST                               37    42.344     41.504     83.848 
          CLA_8BIT_UNIT                          30    38.353     41.504     79.858 
            CLA_4BIT_UNIT_0                      18    20.544     24.936     45.481 
            CLA_4BIT_UNIT_1                      11    16.665     16.502     33.167 
        LOPD_24BIT                               58    33.095     28.586     61.681 
          LOPD_16bit_UNIT_MSB                    34    18.929      8.253     27.182 
            LOPD_8bit_unit_0                     14     8.116      1.292      9.408 
            LOPD_8bit_unit_1                     14     6.854      6.961     13.815 
          LOPD_8bit_UNIT_LSB                     14     8.724     19.932     28.656 
        EXP_SUB                                  26    22.853     48.762     71.615 
          CLA_8BIT_UNIT                          21    20.723     46.963     67.686 
            CLA_4BIT_UNIT_0                      18    16.452     46.963     63.415 
            CLA_4BIT_UNIT_1                       2     3.451      0.000      3.451 
        EXP_SWAP                                 13    20.382     26.830     47.212 
        EXP_COM_8BIT                             24    17.946     22.298     40.244 
          COMP_LESS_UNIT                         24    17.946     22.298     40.244 
            u_high                               13    11.602     18.825     30.427 
            u_low                                10     5.202      3.426      8.628 
        EXP_RND                                  15    14.848     17.950     32.799 
        MAN_ALU_PROC_RND                          7     9.030     24.610     33.640 
        SIGN_UNIT                                 1     1.654      3.592      5.247 
      DATA_B_IM                                1121  1026.560   2673.857   3700.416 
        MAN_ALU                                 219   237.982    443.385    681.367 
          ALU_SUB_UNIT                          124   130.549    258.578    389.127 
            CLA_BLOCK_..CLA_4BIT_UNIT            20    23.307     53.196     76.504 
            CLA_BLOCK_..CLA_4BIT_UNIT            18    20.335     30.299     50.634 
            CLA_BLOCK_..CLA_4BIT_UNIT            15    19.632     41.260     60.892 
            CLA_BLOCK_..CLA_4BIT_UNIT            18    19.583     30.435     50.018 
            CLA_BLOCK_..CLA_4BIT_UNIT            18    18.920     43.973     62.893 
            CLA_BLOCK_..CLA_4BIT_UNIT            18    17.547     27.380     44.927 
        NOR_UNIT                                205   140.072    353.180    493.252 
          SHF_left_unit                         142    94.133    255.555    349.688 
        SHF_RIGHT_MAN                           130    78.256    497.022    575.278 
        MAN_SWAP                                 48    75.993    119.640    195.633 
        MAN_COMP_24BIT                           78    73.862    155.812    229.674 
          u_i_data_4                             13    14.924     30.756     45.680 
          u_i_data_3                             13    13.573     34.633     48.206 
          u_i_data_2                             13    12.880     38.598     51.477 
          u_i_data_1                             13    11.704     20.047     31.752 
          u_i_data_5                             10    10.096     10.468     20.564 
          u_i_data_0                             10     6.133     18.626     24.759 
        PSC_UNIT                                 88    69.216    126.355    195.571 
        MAN_SWAP_PRE                             46    64.314    309.284    373.598 
        MAN_RND                                  26    55.354     60.244    115.598 
        EXP_ADJUST                               37    42.095     52.364     94.459 
          CLA_8BIT_UNIT                          30    38.104     52.364     90.469 
            CLA_4BIT_UNIT_0                      18    20.544     24.936     45.481 
            CLA_4BIT_UNIT_1                      11    16.417     27.361     43.778 
        LOPD_24BIT                               58    34.099     40.409     74.509 
          LOPD_16bit_UNIT_MSB                    34    19.204     20.279     39.483 
            LOPD_8bit_unit_0                     14     7.619     11.411     19.030 
            LOPD_8bit_unit_1                     14     7.431      8.818     16.248 
          LOPD_8bit_UNIT_LSB                     14     9.454     19.729     29.183 
        EXP_SUB                                  26    24.784    105.877    130.661 
          CLA_8BIT_UNIT                          21    22.826     96.473    119.300 
            CLA_4BIT_UNIT_0                      18    18.555     96.473    115.029 
            CLA_4BIT_UNIT_1                       2     3.451      0.000      3.451 
        EXP_COM_8BIT                             24    18.393     97.206    115.599 
          COMP_LESS_UNIT                         24    18.393     97.206    115.599 
            u_high                               13    11.952     12.806     24.758 
            u_low                                10     5.319     20.446     25.765 
        EXP_SWAP                                 13    18.071     80.663     98.734 
        EXP_RND                                  15    14.898     22.608     37.506 
        MAN_ALU_PROC_RND                          7     8.987     20.624     29.612 
        SIGN_UNIT                                 2     1.349      3.847      5.195 
      DATA_A_IM                                1120  1014.334   2582.856   3597.190 
        MAN_ALU                                 221   228.323    429.079    657.402 
          ALU_SUB_UNIT                          124   133.080    262.207    395.287 
            CLA_BLOCK_..CLA_4BIT_UNIT            20    23.939     44.195     68.135 
            CLA_BLOCK_..CLA_4BIT_UNIT            18    21.313     26.990     48.303 
            CLA_BLOCK_..CLA_4BIT_UNIT            15    19.992     28.071     48.063 
            CLA_BLOCK_..CLA_4BIT_UNIT            18    19.729     43.992     63.721 
            CLA_BLOCK_..CLA_4BIT_UNIT            18    18.357     42.896     61.254 
            CLA_BLOCK_..CLA_4BIT_UNIT            18    18.332     50.345     68.676 
        NOR_UNIT                                205   140.945    302.895    443.840 
          SHF_left_unit                         142    95.027    219.534    314.561 
        SHF_RIGHT_MAN                           130    78.256    497.022    575.278 
        MAN_SWAP                                 48    76.027    120.031    196.058 
        MAN_COMP_24BIT                           78    73.862    155.867    229.730 
          u_i_data_4                             13    14.924     30.756     45.680 
          u_i_data_3                             13    13.573     34.633     48.206 
          u_i_data_2                             13    12.880     38.653     51.533 
          u_i_data_1                             13    11.704     20.047     31.752 
          u_i_data_5                             10    10.096     10.468     20.564 
          u_i_data_0                             10     6.133     18.626     24.759 
        MAN_SWAP_PRE                             46    64.348    308.570    372.918 
        PSC_UNIT                                 86    64.217    129.666    193.884 
        MAN_RND                                  26    55.595     51.891    107.486 
        EXP_ADJUST                               37    42.095     52.364     94.459 
          CLA_8BIT_UNIT                          30    38.104     52.364     90.469 
            CLA_4BIT_UNIT_0                      18    20.544     24.936     45.481 
            CLA_4BIT_UNIT_1                      11    16.417     27.361     43.778 
        LOPD_24BIT                               58    35.825     45.307     81.132 
          LOPD_16bit_UNIT_MSB                    34    21.661     26.085     47.746 
            LOPD_8bit_unit_0                     14     9.093     18.924     28.018 
            LOPD_8bit_unit_1                     14     8.414      7.109     15.523 
          LOPD_8bit_UNIT_LSB                     14     8.722     18.821     27.543 
        EXP_SUB                                  26    24.784    105.877    130.661 
          CLA_8BIT_UNIT                          21    22.826     96.473    119.300 
            CLA_4BIT_UNIT_0                      18    18.555     96.473    115.029 
            CLA_4BIT_UNIT_1                       2     3.451      0.000      3.451 
        EXP_COM_8BIT                             24    18.393     97.206    115.599 
          COMP_LESS_UNIT                         24    18.393     97.206    115.599 
            u_high                               13    11.952     12.806     24.758 
            u_low                                10     5.319     20.446     25.765 
        EXP_SWAP                                 13    18.071     80.663     98.734 
        EXP_RND                                  15    14.898     22.608     37.506 
        MAN_ALU_PROC_RND                          7     8.987     20.624     29.612 
        SIGN_UNIT                                 1     1.228      0.791      2.019 
    BFU2_UNIT1                                 4480  4098.208   8755.985  12854.193 
      DATA_B_RE                                1120  1031.448   2075.491   3106.939 
        MAN_ALU                                 219   240.747    404.929    645.676 
          ALU_SUB_UNIT                          124   133.645    217.755    351.399 
            CLA_BLOCK_..CLA_4BIT_UNIT            20    22.977     38.627     61.605 
            CLA_BLOCK_..CLA_4BIT_UNIT            18    20.912     11.308     32.220 
            CLA_BLOCK_..CLA_4BIT_UNIT            18    20.520     14.288     34.807 
            CLA_BLOCK_..CLA_4BIT_UNIT            18    20.025     40.429     60.454 
            CLA_BLOCK_..CLA_4BIT_UNIT            15    19.315     38.520     57.835 
            CLA_BLOCK_..CLA_4BIT_UNIT            18    18.518     51.118     69.636 
        NOR_UNIT                                205   142.538    223.080    365.618 
          SHF_left_unit                         142    96.448    159.598    256.046 
        MAN_SWAP                                 48    75.991    104.300    180.291 
        MAN_COMP_24BIT                           78    74.234    101.117    175.350 
          u_i_data_3                             13    14.744     10.578     25.322 
          u_i_data_4                             13    13.972     12.878     26.850 
          u_i_data_2                             13    13.955     22.284     36.239 
          u_i_data_1                             13    11.747     34.734     46.481 
          u_i_data_5                             10     9.950      5.684     15.635 
          u_i_data_0                             10     5.843     12.518     18.361 
        SHF_RIGHT_MAN                           130    73.842    351.660    425.502 
        MAN_SWAP_PRE                             46    64.340    284.802    349.143 
        PSC_UNIT                                 87    62.401     74.951    137.352 
        MAN_RND                                  26    55.665     39.148     94.812 
        EXP_ADJUST                               37    40.937     41.279     82.216 
          CLA_8BIT_UNIT                          30    36.947     41.279     78.225 
            CLA_4BIT_UNIT_0                      18    19.308     24.777     44.084 
            CLA_4BIT_UNIT_1                      11    16.665     16.502     33.167 
        LOPD_24BIT                               58    34.695     43.446     78.141 
          LOPD_16bit_UNIT_MSB                    34    21.705     31.310     53.015 
            LOPD_8bit_unit_0                     14     9.686      7.166     16.852 
            LOPD_8bit_unit_1                     14     7.866     24.092     31.958 
          LOPD_8bit_UNIT_LSB                     14     7.704     12.136     19.840 
        EXP_SUB                                  26    29.689     98.567    128.255 
          CLA_8BIT_UNIT                          21    27.732     93.707    121.439 
            CLA_4BIT_UNIT_0                      18    22.566     76.147     98.713 
            CLA_4BIT_UNIT_1                       2     3.811     17.560     21.371 
        EXP_COM_8BIT                             24    18.999    111.470    130.468 
          COMP_LESS_UNIT                         24    18.999    111.470    130.468 
            u_high                               13    11.994     34.023     46.017 
            u_low                                10     6.044     13.789     19.833 
        EXP_SWAP                                 13    17.972     69.252     87.224 
        EXP_RND                                  15    15.010     18.682     33.692 
        MAN_ALU_PROC_RND                          7     8.987     20.624     29.612 
        SIGN_UNIT                                 2     1.325      3.587      4.912 
      DATA_B_IM                                1120  1026.903   2245.241   3272.144 
        MAN_ALU                                 219   238.935    353.475    592.409 
          ALU_SUB_UNIT                          124   134.349    215.766    350.115 
            CLA_BLOCK_..CLA_4BIT_UNIT            20    21.858     31.023     52.881 
            CLA_BLOCK_..CLA_4BIT_UNIT            18    20.450     12.130     32.580 
            CLA_BLOCK_..CLA_4BIT_UNIT            15    20.369     42.394     62.764 
            CLA_BLOCK_..CLA_4BIT_UNIT            18    20.320     43.230     63.550 
            CLA_BLOCK_..CLA_4BIT_UNIT            18    20.101     33.655     53.756 
            CLA_BLOCK_..CLA_4BIT_UNIT            18    19.542     39.845     59.387 
        NOR_UNIT                                205   145.860    389.632    535.492 
          SHF_left_unit                         142    97.742    281.637    379.380 
        MAN_SWAP                                 48    77.564     82.691    160.254 
        MAN_COMP_24BIT                           78    72.839     97.338    170.177 
          u_i_data_4                             13    14.305     31.594     45.899 
          u_i_data_3                             13    13.145     15.428     28.573 
          u_i_data_2                             13    12.958     18.500     31.458 
          u_i_data_1                             13    11.522     14.298     25.821 
          u_i_data_5                             10    10.161      5.882     16.044 
          u_i_data_0                             10     6.163     11.588     17.750 
        SHF_RIGHT_MAN                           130    72.550    229.095    301.645 
        PSC_UNIT                                 87    67.365    138.210    205.575 
        MAN_SWAP_PRE                             46    64.367    253.304    317.671 
        MAN_RND                                  26    54.410     63.101    117.512 
        EXP_ADJUST                               37    41.743     65.866    107.609 
          CLA_8BIT_UNIT                          30    37.752     65.866    103.618 
            CLA_4BIT_UNIT_0                      18    20.192     38.438     58.631 
            CLA_4BIT_UNIT_1                      11    16.417     27.361     43.778 
        LOPD_24BIT                               58    34.597     71.293    105.890 
          LOPD_16bit_UNIT_MSB                    34    20.488     46.147     66.634 
            LOPD_8bit_unit_0                     14     8.289     23.169     31.457 
            LOPD_8bit_unit_1                     14     7.849     22.875     30.724 
          LOPD_8bit_UNIT_LSB                     14     8.669     24.745     33.414 
        EXP_SUB                                  26    25.675     72.524     98.199 
          CLA_8BIT_UNIT                          21    24.240     64.290     88.530 
            CLA_4BIT_UNIT_0                      18    18.806     57.271     76.078 
            CLA_4BIT_UNIT_1                       2     4.346      4.411      8.757 
        EXP_SWAP                                 13    18.423     87.396    105.819 
        EXP_COM_8BIT                             24    18.140    106.737    124.877 
          COMP_LESS_UNIT                         24    18.140    106.737    124.877 
            u_high                               13    11.354     29.434     40.788 
            u_low                                10     5.815     13.664     19.479 
        EXP_RND                                  15    14.948     27.277     42.226 
        MAN_ALU_PROC_RND                          7     9.552     17.739     27.291 
        SIGN_UNIT                                 2     1.185      0.786      1.971 
      DATA_A_RE                                1120  1021.498   2294.923   3316.421 
        MAN_ALU                                 221   229.349    479.614    708.963 
          ALU_SUB_UNIT                          124   124.968    249.034    374.001 
            CLA_BLOCK_..CLA_4BIT_UNIT            20    23.698     51.588     75.286 
            CLA_BLOCK_..CLA_4BIT_UNIT            15    20.328     37.016     57.344 
            CLA_BLOCK_..CLA_4BIT_UNIT            18    19.150     44.166     63.316 
            CLA_BLOCK_..CLA_4BIT_UNIT            18    18.506     49.394     67.899 
            CLA_BLOCK_..CLA_4BIT_UNIT            18    16.665     30.671     47.336 
            CLA_BLOCK_..CLA_4BIT_UNIT            18    15.385     12.764     28.149 
        NOR_UNIT                                205   141.928    309.511    451.439 
          SHF_left_unit                         142    95.716    224.412    320.128 
        MAN_SWAP                                 48    76.026    103.267    179.293 
        MAN_COMP_24BIT                           78    74.234    101.172    175.406 
          u_i_data_3                             13    14.744     10.578     25.322 
          u_i_data_4                             13    13.972     12.878     26.850 
          u_i_data_2                             13    13.955     22.339     36.294 
          u_i_data_1                             13    11.747     34.734     46.481 
          u_i_data_5                             10     9.950      5.684     15.635 
          u_i_data_0                             10     5.843     12.518     18.361 
        SHF_RIGHT_MAN                           130    73.842    351.660    425.502 
        MAN_SWAP_PRE                             46    64.379    284.096    348.475 
        PSC_UNIT                                 86    64.244     89.508    153.752 
        MAN_RND                                  26    55.328     51.895    107.224 
        EXP_ADJUST                               37    40.937     41.279     82.216 
          CLA_8BIT_UNIT                          30    36.947     41.279     78.225 
            CLA_4BIT_UNIT_0                      18    19.308     24.777     44.084 
            CLA_4BIT_UNIT_1                      11    16.665     16.502     33.167 
        LOPD_24BIT                               58    35.112     63.915     99.028 
          LOPD_16bit_UNIT_MSB                    34    21.042     41.811     62.853 
            LOPD_8bit_unit_0                     14     9.023     17.660     26.683 
            LOPD_8bit_unit_1                     14     7.866     24.099     31.965 
          LOPD_8bit_UNIT_LSB                     14     8.629     21.704     30.333 
        EXP_SUB                                  26    29.689     98.567    128.255 
          CLA_8BIT_UNIT                          21    27.732     93.707    121.439 
            CLA_4BIT_UNIT_0                      18    22.566     76.147     98.713 
            CLA_4BIT_UNIT_1                       2     3.811     17.560     21.371 
        EXP_COM_8BIT                             24    18.999    111.470    130.468 
          COMP_LESS_UNIT                         24    18.999    111.470    130.468 
            u_high                               13    11.994     34.023     46.017 
            u_low                                10     6.044     13.789     19.833 
        EXP_SWAP                                 13    17.972     69.252     87.224 
        EXP_RND                                  15    15.010     18.682     33.692 
        MAN_ALU_PROC_RND                          7     8.987     20.624     29.612 
        SIGN_UNIT                                 1     1.394      0.814      2.208 
      DATA_A_IM                                1120  1018.359   2140.329   3158.688 
        MAN_ALU                                 221   230.970    297.924    528.894 
          ALU_SUB_UNIT                          124   122.053    165.104    287.157 
            CLA_BLOCK_..CLA_4BIT_UNIT            20    24.278     34.283     58.561 
            CLA_BLOCK_..CLA_4BIT_UNIT            15    18.792     45.380     64.173 
            CLA_BLOCK_..CLA_4BIT_UNIT            18    17.726     16.922     34.648 
            CLA_BLOCK_..CLA_4BIT_UNIT            18    17.102     11.047     28.149 
            CLA_BLOCK_..CLA_4BIT_UNIT            18    16.685     22.026     38.711 
            CLA_BLOCK_..CLA_4BIT_UNIT            18    16.137     21.742     37.879 
        NOR_UNIT                                205   146.127    378.029    524.157 
          SHF_left_unit                         142    98.347    272.506    370.853 
        MAN_SWAP                                 48    77.606     83.794    161.400 
        MAN_COMP_24BIT                           78    72.839     97.338    170.177 
          u_i_data_4                             13    14.305     31.594     45.899 
          u_i_data_3                             13    13.145     15.428     28.573 
          u_i_data_2                             13    12.958     18.500     31.458 
          u_i_data_1                             13    11.522     14.298     25.821 
          u_i_data_5                             10    10.161      5.882     16.044 
          u_i_data_0                             10     6.163     11.588     17.750 
        SHF_RIGHT_MAN                           130    72.550    229.095    301.645 
        PSC_UNIT                                 86    66.741    125.659    192.400 
        MAN_SWAP_PRE                             46    64.405    253.304    317.709 
        MAN_RND                                  26    55.911     64.292    120.202 
        EXP_ADJUST                               37    41.743     65.866    107.609 
          CLA_8BIT_UNIT                          30    37.752     65.866    103.618 
            CLA_4BIT_UNIT_0                      18    20.192     38.438     58.631 
            CLA_4BIT_UNIT_1                      11    16.417     27.361     43.778 
        LOPD_24BIT                               58    32.509     43.735     76.244 
          LOPD_16bit_UNIT_MSB                    34    19.716     32.403     52.119 
            LOPD_8bit_unit_1                     14     8.363     15.903     24.265 
            LOPD_8bit_unit_0                     14     7.395     16.500     23.895 
          LOPD_8bit_UNIT_LSB                     14     7.507     11.332     18.839 
        EXP_SUB                                  26    25.675     72.524     98.199 
          CLA_8BIT_UNIT                          21    24.240     64.290     88.530 
            CLA_4BIT_UNIT_0                      18    18.806     57.271     76.078 
            CLA_4BIT_UNIT_1                       2     4.346      4.411      8.757 
        EXP_SWAP                                 13    18.423     87.396    105.819 
        EXP_COM_8BIT                             24    18.140    106.737    124.877 
          COMP_LESS_UNIT                         24    18.140    106.737    124.877 
            u_high                               13    11.354     29.434     40.788 
            u_low                                10     5.815     13.664     19.479 
        EXP_RND                                  15    14.948     27.277     42.226 
        MAN_ALU_PROC_RND                          7     9.552     17.739     27.291 
        SIGN_UNIT                                 1     1.557      4.336      5.893 
  BFU4_17                                      8965  8507.690  14033.885  22541.575 
    BFU2_UNIT0                                 4482  4267.700   7711.577  11979.277 
      DATA_B_RE                                1121  1113.115   1853.804   2966.919 
        MAN_ALU                                 219   268.209    487.242    755.451 
          ALU_SUB_UNIT                          124   141.809    225.738    367.546 
            CLA_BLOCK_..CLA_4BIT_UNIT            20    26.373      0.000     26.373 
            CLA_BLOCK_..CLA_4BIT_UNIT            15    21.832     31.273     53.105 
            CLA_BLOCK_..CLA_4BIT_UNIT            18    21.388     35.429     56.817 
            CLA_BLOCK_..CLA_4BIT_UNIT            18    21.345     34.648     55.993 
            CLA_BLOCK_..CLA_4BIT_UNIT            18    19.663     42.149     61.812 
            CLA_BLOCK_..CLA_4BIT_UNIT            18    19.128     29.567     48.694 
        NOR_UNIT                                205   132.934    398.121    531.054 
          SHF_left_unit                         142    88.723    292.676    381.400 
        PSC_UNIT                                 88   106.373    105.109    211.483 
        MAN_COMP_24BIT                           78    88.710     43.506    132.216 
          u_i_data_2                             13    17.058      0.000     17.058 
          u_i_data_3                             13    16.666      0.000     16.666 
          u_i_data_4                             13    16.666      0.000     16.666 
          u_i_data_1                             13    13.998     22.242     36.240 
          u_i_data_5                             10    11.971      9.794     21.765 
          u_i_data_0                             10     6.446      0.000      6.446 
        MAN_SWAP                                 48    71.501     19.710     91.211 
        SHF_RIGHT_MAN                           130    67.686     68.050    135.736 
        MAN_SWAP_PRE                             46    60.391    117.246    177.637 
        MAN_RND                                  26    55.696     65.920    121.617 
        EXP_ADJUST                               37    40.520     25.183     65.704 
          CLA_8BIT_UNIT                          30    36.530     25.183     61.713 
            CLA_4BIT_UNIT_0                      18    19.387      0.000     19.387 
            CLA_4BIT_UNIT_1                      11    16.169     25.183     41.352 
        LOPD_24BIT                               58    39.710     60.241     99.951 
          LOPD_16bit_UNIT_MSB                    34    21.860     47.213     69.073 
            LOPD_8bit_unit_0                     14     9.114     28.124     37.238 
            LOPD_8bit_unit_1                     14     8.676     19.029     27.705 
          LOPD_8bit_UNIT_LSB                     14    12.253     12.603     24.856 
        EXP_SUB                                  26    26.200     17.560     43.760 
          CLA_8BIT_UNIT                          21    23.549     17.560     41.109 
            CLA_4BIT_UNIT_0                      18    20.160      0.000     20.160 
            CLA_4BIT_UNIT_1                       2     2.742     17.560     20.302 
        EXP_COM_8BIT                             24    21.461     98.528    119.989 
          COMP_LESS_UNIT                         24    21.461     98.528    119.989 
            u_high                               13    13.701     34.888     48.589 
            u_low                                10     6.787      0.000      6.787 
        EXP_SWAP                                 13    17.606     49.676     67.282 
        EXP_RND                                  15    15.385     13.983     29.369 
        MAN_ALU_PROC_RND                          7     9.779      0.000      9.779 
        SIGN_UNIT                                 2     1.384      2.208      3.591 
      DATA_A_RE                                1120  1086.055   1088.533   2174.588 
        MAN_ALU                                 221   243.904    210.789    454.693 
          ALU_SUB_UNIT                          124   131.606     48.368    179.974 
            CLA_BLOCK_..CLA_4BIT_UNIT            20    21.739      0.000     21.739 
            CLA_BLOCK_..CLA_4BIT_UNIT            18    19.937     20.479     40.416 
            CLA_BLOCK_..CLA_4BIT_UNIT            18    19.936      0.000     19.936 
            CLA_BLOCK_..CLA_4BIT_UNIT            15    19.928      0.000     19.928 
            CLA_BLOCK_..CLA_4BIT_UNIT            18    19.910      0.000     19.910 
            CLA_BLOCK_..CLA_4BIT_UNIT            18    19.594     24.445     44.040 
        NOR_UNIT                                205   126.533     76.505    203.038 
          SHF_left_unit                         142    85.063     55.288    140.351 
        PSC_UNIT                                 86   105.636     97.558    203.195 
        MAN_COMP_24BIT                           78    88.710     43.506    132.216 
          u_i_data_2                             13    17.058      0.000     17.058 
          u_i_data_3                             13    16.666      0.000     16.666 
          u_i_data_4                             13    16.666      0.000     16.666 
          u_i_data_1                             13    13.998     22.242     36.240 
          u_i_data_5                             10    11.971      9.794     21.765 
          u_i_data_0                             10     6.446      0.000      6.446 
        MAN_SWAP                                 48    71.527     20.655     92.182 
        SHF_RIGHT_MAN                           130    67.686     68.050    135.736 
        MAN_SWAP_PRE                             46    60.417    117.246    177.663 
        MAN_RND                                  26    55.482     12.741     68.223 
        LOPD_24BIT                               58    45.286     10.206     55.492 
          LOPD_16bit_UNIT_MSB                    34    28.034      1.057     29.091 
            LOPD_8bit_unit_0                     14    13.297      0.000     13.297 
            LOPD_8bit_unit_1                     14    10.557      1.057     11.614 
          LOPD_8bit_UNIT_LSB                     14    11.810      9.124     20.934 
        EXP_ADJUST                               37    40.520     25.183     65.704 
          CLA_8BIT_UNIT                          30    36.530     25.183     61.713 
            CLA_4BIT_UNIT_0                      18    19.387      0.000     19.387 
            CLA_4BIT_UNIT_1                      11    16.169     25.183     41.352 
        EXP_SUB                                  26    26.200     17.560     43.760 
          CLA_8BIT_UNIT                          21    23.549     17.560     41.109 
            CLA_4BIT_UNIT_0                      18    20.160      0.000     20.160 
            CLA_4BIT_UNIT_1                       2     2.742     17.560     20.302 
        EXP_COM_8BIT                             24    21.461     98.528    119.989 
          COMP_LESS_UNIT                         24    21.461     98.528    119.989 
            u_high                               13    13.701     34.888     48.589 
            u_low                                10     6.787      0.000      6.787 
        EXP_SWAP                                 13    17.606     49.676     67.282 
        EXP_RND                                  15    15.385     13.983     29.369 
        MAN_ALU_PROC_RND                          7     9.779      0.000      9.779 
        SIGN_UNIT                                 1     1.418      4.089      5.507 
      DATA_B_IM                                1121  1039.957   2593.958   3633.915 
        MAN_ALU                                 219   243.737    676.126    919.863 
          ALU_SUB_UNIT                          124   122.563    321.288    443.851 
            CLA_BLOCK_..CLA_4BIT_UNIT            20    24.141     68.661     92.803 
            CLA_BLOCK_..CLA_4BIT_UNIT            15    18.867     49.480     68.347 
            CLA_BLOCK_..CLA_4BIT_UNIT            18    17.498     47.512     65.010 
            CLA_BLOCK_..CLA_4BIT_UNIT            18    17.252     26.660     43.912 
            CLA_BLOCK_..CLA_4BIT_UNIT            18    17.111     48.478     65.588 
            CLA_BLOCK_..CLA_4BIT_UNIT            18    17.076     48.881     65.957 
        NOR_UNIT                                205   137.716    551.699    689.414 
          SHF_left_unit                         142    92.382    402.632    495.014 
        PSC_UNIT                                 88    82.360    203.908    286.268 
        MAN_COMP_24BIT                           78    78.580    157.318    235.899 
          u_i_data_2                             13    14.320     29.532     43.852 
          u_i_data_3                             13    14.305     31.596     45.901 
          u_i_data_4                             13    14.305     31.594     45.899 
          u_i_data_1                             13    12.942     24.825     37.767 
          u_i_data_5                             10    10.875     21.043     31.918 
          u_i_data_0                             10     6.438     17.381     23.820 
        MAN_SWAP                                 48    76.029    132.408    208.436 
        SHF_RIGHT_MAN                           130    67.282    119.999    187.281 
        MAN_SWAP_PRE                             46    57.070    127.584    184.654 
        MAN_RND                                  26    56.139     91.407    147.546 
        EXP_ADJUST                               37    41.227     38.696     79.923 
          CLA_8BIT_UNIT                          30    37.236     38.696     75.932 
            CLA_4BIT_UNIT_0                      18    19.846     11.335     31.180 
            CLA_4BIT_UNIT_1                      11    16.417     27.361     43.778 
        LOPD_24BIT                               58    36.651     79.339    115.990 
          LOPD_16bit_UNIT_MSB                    34    21.383     48.270     69.653 
            LOPD_8bit_unit_0                     14     9.114     28.124     37.238 
            LOPD_8bit_unit_1                     14     8.199     20.085     28.284 
          LOPD_8bit_UNIT_LSB                     14     9.826     31.045     40.871 
        EXP_SUB                                  26    25.632     49.859     75.491 
          CLA_8BIT_UNIT                          21    22.981     49.859     72.840 
            CLA_4BIT_UNIT_0                      18    19.505     32.272     51.778 
            CLA_4BIT_UNIT_1                       2     2.742     17.560     20.302 
        EXP_COM_8BIT                             24    19.581     39.290     58.871 
          COMP_LESS_UNIT                         24    19.581     39.290     58.871 
            u_high                               13    11.716     24.266     35.981 
            u_low                                10     7.064     14.957     22.022 
        EXP_SWAP                                 13    15.434     22.248     37.683 
        EXP_RND                                  15    15.147     17.939     33.086 
        MAN_ALU_PROC_RND                          7     9.779      0.000      9.779 
        SIGN_UNIT                                 2     1.202      3.600      4.802 
      DATA_A_IM                                1120  1028.572   2175.282   3203.855 
        MAN_ALU                                 221   241.611    581.324    822.935 
          ALU_SUB_UNIT                          124   134.000    346.848    480.848 
            CLA_BLOCK_..CLA_4BIT_UNIT            20    22.503     47.901     70.404 
            CLA_BLOCK_..CLA_4BIT_UNIT            18    20.548     42.672     63.220 
            CLA_BLOCK_..CLA_4BIT_UNIT            15    20.420     49.895     70.315 
            CLA_BLOCK_..CLA_4BIT_UNIT            18    19.659     54.138     73.797 
            CLA_BLOCK_..CLA_4BIT_UNIT            18    19.625     54.878     74.503 
            CLA_BLOCK_..CLA_4BIT_UNIT            18    19.081     50.868     69.949 
        NOR_UNIT                                205   125.541    344.053    469.594 
          SHF_left_unit                         142    84.603    234.680    319.283 
        PSC_UNIT                                 86    80.957    200.865    281.822 
        MAN_COMP_24BIT                           78    78.580    157.373    235.954 
          u_i_data_2                             13    14.320     29.587     43.907 
          u_i_data_3                             13    14.305     31.596     45.901 
          u_i_data_4                             13    14.305     31.594     45.899 
          u_i_data_1                             13    12.942     24.825     37.767 
          u_i_data_5                             10    10.875     21.043     31.918 
          u_i_data_0                             10     6.438     17.381     23.820 
        MAN_SWAP                                 48    76.063    132.641    208.704 
        SHF_RIGHT_MAN                           130    67.282    119.999    187.281 
        MAN_SWAP_PRE                             46    57.105    126.851    183.956 
        MAN_RND                                  26    55.003     23.863     78.867 
        LOPD_24BIT                               58    44.203     66.281    110.484 
          LOPD_16bit_UNIT_MSB                    34    29.084     17.505     46.589 
            LOPD_8bit_unit_0                     14    13.297      0.000     13.297 
            LOPD_8bit_unit_1                     14    12.159      6.664     18.824 
          LOPD_8bit_UNIT_LSB                     14    10.021     35.948     45.969 
        EXP_ADJUST                               37    40.214     48.463     88.677 
          CLA_8BIT_UNIT                          30    36.035     43.302     79.337 
            CLA_4BIT_UNIT_0                      18    18.645     15.940     34.585 
            CLA_4BIT_UNIT_1                      11    16.417     27.361     43.778 
        EXP_SUB                                  26    25.632     49.859     75.491 
          CLA_8BIT_UNIT                          21    22.981     49.859     72.840 
            CLA_4BIT_UNIT_0                      18    19.505     32.272     51.778 
            CLA_4BIT_UNIT_1                       2     2.742     17.560     20.302 
        EXP_COM_8BIT                             24    19.581     39.290     58.871 
          COMP_LESS_UNIT                         24    19.581     39.290     58.871 
            u_high                               13    11.716     24.266     35.981 
            u_low                                10     7.064     14.957     22.022 
        EXP_SWAP                                 13    15.434     22.248     37.683 
        EXP_RND                                  15    15.110     18.671     33.780 
        MAN_ALU_PROC_RND                          7     9.779      0.000      9.779 
        SIGN_UNIT                                 1     1.235      3.312      4.547 
    BFU2_UNIT1                                 4482  4239.633   6315.478  10555.111 
      DATA_B_RE                                1121  1092.871   1873.648   2966.519 
        MAN_ALU                                 219   264.441    432.830    697.271 
          ALU_SUB_UNIT                          124   140.386    183.969    324.354 
            CLA_BLOCK_..CLA_4BIT_UNIT            20    26.373      0.000     26.373 
            CLA_BLOCK_..CLA_4BIT_UNIT            15    21.832     31.273     53.105 
            CLA_BLOCK_..CLA_4BIT_UNIT            18    21.388     35.429     56.817 
            CLA_BLOCK_..CLA_4BIT_UNIT            18    20.220      0.000     20.220 
            CLA_BLOCK_..CLA_4BIT_UNIT            18    19.663     42.149     61.812 
            CLA_BLOCK_..CLA_4BIT_UNIT            18    19.381     35.840     55.221 
        NOR_UNIT                                205   131.375    338.486    469.860 
          SHF_left_unit                         142    87.541    248.029    335.570 
        PSC_UNIT                                 88   104.489     88.753    193.242 
        MAN_COMP_24BIT                           78    89.771     42.023    131.793 
          u_i_data_3                             13    16.666      0.000     16.666 
          u_i_data_4                             13    16.666      0.000     16.666 
          u_i_data_2                             13    16.308     23.364     39.671 
          u_i_data_1                             13    15.676      0.000     15.676 
          u_i_data_5                             10    11.971      9.794     21.765 
          u_i_data_0                             10     6.446      0.000      6.446 
        MAN_SWAP                                 48    71.259     16.445     87.705 
        SHF_RIGHT_MAN                           130    66.303    151.173    217.476 
        MAN_SWAP_PRE                             46    60.399    112.866    173.265 
        MAN_RND                                  26    55.658     57.133    112.791 
        EXP_ADJUST                               37    42.017     75.651    117.668 
          CLA_8BIT_UNIT                          30    38.027     75.651    113.678 
            CLA_4BIT_UNIT_0                      18    20.218     50.401     70.619 
            CLA_4BIT_UNIT_1                      11    16.665     25.183     41.849 
        LOPD_24BIT                               58    41.077     45.440     86.517 
          LOPD_16bit_UNIT_MSB                    34    22.042     45.440     67.482 
            LOPD_8bit_unit_0                     14     9.296     26.351     35.647 
            LOPD_8bit_unit_1                     14     8.676     19.029     27.705 
          LOPD_8bit_UNIT_LSB                     14    13.438      0.000     13.438 
        EXP_SUB                                  26    24.680    105.498    130.178 
          CLA_8BIT_UNIT                          21    22.376    100.954    123.330 
            CLA_4BIT_UNIT_0                      18    18.192    100.927    119.118 
            CLA_4BIT_UNIT_1                       2     3.451      0.000      3.451 
        EXP_COM_8BIT                             24    19.101    101.323    120.423 
          COMP_LESS_UNIT                         24    19.101    101.323    120.423 
            u_high                               13    11.983     24.305     36.289 
            u_low                                10     6.146     13.377     19.523 
        EXP_SWAP                                 13    18.442     86.505    104.947 
        EXP_RND                                  15    15.125     31.929     47.053 
        MAN_ALU_PROC_RND                          7     9.779      0.000      9.779 
        SIGN_UNIT                                 2     1.383      2.208      3.590 
      DATA_A_RE                                1120  1069.497   1265.872   2335.370 
        MAN_ALU                                 221   242.108    196.035    438.143 
          ALU_SUB_UNIT                          124   131.714     39.482    171.196 
            CLA_BLOCK_..CLA_4BIT_UNIT            20    21.739      0.000     21.739 
            CLA_BLOCK_..CLA_4BIT_UNIT            18    20.044     11.593     31.637 
            CLA_BLOCK_..CLA_4BIT_UNIT            18    19.936      0.000     19.936 
            CLA_BLOCK_..CLA_4BIT_UNIT            15    19.928      0.000     19.928 
            CLA_BLOCK_..CLA_4BIT_UNIT            18    19.910      0.000     19.910 
            CLA_BLOCK_..CLA_4BIT_UNIT            18    19.594     24.445     44.040 
        NOR_UNIT                                205   125.714     41.196    166.910 
          SHF_left_unit                         142    84.267     28.647    112.914 
        PSC_UNIT                                 86   105.077     98.984    204.061 
        MAN_COMP_24BIT                           78    89.771     42.023    131.794 
          u_i_data_3                             13    16.666      0.000     16.666 
          u_i_data_4                             13    16.666      0.000     16.666 
          u_i_data_2                             13    16.308     23.364     39.672 
          u_i_data_1                             13    15.676      0.000     15.676 
          u_i_data_5                             10    11.971      9.794     21.765 
          u_i_data_0                             10     6.446      0.000      6.446 
        MAN_SWAP                                 48    71.285     16.445     87.731 
        SHF_RIGHT_MAN                           130    66.303    151.173    217.476 
        MAN_SWAP_PRE                             46    60.425    112.866    173.291 
        MAN_RND                                  26    55.463      8.349     63.812 
        LOPD_24BIT                               58    47.143     23.559     70.702 
          LOPD_16bit_UNIT_MSB                    34    28.108     23.559     51.667 
            LOPD_8bit_unit_0                     14    13.092     22.338     35.430 
            LOPD_8bit_unit_1                     14    10.557      1.057     11.614 
          LOPD_8bit_UNIT_LSB                     14    13.438      0.000     13.438 
        EXP_ADJUST                               37    42.017     75.651    117.668 
          CLA_8BIT_UNIT                          30    38.027     75.651    113.678 
            CLA_4BIT_UNIT_0                      18    20.218     50.401     70.619 
            CLA_4BIT_UNIT_1                      11    16.665     25.183     41.849 
        EXP_SUB                                  26    24.680    105.498    130.178 
          CLA_8BIT_UNIT                          21    22.376    100.954    123.330 
            CLA_4BIT_UNIT_0                      18    18.192    100.927    119.118 
            CLA_4BIT_UNIT_1                       2     3.451      0.000      3.451 
        EXP_COM_8BIT                             24    19.101    101.323    120.423 
          COMP_LESS_UNIT                         24    19.101    101.323    120.423 
            u_high                               13    11.983     24.305     36.289 
            u_low                                10     6.146     13.377     19.523 
        EXP_SWAP                                 13    18.442     86.505    104.947 
        EXP_RND                                  15    15.125     31.929     47.053 
        MAN_ALU_PROC_RND                          7     9.779      0.000      9.779 
        SIGN_UNIT                                 1     1.417      4.089      5.506 
      DATA_B_IM                                1121  1038.878   1359.838   2398.716 
        MAN_ALU                                 219   244.405    535.792    780.197 
          ALU_SUB_UNIT                          124   135.781    354.192    489.972 
            CLA_BLOCK_..CLA_4BIT_UNIT            20    24.032     51.515     75.548 
            CLA_BLOCK_..CLA_4BIT_UNIT            15    20.293     47.179     67.472 
            CLA_BLOCK_..CLA_4BIT_UNIT            18    20.218     44.095     64.313 
            CLA_BLOCK_..CLA_4BIT_UNIT            18    19.818     45.060     64.878 
            CLA_BLOCK_..CLA_4BIT_UNIT            18    19.592     51.746     71.337 
            CLA_BLOCK_..CLA_4BIT_UNIT            18    19.557     52.007     71.565 
        NOR_UNIT                                205   114.527    261.711    376.238 
          SHF_left_unit                         142    77.270    195.057    272.328 
        PSC_UNIT                                 88    99.821     83.112    182.933 
        MAN_COMP_24BIT                           78    88.710     43.506    132.216 
          u_i_data_2                             13    17.058      0.000     17.058 
          u_i_data_3                             13    16.666      0.000     16.666 
          u_i_data_4                             13    16.666      0.000     16.666 
          u_i_data_1                             13    13.998     22.242     36.240 
          u_i_data_5                             10    11.971      9.794     21.765 
          u_i_data_0                             10     6.446      0.000      6.446 
        MAN_SWAP                                 48    71.501     19.710     91.211 
        SHF_RIGHT_MAN                           130    67.686     68.050    135.736 
        MAN_RND                                  26    55.381     12.762     68.143 
        MAN_SWAP_PRE                             46    51.983     10.513     62.495 
        LOPD_24BIT                               58    45.953     56.137    102.089 
          LOPD_16bit_UNIT_MSB                    34    28.696     18.746     47.441 
            LOPD_8bit_unit_0                     14    13.291      0.000     13.291 
            LOPD_8bit_unit_1                     14    11.780      7.905     19.685 
          LOPD_8bit_UNIT_LSB                     14    11.810      9.117     20.927 
        EXP_ADJUST                               37    40.193     56.144     96.337 
          CLA_8BIT_UNIT                          30    35.421     39.951     75.373 
            CLA_4BIT_UNIT_0                      18    19.366      5.415     24.781 
            CLA_4BIT_UNIT_1                      11    14.886     34.495     49.380 
        EXP_SUB                                  26    26.200     17.560     43.760 
          CLA_8BIT_UNIT                          21    23.549     17.560     41.109 
            CLA_4BIT_UNIT_0                      18    20.160      0.000     20.160 
            CLA_4BIT_UNIT_1                       2     2.742     17.560     20.302 
        EXP_COM_8BIT                             24    18.997     27.008     46.005 
          COMP_LESS_UNIT                         24    18.997     27.008     46.005 
            u_high                               13    11.393     27.008     38.402 
            u_low                                10     6.787      0.000      6.787 
        EXP_RND                                  15    15.147     17.939     33.086 
        EXP_SWAP                                 13    14.972     10.748     25.720 
        MAN_ALU_PROC_RND                          7     9.779      0.000      9.779 
        SIGN_UNIT                                 2     0.972      2.200      3.172 
      DATA_A_IM                                1120  1038.387   1816.119   2854.506 
        MAN_ALU                                 221   240.645    541.429    782.074 
          ALU_SUB_UNIT                          124   136.775    260.125    396.900 
            CLA_BLOCK_..CLA_4BIT_UNIT            20    24.021     52.573     76.594 
            CLA_BLOCK_..CLA_4BIT_UNIT            18    20.405     46.774     67.179 
            CLA_BLOCK_..CLA_4BIT_UNIT            18    20.371     47.491     67.862 
            CLA_BLOCK_..CLA_4BIT_UNIT            15    20.139     42.572     62.711 
            CLA_BLOCK_..CLA_4BIT_UNIT            18    19.604     30.089     49.693 
            CLA_BLOCK_..CLA_4BIT_UNIT            18    19.317     32.013     51.330 
        NOR_UNIT                                205   122.057    583.732    705.789 
          SHF_left_unit                         142    80.432    431.571    512.003 
        PSC_UNIT                                 86    99.645     77.042    176.687 
        MAN_COMP_24BIT                           78    88.710     43.506    132.216 
          u_i_data_2                             13    17.058      0.000     17.058 
          u_i_data_3                             13    16.666      0.000     16.666 
          u_i_data_4                             13    16.666      0.000     16.666 
          u_i_data_1                             13    13.998     22.242     36.240 
          u_i_data_5                             10    11.971      9.794     21.765 
          u_i_data_0                             10     6.446      0.000      6.446 
        MAN_SWAP                                 48    71.527     20.655     92.182 
        SHF_RIGHT_MAN                           130    67.686     68.050    135.736 
        MAN_RND                                  26    55.690     65.942    121.631 
        MAN_SWAP_PRE                             46    52.008     10.513     62.521 
        EXP_ADJUST                               37    41.705     33.921     75.625 
          CLA_8BIT_UNIT                          30    37.647     28.751     66.398 
            CLA_4BIT_UNIT_0                      18    19.852     10.879     30.731 
            CLA_4BIT_UNIT_1                      11    16.821     17.872     34.693 
        LOPD_24BIT                               58    40.004    107.579    147.583 
          LOPD_16bit_UNIT_MSB                    34    22.326     66.290     88.616 
            LOPD_8bit_unit_1                     14     9.500     26.848     36.348 
            LOPD_8bit_unit_0                     14     9.090     28.399     37.490 
          LOPD_8bit_UNIT_LSB                     14    12.253     12.614     24.868 
        EXP_SUB                                  26    26.200     17.560     43.760 
          CLA_8BIT_UNIT                          21    23.549     17.560     41.109 
            CLA_4BIT_UNIT_0                      18    20.160      0.000     20.160 
            CLA_4BIT_UNIT_1                       2     2.742     17.560     20.302 
        EXP_COM_8BIT                             24    18.997     27.008     46.005 
          COMP_LESS_UNIT                         24    18.997     27.008     46.005 
            u_high                               13    11.393     27.008     38.402 
            u_low                                10     6.787      0.000      6.787 
        EXP_RND                                  15    15.097     13.281     28.378 
        EXP_SWAP                                 13    14.972     10.748     25.720 
        MAN_ALU_PROC_RND                          7     9.779      0.000      9.779 
        SIGN_UNIT                                 1     1.289      3.279      4.568 
  BFU4_06                                      8965  8385.134  22898.628  31283.762 
    BFU2_UNIT0                                 4482  4222.044  10335.269  14557.313 
      DATA_B_RE                                1121  1080.235   2622.441   3702.675 
        MAN_ALU                                 219   251.079    542.202    793.281 
          ALU_SUB_UNIT                          124   137.781    321.730    459.510 
            CLA_BLOCK_..CLA_4BIT_UNIT            20    24.141     68.661     92.803 
            CLA_BLOCK_..CLA_4BIT_UNIT            15    21.832     31.273     53.105 
            CLA_BLOCK_..CLA_4BIT_UNIT            18    21.388     35.429     56.817 
            CLA_BLOCK_..CLA_4BIT_UNIT            18    20.384     41.448     61.832 
            CLA_BLOCK_..CLA_4BIT_UNIT            18    20.248     39.097     59.344 
            CLA_BLOCK_..CLA_4BIT_UNIT            18    17.753     50.903     68.657 
        NOR_UNIT                                205   128.024    710.423    838.447 
          SHF_left_unit                         142    82.577    500.602    583.179 
        PSC_UNIT                                 88    96.068    123.905    219.973 
        MAN_COMP_24BIT                           78    88.179     91.876    180.055 
          u_i_data_3                             13    16.666      0.000     16.666 
          u_i_data_4                             13    16.666      0.000     16.666 
          u_i_data_2                             13    16.303     22.182     38.486 
          u_i_data_1                             13    13.212     35.772     48.984 
          u_i_data_5                             10    13.099      5.158     18.258 
          u_i_data_0                             10     6.438     17.381     23.820 
        MAN_SWAP                                 48    72.875     50.223    123.098 
        MAN_SWAP_PRE                             46    70.436     39.458    109.894 
        SHF_RIGHT_MAN                           130    66.114    209.432    275.546 
        MAN_RND                                  26    55.721     91.864    147.585 
        EXP_ADJUST                               37    40.533     75.843    116.375 
          CLA_8BIT_UNIT                          30    35.050     64.402     99.452 
            CLA_4BIT_UNIT_0                      18    19.539     33.709     53.248 
            CLA_4BIT_UNIT_1                      11    14.146     30.693     44.840 
        LOPD_24BIT                               58    37.133    130.359    167.492 
          LOPD_16bit_UNIT_MSB                    34    22.721     71.382     94.103 
            LOPD_8bit_unit_1                     14     9.558     30.647     40.204 
            LOPD_8bit_unit_0                     14     9.296     26.351     35.647 
          LOPD_8bit_UNIT_LSB                     14     9.060     29.365     38.425 
        EXP_SUB                                  26    29.200    124.095    153.295 
          CLA_8BIT_UNIT                          21    26.723    121.350    148.073 
            CLA_4BIT_UNIT_0                      18    22.552    114.036    136.588 
            CLA_4BIT_UNIT_1                       2     3.275      4.411      7.686 
        EXP_SWAP                                 13    20.134     18.309     38.444 
        EXP_COM_8BIT                             24    20.097     38.315     58.412 
          COMP_LESS_UNIT                         24    20.097     38.315     58.412 
            u_high                               13    11.915     23.291     35.206 
            u_low                                10     7.064     14.957     22.022 
        EXP_RND                                  15    15.212     27.963     43.175 
        MAN_ALU_PROC_RND                          7     9.779      0.000      9.779 
        SIGN_UNIT                                 2     1.565      3.578      5.143 
      DATA_A_RE                                1120  1062.043   1915.847   2977.890 
        MAN_ALU                                 221   234.276    251.774    486.050 
          ALU_SUB_UNIT                          124   133.572    127.868    261.439 
            CLA_BLOCK_..CLA_4BIT_UNIT            20    22.503     47.901     70.404 
            CLA_BLOCK_..CLA_4BIT_UNIT            18    20.060     49.612     69.672 
            CLA_BLOCK_..CLA_4BIT_UNIT            18    20.037     11.775     31.812 
            CLA_BLOCK_..CLA_4BIT_UNIT            18    19.936      0.000     19.936 
            CLA_BLOCK_..CLA_4BIT_UNIT            15    19.928      0.000     19.928 
            CLA_BLOCK_..CLA_4BIT_UNIT            18    19.759     13.633     33.391 
        NOR_UNIT                                205   119.469    443.648    563.117 
          SHF_left_unit                         142    80.250    330.734    410.983 
        PSC_UNIT                                 86    95.750    134.375    230.125 
        MAN_COMP_24BIT                           78    88.179     91.876    180.055 
          u_i_data_3                             13    16.666      0.000     16.666 
          u_i_data_4                             13    16.666      0.000     16.666 
          u_i_data_2                             13    16.303     22.183     38.486 
          u_i_data_1                             13    13.212     35.772     48.984 
          u_i_data_5                             10    13.099      5.158     18.258 
          u_i_data_0                             10     6.438     17.381     23.820 
        MAN_SWAP                                 48    72.901     50.695    123.596 
        MAN_SWAP_PRE                             46    70.462     39.458    109.920 
        SHF_RIGHT_MAN                           130    66.114    209.432    275.546 
        MAN_RND                                  26    55.893     39.132     95.026 
        LOPD_24BIT                               58    44.213    116.979    161.192 
          LOPD_16bit_UNIT_MSB                    34    29.707     59.338     89.045 
            LOPD_8bit_unit_0                     14    13.222     41.477     54.699 
            LOPD_8bit_unit_1                     14    12.165      6.664     18.830 
          LOPD_8bit_UNIT_LSB                     14     9.060     29.366     38.426 
        EXP_ADJUST                               37    41.705     42.602     84.307 
          CLA_8BIT_UNIT                          30    37.647     37.433     75.079 
            CLA_4BIT_UNIT_0                      18    19.852     10.879     30.731 
            CLA_4BIT_UNIT_1                      11    16.821     26.553     43.375 
        EXP_SUB                                  26    29.200    124.095    153.295 
          CLA_8BIT_UNIT                          21    26.723    121.350    148.073 
            CLA_4BIT_UNIT_0                      18    22.552    114.036    136.588 
            CLA_4BIT_UNIT_1                       2     3.275      4.411      7.686 
        EXP_SWAP                                 13    20.134     18.309     38.444 
        EXP_COM_8BIT                             24    20.097     38.315     58.412 
          COMP_LESS_UNIT                         24    20.097     38.315     58.412 
            u_high                               13    11.915     23.291     35.206 
            u_low                                10     7.064     14.957     22.022 
        EXP_RND                                  15    15.274     17.921     33.195 
        MAN_ALU_PROC_RND                          7     9.779      0.000      9.779 
        SIGN_UNIT                                 1     1.600      3.300      4.900 
      DATA_B_IM                                1121  1043.870   3118.147   4162.018 
        MAN_ALU                                 219   242.200    717.089    959.289 
          ALU_SUB_UNIT                          124   122.849    331.665    454.514 
            CLA_BLOCK_..CLA_4BIT_UNIT            20    24.141     68.661     92.803 
            CLA_BLOCK_..CLA_4BIT_UNIT            15    18.867     49.480     68.347 
            CLA_BLOCK_..CLA_4BIT_UNIT            18    17.498     47.512     65.010 
            CLA_BLOCK_..CLA_4BIT_UNIT            18    17.458     44.647     62.105 
            CLA_BLOCK_..CLA_4BIT_UNIT            18    17.111     48.478     65.588 
            CLA_BLOCK_..CLA_4BIT_UNIT            18    17.076     48.881     65.957 
        NOR_UNIT                                205   139.343    612.255    751.598 
          SHF_left_unit                         142    93.626    449.493    543.119 
        PSC_UNIT                                 88    81.588    176.313    257.902 
        MAN_COMP_24BIT                           78    77.933    228.960    306.893 
          u_i_data_2                             13    14.320     29.532     43.852 
          u_i_data_3                             13    14.305     31.596     45.901 
          u_i_data_4                             13    14.305     31.594     45.899 
          u_i_data_1                             13    12.676     29.833     42.509 
          u_i_data_5                             10    10.875     21.043     31.918 
          u_i_data_0                             10     6.438     17.381     23.820 
        SHF_RIGHT_MAN                           130    70.941    155.339    226.280 
        MAN_SWAP                                 48    67.479    235.012    302.492 
        MAN_SWAP_PRE                             46    64.992    296.538    361.530 
        MAN_RND                                  26    56.177    100.196    156.374 
        EXP_ADJUST                               37    40.789     29.031     69.820 
          CLA_8BIT_UNIT                          30    36.798     29.031     65.829 
            CLA_4BIT_UNIT_0                      18    19.387      0.000     19.387 
            CLA_4BIT_UNIT_1                      11    16.437     29.031     45.468 
        LOPD_24BIT                               58    35.354     72.601    107.954 
          LOPD_16bit_UNIT_MSB                    34    21.383     48.270     69.653 
            LOPD_8bit_unit_0                     14     9.114     28.124     37.238 
            LOPD_8bit_unit_1                     14     8.199     20.085     28.284 
          LOPD_8bit_UNIT_LSB                     14     8.530     23.930     32.460 
        EXP_SUB                                  26    26.732     18.591     45.323 
          CLA_8BIT_UNIT                          21    24.255     16.791     41.046 
            CLA_4BIT_UNIT_0                      18    20.160      0.000     20.160 
            CLA_4BIT_UNIT_1                       2     3.448     16.791     20.239 
        EXP_COM_8BIT                             24    20.405     88.770    109.175 
          COMP_LESS_UNIT                         24    20.405     88.770    109.175 
            u_high                               13    12.645     25.130     37.775 
            u_low                                10     6.787      0.000      6.787 
        EXP_SWAP                                 13    17.671     52.891     70.562 
        EXP_RND                                  15    15.385     13.955     29.340 
        MAN_ALU_PROC_RND                          7     9.779      0.000      9.779 
        SIGN_UNIT                                 2     1.202      3.600      4.802 
      DATA_A_IM                                1120  1035.896   2678.834   3714.730 
        MAN_ALU                                 221   239.527    604.632    844.159 
          ALU_SUB_UNIT                          124   133.423    355.289    488.712 
            CLA_BLOCK_..CLA_4BIT_UNIT            20    22.503     47.901     70.404 
            CLA_BLOCK_..CLA_4BIT_UNIT            15    20.420     49.895     70.315 
            CLA_BLOCK_..CLA_4BIT_UNIT            18    19.972     51.112     71.084 
            CLA_BLOCK_..CLA_4BIT_UNIT            18    19.659     54.138     73.797 
            CLA_BLOCK_..CLA_4BIT_UNIT            18    19.625     54.878     74.503 
            CLA_BLOCK_..CLA_4BIT_UNIT            18    19.081     50.868     69.949 
        NOR_UNIT                                205   127.126    369.402    496.528 
          SHF_left_unit                         142    85.844    244.822    330.665 
        PSC_UNIT                                 86    82.634    193.421    276.055 
        MAN_COMP_24BIT                           78    77.933    229.015    306.948 
          u_i_data_2                             13    14.320     29.587     43.907 
          u_i_data_3                             13    14.305     31.596     45.901 
          u_i_data_4                             13    14.305     31.594     45.899 
          u_i_data_1                             13    12.676     29.833     42.509 
          u_i_data_5                             10    10.875     21.043     31.918 
          u_i_data_0                             10     6.438     17.381     23.820 
        SHF_RIGHT_MAN                           130    70.941    155.339    226.280 
        MAN_SWAP                                 48    67.518    235.967    303.485 
        MAN_SWAP_PRE                             46    65.022    295.832    360.854 
        MAN_RND                                  26    55.041     32.651     87.692 
        LOPD_24BIT                               58    42.664     54.239     96.903 
          LOPD_16bit_UNIT_MSB                    34    29.084     17.505     46.589 
            LOPD_8bit_unit_0                     14    13.297      0.000     13.297 
            LOPD_8bit_unit_1                     14    12.159      6.664     18.824 
          LOPD_8bit_UNIT_LSB                     14     8.530     23.930     32.460 
        EXP_ADJUST                               37    41.439     45.071     86.511 
          CLA_8BIT_UNIT                          30    37.260     39.910     77.171 
            CLA_4BIT_UNIT_0                      18    19.849     10.879     30.728 
            CLA_4BIT_UNIT_1                      11    16.437     29.031     45.468 
        EXP_SUB                                  26    26.732     18.591     45.323 
          CLA_8BIT_UNIT                          21    24.255     16.791     41.046 
            CLA_4BIT_UNIT_0                      18    20.160      0.000     20.160 
            CLA_4BIT_UNIT_1                       2     3.448     16.791     20.239 
        EXP_COM_8BIT                             24    20.405     88.770    109.175 
          COMP_LESS_UNIT                         24    20.405     88.770    109.175 
            u_high                               13    12.645     25.130     37.775 
            u_low                                10     6.787      0.000      6.787 
        EXP_SWAP                                 13    17.671     52.891     70.562 
        EXP_RND                                  15    15.373     17.893     33.266 
        MAN_ALU_PROC_RND                          7     9.779      0.000      9.779 
        SIGN_UNIT                                 1     1.235      3.312      4.547 
    BFU2_UNIT1                                 4482  4162.907  12563.359  16726.266 
      DATA_B_RE                                1121  1048.015   3332.034   4380.049 
        MAN_ALU                                 219   240.375    583.874    824.249 
          ALU_SUB_UNIT                          124   129.319    301.108    430.427 
            CLA_BLOCK_..CLA_4BIT_UNIT            20    24.658     34.988     59.646 
            CLA_BLOCK_..CLA_4BIT_UNIT            18    21.128     35.808     56.937 
            CLA_BLOCK_..CLA_4BIT_UNIT            15    18.867     49.480     68.347 
            CLA_BLOCK_..CLA_4BIT_UNIT            18    18.784     44.466     63.250 
            CLA_BLOCK_..CLA_4BIT_UNIT            18    17.498     47.512     65.010 
            CLA_BLOCK_..CLA_4BIT_UNIT            18    17.111     48.478     65.588 
        NOR_UNIT                                205   129.322    775.414    904.736 
          SHF_left_unit                         142    84.171    568.920    653.091 
        MAN_COMP_24BIT                           78    78.904    139.241    218.145 
          u_i_data_2                             13    14.646     25.213     39.859 
          u_i_data_3                             13    14.305     31.596     45.901 
          u_i_data_4                             13    14.305     31.594     45.899 
          u_i_data_1                             13    13.167     15.919     29.086 
          u_i_data_5                             10    10.875     21.043     31.918 
          u_i_data_0                             10     6.056     12.606     18.662 
        SHF_RIGHT_MAN                           130    77.806    398.034    475.840 
        PSC_UNIT                                 88    76.090    187.261    263.351 
        MAN_SWAP                                 48    75.496    157.911    233.407 
        MAN_SWAP_PRE                             46    73.114    194.989    268.102 
        MAN_RND                                  26    55.155     99.815    154.970 
        EXP_ADJUST                               37    41.125     89.293    130.418 
          CLA_8BIT_UNIT                          30    36.354     73.100    109.454 
            CLA_4BIT_UNIT_0                      18    19.949     45.942     65.891 
            CLA_4BIT_UNIT_1                      11    15.254     27.051     42.305 
        LOPD_24BIT                               58    36.759    130.293    167.052 
          LOPD_16bit_UNIT_MSB                    34    22.252     72.654     94.906 
            LOPD_8bit_unit_0                     14     9.402     33.527     42.929 
            LOPD_8bit_unit_1                     14     9.114     28.085     37.199 
          LOPD_8bit_UNIT_LSB                     14     9.060     29.365     38.425 
        EXP_SUB                                  26    27.698     38.304     66.001 
          CLA_8BIT_UNIT                          21    25.913     26.155     52.069 
            CLA_4BIT_UNIT_0                      18    21.818      9.364     31.182 
            CLA_4BIT_UNIT_1                       2     3.448     16.791     20.239 
        EXP_SWAP                                 13    20.574     51.472     72.047 
        EXP_COM_8BIT                             24    19.101     41.268     60.370 
          COMP_LESS_UNIT                         24    19.101     41.268     60.370 
            u_high                               13    12.273     29.583     41.856 
            u_low                                10     5.880     11.685     17.566 
        EXP_RND                                  15    15.212     27.963     43.175 
        MAN_ALU_PROC_RND                          7     8.987     20.624     29.612 
        SIGN_UNIT                                 2     1.871      0.000      1.871 
      DATA_A_RE                                1120  1040.978   3275.550   4316.528 
        MAN_ALU                                 221   234.674    576.952    811.626 
          ALU_SUB_UNIT                          124   134.350    297.285    431.635 
            CLA_BLOCK_..CLA_4BIT_UNIT            20    22.863     43.361     66.224 
            CLA_BLOCK_..CLA_4BIT_UNIT            18    20.479     49.168     69.647 
            CLA_BLOCK_..CLA_4BIT_UNIT            15    20.283     45.287     65.570 
            CLA_BLOCK_..CLA_4BIT_UNIT            18    20.002     52.413     72.414 
            CLA_BLOCK_..CLA_4BIT_UNIT            18    19.829     38.945     58.775 
            CLA_BLOCK_..CLA_4BIT_UNIT            18    18.536     52.393     70.930 
        NOR_UNIT                                205   128.839    775.455    904.294 
          SHF_left_unit                         142    84.039    568.588    652.627 
        MAN_COMP_24BIT                           78    78.904    139.296    218.200 
          u_i_data_2                             13    14.646     25.268     39.914 
          u_i_data_3                             13    14.305     31.596     45.901 
          u_i_data_4                             13    14.305     31.594     45.899 
          u_i_data_1                             13    13.167     15.919     29.086 
          u_i_data_5                             10    10.875     21.043     31.918 
          u_i_data_0                             10     6.056     12.606     18.662 
        SHF_RIGHT_MAN                           130    77.806    398.034    475.840 
        MAN_SWAP                                 48    75.531    157.982    233.512 
        PSC_UNIT                                 86    74.360    168.589    242.949 
        MAN_SWAP_PRE                             46    73.148    194.260    267.407 
        MAN_RND                                  26    54.838    100.253    155.091 
        EXP_ADJUST                               37    42.918     64.352    107.269 
          CLA_8BIT_UNIT                          30    38.860     59.182     98.042 
            CLA_4BIT_UNIT_0                      18    20.874     39.575     60.448 
            CLA_4BIT_UNIT_1                      11    16.842     19.541     36.383 
        LOPD_24BIT                               58    36.629    123.389    160.018 
          LOPD_16bit_UNIT_MSB                    34    21.941     67.532     89.473 
            LOPD_8bit_unit_1                     14     9.114     28.091     37.205 
            LOPD_8bit_unit_0                     14     9.090     28.399     37.490 
          LOPD_8bit_UNIT_LSB                     14     9.241     27.582     36.824 
        EXP_SUB                                  26    27.698     38.304     66.001 
          CLA_8BIT_UNIT                          21    25.913     26.155     52.069 
            CLA_4BIT_UNIT_0                      18    21.818      9.364     31.182 
            CLA_4BIT_UNIT_1                       2     3.448     16.791     20.239 
        EXP_SWAP                                 13    20.574     51.472     72.047 
        EXP_COM_8BIT                             24    19.101     41.268     60.370 
          COMP_LESS_UNIT                         24    19.101     41.268     60.370 
            u_high                               13    12.273     29.583     41.856 
            u_low                                10     5.880     11.685     17.566 
        EXP_RND                                  15    15.162     23.305     38.468 
        MAN_ALU_PROC_RND                          7     8.987     20.624     29.612 
        SIGN_UNIT                                 1     1.411      0.000      1.411 
      DATA_B_IM                                1121  1037.702   2928.345   3966.047 
        MAN_ALU                                 219   233.041    458.881    691.922 
          ALU_SUB_UNIT                          124   135.634    314.230    449.864 
            CLA_BLOCK_..CLA_4BIT_UNIT            20    26.445     34.105     60.549 
            CLA_BLOCK_..CLA_4BIT_UNIT            18    21.345     35.225     56.570 
            CLA_BLOCK_..CLA_4BIT_UNIT            18    19.266     51.029     70.296 
            CLA_BLOCK_..CLA_4BIT_UNIT            15    18.945     51.985     70.930 
            CLA_BLOCK_..CLA_4BIT_UNIT            18    18.476     48.286     66.762 
            CLA_BLOCK_..CLA_4BIT_UNIT            18    18.411     51.572     69.984 
        NOR_UNIT                                205   142.371    285.642    428.013 
          SHF_left_unit                         142    94.666    212.449    307.115 
        SHF_RIGHT_MAN                           130    80.880    589.183    670.064 
        MAN_SWAP                                 48    76.601    177.200    253.801 
        PSC_UNIT                                 88    76.228    104.712    180.940 
        MAN_COMP_24BIT                           78    68.716    175.493    244.209 
          u_i_data_1                             13    12.759     39.618     52.377 
          u_i_data_3                             13    12.465     35.625     48.090 
          u_i_data_4                             13    12.465     35.774     48.239 
          u_i_data_2                             13    12.197     33.442     45.639 
          u_i_data_5                             10     8.380      9.346     17.725 
          u_i_data_0                             10     5.972     18.676     24.648 
        MAN_SWAP_PRE                             46    68.330    369.471    437.801 
        MAN_RND                                  26    56.358     40.401     96.759 
        EXP_ADJUST                               37    42.381     68.623    111.004 
          CLA_8BIT_UNIT                          30    38.390     68.623    107.013 
            CLA_4BIT_UNIT_0                      18    20.806     39.526     60.332 
            CLA_4BIT_UNIT_1                      11    16.440     29.031     45.470 
        LOPD_24BIT                               58    29.992     32.369     62.361 
          LOPD_16bit_UNIT_MSB                    34    15.490      2.980     18.470 
            LOPD_8bit_unit_0                     14     5.945      2.980      8.924 
            LOPD_8bit_unit_1                     14     5.587      0.000      5.587 
          LOPD_8bit_UNIT_LSB                     14     9.060     29.365     38.425 
        EXP_SUB                                  26    25.945    104.150    130.095 
          CLA_8BIT_UNIT                          21    24.161     92.002    116.163 
            CLA_4BIT_UNIT_0                      18    19.093     85.752    104.845 
            CLA_4BIT_UNIT_1                       2     3.981      3.642      7.623 
        EXP_SWAP                                 13    19.360    104.423    123.783 
        EXP_COM_8BIT                             24    18.680     89.846    108.526 
          COMP_LESS_UNIT                         24    18.680     89.846    108.526 
            u_high                               13    12.411     24.008     36.419 
            u_low                                10     5.387      2.244      7.632 
        EXP_RND                                  15    15.211     27.963     43.174 
        MAN_ALU_PROC_RND                          7     9.561     18.661     28.223 
        SIGN_UNIT                                 2     1.498      4.635      6.134 
      DATA_A_IM                                1120  1036.213   3027.430   4063.642 
        MAN_ALU                                 221   232.757    392.791    625.548 
          ALU_SUB_UNIT                          124   135.662    199.458    335.120 
            CLA_BLOCK_..CLA_4BIT_UNIT            20    21.739      0.000     21.739 
            CLA_BLOCK_..CLA_4BIT_UNIT            18    20.484     49.168     69.652 
            CLA_BLOCK_..CLA_4BIT_UNIT            18    20.449     49.362     69.811 
            CLA_BLOCK_..CLA_4BIT_UNIT            15    20.287     45.287     65.574 
            CLA_BLOCK_..CLA_4BIT_UNIT            18    19.910      0.000     19.910 
            CLA_BLOCK_..CLA_4BIT_UNIT            18    19.814     52.152     71.967 
        NOR_UNIT                                205   133.468    407.418    540.886 
          SHF_left_unit                         142    88.954    294.587    383.541 
        SHF_RIGHT_MAN                           130    80.880    589.183    670.064 
        MAN_SWAP                                 48    76.626    178.948    255.575 
        PSC_UNIT                                 86    75.504     99.299    174.803 
        MAN_COMP_24BIT                           78    68.716    175.509    244.224 
          u_i_data_1                             13    12.759     39.618     52.377 
          u_i_data_3                             13    12.465     35.625     48.090 
          u_i_data_4                             13    12.465     35.774     48.239 
          u_i_data_2                             13    12.197     33.458     45.655 
          u_i_data_5                             10     8.380      9.346     17.725 
          u_i_data_0                             10     5.972     18.676     24.648 
        MAN_SWAP_PRE                             46    68.364    368.792    437.156 
        MAN_RND                                  26    55.612     66.768    122.380 
        EXP_ADJUST                               37    42.381     68.623    111.004 
          CLA_8BIT_UNIT                          30    38.390     68.623    107.013 
            CLA_4BIT_UNIT_0                      18    20.806     39.526     60.332 
            CLA_4BIT_UNIT_1                      11    16.440     29.031     45.470 
        LOPD_24BIT                               58    40.360     48.550     88.911 
          LOPD_16bit_UNIT_MSB                    34    21.325     48.550     69.875 
            LOPD_8bit_unit_0                     14     9.071     28.399     37.470 
            LOPD_8bit_unit_1                     14     8.185     20.091     28.276 
          LOPD_8bit_UNIT_LSB                     14    13.438      0.000     13.438 
        EXP_SUB                                  26    25.945    104.150    130.095 
          CLA_8BIT_UNIT                          21    24.161     92.002    116.163 
            CLA_4BIT_UNIT_0                      18    19.093     85.752    104.845 
            CLA_4BIT_UNIT_1                       2     3.981      3.642      7.623 
        EXP_SWAP                                 13    19.360    104.423    123.783 
        EXP_COM_8BIT                             24    18.680     89.846    108.526 
          COMP_LESS_UNIT                         24    18.680     89.846    108.526 
            u_high                               13    12.411     24.008     36.419 
            u_low                                10     5.387      2.244      7.632 
        EXP_RND                                  15    15.211     27.963     43.174 
        MAN_ALU_PROC_RND                          7     9.561     18.661     28.223 
        SIGN_UNIT                                 1     1.441      0.819      2.260 
  BFU2_S1_15                                   4482  4154.201  12043.297  16197.498 
    DATA_B_RE                                  1121  1060.074   3274.735   4334.809 
      MAN_ALU                                   219   243.911    702.137    946.048 
        ALU_SUB_UNIT                            124   128.244    302.470    430.715 
          CLA_BLOCK_..CLA_4BIT_UNIT              20    24.658     34.988     59.646 
          CLA_BLOCK_..CLA_4BIT_UNIT              18    21.128     35.808     56.937 
          CLA_BLOCK_..CLA_4BIT_UNIT              15    18.867     49.480     68.347 
          CLA_BLOCK_..CLA_4BIT_UNIT              18    17.709     45.829     63.538 
          CLA_BLOCK_..CLA_4BIT_UNIT              18    17.498     47.512     65.010 
          CLA_BLOCK_..CLA_4BIT_UNIT              18    17.111     48.478     65.588 
      NOR_UNIT                                  205   140.043    596.938    736.981 
        SHF_left_unit                           142    94.044    435.495    529.538 
      SHF_RIGHT_MAN                             130    80.233    524.219    604.453 
      MAN_COMP_24BIT                             78    78.578    143.560    222.138 
        u_i_data_2                               13    14.320     29.532     43.852 
        u_i_data_3                               13    14.305     31.596     45.901 
        u_i_data_4                               13    14.305     31.594     45.899 
        u_i_data_1                               13    13.167     15.919     29.086 
        u_i_data_5                               10    10.875     21.043     31.918 
        u_i_data_0                               10     6.056     12.606     18.662 
      PSC_UNIT                                   88    77.769    192.970    270.739 
      MAN_SWAP                                   48    75.729    163.251    238.980 
      MAN_SWAP_PRE                               46    72.622    241.677    314.299 
      MAN_RND                                    26    55.256     99.795    155.052 
      EXP_ADJUST                                 37    41.769     86.511    128.279 
        CLA_8BIT_UNIT                            30    37.778     86.511    124.289 
          CLA_4BIT_UNIT_0                        18    20.218     50.401     70.619 
          CLA_4BIT_UNIT_1                        11    16.417     36.043     52.460 
      LOPD_24BIT                                 58    36.066     75.886    111.953 
        LOPD_16bit_UNIT_MSB                      34    21.565     46.497     68.061 
          LOPD_8bit_unit_0                       14     9.296     26.351     35.647 
          LOPD_8bit_unit_1                       14     8.199     20.085     28.284 
        LOPD_8bit_UNIT_LSB                       14     9.060     29.365     38.425 
      EXP_SUB                                    26    27.165     37.273     64.438 
        CLA_8BIT_UNIT                            21    25.207     26.924     52.132 
          CLA_4BIT_UNIT_0                        18    21.818      9.364     31.182 
          CLA_4BIT_UNIT_1                         2     2.742     17.560     20.302 
      EXP_SWAP                                   13    20.685     60.417     81.102 
      EXP_COM_8BIT                               24    19.606     30.863     50.469 
        COMP_LESS_UNIT                           24    19.606     30.863     50.469 
          u_high                                 13    12.582     19.067     31.649 
          u_low                                  10     5.880     11.749     17.629 
      EXP_RND                                    15    15.175     36.586     51.761 
      MAN_ALU_PROC_RND                            7     8.987     20.624     29.612 
      SIGN_UNIT                                   2     1.565      3.590      5.155 
    DATA_A_RE                                  1120  1043.609   2764.816   3808.425 
      MAN_ALU                                   221   236.862    632.532    869.394 
        ALU_SUB_UNIT                            124   131.741    357.461    489.202 
          CLA_BLOCK_..CLA_4BIT_UNIT              20    22.863     43.361     66.224 
          CLA_BLOCK_..CLA_4BIT_UNIT              15    20.420     49.895     70.315 
          CLA_BLOCK_..CLA_4BIT_UNIT              18    19.659     54.138     73.797 
          CLA_BLOCK_..CLA_4BIT_UNIT              18    19.625     54.878     74.503 
          CLA_BLOCK_..CLA_4BIT_UNIT              18    19.081     50.868     69.949 
          CLA_BLOCK_..CLA_4BIT_UNIT              18    18.536     52.393     70.930 
      NOR_UNIT                                  205   128.440    360.566    489.007 
        SHF_left_unit                           142    86.915    237.614    324.529 
      SHF_RIGHT_MAN                             130    80.233    524.219    604.453 
      MAN_COMP_24BIT                             78    78.578    143.615    222.193 
        u_i_data_2                               13    14.320     29.587     43.907 
        u_i_data_3                               13    14.305     31.596     45.901 
        u_i_data_4                               13    14.305     31.594     45.899 
        u_i_data_1                               13    13.167     15.919     29.086 
        u_i_data_5                               10    10.875     21.043     31.918 
        u_i_data_0                               10     6.056     12.606     18.662 
      MAN_SWAP                                   48    75.764    162.849    238.612 
      PSC_UNIT                                   86    75.445    178.401    253.846 
      MAN_SWAP_PRE                               46    72.657    240.949    313.605 
      MAN_RND                                    26    54.925     34.736     89.661 
      LOPD_24BIT                                 58    43.355     52.063     95.418 
        LOPD_16bit_UNIT_MSB                      34    29.084     17.505     46.589 
          LOPD_8bit_unit_0                       14    13.297      0.000     13.297 
          LOPD_8bit_unit_1                       14    12.159      6.664     18.824 
        LOPD_8bit_UNIT_LSB                       14     9.241     27.582     36.824 
      EXP_ADJUST                                 37    40.719     88.378    129.097 
        CLA_8BIT_UNIT                            30    36.489     83.402    119.891 
          CLA_4BIT_UNIT_0                        18    19.070     46.976     66.046 
          CLA_4BIT_UNIT_1                        11    16.502     33.167     49.669 
      EXP_SUB                                    26    27.165     37.273     64.438 
        CLA_8BIT_UNIT                            21    25.207     26.924     52.132 
          CLA_4BIT_UNIT_0                        18    21.818      9.364     31.182 
          CLA_4BIT_UNIT_1                         2     2.742     17.560     20.302 
      EXP_SWAP                                   13    20.685     60.417     81.102 
      EXP_COM_8BIT                               24    19.606     30.863     50.469 
        COMP_LESS_UNIT                           24    19.606     30.863     50.469 
          u_high                                 13    12.582     19.067     31.649 
          u_low                                  10     5.880     11.749     17.629 
      EXP_RND                                    15    15.660      0.000     15.660 
      MAN_ALU_PROC_RND                            7     8.987     20.624     29.612 
      SIGN_UNIT                                   1     1.600      3.312      4.911 
    DATA_B_IM                                  1121  1026.100   2480.471   3506.571 
      MAN_ALU                                   219   237.772    293.125    530.897 
        ALU_SUB_UNIT                            124   135.876      6.495    142.371 
          CLA_BLOCK_..CLA_4BIT_UNIT              20    24.587      0.883     25.470 
          CLA_BLOCK_..CLA_4BIT_UNIT              15    21.370      1.727     23.097 
          CLA_BLOCK_..CLA_4BIT_UNIT              18    20.622      0.956     21.578 
          CLA_BLOCK_..CLA_4BIT_UNIT              18    20.106      0.977     21.083 
          CLA_BLOCK_..CLA_4BIT_UNIT              18    20.071      0.977     21.048 
          CLA_BLOCK_..CLA_4BIT_UNIT              18    20.071      0.975     21.047 
      NOR_UNIT                                  205   112.206    186.433    298.638 
        SHF_left_unit                           142    76.106    140.579    216.684 
      SHF_RIGHT_MAN                             130    84.719    529.339    614.058 
      MAN_COMP_24BIT                             78    77.149     75.189    152.338 
        u_i_data_3                               13    13.623     12.173     25.796 
        u_i_data_4                               13    13.623     12.282     25.905 
        u_i_data_2                               13    13.549     12.995     26.544 
        u_i_data_1                               13    13.167     15.919     29.086 
        u_i_data_5                               10    10.551      9.213     19.765 
        u_i_data_0                               10     6.056     12.606     18.662 
      PSC_UNIT                                   88    74.972    154.709    229.681 
      MAN_SWAP                                   48    74.302    238.779    313.081 
      MAN_SWAP_PRE                               46    64.213    384.708    448.922 
      MAN_RND                                    26    55.406      0.021     55.427 
      LOPD_24BIT                                 58    48.011     45.546     93.557 
        LOPD_16bit_UNIT_MSB                      34    29.078     17.504     46.582 
          LOPD_8bit_unit_0                       14    13.291      0.000     13.291 
          LOPD_8bit_unit_1                       14    12.159      6.664     18.823 
        LOPD_8bit_UNIT_LSB                       14    13.438      0.000     13.438 
      EXP_ADJUST                                 37    40.908     97.805    138.713 
        CLA_8BIT_UNIT                            30    36.136     81.612    117.748 
          CLA_4BIT_UNIT_0                        18    20.001     49.822     69.824 
          CLA_4BIT_UNIT_1                        11    15.158     28.225     43.384 
      EXP_SUB                                    26    27.700     21.512     49.213 
        CLA_8BIT_UNIT                            21    25.916      9.364     35.280 
          CLA_4BIT_UNIT_0                        18    21.818      9.364     31.182 
          CLA_4BIT_UNIT_1                         2     3.451      0.000      3.451 
      EXP_COM_8BIT                               24    18.883    106.115    124.998 
        COMP_LESS_UNIT                           24    18.883    106.115    124.998 
          u_high                                 13    12.121     30.772     42.893 
          u_low                                  10     5.880     11.749     17.629 
      EXP_SWAP                                   13    18.312     97.181    115.492 
      EXP_RND                                    15    15.335      9.298     24.633 
      MAN_ALU_PROC_RND                            7     9.779      0.000      9.779 
      SIGN_UNIT                                   2     1.383      2.219      3.601 
    DATA_A_IM                                  1120  1024.419   3523.274   4547.693 
      MAN_ALU                                   221   219.759    788.481   1008.240 
        ALU_SUB_UNIT                            124   127.230    311.138    438.368 
          CLA_BLOCK_..CLA_4BIT_UNIT              20    22.863     43.361     66.224 
          CLA_BLOCK_..CLA_4BIT_UNIT              15    19.863     33.811     53.674 
          CLA_BLOCK_..CLA_4BIT_UNIT              18    18.571     51.953     70.524 
          CLA_BLOCK_..CLA_4BIT_UNIT              18    18.536     52.393     70.930 
          CLA_BLOCK_..CLA_4BIT_UNIT              18    18.536     51.037     69.573 
          CLA_BLOCK_..CLA_4BIT_UNIT              18    17.986     46.455     64.441 
      NOR_UNIT                                  205   136.811    663.998    800.809 
        SHF_left_unit                           142    92.760    429.658    522.418 
      SHF_RIGHT_MAN                             130    84.719    529.339    614.058 
      MAN_COMP_24BIT                             78    77.149     75.188    152.337 
        u_i_data_3                               13    13.623     12.173     25.796 
        u_i_data_4                               13    13.623     12.282     25.905 
        u_i_data_2                               13    13.549     12.994     26.544 
        u_i_data_1                               13    13.167     15.919     29.086 
        u_i_data_5                               10    10.551      9.213     19.765 
        u_i_data_0                               10     6.056     12.606     18.662 
      MAN_SWAP                                   48    74.336    239.323    313.659 
      PSC_UNIT                                   86    74.112    164.993    239.105 
      MAN_SWAP_PRE                               46    64.248    383.995    448.242 
      MAN_RND                                    26    56.177    100.196    156.373 
      EXP_ADJUST                                 37    40.678     88.121    128.799 
        CLA_8BIT_UNIT                            30    36.766     83.568    120.334 
          CLA_4BIT_UNIT_0                        18    19.070     46.976     66.046 
          CLA_4BIT_UNIT_1                        11    16.779     33.333     50.112 
      LOPD_24BIT                                 58    36.042     76.157    112.200 
        LOPD_16bit_UNIT_MSB                      34    21.359     48.550     69.909 
          LOPD_8bit_unit_0                       14     9.090     28.399     37.490 
          LOPD_8bit_unit_1                       14     8.199     20.091     28.290 
        LOPD_8bit_UNIT_LSB                       14     9.241     27.582     36.824 
      EXP_SUB                                    26    27.700     21.512     49.213 
        CLA_8BIT_UNIT                            21    25.916      9.364     35.280 
          CLA_4BIT_UNIT_0                        18    21.818      9.364     31.182 
          CLA_4BIT_UNIT_1                         2     3.451      0.000      3.451 
      EXP_COM_8BIT                               24    18.883    106.115    124.998 
        COMP_LESS_UNIT                           24    18.883    106.115    124.998 
          u_high                                 13    12.121     30.772     42.893 
          u_low                                  10     5.880     11.749     17.629 
      EXP_SWAP                                   13    18.312     97.181    115.492 
      EXP_RND                                    15    15.610      4.658     20.268 
      MAN_ALU_PROC_RND                            7     9.779      0.000      9.779 
      SIGN_UNIT                                   1     1.417      4.096      5.513 
  BFU2_S1_04                                   4482  4152.657  11434.751  15587.408 
    DATA_B_RE                                  1121  1052.670   3543.543   4596.213 
      MAN_ALU                                   219   243.911    702.137    946.048 
        ALU_SUB_UNIT                            124   128.244    302.470    430.715 
          CLA_BLOCK_..CLA_4BIT_UNIT              20    24.658     34.988     59.646 
          CLA_BLOCK_..CLA_4BIT_UNIT              18    21.128     35.808     56.937 
          CLA_BLOCK_..CLA_4BIT_UNIT              15    18.867     49.480     68.347 
          CLA_BLOCK_..CLA_4BIT_UNIT              18    17.709     45.829     63.538 
          CLA_BLOCK_..CLA_4BIT_UNIT              18    17.498     47.512     65.010 
          CLA_BLOCK_..CLA_4BIT_UNIT              18    17.111     48.478     65.588 
      NOR_UNIT                                  205   140.043    596.938    736.981 
        SHF_left_unit                           142    94.044    435.495    529.538 
      SHF_RIGHT_MAN                             130    80.233    524.219    604.453 
      MAN_COMP_24BIT                             78    78.578    143.560    222.138 
        u_i_data_2                               13    14.320     29.532     43.852 
        u_i_data_3                               13    14.305     31.596     45.901 
        u_i_data_4                               13    14.305     31.594     45.899 
        u_i_data_1                               13    13.167     15.919     29.086 
        u_i_data_5                               10    10.875     21.043     31.918 
        u_i_data_0                               10     6.056     12.606     18.662 
      MAN_SWAP                                   48    75.729    163.251    238.980 
      PSC_UNIT                                   88    74.380    157.769    232.149 
      MAN_SWAP_PRE                               46    64.213    384.708    448.922 
      MAN_RND                                    26    55.256     99.795    155.052 
      EXP_ADJUST                                 37    42.194     70.009    112.203 
        CLA_8BIT_UNIT                            30    38.204     70.009    108.212 
          CLA_4BIT_UNIT_0                        18    20.218     50.401     70.619 
          CLA_4BIT_UNIT_1                        11    16.842     19.541     36.383 
      LOPD_24BIT                                 58    36.066     75.886    111.953 
        LOPD_16bit_UNIT_MSB                      34    21.565     46.497     68.061 
          LOPD_8bit_unit_0                       14     9.296     26.351     35.647 
          LOPD_8bit_unit_1                       14     8.199     20.085     28.284 
        LOPD_8bit_UNIT_LSB                       14     9.060     29.365     38.425 
      EXP_SUB                                    26    27.698     38.304     66.001 
        CLA_8BIT_UNIT                            21    25.913     26.155     52.069 
          CLA_4BIT_UNIT_0                        18    21.818      9.364     31.182 
          CLA_4BIT_UNIT_1                         2     3.448     16.791     20.239 
      EXP_COM_8BIT                               24    19.344    107.044    126.388 
        COMP_LESS_UNIT                           24    19.344    107.044    126.388 
          u_high                                 13    12.582     31.702     44.284 
          u_low                                  10     5.880     11.749     17.629 
      EXP_SWAP                                   13    18.382     91.407    109.789 
      EXP_RND                                    15    15.175     27.243     42.417 
      MAN_ALU_PROC_RND                            7     8.987     20.624     29.612 
      SIGN_UNIT                                   2     1.383      2.219      3.601 
    DATA_A_RE                                  1120  1037.881   3053.514   4091.395 
      MAN_ALU                                   221   236.862    632.532    869.394 
        ALU_SUB_UNIT                            124   131.741    357.461    489.202 
          CLA_BLOCK_..CLA_4BIT_UNIT              20    22.863     43.361     66.224 
          CLA_BLOCK_..CLA_4BIT_UNIT              15    20.420     49.895     70.315 
          CLA_BLOCK_..CLA_4BIT_UNIT              18    19.659     54.138     73.797 
          CLA_BLOCK_..CLA_4BIT_UNIT              18    19.625     54.878     74.503 
          CLA_BLOCK_..CLA_4BIT_UNIT              18    19.081     50.868     69.949 
          CLA_BLOCK_..CLA_4BIT_UNIT              18    18.536     52.393     70.930 
      NOR_UNIT                                  205   128.440    360.566    489.007 
        SHF_left_unit                           142    86.915    237.614    324.529 
      SHF_RIGHT_MAN                             130    80.233    524.219    604.453 
      MAN_COMP_24BIT                             78    78.578    143.615    222.193 
        u_i_data_2                               13    14.320     29.587     43.907 
        u_i_data_3                               13    14.305     31.596     45.901 
        u_i_data_4                               13    14.305     31.594     45.899 
        u_i_data_1                               13    13.167     15.919     29.086 
        u_i_data_5                               10    10.875     21.043     31.918 
        u_i_data_0                               10     6.056     12.606     18.662 
      MAN_SWAP                                   48    75.764    162.849    238.612 
      PSC_UNIT                                   86    73.131    145.885    219.015 
      MAN_SWAP_PRE                               46    64.248    383.995    448.242 
      MAN_RND                                    26    54.925     34.736     89.661 
      LOPD_24BIT                                 58    43.355     52.063     95.418 
        LOPD_16bit_UNIT_MSB                      34    29.084     17.505     46.589 
          LOPD_8bit_unit_0                       14    13.297      0.000     13.297 
          LOPD_8bit_unit_1                       14    12.159      6.664     18.824 
        LOPD_8bit_UNIT_LSB                       14     9.241     27.582     36.824 
      EXP_ADJUST                                 37    41.109     81.473    122.582 
        CLA_8BIT_UNIT                            30    36.879     76.497    113.376 
          CLA_4BIT_UNIT_0                        18    19.070     46.976     66.046 
          CLA_4BIT_UNIT_1                        11    16.892     26.262     43.154 
      EXP_SUB                                    26    27.698     38.304     66.001 
        CLA_8BIT_UNIT                            21    25.913     26.155     52.069 
          CLA_4BIT_UNIT_0                        18    21.818      9.364     31.182 
          CLA_4BIT_UNIT_1                         2     3.448     16.791     20.239 
      EXP_COM_8BIT                               24    19.344    107.044    126.388 
        COMP_LESS_UNIT                           24    19.344    107.044    126.388 
          u_high                                 13    12.582     31.702     44.284 
          u_low                                  10     5.880     11.749     17.629 
      EXP_SWAP                                   13    18.382     91.407    109.789 
      EXP_RND                                    15    15.286     13.983     29.269 
      MAN_ALU_PROC_RND                            7     8.987     20.624     29.612 
      SIGN_UNIT                                   1     1.417      4.096      5.513 
    DATA_B_IM                                  1121  1035.648   2452.369   3488.016 
      MAN_ALU                                   219   242.437    451.077    693.514 
        ALU_SUB_UNIT                            124   132.092    299.988    432.081 
          CLA_BLOCK_..CLA_4BIT_UNIT              20    24.658     34.988     59.646 
          CLA_BLOCK_..CLA_4BIT_UNIT              18    20.383     37.781     58.164 
          CLA_BLOCK_..CLA_4BIT_UNIT              18    19.025     54.301     73.326 
          CLA_BLOCK_..CLA_4BIT_UNIT              15    18.953     51.986     70.939 
          CLA_BLOCK_..CLA_4BIT_UNIT              18    18.426     51.573     69.999 
          CLA_BLOCK_..CLA_4BIT_UNIT              18    17.929     39.225     57.154 
      NOR_UNIT                                  205   143.162    474.885    618.047 
        SHF_left_unit                           142    94.770    254.251    349.021 
      MAN_COMP_24BIT                             78    77.141    158.794    235.935 
        u_i_data_2                               13    14.320     29.532     43.852 
        u_i_data_3                               13    14.305     31.596     45.901 
        u_i_data_4                               13    14.305     31.594     45.899 
        u_i_data_1                               13    12.572     23.352     35.924 
        u_i_data_5                               10    10.462     16.351     26.813 
        u_i_data_0                               10     6.056     12.606     18.662 
      SHF_RIGHT_MAN                             130    76.449    473.294    549.744 
      MAN_SWAP                                   48    76.357    153.441    229.798 
      PSC_UNIT                                   88    74.963    118.172    193.135 
      MAN_SWAP_PRE                               46    55.848    241.562    297.410 
      MAN_RND                                    26    55.554     43.104     98.657 
      EXP_ADJUST                                 37    43.281     80.902    124.183 
        CLA_8BIT_UNIT                            30    37.618     44.179     81.798 
          CLA_4BIT_UNIT_0                        18    20.750      9.817     30.566 
          CLA_4BIT_UNIT_1                        11    15.718     34.255     49.973 
      LOPD_24BIT                                 58    29.155     34.332     63.487 
        LOPD_16bit_UNIT_MSB                      34    15.919      6.549     22.468 
          LOPD_8bit_unit_1                       14     6.124      1.607      7.732 
          LOPD_8bit_unit_0                       14     5.769      1.453      7.222 
        LOPD_8bit_UNIT_LSB                       14     8.086     21.241     29.328 
      EXP_SUB                                    26    26.812     19.713     46.525 
        CLA_8BIT_UNIT                            21    24.854      9.364     34.218 
          CLA_4BIT_UNIT_0                        18    21.818      9.364     31.182 
          CLA_4BIT_UNIT_1                         2     2.389      0.000      2.389 
      EXP_COM_8BIT                               24    20.656     11.749     32.405 
        COMP_LESS_UNIT                           24    20.656     11.749     32.405 
          u_high                                 13    13.960      0.000     13.960 
          u_low                                  10     5.880     11.749     17.629 
      EXP_SWAP                                   13    15.850     39.004     54.854 
      EXP_RND                                    15    15.188      4.686     19.874 
      MAN_ALU_PROC_RND                            7     8.987     20.624     29.612 
      SIGN_UNIT                                   2     1.202      3.615      4.817 
    DATA_A_IM                                  1120  1026.458   2385.325   3411.783 
      MAN_ALU                                   221   234.631    491.996    726.626 
        ALU_SUB_UNIT                            124   132.871    361.451    494.322 
          CLA_BLOCK_..CLA_4BIT_UNIT              20    22.863     43.361     66.224 
          CLA_BLOCK_..CLA_4BIT_UNIT              15    20.420     49.895     70.315 
          CLA_BLOCK_..CLA_4BIT_UNIT              18    20.210     49.472     69.682 
          CLA_BLOCK_..CLA_4BIT_UNIT              18    19.659     54.138     73.797 
          CLA_BLOCK_..CLA_4BIT_UNIT              18    19.625     54.878     74.503 
          CLA_BLOCK_..CLA_4BIT_UNIT              18    18.286     54.979     73.265 
      NOR_UNIT                                  205   129.137    347.985    477.122 
        SHF_left_unit                           142    87.442    218.574    306.016 
      MAN_COMP_24BIT                             78    77.141    158.849    235.990 
        u_i_data_2                               13    14.320     29.587     43.907 
        u_i_data_3                               13    14.305     31.596     45.901 
        u_i_data_4                               13    14.305     31.594     45.899 
        u_i_data_1                               13    12.572     23.352     35.924 
        u_i_data_5                               10    10.462     16.351     26.813 
        u_i_data_0                               10     6.056     12.606     18.662 
      SHF_RIGHT_MAN                             130    76.449    473.294    549.744 
      MAN_SWAP                                   48    76.391    152.567    228.958 
      PSC_UNIT                                   86    73.500    121.142    194.642 
      MAN_SWAP_PRE                               46    55.882    240.830    296.712 
      MAN_RND                                    26    54.944     39.130     94.074 
      LOPD_24BIT                                 58    42.334     43.911     86.245 
        LOPD_16bit_UNIT_MSB                      34    29.084     17.505     46.589 
          LOPD_8bit_unit_0                       14    13.297      0.000     13.297 
          LOPD_8bit_unit_1                       14    12.159      6.664     18.824 
        LOPD_8bit_UNIT_LSB                       14     8.268     19.455     27.723 
      EXP_ADJUST                                 37    41.384     85.939    127.323 
        CLA_8BIT_UNIT                            30    37.154     80.963    118.117 
          CLA_4BIT_UNIT_0                        18    19.070     46.976     66.046 
          CLA_4BIT_UNIT_1                        11    17.167     30.728     47.895 
      EXP_SUB                                    26    26.812     19.713     46.525 
        CLA_8BIT_UNIT                            21    24.854      9.364     34.218 
          CLA_4BIT_UNIT_0                        18    21.818      9.364     31.182 
          CLA_4BIT_UNIT_1                         2     2.389      0.000      2.389 
      EXP_COM_8BIT                               24    20.656     11.749     32.405 
        COMP_LESS_UNIT                           24    20.656     11.749     32.405 
          u_high                                 13    13.960      0.000     13.960 
          u_low                                  10     5.880     11.749     17.629 
      EXP_SWAP                                   13    15.850     39.004     54.854 
      EXP_RND                                    15    15.511     14.001     29.512 
      MAN_ALU_PROC_RND                            7     8.987     20.624     29.612 
      SIGN_UNIT                                   1     1.235      3.323      4.558 
  BFU2_S1_37                                   4482  4129.395  11158.002  15287.397 
    DATA_B_IM                                  1121  1036.403   1681.323   2717.726 
      MAN_ALU                                   219   241.899    153.205    395.104 
        ALU_SUB_UNIT                            124   135.876      6.495    142.371 
          CLA_BLOCK_..CLA_4BIT_UNIT              20    24.587      0.883     25.470 
          CLA_BLOCK_..CLA_4BIT_UNIT              15    21.370      1.727     23.097 
          CLA_BLOCK_..CLA_4BIT_UNIT              18    20.622      0.956     21.578 
          CLA_BLOCK_..CLA_4BIT_UNIT              18    20.106      0.977     21.083 
          CLA_BLOCK_..CLA_4BIT_UNIT              18    20.071      0.977     21.048 
          CLA_BLOCK_..CLA_4BIT_UNIT              18    20.071      0.975     21.047 
      NOR_UNIT                                  205    99.324      0.000     99.324 
        SHF_left_unit                           142    69.090      0.000     69.090 
      SHF_RIGHT_MAN                             130    84.719    529.339    614.058 
      MAN_COMP_24BIT                             78    77.149     75.189    152.338 
        u_i_data_3                               13    13.623     12.173     25.796 
        u_i_data_4                               13    13.623     12.282     25.905 
        u_i_data_2                               13    13.549     12.995     26.544 
        u_i_data_1                               13    13.167     15.919     29.086 
        u_i_data_5                               10    10.551      9.213     19.765 
        u_i_data_0                               10     6.056     12.606     18.662 
      MAN_SWAP                                   48    74.302    238.779    313.081 
      PSC_UNIT                                   88    73.685    137.586    211.270 
      MAN_SWAP_PRE                               46    72.622    241.677    314.299 
      MAN_RND                                    26    55.399      0.000     55.399 
      LOPD_24BIT                                 58    48.484      0.000     48.484 
        LOPD_16bit_UNIT_MSB                      34    29.655      0.000     29.655 
          LOPD_8bit_unit_0                       14    13.291      0.000     13.291 
          LOPD_8bit_unit_1                       14    13.291      0.000     13.291 
        LOPD_8bit_UNIT_LSB                       14    13.438      0.000     13.438 
      EXP_ADJUST                                 37    39.117     91.422    130.538 
        CLA_8BIT_UNIT                            30    35.243     91.422    126.665 
          CLA_4BIT_UNIT_0                        18    19.732     54.028     73.761 
          CLA_4BIT_UNIT_1                        11    14.554     33.921     48.475 
      EXP_SUB                                    26    27.516     19.713     47.229 
        CLA_8BIT_UNIT                            21    25.559      9.364     34.923 
          CLA_4BIT_UNIT_0                        18    21.818      9.364     31.182 
          CLA_4BIT_UNIT_1                         2     3.093      0.000      3.093 
      EXP_SWAP                                   13    20.405     50.616     71.021 
      EXP_COM_8BIT                               24    19.003     35.518     54.521 
        COMP_LESS_UNIT                           24    19.003     35.518     54.521 
          u_high                                 13    12.175     23.769     35.943 
          u_low                                  10     5.880     11.749     17.629 
      EXP_RND                                    15    15.273     17.921     33.194 
      MAN_ALU_PROC_RND                            7     9.779      0.000      9.779 
      SIGN_UNIT                                   2     1.565      3.590      5.155 
    DATA_B_RE                                  1121  1036.126   2952.189   3988.315 
      MAN_ALU                                   219   244.114    498.652    742.766 
        ALU_SUB_UNIT                            124   139.363    213.643    353.006 
          CLA_BLOCK_..CLA_4BIT_UNIT              20    24.587      0.883     25.470 
          CLA_BLOCK_..CLA_4BIT_UNIT              15    21.395     32.202     53.597 
          CLA_BLOCK_..CLA_4BIT_UNIT              18    21.168     36.010     57.179 
          CLA_BLOCK_..CLA_4BIT_UNIT              18    21.134     35.230     56.364 
          CLA_BLOCK_..CLA_4BIT_UNIT              18    19.764     39.658     59.422 
          CLA_BLOCK_..CLA_4BIT_UNIT              18    19.219     16.986     36.206 
      NOR_UNIT                                  205   122.072    547.385    669.457 
        SHF_left_unit                           142    79.362    374.047    453.409 
      SHF_RIGHT_MAN                             130    80.009    564.770    644.779 
      MAN_COMP_24BIT                             78    75.240     99.249    174.490 
        u_i_data_3                               13    13.623     12.173     25.796 
        u_i_data_4                               13    13.623     12.282     25.905 
        u_i_data_2                               13    13.549     12.995     26.544 
        u_i_data_1                               13    12.572     23.352     35.924 
        u_i_data_5                               10     9.914     14.372     24.285 
        u_i_data_0                               10     6.056     12.606     18.662 
      MAN_SWAP                                   48    74.929    239.227    314.156 
      PSC_UNIT                                   88    73.167    161.905    235.072 
      MAN_SWAP_PRE                               46    72.622    241.677    314.299 
      MAN_RND                                    26    55.609     65.501    121.110 
      EXP_ADJUST                                 37    41.024     67.555    108.579 
        CLA_8BIT_UNIT                            30    35.532     56.114     91.647 
          CLA_4BIT_UNIT_0                        18    20.559     41.782     62.342 
          CLA_4BIT_UNIT_1                        11    14.016     10.860     24.875 
      LOPD_24BIT                                 58    40.075    110.206    150.281 
        LOPD_16bit_UNIT_MSB                      34    22.506     73.155     95.661 
          LOPD_8bit_unit_1                       14     9.541     30.647     40.188 
          LOPD_8bit_unit_0                       14     9.095     28.124     37.219 
        LOPD_8bit_UNIT_LSB                       14    12.217      7.439     19.656 
      EXP_SUB                                    26    27.350     38.304     65.654 
        CLA_8BIT_UNIT                            21    25.566     26.155     51.721 
          CLA_4BIT_UNIT_0                        18    21.818      9.364     31.182 
          CLA_4BIT_UNIT_1                         2     3.100     16.791     19.892 
      EXP_SWAP                                   13    20.378     47.564     67.943 
      EXP_COM_8BIT                               24    17.959     39.227     57.185 
        COMP_LESS_UNIT                           24    17.959     39.227     57.185 
          u_high                                 13    11.131     27.478     38.608 
          u_low                                  10     5.880     11.749     17.629 
      EXP_RND                                    15    14.997     22.603     37.600 
      MAN_ALU_PROC_RND                            7     9.779      0.000      9.779 
      SIGN_UNIT                                   2     1.565      3.590      5.155 
    DATA_A_IM                                  1120  1032.182   3367.733   4399.915 
      MAN_ALU                                   221   221.026    666.391    887.417 
        ALU_SUB_UNIT                            124   127.230    311.138    438.368 
          CLA_BLOCK_..CLA_4BIT_UNIT              20    22.863     43.361     66.224 
          CLA_BLOCK_..CLA_4BIT_UNIT              15    19.863     33.811     53.674 
          CLA_BLOCK_..CLA_4BIT_UNIT              18    18.571     51.953     70.524 
          CLA_BLOCK_..CLA_4BIT_UNIT              18    18.536     52.393     70.930 
          CLA_BLOCK_..CLA_4BIT_UNIT              18    18.536     51.037     69.573 
          CLA_BLOCK_..CLA_4BIT_UNIT              18    17.986     46.455     64.441 
      NOR_UNIT                                  205   126.819    766.033    892.852 
        SHF_left_unit                           142    83.358    561.861    645.219 
      SHF_RIGHT_MAN                             130    84.719    529.339    614.058 
      MAN_COMP_24BIT                             78    77.149     75.188    152.337 
        u_i_data_3                               13    13.623     12.173     25.796 
        u_i_data_4                               13    13.623     12.282     25.905 
        u_i_data_2                               13    13.549     12.994     26.544 
        u_i_data_1                               13    13.167     15.919     29.086 
        u_i_data_5                               10    10.551      9.213     19.765 
        u_i_data_0                               10     6.056     12.606     18.662 
      MAN_SWAP                                   48    74.336    239.323    313.659 
      MAN_SWAP_PRE                               46    72.657    240.949    313.605 
      PSC_UNIT                                   86    72.479    136.208    208.687 
      MAN_RND                                    26    56.076    100.218    156.294 
      EXP_ADJUST                                 37    40.843     83.645    124.488 
        CLA_8BIT_UNIT                            30    37.162     83.139    120.300 
          CLA_4BIT_UNIT_0                        18    19.758     52.810     72.568 
          CLA_4BIT_UNIT_1                        11    16.487     27.070     43.557 
      LOPD_24BIT                                 58    36.629    123.389    160.018 
        LOPD_16bit_UNIT_MSB                      34    21.941     67.532     89.473 
          LOPD_8bit_unit_1                       14     9.114     28.091     37.205 
          LOPD_8bit_unit_0                       14     9.090     28.399     37.490 
        LOPD_8bit_UNIT_LSB                       14     9.241     27.582     36.824 
      EXP_SUB                                    26    27.516     19.713     47.229 
        CLA_8BIT_UNIT                            21    25.559      9.364     34.923 
          CLA_4BIT_UNIT_0                        18    21.818      9.364     31.182 
          CLA_4BIT_UNIT_1                         2     3.093      0.000      3.093 
      EXP_SWAP                                   13    20.405     50.616     71.021 
      EXP_COM_8BIT                               24    19.003     35.518     54.521 
        COMP_LESS_UNIT                           24    19.003     35.518     54.521 
          u_high                                 13    12.175     23.769     35.943 
          u_low                                  10     5.880     11.749     17.629 
      EXP_RND                                    15    15.147     17.939     33.086 
      MAN_ALU_PROC_RND                            7     9.779      0.000      9.779 
      SIGN_UNIT                                   1     1.600      3.312      4.911 
    DATA_A_RE                                  1120  1024.686   3156.757   4181.442 
      MAN_ALU                                   221   220.511    660.526    881.037 
        ALU_SUB_UNIT                            124   127.844    323.444    451.289 
          CLA_BLOCK_..CLA_4BIT_UNIT              20    22.863     43.361     66.224 
          CLA_BLOCK_..CLA_4BIT_UNIT              15    19.863     33.811     53.674 
          CLA_BLOCK_..CLA_4BIT_UNIT              18    18.727     52.731     71.458 
          CLA_BLOCK_..CLA_4BIT_UNIT              18    18.571     51.953     70.524 
          CLA_BLOCK_..CLA_4BIT_UNIT              18    18.536     51.037     69.573 
          CLA_BLOCK_..CLA_4BIT_UNIT              18    18.286     54.979     73.265 
      NOR_UNIT                                  205   137.394    633.121    770.515 
        SHF_left_unit                           142    93.201    405.791    498.992 
      SHF_RIGHT_MAN                             130    80.009    564.770    644.779 
      MAN_COMP_24BIT                             78    75.240     99.248    174.489 
        u_i_data_3                               13    13.623     12.173     25.796 
        u_i_data_4                               13    13.623     12.282     25.905 
        u_i_data_2                               13    13.549     12.994     26.544 
        u_i_data_1                               13    12.572     23.352     35.924 
        u_i_data_5                               10     9.914     14.372     24.285 
        u_i_data_0                               10     6.056     12.606     18.662 
      MAN_SWAP                                   48    74.964    239.298    314.261 
      PSC_UNIT                                   86    72.951    153.033    225.985 
      MAN_SWAP_PRE                               46    72.657    240.949    313.605 
      MAN_RND                                    26    56.196     95.802    151.999 
      EXP_ADJUST                                 37    40.618     94.210    134.828 
        CLA_8BIT_UNIT                            30    36.706     89.658    126.363 
          CLA_4BIT_UNIT_0                        18    19.070     46.976     66.046 
          CLA_4BIT_UNIT_1                        11    16.719     39.423     56.142 
      LOPD_24BIT                                 58    34.913     68.005    102.918 
        LOPD_16bit_UNIT_MSB                      34    21.359     48.550     69.909 
          LOPD_8bit_unit_0                       14     9.090     28.399     37.490 
          LOPD_8bit_unit_1                       14     8.199     20.091     28.290 
        LOPD_8bit_UNIT_LSB                       14     8.268     19.455     27.723 
      EXP_SUB                                    26    27.350     38.304     65.654 
        CLA_8BIT_UNIT                            21    25.566     26.155     51.721 
          CLA_4BIT_UNIT_0                        18    21.818      9.364     31.182 
          CLA_4BIT_UNIT_1                         2     3.100     16.791     19.892 
      EXP_SWAP                                   13    20.378     47.564     67.943 
      EXP_COM_8BIT                               24    17.959     39.227     57.185 
        COMP_LESS_UNIT                           24    17.959     39.227     57.185 
          u_high                                 13    11.131     27.478     38.608 
          u_low                                  10     5.880     11.749     17.629 
      EXP_RND                                    15    15.384     13.983     29.367 
      MAN_ALU_PROC_RND                            7     9.779      0.000      9.779 
      SIGN_UNIT                                   1     1.600      3.312      4.911 
  BFU2_S1_26                                   4482  4100.322  12212.472  16312.794 
    DATA_B_IM                                  1121  1037.282   3241.558   4278.841 
      MAN_ALU                                   219   244.114    498.652    742.766 
        ALU_SUB_UNIT                            124   139.363    213.643    353.006 
          CLA_BLOCK_..CLA_4BIT_UNIT              20    24.587      0.883     25.470 
          CLA_BLOCK_..CLA_4BIT_UNIT              15    21.395     32.202     53.597 
          CLA_BLOCK_..CLA_4BIT_UNIT              18    21.168     36.010     57.179 
          CLA_BLOCK_..CLA_4BIT_UNIT              18    21.134     35.230     56.364 
          CLA_BLOCK_..CLA_4BIT_UNIT              18    19.764     39.658     59.422 
          CLA_BLOCK_..CLA_4BIT_UNIT              18    19.219     16.986     36.206 
      NOR_UNIT                                  205   122.072    547.385    669.457 
        SHF_left_unit                           142    79.362    374.047    453.409 
      SHF_RIGHT_MAN                             130    80.009    564.770    644.779 
      MAN_COMP_24BIT                             78    75.240     99.249    174.490 
        u_i_data_3                               13    13.623     12.173     25.796 
        u_i_data_4                               13    13.623     12.282     25.905 
        u_i_data_2                               13    13.549     12.995     26.544 
        u_i_data_1                               13    12.572     23.352     35.924 
        u_i_data_5                               10     9.914     14.372     24.285 
        u_i_data_0                               10     6.056     12.606     18.662 
      MAN_SWAP                                   48    74.929    239.227    314.156 
      PSC_UNIT                                   88    73.185    149.334    222.518 
      MAN_SWAP_PRE                               46    64.213    384.708    448.922 
      MAN_RND                                    26    55.609     65.501    121.110 
      EXP_ADJUST                                 37    41.744     83.392    125.136 
        CLA_8BIT_UNIT                            30    36.252     71.951    108.204 
          CLA_4BIT_UNIT_0                        18    20.559     41.782     62.342 
          CLA_4BIT_UNIT_1                        11    14.736     26.697     41.432 
      LOPD_24BIT                                 58    40.075    110.206    150.281 
        LOPD_16bit_UNIT_MSB                      34    22.506     73.155     95.661 
          LOPD_8bit_unit_1                       14     9.541     30.647     40.188 
          LOPD_8bit_unit_0                       14     9.095     28.124     37.219 
        LOPD_8bit_UNIT_LSB                       14    12.217      7.439     19.656 
      EXP_SUB                                    26    27.886     37.273     65.159 
        CLA_8BIT_UNIT                            21    26.275     26.924     53.200 
          CLA_4BIT_UNIT_0                        18    21.818      9.364     31.182 
          CLA_4BIT_UNIT_1                         2     3.810     17.560     21.370 
      EXP_COM_8BIT                               24    18.698    104.198    122.896 
        COMP_LESS_UNIT                           24    18.698    104.198    122.896 
          u_high                                 13    11.936     28.855     40.791 
          u_low                                  10     5.880     11.749     17.629 
      EXP_SWAP                                   13    18.288     87.460    105.748 
      EXP_RND                                    15    15.223     31.929     47.152 
      MAN_ALU_PROC_RND                            7     9.779      0.000      9.779 
      SIGN_UNIT                                   2     1.383      2.219      3.601 
    DATA_A_IM                                  1120  1024.452   3402.634   4427.086 
      MAN_ALU                                   221   220.511    660.526    881.037 
        ALU_SUB_UNIT                            124   127.844    323.444    451.289 
          CLA_BLOCK_..CLA_4BIT_UNIT              20    22.863     43.361     66.224 
          CLA_BLOCK_..CLA_4BIT_UNIT              15    19.863     33.811     53.674 
          CLA_BLOCK_..CLA_4BIT_UNIT              18    18.727     52.731     71.458 
          CLA_BLOCK_..CLA_4BIT_UNIT              18    18.571     51.953     70.524 
          CLA_BLOCK_..CLA_4BIT_UNIT              18    18.536     51.037     69.573 
          CLA_BLOCK_..CLA_4BIT_UNIT              18    18.286     54.979     73.265 
      NOR_UNIT                                  205   137.394    633.121    770.515 
        SHF_left_unit                           142    93.201    405.791    498.992 
      SHF_RIGHT_MAN                             130    80.009    564.770    644.779 
      MAN_COMP_24BIT                             78    75.240     99.248    174.489 
        u_i_data_3                               13    13.623     12.173     25.796 
        u_i_data_4                               13    13.623     12.282     25.905 
        u_i_data_2                               13    13.549     12.994     26.544 
        u_i_data_1                               13    12.572     23.352     35.924 
        u_i_data_5                               10     9.914     14.372     24.285 
        u_i_data_0                               10     6.056     12.606     18.662 
      MAN_SWAP                                   48    74.964    239.298    314.261 
      PSC_UNIT                                   86    72.392    137.255    209.646 
      MAN_SWAP_PRE                               46    64.248    383.995    448.242 
      MAN_RND                                    26    56.196     95.802    151.999 
      EXP_ADJUST                                 37    41.129     87.478    128.607 
        CLA_8BIT_UNIT                            30    37.217     82.925    120.142 
          CLA_4BIT_UNIT_0                        18    19.070     46.976     66.046 
          CLA_4BIT_UNIT_1                        11    17.230     32.690     49.920 
      LOPD_24BIT                                 58    34.913     68.005    102.918 
        LOPD_16bit_UNIT_MSB                      34    21.359     48.550     69.909 
          LOPD_8bit_unit_0                       14     9.090     28.399     37.490 
          LOPD_8bit_unit_1                       14     8.199     20.091     28.290 
        LOPD_8bit_UNIT_LSB                       14     8.268     19.455     27.723 
      EXP_SUB                                    26    27.886     37.273     65.159 
        CLA_8BIT_UNIT                            21    26.275     26.924     53.200 
          CLA_4BIT_UNIT_0                        18    21.818      9.364     31.182 
          CLA_4BIT_UNIT_1                         2     3.810     17.560     21.370 
      EXP_COM_8BIT                               24    18.698    104.198    122.896 
        COMP_LESS_UNIT                           24    18.698    104.198    122.896 
          u_high                                 13    11.936     28.855     40.791 
          u_low                                  10     5.880     11.749     17.629 
      EXP_SWAP                                   13    18.288     87.460    105.748 
      EXP_RND                                    15    15.385     13.955     29.340 
      MAN_ALU_PROC_RND                            7     9.779      0.000      9.779 
      SIGN_UNIT                                   1     1.417      4.096      5.513 
    DATA_B_RE                                  1121  1019.307   1967.571   2986.878 
      MAN_ALU                                   219   241.899    153.205    395.104 
        ALU_SUB_UNIT                            124   135.876      6.495    142.371 
          CLA_BLOCK_..CLA_4BIT_UNIT              20    24.587      0.883     25.470 
          CLA_BLOCK_..CLA_4BIT_UNIT              15    21.370      1.727     23.097 
          CLA_BLOCK_..CLA_4BIT_UNIT              18    20.622      0.956     21.578 
          CLA_BLOCK_..CLA_4BIT_UNIT              18    20.106      0.977     21.083 
          CLA_BLOCK_..CLA_4BIT_UNIT              18    20.071      0.977     21.048 
          CLA_BLOCK_..CLA_4BIT_UNIT              18    20.071      0.975     21.047 
      NOR_UNIT                                  205    99.324      0.000     99.324 
        SHF_left_unit                           142    69.090      0.000     69.090 
      SHF_RIGHT_MAN                             130    84.719    529.339    614.058 
      MAN_COMP_24BIT                             78    77.149     75.189    152.338 
        u_i_data_3                               13    13.623     12.173     25.796 
        u_i_data_4                               13    13.623     12.282     25.905 
        u_i_data_2                               13    13.549     12.995     26.544 
        u_i_data_1                               13    13.167     15.919     29.086 
        u_i_data_5                               10    10.551      9.213     19.765 
        u_i_data_0                               10     6.056     12.606     18.662 
      PSC_UNIT                                   88    75.948    165.350    241.298 
      MAN_SWAP                                   48    74.302    238.779    313.081 
      MAN_SWAP_PRE                               46    64.213    384.708    448.922 
      MAN_RND                                    26    55.399      0.000     55.399 
      LOPD_24BIT                                 58    48.484      0.000     48.484 
        LOPD_16bit_UNIT_MSB                      34    29.655      0.000     29.655 
          LOPD_8bit_unit_0                       14    13.291      0.000     13.291 
          LOPD_8bit_unit_1                       14    13.291      0.000     13.291 
        LOPD_8bit_UNIT_LSB                       14    13.438      0.000     13.438 
      EXP_ADJUST                                 37    37.746     68.614    106.360 
        CLA_8BIT_UNIT                            30    33.873     68.614    102.487 
          CLA_4BIT_UNIT_0                        18    19.732     54.028     73.761 
          CLA_4BIT_UNIT_1                        11    13.183     11.114     24.297 
      EXP_SUB                                    26    27.700     21.512     49.213 
        CLA_8BIT_UNIT                            21    25.916      9.364     35.280 
          CLA_4BIT_UNIT_0                        18    21.818      9.364     31.182 
          CLA_4BIT_UNIT_1                         2     3.451      0.000      3.451 
      EXP_COM_8BIT                               24    18.203    104.368    122.571 
        COMP_LESS_UNIT                           24    18.203    104.368    122.571 
          u_high                                 13    11.351     28.978     40.329 
          u_low                                  10     5.880     11.749     17.629 
      EXP_SWAP                                   13    17.910     86.169    104.079 
      EXP_RND                                    15    15.147      8.595     23.742 
      MAN_ALU_PROC_RND                            7     9.779      0.000      9.779 
      SIGN_UNIT                                   2     1.383      2.219      3.601 
    DATA_A_RE                                  1120  1019.281   3600.708   4619.989 
      MAN_ALU                                   221   221.026    666.391    887.417 
        ALU_SUB_UNIT                            124   127.230    311.138    438.368 
          CLA_BLOCK_..CLA_4BIT_UNIT              20    22.863     43.361     66.224 
          CLA_BLOCK_..CLA_4BIT_UNIT              15    19.863     33.811     53.674 
          CLA_BLOCK_..CLA_4BIT_UNIT              18    18.571     51.953     70.524 
          CLA_BLOCK_..CLA_4BIT_UNIT              18    18.536     52.393     70.930 
          CLA_BLOCK_..CLA_4BIT_UNIT              18    18.536     51.037     69.573 
          CLA_BLOCK_..CLA_4BIT_UNIT              18    17.986     46.455     64.441 
      NOR_UNIT                                  205   126.819    766.033    892.852 
        SHF_left_unit                           142    83.358    561.861    645.219 
      SHF_RIGHT_MAN                             130    84.719    529.339    614.058 
      MAN_COMP_24BIT                             78    77.149     75.188    152.337 
        u_i_data_3                               13    13.623     12.173     25.796 
        u_i_data_4                               13    13.623     12.282     25.905 
        u_i_data_2                               13    13.549     12.994     26.544 
        u_i_data_1                               13    13.167     15.919     29.086 
        u_i_data_5                               10    10.551      9.213     19.765 
        u_i_data_0                               10     6.056     12.606     18.662 
      MAN_SWAP                                   48    74.336    239.323    313.659 
      PSC_UNIT                                   86    74.044    158.586    232.631 
      MAN_SWAP_PRE                               46    64.248    383.995    448.242 
      MAN_RND                                    26    56.076    100.218    156.294 
      EXP_ADJUST                                 37    41.220     88.058    129.278 
        CLA_8BIT_UNIT                            30    37.539     87.551    125.091 
          CLA_4BIT_UNIT_0                        18    19.758     52.810     72.568 
          CLA_4BIT_UNIT_1                        11    16.864     31.483     48.348 
      LOPD_24BIT                                 58    36.629    123.389    160.018 
        LOPD_16bit_UNIT_MSB                      34    21.941     67.532     89.473 
          LOPD_8bit_unit_1                       14     9.114     28.091     37.205 
          LOPD_8bit_unit_0                       14     9.090     28.399     37.490 
        LOPD_8bit_UNIT_LSB                       14     9.241     27.582     36.824 
      EXP_SUB                                    26    27.700     21.512     49.213 
        CLA_8BIT_UNIT                            21    25.916      9.364     35.280 
          CLA_4BIT_UNIT_0                        18    21.818      9.364     31.182 
          CLA_4BIT_UNIT_1                         2     3.451      0.000      3.451 
      EXP_COM_8BIT                               24    18.203    104.368    122.571 
        COMP_LESS_UNIT                           24    18.203    104.368    122.571 
          u_high                                 13    11.351     28.978     40.329 
          u_low                                  10     5.880     11.749     17.629 
      EXP_SWAP                                   13    17.910     86.169    104.079 
      EXP_RND                                    15    15.372     17.893     33.264 
      MAN_ALU_PROC_RND                            7     9.779      0.000      9.779 
      SIGN_UNIT                                   1     1.417      4.096      5.513 
  DETECT_START_STAGE1                             3     7.035     24.098     31.132 

