============================================================
  Generated by:           Genus(TM) Synthesis Solution GENUS15.20 - 15.20-p004_1
  Generated on:           Jan 04 2026  05:31:07 am
  Module:                 FFT_8Points
  Wireload mode:          enclosed
  Area mode:              timing library
============================================================

 
  Hierarchy Report Format : 
 
    level instance ( module ) <status>
 
    status :    preserve_<value> -- indicating preserve hierachy or inherited_preserve value
           :    blackbox --  indicating  unresolved instance
 
==================================================================

 0 FFT_8Points
  1 BFLY1_0 ( Butterfly_Unit_SIZE_DATA32 ) 
     2 add0 ( FPU_add_sub_NUM_OP1_6919 ) 
        3 EXP_ADJUST ( ADD_SUB_EXP_adjust_SIZE_EXP8_SIZE_LOPD8_2440 ) 
           4 CLA_8BIT_UNIT ( ADD_SUB_CLA_8bit_1579 ) 
              5 CLA_4BIT_UNIT_0 ( ADD_SUB_CLA_4bit_1421 ) 
              5 CLA_4BIT_UNIT_1 ( ADD_SUB_CLA_4bit_1420 ) 
        3 EXP_COM_8BIT ( ADD_SUB_EXP_comp_SIZE_DATA8_2511 ) 
           4 COMP_LESS_UNIT ( ADD_SUB_COMP_8bit_SIZE_DATA8_2369 ) 
              5 u_high ( ADD_SUB_COMP_4bit_1962 ) 
              5 u_low ( ADD_SUB_COMP_4bit_1963 ) 
        3 EXP_RND ( ADD_SUB_EXP_rounding_SIZE_DATA8_2582 ) 
        3 EXP_SUB ( ADD_SUB_EXP_sub_SIZE_EXP_SUB8_2653 ) 
           4 CLA_8BIT_UNIT ( ADD_SUB_CLA_8bit_1580 ) 
              5 CLA_4BIT_UNIT_0 ( ADD_SUB_CLA_4bit_1429 ) 
              5 CLA_4BIT_UNIT_1 ( ADD_SUB_CLA_4bit_1428 ) 
        3 EXP_SWAP ( ADD_SUB_EXP_swap_SIZE_DATA8_2712 ) 
        3 LOPD_24BIT ( ADD_SUB_LOPD_24bit_SIZE_DATA24_SIZE_LOPD5_2866 ) 
           4 LOPD_16bit_UNIT_MSB ( ADD_SUB_LOPD_16bit_2795 ) 
              5 LOPD_8bit_unit_0 ( ADD_SUB_LOPD_8bit_3079 ) 
              5 LOPD_8bit_unit_1 ( ADD_SUB_LOPD_8bit_3078 ) 
           4 LOPD_8bit_UNIT_LSB ( ADD_SUB_LOPD_8bit_3077 ) 
        3 MAN_ALU ( ADD_SUB_MAN_ALU_NUM_OP1_SIZE_MAN24_3152 ) 
           4 ALU_SUB_UNIT ( ADD_SUB_CLA_24bit_348 ) 
              5 CLA_BLOCK_GEN[0].CLA_4BIT_UNIT ( ADD_SUB_CLA_4bit_1427 ) 
              5 CLA_BLOCK_GEN[1].CLA_4BIT_UNIT ( ADD_SUB_CLA_4bit_1426 ) 
              5 CLA_BLOCK_GEN[2].CLA_4BIT_UNIT ( ADD_SUB_CLA_4bit_1425 ) 
              5 CLA_BLOCK_GEN[3].CLA_4BIT_UNIT ( ADD_SUB_CLA_4bit_1424 ) 
              5 CLA_BLOCK_GEN[4].CLA_4BIT_UNIT ( ADD_SUB_CLA_4bit_1423 ) 
              5 CLA_BLOCK_GEN[5].CLA_4BIT_UNIT ( ADD_SUB_CLA_4bit_1422 ) 
        3 MAN_ALU_PROC_RND ( ADD_SUB_CLS_4bit_1652 ) 
        3 MAN_COMP_24BIT ( ADD_SUB_COMP_24bit_SIZE_DATA24_1723 ) 
           4 u_i_data_0 ( ADD_SUB_COMP_4bit_2289 ) 
           4 u_i_data_1 ( ADD_SUB_COMP_4bit_2288 ) 
           4 u_i_data_2 ( ADD_SUB_COMP_4bit_2287 ) 
           4 u_i_data_3 ( ADD_SUB_COMP_4bit_2286 ) 
           4 u_i_data_4 ( ADD_SUB_COMP_4bit_2285 ) 
           4 u_i_data_5 ( ADD_SUB_COMP_4bit_2284 ) 
        3 MAN_RND ( ADD_SUB_MAN_rounding_SIZE_MAN32_SIZE_MAN_RESULT24_3223 ) 
        3 MAN_SWAP ( ADD_SUB_MAN_swap_SIZE_MAN24_3364 ) 
        3 MAN_SWAP_PRE ( ADD_SUB_MAN_swap_SIZE_MAN24_3353 ) 
        3 NOR_UNIT ( ADD_SUB_NOR_unit_SIZE_LOPD5_SIZE_DATA32_3437 ) 
           4 SHF_left_unit ( ADD_SUB_SHF_left_SIZE_DATA32_SIZE_SHIFT5_3579 ) 
        3 PSC_UNIT ( ADD_SUB_PSC_unit_3508 ) 
        3 SHF_RIGHT_MAN ( ADD_SUB_SHF_right_SIZE_DATA32_SIZE_SHIFT5_3650 ) 
        3 SIGN_UNIT ( ADD_SUB_SIGN_unit_3721 ) 
     2 add1 ( FPU_add_sub_NUM_OP1_6918 ) 
        3 EXP_ADJUST ( ADD_SUB_EXP_adjust_SIZE_EXP8_SIZE_LOPD8_2439 ) 
           4 CLA_8BIT_UNIT ( ADD_SUB_CLA_8bit_1577 ) 
              5 CLA_4BIT_UNIT_0 ( ADD_SUB_CLA_4bit_1411 ) 
              5 CLA_4BIT_UNIT_1 ( ADD_SUB_CLA_4bit_780 ) 
        3 EXP_COM_8BIT ( ADD_SUB_EXP_comp_SIZE_DATA8_2510 ) 
           4 COMP_LESS_UNIT ( ADD_SUB_COMP_8bit_SIZE_DATA8_2368 ) 
              5 u_high ( ADD_SUB_COMP_4bit_2282 ) 
              5 u_low ( ADD_SUB_COMP_4bit_2283 ) 
        3 EXP_RND ( ADD_SUB_EXP_rounding_SIZE_DATA8_2518 ) 
        3 EXP_SUB ( ADD_SUB_EXP_sub_SIZE_EXP_SUB8_2652 ) 
           4 CLA_8BIT_UNIT ( ADD_SUB_CLA_8bit_1578 ) 
              5 CLA_4BIT_UNIT_0 ( ADD_SUB_CLA_4bit_1419 ) 
              5 CLA_4BIT_UNIT_1 ( ADD_SUB_CLA_4bit_1418 ) 
        3 EXP_SWAP ( ADD_SUB_EXP_swap_SIZE_DATA8_2723 ) 
        3 LOPD_24BIT ( ADD_SUB_LOPD_24bit_SIZE_DATA24_SIZE_LOPD5_2865 ) 
           4 LOPD_16bit_UNIT_MSB ( ADD_SUB_LOPD_16bit_2794 ) 
              5 LOPD_8bit_unit_0 ( ADD_SUB_LOPD_8bit_3076 ) 
              5 LOPD_8bit_unit_1 ( ADD_SUB_LOPD_8bit_3075 ) 
           4 LOPD_8bit_UNIT_LSB ( ADD_SUB_LOPD_8bit_3074 ) 
        3 MAN_ALU ( ADD_SUB_MAN_ALU_NUM_OP1_SIZE_MAN24_3151 ) 
           4 ALU_SUB_UNIT ( ADD_SUB_CLA_24bit_347 ) 
              5 CLA_BLOCK_GEN[0].CLA_4BIT_UNIT ( ADD_SUB_CLA_4bit_1417 ) 
              5 CLA_BLOCK_GEN[1].CLA_4BIT_UNIT ( ADD_SUB_CLA_4bit_1416 ) 
              5 CLA_BLOCK_GEN[2].CLA_4BIT_UNIT ( ADD_SUB_CLA_4bit_1415 ) 
              5 CLA_BLOCK_GEN[3].CLA_4BIT_UNIT ( ADD_SUB_CLA_4bit_1414 ) 
              5 CLA_BLOCK_GEN[4].CLA_4BIT_UNIT ( ADD_SUB_CLA_4bit_1413 ) 
              5 CLA_BLOCK_GEN[5].CLA_4BIT_UNIT ( ADD_SUB_CLA_4bit_1412 ) 
        3 MAN_ALU_PROC_RND ( ADD_SUB_CLS_4bit_1651 ) 
        3 MAN_COMP_24BIT ( ADD_SUB_COMP_24bit_SIZE_DATA24_1722 ) 
           4 u_i_data_0 ( ADD_SUB_COMP_4bit_2281 ) 
           4 u_i_data_1 ( ADD_SUB_COMP_4bit_2280 ) 
           4 u_i_data_2 ( ADD_SUB_COMP_4bit_2279 ) 
           4 u_i_data_3 ( ADD_SUB_COMP_4bit_2278 ) 
           4 u_i_data_4 ( ADD_SUB_COMP_4bit_2277 ) 
           4 u_i_data_5 ( ADD_SUB_COMP_4bit_2276 ) 
        3 MAN_RND ( ADD_SUB_MAN_rounding_SIZE_MAN32_SIZE_MAN_RESULT24_3222 ) 
        3 MAN_SWAP ( ADD_SUB_MAN_swap_SIZE_MAN24_3362 ) 
        3 MAN_SWAP_PRE ( ADD_SUB_MAN_swap_SIZE_MAN24_3363 ) 
        3 NOR_UNIT ( ADD_SUB_NOR_unit_SIZE_LOPD5_SIZE_DATA32_3436 ) 
           4 SHF_left_unit ( ADD_SUB_SHF_left_SIZE_DATA32_SIZE_SHIFT5_3578 ) 
        3 PSC_UNIT ( ADD_SUB_PSC_unit_3506 ) 
        3 SHF_RIGHT_MAN ( ADD_SUB_SHF_right_SIZE_DATA32_SIZE_SHIFT5_3649 ) 
        3 SIGN_UNIT ( ADD_SUB_SIGN_unit_3659 ) 
     2 add2 ( FPU_add_sub_NUM_OP1_6917 ) 
        3 EXP_ADJUST ( ADD_SUB_EXP_adjust_SIZE_EXP8_SIZE_LOPD8_2438 ) 
           4 CLA_8BIT_UNIT ( ADD_SUB_CLA_8bit_1575 ) 
              5 CLA_4BIT_UNIT_0 ( ADD_SUB_CLA_4bit_1401 ) 
              5 CLA_4BIT_UNIT_1 ( ADD_SUB_CLA_4bit_1400 ) 
        3 EXP_COM_8BIT ( ADD_SUB_EXP_comp_SIZE_DATA8_2509 ) 
           4 COMP_LESS_UNIT ( ADD_SUB_COMP_8bit_SIZE_DATA8_2367 ) 
              5 u_high ( ADD_SUB_COMP_4bit_2274 ) 
              5 u_low ( ADD_SUB_COMP_4bit_2275 ) 
        3 EXP_RND ( ADD_SUB_EXP_rounding_SIZE_DATA8_2580 ) 
        3 EXP_SUB ( ADD_SUB_EXP_sub_SIZE_EXP_SUB8_2651 ) 
           4 CLA_8BIT_UNIT ( ADD_SUB_CLA_8bit_1576 ) 
              5 CLA_4BIT_UNIT_0 ( ADD_SUB_CLA_4bit_1409 ) 
              5 CLA_4BIT_UNIT_1 ( ADD_SUB_CLA_4bit_1408 ) 
        3 EXP_SWAP ( ADD_SUB_EXP_swap_SIZE_DATA8_2722 ) 
        3 LOPD_24BIT ( ADD_SUB_LOPD_24bit_SIZE_DATA24_SIZE_LOPD5_2864 ) 
           4 LOPD_16bit_UNIT_MSB ( ADD_SUB_LOPD_16bit_2793 ) 
              5 LOPD_8bit_unit_0 ( ADD_SUB_LOPD_8bit_3073 ) 
              5 LOPD_8bit_unit_1 ( ADD_SUB_LOPD_8bit_3072 ) 
           4 LOPD_8bit_UNIT_LSB ( ADD_SUB_LOPD_8bit_3071 ) 
        3 MAN_ALU ( ADD_SUB_MAN_ALU_NUM_OP1_SIZE_MAN24_3150 ) 
           4 ALU_SUB_UNIT ( ADD_SUB_CLA_24bit_346 ) 
              5 CLA_BLOCK_GEN[0].CLA_4BIT_UNIT ( ADD_SUB_CLA_4bit_1407 ) 
              5 CLA_BLOCK_GEN[1].CLA_4BIT_UNIT ( ADD_SUB_CLA_4bit_1406 ) 
              5 CLA_BLOCK_GEN[2].CLA_4BIT_UNIT ( ADD_SUB_CLA_4bit_1405 ) 
              5 CLA_BLOCK_GEN[3].CLA_4BIT_UNIT ( ADD_SUB_CLA_4bit_1404 ) 
              5 CLA_BLOCK_GEN[4].CLA_4BIT_UNIT ( ADD_SUB_CLA_4bit_1403 ) 
              5 CLA_BLOCK_GEN[5].CLA_4BIT_UNIT ( ADD_SUB_CLA_4bit_1402 ) 
        3 MAN_ALU_PROC_RND ( ADD_SUB_CLS_4bit_1650 ) 
        3 MAN_COMP_24BIT ( ADD_SUB_COMP_24bit_SIZE_DATA24_1721 ) 
           4 u_i_data_0 ( ADD_SUB_COMP_4bit_2273 ) 
           4 u_i_data_1 ( ADD_SUB_COMP_4bit_2272 ) 
           4 u_i_data_2 ( ADD_SUB_COMP_4bit_2271 ) 
           4 u_i_data_3 ( ADD_SUB_COMP_4bit_2270 ) 
           4 u_i_data_4 ( ADD_SUB_COMP_4bit_2269 ) 
           4 u_i_data_5 ( ADD_SUB_COMP_4bit_2268 ) 
        3 MAN_RND ( ADD_SUB_MAN_rounding_SIZE_MAN32_SIZE_MAN_RESULT24_3221 ) 
        3 MAN_SWAP ( ADD_SUB_MAN_swap_SIZE_MAN24_3360 ) 
        3 MAN_SWAP_PRE ( ADD_SUB_MAN_swap_SIZE_MAN24_3361 ) 
        3 NOR_UNIT ( ADD_SUB_NOR_unit_SIZE_LOPD5_SIZE_DATA32_3435 ) 
           4 SHF_left_unit ( ADD_SUB_SHF_left_SIZE_DATA32_SIZE_SHIFT5_3577 ) 
        3 PSC_UNIT ( ADD_SUB_PSC_unit_3507 ) 
        3 SHF_RIGHT_MAN ( ADD_SUB_SHF_right_SIZE_DATA32_SIZE_SHIFT5_3648 ) 
        3 SIGN_UNIT ( ADD_SUB_SIGN_unit_3719 ) 
     2 mul0 ( fpu_mul_SIZE_DATA32 ) 
        3 EXP_ROUNDING_UNIT ( MUL_EXP_rounding_SIZE_DATA8 ) 
        3 LOPD_UNIT ( MUL_LOPD_24bit_SIZE_DATA24_SIZE_LOPD5 ) 
           4 LOPD_16bit_UNIT_MSB ( MUL_LOPD_16bit ) 
              5 LOPD_8bit_unit_0 ( MUL_LOPD_8bit ) 
              5 LOPD_8bit_unit_1 ( MUL_LOPD_8bit_7439 ) 
           4 LOPD_8bit_UNIT_LSB ( MUL_LOPD_8bit_7438 ) 
        3 MAN_MUL_UNIT ( MUL_MAN_mul_SIZE_DATA24 ) 
           4 MUL_UNIT_MAN_UNIT ( Multiplier ) 
              5 u_booth ( Modified_booth_N24_NUM_PP13 ) 
              5 u_cla ( CLA_adder_top_WIDTH48_FANIN4 ) 
                 6 cla_tree ( cla_logic_tree_level_WIDTH48_FANIN4 ) 
                    7 COMPUTE_DETAILED_CARRY[10].cla_unit ( CLA_logic_WIDTH4_4533 ) 
                    7 COMPUTE_DETAILED_CARRY[11].cla_unit ( CLA_logic_WIDTH4_4532 ) 
                    7 COMPUTE_DETAILED_CARRY[2].cla_unit ( CLA_logic_WIDTH4_4541 ) 
                    7 COMPUTE_DETAILED_CARRY[3].cla_unit ( CLA_logic_WIDTH4_4540 ) 
                    7 COMPUTE_DETAILED_CARRY[4].cla_unit ( CLA_logic_WIDTH4_4539 ) 
                    7 COMPUTE_DETAILED_CARRY[5].cla_unit ( CLA_logic_WIDTH4_4538 ) 
                    7 COMPUTE_DETAILED_CARRY[6].cla_unit ( CLA_logic_WIDTH4_4537 ) 
                    7 COMPUTE_DETAILED_CARRY[7].cla_unit ( CLA_logic_WIDTH4_4536 ) 
                    7 COMPUTE_DETAILED_CARRY[8].cla_unit ( CLA_logic_WIDTH4_4535 ) 
                    7 COMPUTE_DETAILED_CARRY[9].cla_unit ( CLA_logic_WIDTH4_4534 ) 
                    7 MULTI_GROUP.next_level ( cla_logic_tree_level_WIDTH12_FANIN4 ) 
                       8 COMPUTE_DETAILED_CARRY[0].cla_unit ( CLA_logic_WIDTH4 ) 
                       8 COMPUTE_DETAILED_CARRY[1].cla_unit ( CLA_logic_WIDTH4_4545 ) 
                       8 COMPUTE_DETAILED_CARRY[2].cla_unit ( CLA_logic_WIDTH4_4544 ) 
                       8 MULTI_GROUP.next_level ( cla_logic_tree_level_WIDTH3_FANIN4 ) 
                          9 COMPUTE_DETAILED_CARRY[0].cla_unit ( CLA_logic_WIDTH3 ) 
              5 u_merge ( wallace_final_merge_WIDTH48 ) 
                 6 csa_row[10].u_fa ( FA_1bit_6825 ) 
                 6 csa_row[11].u_fa ( FA_1bit_6838 ) 
                 6 csa_row[12].u_fa ( FA_1bit_6837 ) 
                 6 csa_row[13].u_fa ( FA_1bit_6836 ) 
                 6 csa_row[14].u_fa ( FA_1bit_6835 ) 
                 6 csa_row[15].u_fa ( FA_1bit_6834 ) 
                 6 csa_row[16].u_fa ( FA_1bit_6833 ) 
                 6 csa_row[17].u_fa ( FA_1bit_6832 ) 
                 6 csa_row[18].u_fa ( FA_1bit_6831 ) 
                 6 csa_row[19].u_fa ( FA_1bit_6830 ) 
                 6 csa_row[20].u_fa ( FA_1bit_6829 ) 
                 6 csa_row[21].u_fa ( FA_1bit_6828 ) 
                 6 csa_row[22].u_fa ( FA_1bit_6827 ) 
                 6 csa_row[23].u_fa ( FA_1bit_6826 ) 
                 6 csa_row[24].u_fa ( FA_1bit_6839 ) 
                 6 csa_row[25].u_fa ( FA_1bit_6824 ) 
                 6 csa_row[26].u_fa ( FA_1bit_6823 ) 
                 6 csa_row[27].u_fa ( FA_1bit_6822 ) 
                 6 csa_row[28].u_fa ( FA_1bit_6821 ) 
                 6 csa_row[29].u_fa ( FA_1bit_6820 ) 
                 6 csa_row[30].u_fa ( FA_1bit_6819 ) 
                 6 csa_row[31].u_fa ( FA_1bit_6818 ) 
                 6 csa_row[32].u_fa ( FA_1bit_6817 ) 
                 6 csa_row[33].u_fa ( FA_1bit_6816 ) 
                 6 csa_row[34].u_fa ( FA_1bit_6815 ) 
                 6 csa_row[35].u_fa ( FA_1bit_6814 ) 
                 6 csa_row[36].u_fa ( FA_1bit_6813 ) 
                 6 csa_row[37].u_fa ( FA_1bit_6812 ) 
                 6 csa_row[38].u_fa ( FA_1bit_6811 ) 
                 6 csa_row[39].u_fa ( FA_1bit_6810 ) 
                 6 csa_row[40].u_fa ( FA_1bit_6809 ) 
                 6 csa_row[41].u_fa ( FA_1bit_6808 ) 
                 6 csa_row[42].u_fa ( FA_1bit_6807 ) 
                 6 csa_row[43].u_fa ( FA_1bit_6806 ) 
                 6 csa_row[44].u_fa ( FA_1bit_6805 ) 
                 6 csa_row[45].u_fa ( FA_1bit_6804 ) 
                 6 csa_row[46].u_fa ( FA_1bit_6803 ) 
                 6 csa_row[47].u_fa ( FA_1bit_6802 ) 
                 6 csa_row[6].u_fa ( FA_1bit_6843 ) 
                 6 csa_row[7].u_fa ( FA_1bit_6842 ) 
                 6 csa_row[8].u_fa ( FA_1bit_6841 ) 
                 6 csa_row[9].u_fa ( FA_1bit_6840 ) 
              5 u_wallace ( wallace_tree_N24_NUM_PP13_NUM_CZ12 ) 
                 6 STAGE_GEN[0].u_stage ( wallace_stage_NUM_COLS48_COL_HEIGHTSx000000020000000200000003000000030000000400000004000000050000000500000006000000060000000700000007000000080000000800000009000000090000000a0000000a0000000b0000000b0000000c0000000c0000000d0000000d0000000d0000000c0000000c0000000b0000000b0000000a0000000a0000000900000009000000080000000800000007000000070000000600000006000000050000000500000004000000040000000300000003000000020000000200000001_MAX_H_IN32_MAX_H_OUT32 ) 
                 6 STAGE_GEN[1].u_stage ( wallace_stage_NUM_COLS48_COL_HEIGHTSx000000010000000200000002000000020000000300000003000000030000000400000004000000040000000500000005000000050000000600000006000000060000000700000007000000070000000800000008000000080000000900000009000000090000000800000008000000080000000800000008000000070000000600000006000000060000000600000006000000050000000400000004000000040000000400000004000000030000000200000002000000020000000200000002_MAX_H_IN32_MAX_H_OUT32 ) 
                 6 STAGE_GEN[2].u_stage ( wallace_stage_NUM_COLS48_COL_HEIGHTSx000000010000000100000002000000020000000200000002000000020000000300000003000000030000000300000004000000040000000400000004000000040000000500000005000000050000000500000006000000060000000600000006000000060000000600000006000000060000000600000006000000060000000400000004000000040000000400000004000000040000000400000003000000030000000300000003000000020000000200000002000000020000000200000002_MAX_H_IN32_MAX_H_OUT32 ) 
                 6 STAGE_GEN[3].u_stage ( wallace_stage_NUM_COLS48_COL_HEIGHTSx000000010000000100000001000000020000000200000002000000020000000200000002000000020000000200000003000000030000000300000003000000030000000300000004000000040000000400000004000000040000000400000004000000040000000400000004000000040000000400000004000000040000000400000003000000030000000300000003000000030000000300000002000000020000000200000002000000020000000200000002000000020000000200000002_MAX_H_IN32_MAX_H_OUT32 ) 
                 6 STAGE_GEN[4].u_stage ( wallace_stage_NUM_COLS48_COL_HEIGHTSx000000010000000100000001000000010000000200000002000000020000000200000002000000020000000200000002000000020000000200000002000000020000000200000003000000030000000300000003000000030000000300000003000000030000000300000003000000030000000300000003000000030000000300000002000000020000000200000002000000020000000200000002000000020000000200000002000000020000000200000002000000020000000200000002_MAX_H_IN32_MAX_H_OUT32 ) 
                 6 STAGE_GEN[5].u_stage ( wallace_stage_NUM_COLS48_COL_HEIGHTSx000000010000000100000001000000010000000100000002000000020000000200000002000000020000000200000002000000020000000200000002000000020000000200000002000000020000000200000002000000020000000200000002000000020000000200000002000000020000000200000002000000020000000200000002000000020000000200000002000000020000000200000002000000020000000200000002000000020000000200000002000000020000000200000002_MAX_H_IN32_MAX_H_OUT32 ) 
        3 MAN_ROUNDING_UNIT ( MUL_MAN_rounding_SIZE_MAN24 ) 
        3 MUL_EXP_ADJUST_UNIT ( MUL_EXP_adjust_SIZE_DATA8_SIZE_LOPD8 ) 
           4 CLA_8BIT_UNIT ( MUL_CLA_8bit ) 
              5 CLA_4BIT_UNIT_0 ( MUL_CLA_4bit ) 
              5 CLA_4BIT_UNIT_1 ( MUL_CLA_4bit_7014 ) 
        3 NOR_UNIT ( MUL_NOR_unit_SIZE_LOPD5_SIZE_DATA24 ) 
           4 SHF_left_unit ( MUL_SHF_left_SIZE_DATA32_SIZE_SHIFT5 ) 
        3 PSC_UNIT ( MUL_PSC_unit_SIZE_EXP8_SIZE_MAN24 ) 
     2 mul1 ( fpu_mul_SIZE_DATA32_8074 ) 
        3 PSC_UNIT ( MUL_PSC_unit_SIZE_EXP8_SIZE_MAN24_7623 ) 
     2 mul2 ( fpu_mul_SIZE_DATA32_8073 ) 
        3 PSC_UNIT ( MUL_PSC_unit_SIZE_EXP8_SIZE_MAN24_7626 ) 
     2 mul3 ( fpu_mul_SIZE_DATA32_8072 ) 
        3 EXP_ROUNDING_UNIT ( MUL_EXP_rounding_SIZE_DATA8_7153 ) 
        3 LOPD_UNIT ( MUL_LOPD_24bit_SIZE_DATA24_SIZE_LOPD5_7294 ) 
           4 LOPD_16bit_UNIT_MSB ( MUL_LOPD_16bit_7247 ) 
              5 LOPD_8bit_unit_0 ( MUL_LOPD_8bit_7431 ) 
              5 LOPD_8bit_unit_1 ( MUL_LOPD_8bit_7430 ) 
           4 LOPD_8bit_UNIT_LSB ( MUL_LOPD_8bit_7429 ) 
        3 MAN_MUL_UNIT ( MUL_MAN_mul_SIZE_DATA24_7484 ) 
           4 MUL_UNIT_MAN_UNIT ( Multiplier_7766 ) 
              5 u_booth ( Modified_booth_N24_NUM_PP13_7719 ) 
              5 u_cla ( CLA_adder_top_WIDTH48_FANIN4_3777 ) 
                 6 cla_tree ( cla_logic_tree_level_WIDTH48_FANIN4_7954 ) 
                    7 COMPUTE_DETAILED_CARRY[10].cla_unit ( CLA_logic_WIDTH4_4488 ) 
                    7 COMPUTE_DETAILED_CARRY[11].cla_unit ( CLA_logic_WIDTH4_4487 ) 
                    7 COMPUTE_DETAILED_CARRY[2].cla_unit ( CLA_logic_WIDTH4_4496 ) 
                    7 COMPUTE_DETAILED_CARRY[3].cla_unit ( CLA_logic_WIDTH4_4495 ) 
                    7 COMPUTE_DETAILED_CARRY[4].cla_unit ( CLA_logic_WIDTH4_4494 ) 
                    7 COMPUTE_DETAILED_CARRY[5].cla_unit ( CLA_logic_WIDTH4_4493 ) 
                    7 COMPUTE_DETAILED_CARRY[6].cla_unit ( CLA_logic_WIDTH4_4492 ) 
                    7 COMPUTE_DETAILED_CARRY[7].cla_unit ( CLA_logic_WIDTH4_4491 ) 
                    7 COMPUTE_DETAILED_CARRY[8].cla_unit ( CLA_logic_WIDTH4_4490 ) 
                    7 COMPUTE_DETAILED_CARRY[9].cla_unit ( CLA_logic_WIDTH4_4489 ) 
                    7 MULTI_GROUP.next_level ( cla_logic_tree_level_WIDTH12_FANIN4_7860 ) 
                       8 COMPUTE_DETAILED_CARRY[0].cla_unit ( CLA_logic_WIDTH4_4501 ) 
                       8 COMPUTE_DETAILED_CARRY[1].cla_unit ( CLA_logic_WIDTH4_4500 ) 
                       8 COMPUTE_DETAILED_CARRY[2].cla_unit ( CLA_logic_WIDTH4_4499 ) 
                       8 MULTI_GROUP.next_level ( cla_logic_tree_level_WIDTH3_FANIN4_7907 ) 
                          9 COMPUTE_DETAILED_CARRY[0].cla_unit ( CLA_logic_WIDTH3_3824 ) 
              5 u_merge ( wallace_final_merge_WIDTH48_9762 ) 
                 6 csa_row[10].u_fa ( FA_1bit_6695 ) 
                 6 csa_row[11].u_fa ( FA_1bit_6694 ) 
                 6 csa_row[12].u_fa ( FA_1bit_6693 ) 
                 6 csa_row[13].u_fa ( FA_1bit_6692 ) 
                 6 csa_row[14].u_fa ( FA_1bit_6691 ) 
                 6 csa_row[15].u_fa ( FA_1bit_6690 ) 
                 6 csa_row[16].u_fa ( FA_1bit_6689 ) 
                 6 csa_row[17].u_fa ( FA_1bit_6688 ) 
                 6 csa_row[18].u_fa ( FA_1bit_6687 ) 
                 6 csa_row[19].u_fa ( FA_1bit_6686 ) 
                 6 csa_row[20].u_fa ( FA_1bit_6685 ) 
                 6 csa_row[21].u_fa ( FA_1bit_6684 ) 
                 6 csa_row[22].u_fa ( FA_1bit_6683 ) 
                 6 csa_row[23].u_fa ( FA_1bit_6682 ) 
                 6 csa_row[24].u_fa ( FA_1bit_6681 ) 
                 6 csa_row[25].u_fa ( FA_1bit_6680 ) 
                 6 csa_row[26].u_fa ( FA_1bit_6679 ) 
                 6 csa_row[27].u_fa ( FA_1bit_6678 ) 
                 6 csa_row[28].u_fa ( FA_1bit_6677 ) 
                 6 csa_row[29].u_fa ( FA_1bit_6676 ) 
                 6 csa_row[30].u_fa ( FA_1bit_6675 ) 
                 6 csa_row[31].u_fa ( FA_1bit_6674 ) 
                 6 csa_row[32].u_fa ( FA_1bit_6673 ) 
                 6 csa_row[33].u_fa ( FA_1bit_6672 ) 
                 6 csa_row[34].u_fa ( FA_1bit_6671 ) 
                 6 csa_row[35].u_fa ( FA_1bit_6670 ) 
                 6 csa_row[36].u_fa ( FA_1bit_6669 ) 
                 6 csa_row[37].u_fa ( FA_1bit_6668 ) 
                 6 csa_row[38].u_fa ( FA_1bit_6667 ) 
                 6 csa_row[39].u_fa ( FA_1bit_6666 ) 
                 6 csa_row[40].u_fa ( FA_1bit_6665 ) 
                 6 csa_row[41].u_fa ( FA_1bit_6664 ) 
                 6 csa_row[42].u_fa ( FA_1bit_6663 ) 
                 6 csa_row[43].u_fa ( FA_1bit_6662 ) 
                 6 csa_row[44].u_fa ( FA_1bit_6661 ) 
                 6 csa_row[45].u_fa ( FA_1bit_6660 ) 
                 6 csa_row[46].u_fa ( FA_1bit_6659 ) 
                 6 csa_row[47].u_fa ( FA_1bit_6658 ) 
                 6 csa_row[6].u_fa ( FA_1bit_6699 ) 
                 6 csa_row[7].u_fa ( FA_1bit_6698 ) 
                 6 csa_row[8].u_fa ( FA_1bit_6697 ) 
                 6 csa_row[9].u_fa ( FA_1bit_6696 ) 
              5 u_wallace ( wallace_tree_N24_NUM_PP13_NUM_CZ12_10091 ) 
                 6 STAGE_GEN[0].u_stage ( wallace_stage_NUM_COLS48_COL_HEIGHTSx000000020000000200000003000000030000000400000004000000050000000500000006000000060000000700000007000000080000000800000009000000090000000a0000000a0000000b0000000b0000000c0000000c0000000d0000000d0000000d0000000c0000000c0000000b0000000b0000000a0000000a0000000900000009000000080000000800000007000000070000000600000006000000050000000500000004000000040000000300000003000000020000000200000001_MAX_H_IN32_MAX_H_OUT32_10044 ) 
                 6 STAGE_GEN[1].u_stage ( wallace_stage_NUM_COLS48_COL_HEIGHTSx000000010000000200000002000000020000000300000003000000030000000400000004000000040000000500000005000000050000000600000006000000060000000700000007000000070000000800000008000000080000000900000009000000090000000800000008000000080000000800000008000000070000000600000006000000060000000600000006000000050000000400000004000000040000000400000004000000030000000200000002000000020000000200000002_MAX_H_IN32_MAX_H_OUT32_9997 ) 
                 6 STAGE_GEN[2].u_stage ( wallace_stage_NUM_COLS48_COL_HEIGHTSx000000010000000100000002000000020000000200000002000000020000000300000003000000030000000300000004000000040000000400000004000000040000000500000005000000050000000500000006000000060000000600000006000000060000000600000006000000060000000600000006000000060000000400000004000000040000000400000004000000040000000400000003000000030000000300000003000000020000000200000002000000020000000200000002_MAX_H_IN32_MAX_H_OUT32_9950 ) 
                 6 STAGE_GEN[3].u_stage ( wallace_stage_NUM_COLS48_COL_HEIGHTSx000000010000000100000001000000020000000200000002000000020000000200000002000000020000000200000003000000030000000300000003000000030000000300000004000000040000000400000004000000040000000400000004000000040000000400000004000000040000000400000004000000040000000400000003000000030000000300000003000000030000000300000002000000020000000200000002000000020000000200000002000000020000000200000002_MAX_H_IN32_MAX_H_OUT32_9903 ) 
                 6 STAGE_GEN[4].u_stage ( wallace_stage_NUM_COLS48_COL_HEIGHTSx000000010000000100000001000000010000000200000002000000020000000200000002000000020000000200000002000000020000000200000002000000020000000200000003000000030000000300000003000000030000000300000003000000030000000300000003000000030000000300000003000000030000000300000002000000020000000200000002000000020000000200000002000000020000000200000002000000020000000200000002000000020000000200000002_MAX_H_IN32_MAX_H_OUT32_9856 ) 
                 6 STAGE_GEN[5].u_stage ( wallace_stage_NUM_COLS48_COL_HEIGHTSx000000010000000100000001000000010000000100000002000000020000000200000002000000020000000200000002000000020000000200000002000000020000000200000002000000020000000200000002000000020000000200000002000000020000000200000002000000020000000200000002000000020000000200000002000000020000000200000002000000020000000200000002000000020000000200000002000000020000000200000002000000020000000200000002_MAX_H_IN32_MAX_H_OUT32_9809 ) 
        3 MAN_ROUNDING_UNIT ( MUL_MAN_rounding_SIZE_MAN24_7531 ) 
        3 MUL_EXP_ADJUST_UNIT ( MUL_EXP_adjust_SIZE_DATA8_SIZE_LOPD8_7106 ) 
           4 CLA_8BIT_UNIT ( MUL_CLA_8bit_7059 ) 
              5 CLA_4BIT_UNIT_0 ( MUL_CLA_4bit_7009 ) 
              5 CLA_4BIT_UNIT_1 ( MUL_CLA_4bit_7008 ) 
        3 NOR_UNIT ( MUL_NOR_unit_SIZE_LOPD5_SIZE_DATA24_7578 ) 
           4 SHF_left_unit ( MUL_SHF_left_SIZE_DATA32_SIZE_SHIFT5_7672 ) 
        3 PSC_UNIT ( MUL_PSC_unit_SIZE_EXP8_SIZE_MAN24_7625 ) 
     2 sub0 ( FPU_add_sub_NUM_OP1 ) 
        3 EXP_ADJUST ( ADD_SUB_EXP_adjust_SIZE_EXP8_SIZE_LOPD8 ) 
           4 CLA_8BIT_UNIT ( ADD_SUB_CLA_8bit_1581 ) 
              5 CLA_4BIT_UNIT_0 ( ADD_SUB_CLA_4bit_1431 ) 
              5 CLA_4BIT_UNIT_1 ( ADD_SUB_CLA_4bit_1430 ) 
        3 EXP_COM_8BIT ( ADD_SUB_EXP_comp_SIZE_DATA8 ) 
           4 COMP_LESS_UNIT ( ADD_SUB_COMP_8bit_SIZE_DATA8 ) 
              5 u_high ( ADD_SUB_COMP_4bit_2250 ) 
              5 u_low ( ADD_SUB_COMP_4bit ) 
        3 EXP_RND ( ADD_SUB_EXP_rounding_SIZE_DATA8 ) 
        3 EXP_SUB ( ADD_SUB_EXP_sub_SIZE_EXP_SUB8 ) 
           4 CLA_8BIT_UNIT ( ADD_SUB_CLA_8bit ) 
              5 CLA_4BIT_UNIT_0 ( ADD_SUB_CLA_4bit ) 
              5 CLA_4BIT_UNIT_1 ( ADD_SUB_CLA_4bit_1438 ) 
        3 EXP_SWAP ( ADD_SUB_EXP_swap_SIZE_DATA8 ) 
        3 LOPD_24BIT ( ADD_SUB_LOPD_24bit_SIZE_DATA24_SIZE_LOPD5 ) 
           4 LOPD_16bit_UNIT_MSB ( ADD_SUB_LOPD_16bit ) 
              5 LOPD_8bit_unit_0 ( ADD_SUB_LOPD_8bit ) 
              5 LOPD_8bit_unit_1 ( ADD_SUB_LOPD_8bit_3081 ) 
           4 LOPD_8bit_UNIT_LSB ( ADD_SUB_LOPD_8bit_3080 ) 
        3 MAN_ALU ( ADD_SUB_MAN_ALU_NUM_OP1_SIZE_MAN24 ) 
           4 ALU_SUB_UNIT ( ADD_SUB_CLA_24bit ) 
              5 CLA_BLOCK_GEN[0].CLA_4BIT_UNIT ( ADD_SUB_CLA_4bit_1437 ) 
              5 CLA_BLOCK_GEN[1].CLA_4BIT_UNIT ( ADD_SUB_CLA_4bit_1436 ) 
              5 CLA_BLOCK_GEN[2].CLA_4BIT_UNIT ( ADD_SUB_CLA_4bit_1435 ) 
              5 CLA_BLOCK_GEN[3].CLA_4BIT_UNIT ( ADD_SUB_CLA_4bit_1434 ) 
              5 CLA_BLOCK_GEN[4].CLA_4BIT_UNIT ( ADD_SUB_CLA_4bit_1433 ) 
              5 CLA_BLOCK_GEN[5].CLA_4BIT_UNIT ( ADD_SUB_CLA_4bit_1432 ) 
        3 MAN_ALU_PROC_RND ( ADD_SUB_CLS_4bit ) 
        3 MAN_COMP_24BIT ( ADD_SUB_COMP_24bit_SIZE_DATA24 ) 
           4 u_i_data_0 ( ADD_SUB_COMP_4bit_2297 ) 
           4 u_i_data_1 ( ADD_SUB_COMP_4bit_2296 ) 
           4 u_i_data_2 ( ADD_SUB_COMP_4bit_2295 ) 
           4 u_i_data_3 ( ADD_SUB_COMP_4bit_2294 ) 
           4 u_i_data_4 ( ADD_SUB_COMP_4bit_2293 ) 
           4 u_i_data_5 ( ADD_SUB_COMP_4bit_2292 ) 
        3 MAN_RND ( ADD_SUB_MAN_rounding_SIZE_MAN32_SIZE_MAN_RESULT24 ) 
        3 MAN_SWAP ( ADD_SUB_MAN_swap_SIZE_MAN24_3366 ) 
        3 MAN_SWAP_PRE ( ADD_SUB_MAN_swap_SIZE_MAN24 ) 
        3 NOR_UNIT ( ADD_SUB_NOR_unit_SIZE_LOPD5_SIZE_DATA32 ) 
           4 SHF_left_unit ( ADD_SUB_SHF_left_SIZE_DATA32_SIZE_SHIFT5 ) 
        3 PSC_UNIT ( ADD_SUB_PSC_unit ) 
        3 SHF_RIGHT_MAN ( ADD_SUB_SHF_right_SIZE_DATA32_SIZE_SHIFT5 ) 
        3 SIGN_UNIT ( ADD_SUB_SIGN_unit ) 
     2 sub1 ( FPU_add_sub_NUM_OP1_6916 ) 
        3 EXP_ADJUST ( ADD_SUB_EXP_adjust_SIZE_EXP8_SIZE_LOPD8_2437 ) 
           4 CLA_8BIT_UNIT ( ADD_SUB_CLA_8bit_1573 ) 
              5 CLA_4BIT_UNIT_0 ( ADD_SUB_CLA_4bit_1391 ) 
              5 CLA_4BIT_UNIT_1 ( ADD_SUB_CLA_4bit_1390 ) 
        3 EXP_COM_8BIT ( ADD_SUB_EXP_comp_SIZE_DATA8_2508 ) 
           4 COMP_LESS_UNIT ( ADD_SUB_COMP_8bit_SIZE_DATA8_2366 ) 
              5 u_high ( ADD_SUB_COMP_4bit_2266 ) 
              5 u_low ( ADD_SUB_COMP_4bit_2267 ) 
        3 EXP_RND ( ADD_SUB_EXP_rounding_SIZE_DATA8_2579 ) 
        3 EXP_SUB ( ADD_SUB_EXP_sub_SIZE_EXP_SUB8_2650 ) 
           4 CLA_8BIT_UNIT ( ADD_SUB_CLA_8bit_1574 ) 
              5 CLA_4BIT_UNIT_0 ( ADD_SUB_CLA_4bit_1399 ) 
              5 CLA_4BIT_UNIT_1 ( ADD_SUB_CLA_4bit_1398 ) 
        3 EXP_SWAP ( ADD_SUB_EXP_swap_SIZE_DATA8_2721 ) 
        3 LOPD_24BIT ( ADD_SUB_LOPD_24bit_SIZE_DATA24_SIZE_LOPD5_2863 ) 
           4 LOPD_16bit_UNIT_MSB ( ADD_SUB_LOPD_16bit_2792 ) 
              5 LOPD_8bit_unit_0 ( ADD_SUB_LOPD_8bit_3070 ) 
              5 LOPD_8bit_unit_1 ( ADD_SUB_LOPD_8bit_3069 ) 
           4 LOPD_8bit_UNIT_LSB ( ADD_SUB_LOPD_8bit_3068 ) 
        3 MAN_ALU ( ADD_SUB_MAN_ALU_NUM_OP1_SIZE_MAN24_3149 ) 
           4 ALU_SUB_UNIT ( ADD_SUB_CLA_24bit_345 ) 
              5 CLA_BLOCK_GEN[0].CLA_4BIT_UNIT ( ADD_SUB_CLA_4bit_1397 ) 
              5 CLA_BLOCK_GEN[1].CLA_4BIT_UNIT ( ADD_SUB_CLA_4bit_1396 ) 
              5 CLA_BLOCK_GEN[2].CLA_4BIT_UNIT ( ADD_SUB_CLA_4bit_1395 ) 
              5 CLA_BLOCK_GEN[3].CLA_4BIT_UNIT ( ADD_SUB_CLA_4bit_1394 ) 
              5 CLA_BLOCK_GEN[4].CLA_4BIT_UNIT ( ADD_SUB_CLA_4bit_1393 ) 
              5 CLA_BLOCK_GEN[5].CLA_4BIT_UNIT ( ADD_SUB_CLA_4bit_1392 ) 
        3 MAN_ALU_PROC_RND ( ADD_SUB_CLS_4bit_1649 ) 
        3 MAN_COMP_24BIT ( ADD_SUB_COMP_24bit_SIZE_DATA24_1720 ) 
           4 u_i_data_0 ( ADD_SUB_COMP_4bit_2265 ) 
           4 u_i_data_1 ( ADD_SUB_COMP_4bit_2264 ) 
           4 u_i_data_2 ( ADD_SUB_COMP_4bit_2263 ) 
           4 u_i_data_3 ( ADD_SUB_COMP_4bit_2262 ) 
           4 u_i_data_4 ( ADD_SUB_COMP_4bit_2261 ) 
           4 u_i_data_5 ( ADD_SUB_COMP_4bit_2260 ) 
        3 MAN_RND ( ADD_SUB_MAN_rounding_SIZE_MAN32_SIZE_MAN_RESULT24_3220 ) 
        3 MAN_SWAP ( ADD_SUB_MAN_swap_SIZE_MAN24_3358 ) 
        3 MAN_SWAP_PRE ( ADD_SUB_MAN_swap_SIZE_MAN24_3359 ) 
        3 NOR_UNIT ( ADD_SUB_NOR_unit_SIZE_LOPD5_SIZE_DATA32_3434 ) 
           4 SHF_left_unit ( ADD_SUB_SHF_left_SIZE_DATA32_SIZE_SHIFT5_3576 ) 
        3 PSC_UNIT ( ADD_SUB_PSC_unit_3444 ) 
        3 SHF_RIGHT_MAN ( ADD_SUB_SHF_right_SIZE_DATA32_SIZE_SHIFT5_3647 ) 
        3 SIGN_UNIT ( ADD_SUB_SIGN_unit_3657 ) 
     2 sub2 ( FPU_add_sub_NUM_OP1_6915 ) 
        3 EXP_ADJUST ( ADD_SUB_EXP_adjust_SIZE_EXP8_SIZE_LOPD8_2436 ) 
           4 CLA_8BIT_UNIT ( ADD_SUB_CLA_8bit_1571 ) 
              5 CLA_4BIT_UNIT_0 ( ADD_SUB_CLA_4bit_1381 ) 
              5 CLA_4BIT_UNIT_1 ( ADD_SUB_CLA_4bit_1380 ) 
        3 EXP_COM_8BIT ( ADD_SUB_EXP_comp_SIZE_DATA8_2507 ) 
           4 COMP_LESS_UNIT ( ADD_SUB_COMP_8bit_SIZE_DATA8_2365 ) 
              5 u_high ( ADD_SUB_COMP_4bit_2258 ) 
              5 u_low ( ADD_SUB_COMP_4bit_2259 ) 
        3 EXP_RND ( ADD_SUB_EXP_rounding_SIZE_DATA8_2578 ) 
        3 EXP_SUB ( ADD_SUB_EXP_sub_SIZE_EXP_SUB8_2649 ) 
           4 CLA_8BIT_UNIT ( ADD_SUB_CLA_8bit_1572 ) 
              5 CLA_4BIT_UNIT_0 ( ADD_SUB_CLA_4bit_1389 ) 
              5 CLA_4BIT_UNIT_1 ( ADD_SUB_CLA_4bit_1388 ) 
        3 EXP_SWAP ( ADD_SUB_EXP_swap_SIZE_DATA8_2720 ) 
        3 LOPD_24BIT ( ADD_SUB_LOPD_24bit_SIZE_DATA24_SIZE_LOPD5_2862 ) 
           4 LOPD_16bit_UNIT_MSB ( ADD_SUB_LOPD_16bit_2791 ) 
              5 LOPD_8bit_unit_0 ( ADD_SUB_LOPD_8bit_3067 ) 
              5 LOPD_8bit_unit_1 ( ADD_SUB_LOPD_8bit_3066 ) 
           4 LOPD_8bit_UNIT_LSB ( ADD_SUB_LOPD_8bit_3065 ) 
        3 MAN_ALU ( ADD_SUB_MAN_ALU_NUM_OP1_SIZE_MAN24_3148 ) 
           4 ALU_SUB_UNIT ( ADD_SUB_CLA_24bit_344 ) 
              5 CLA_BLOCK_GEN[0].CLA_4BIT_UNIT ( ADD_SUB_CLA_4bit_1387 ) 
              5 CLA_BLOCK_GEN[1].CLA_4BIT_UNIT ( ADD_SUB_CLA_4bit_1386 ) 
              5 CLA_BLOCK_GEN[2].CLA_4BIT_UNIT ( ADD_SUB_CLA_4bit_1385 ) 
              5 CLA_BLOCK_GEN[3].CLA_4BIT_UNIT ( ADD_SUB_CLA_4bit_1384 ) 
              5 CLA_BLOCK_GEN[4].CLA_4BIT_UNIT ( ADD_SUB_CLA_4bit_1383 ) 
              5 CLA_BLOCK_GEN[5].CLA_4BIT_UNIT ( ADD_SUB_CLA_4bit_1382 ) 
        3 MAN_ALU_PROC_RND ( ADD_SUB_CLS_4bit_1648 ) 
        3 MAN_COMP_24BIT ( ADD_SUB_COMP_24bit_SIZE_DATA24_1719 ) 
           4 u_i_data_0 ( ADD_SUB_COMP_4bit_2257 ) 
           4 u_i_data_1 ( ADD_SUB_COMP_4bit_2256 ) 
           4 u_i_data_2 ( ADD_SUB_COMP_4bit_2255 ) 
           4 u_i_data_3 ( ADD_SUB_COMP_4bit_2254 ) 
           4 u_i_data_4 ( ADD_SUB_COMP_4bit_2253 ) 
           4 u_i_data_5 ( ADD_SUB_COMP_4bit_2252 ) 
        3 MAN_RND ( ADD_SUB_MAN_rounding_SIZE_MAN32_SIZE_MAN_RESULT24_3219 ) 
        3 MAN_SWAP ( ADD_SUB_MAN_swap_SIZE_MAN24_3356 ) 
        3 MAN_SWAP_PRE ( ADD_SUB_MAN_swap_SIZE_MAN24_3357 ) 
        3 NOR_UNIT ( ADD_SUB_NOR_unit_SIZE_LOPD5_SIZE_DATA32_3433 ) 
           4 SHF_left_unit ( ADD_SUB_SHF_left_SIZE_DATA32_SIZE_SHIFT5_3575 ) 
        3 PSC_UNIT ( ADD_SUB_PSC_unit_3504 ) 
        3 SHF_RIGHT_MAN ( ADD_SUB_SHF_right_SIZE_DATA32_SIZE_SHIFT5_3646 ) 
        3 SIGN_UNIT ( ADD_SUB_SIGN_unit_3717 ) 
  1 BFLY1_1 ( Butterfly_Unit_SIZE_DATA32_3732 ) 
     2 add0 ( FPU_add_sub_NUM_OP1_6913 ) 
        3 EXP_ADJUST ( ADD_SUB_EXP_adjust_SIZE_EXP8_SIZE_LOPD8_2434 ) 
           4 CLA_8BIT_UNIT ( ADD_SUB_CLA_8bit_1567 ) 
              5 CLA_4BIT_UNIT_0 ( ADD_SUB_CLA_4bit_1361 ) 
              5 CLA_4BIT_UNIT_1 ( ADD_SUB_CLA_4bit_1360 ) 
        3 EXP_COM_8BIT ( ADD_SUB_EXP_comp_SIZE_DATA8_2505 ) 
           4 COMP_LESS_UNIT ( ADD_SUB_COMP_8bit_SIZE_DATA8_2363 ) 
              5 u_high ( ADD_SUB_COMP_4bit_2290 ) 
              5 u_low ( ADD_SUB_COMP_4bit_2291 ) 
        3 EXP_RND ( ADD_SUB_EXP_rounding_SIZE_DATA8_2576 ) 
        3 EXP_SUB ( ADD_SUB_EXP_sub_SIZE_EXP_SUB8_2647 ) 
           4 CLA_8BIT_UNIT ( ADD_SUB_CLA_8bit_1568 ) 
              5 CLA_4BIT_UNIT_0 ( ADD_SUB_CLA_4bit_1369 ) 
              5 CLA_4BIT_UNIT_1 ( ADD_SUB_CLA_4bit_1368 ) 
        3 EXP_SWAP ( ADD_SUB_EXP_swap_SIZE_DATA8_2724 ) 
        3 LOPD_24BIT ( ADD_SUB_LOPD_24bit_SIZE_DATA24_SIZE_LOPD5_2860 ) 
           4 LOPD_16bit_UNIT_MSB ( ADD_SUB_LOPD_16bit_2789 ) 
              5 LOPD_8bit_unit_0 ( ADD_SUB_LOPD_8bit_3061 ) 
              5 LOPD_8bit_unit_1 ( ADD_SUB_LOPD_8bit_3060 ) 
           4 LOPD_8bit_UNIT_LSB ( ADD_SUB_LOPD_8bit_3059 ) 
        3 MAN_ALU ( ADD_SUB_MAN_ALU_NUM_OP1_SIZE_MAN24_3146 ) 
           4 ALU_SUB_UNIT ( ADD_SUB_CLA_24bit_342 ) 
              5 CLA_BLOCK_GEN[0].CLA_4BIT_UNIT ( ADD_SUB_CLA_4bit_1367 ) 
              5 CLA_BLOCK_GEN[1].CLA_4BIT_UNIT ( ADD_SUB_CLA_4bit_1366 ) 
              5 CLA_BLOCK_GEN[2].CLA_4BIT_UNIT ( ADD_SUB_CLA_4bit_1365 ) 
              5 CLA_BLOCK_GEN[3].CLA_4BIT_UNIT ( ADD_SUB_CLA_4bit_1364 ) 
              5 CLA_BLOCK_GEN[4].CLA_4BIT_UNIT ( ADD_SUB_CLA_4bit_1363 ) 
              5 CLA_BLOCK_GEN[5].CLA_4BIT_UNIT ( ADD_SUB_CLA_4bit_1362 ) 
        3 MAN_ALU_PROC_RND ( ADD_SUB_CLS_4bit_1646 ) 
        3 MAN_COMP_24BIT ( ADD_SUB_COMP_24bit_SIZE_DATA24_1717 ) 
           4 u_i_data_0 ( ADD_SUB_COMP_4bit_2241 ) 
           4 u_i_data_1 ( ADD_SUB_COMP_4bit_2240 ) 
           4 u_i_data_2 ( ADD_SUB_COMP_4bit_2239 ) 
           4 u_i_data_3 ( ADD_SUB_COMP_4bit_2238 ) 
           4 u_i_data_4 ( ADD_SUB_COMP_4bit_2237 ) 
           4 u_i_data_5 ( ADD_SUB_COMP_4bit_2236 ) 
        3 MAN_RND ( ADD_SUB_MAN_rounding_SIZE_MAN32_SIZE_MAN_RESULT24_3217 ) 
        3 MAN_SWAP ( ADD_SUB_MAN_swap_SIZE_MAN24_3352 ) 
        3 MAN_SWAP_PRE ( ADD_SUB_MAN_swap_SIZE_MAN24_3365 ) 
        3 NOR_UNIT ( ADD_SUB_NOR_unit_SIZE_LOPD5_SIZE_DATA32_3431 ) 
           4 SHF_left_unit ( ADD_SUB_SHF_left_SIZE_DATA32_SIZE_SHIFT5_3573 ) 
        3 PSC_UNIT ( ADD_SUB_PSC_unit_3502 ) 
        3 SHF_RIGHT_MAN ( ADD_SUB_SHF_right_SIZE_DATA32_SIZE_SHIFT5_3644 ) 
        3 SIGN_UNIT ( ADD_SUB_SIGN_unit_3715 ) 
     2 add1 ( FPU_add_sub_NUM_OP1_6912 ) 
        3 EXP_ADJUST ( ADD_SUB_EXP_adjust_SIZE_EXP8_SIZE_LOPD8_2433 ) 
           4 CLA_8BIT_UNIT ( ADD_SUB_CLA_8bit_1565 ) 
              5 CLA_4BIT_UNIT_0 ( ADD_SUB_CLA_4bit_1351 ) 
              5 CLA_4BIT_UNIT_1 ( ADD_SUB_CLA_4bit_1350 ) 
        3 EXP_COM_8BIT ( ADD_SUB_EXP_comp_SIZE_DATA8_2504 ) 
           4 COMP_LESS_UNIT ( ADD_SUB_COMP_8bit_SIZE_DATA8_2362 ) 
              5 u_high ( ADD_SUB_COMP_4bit_2234 ) 
              5 u_low ( ADD_SUB_COMP_4bit_2235 ) 
        3 EXP_RND ( ADD_SUB_EXP_rounding_SIZE_DATA8_2575 ) 
        3 EXP_SUB ( ADD_SUB_EXP_sub_SIZE_EXP_SUB8_2646 ) 
           4 CLA_8BIT_UNIT ( ADD_SUB_CLA_8bit_1566 ) 
              5 CLA_4BIT_UNIT_0 ( ADD_SUB_CLA_4bit_1359 ) 
              5 CLA_4BIT_UNIT_1 ( ADD_SUB_CLA_4bit_1358 ) 
        3 EXP_SWAP ( ADD_SUB_EXP_swap_SIZE_DATA8_2717 ) 
        3 LOPD_24BIT ( ADD_SUB_LOPD_24bit_SIZE_DATA24_SIZE_LOPD5_2859 ) 
           4 LOPD_16bit_UNIT_MSB ( ADD_SUB_LOPD_16bit_2788 ) 
              5 LOPD_8bit_unit_0 ( ADD_SUB_LOPD_8bit_3058 ) 
              5 LOPD_8bit_unit_1 ( ADD_SUB_LOPD_8bit_3057 ) 
           4 LOPD_8bit_UNIT_LSB ( ADD_SUB_LOPD_8bit_3056 ) 
        3 MAN_ALU ( ADD_SUB_MAN_ALU_NUM_OP1_SIZE_MAN24_3145 ) 
           4 ALU_SUB_UNIT ( ADD_SUB_CLA_24bit_341 ) 
              5 CLA_BLOCK_GEN[0].CLA_4BIT_UNIT ( ADD_SUB_CLA_4bit_1357 ) 
              5 CLA_BLOCK_GEN[1].CLA_4BIT_UNIT ( ADD_SUB_CLA_4bit_1356 ) 
              5 CLA_BLOCK_GEN[2].CLA_4BIT_UNIT ( ADD_SUB_CLA_4bit_1355 ) 
              5 CLA_BLOCK_GEN[3].CLA_4BIT_UNIT ( ADD_SUB_CLA_4bit_1354 ) 
              5 CLA_BLOCK_GEN[4].CLA_4BIT_UNIT ( ADD_SUB_CLA_4bit_1353 ) 
              5 CLA_BLOCK_GEN[5].CLA_4BIT_UNIT ( ADD_SUB_CLA_4bit_1352 ) 
        3 MAN_ALU_PROC_RND ( ADD_SUB_CLS_4bit_1645 ) 
        3 MAN_COMP_24BIT ( ADD_SUB_COMP_24bit_SIZE_DATA24_1716 ) 
           4 u_i_data_0 ( ADD_SUB_COMP_4bit_2233 ) 
           4 u_i_data_1 ( ADD_SUB_COMP_4bit_2232 ) 
           4 u_i_data_2 ( ADD_SUB_COMP_4bit_2231 ) 
           4 u_i_data_3 ( ADD_SUB_COMP_4bit_2230 ) 
           4 u_i_data_4 ( ADD_SUB_COMP_4bit_2229 ) 
           4 u_i_data_5 ( ADD_SUB_COMP_4bit_2228 ) 
        3 MAN_RND ( ADD_SUB_MAN_rounding_SIZE_MAN32_SIZE_MAN_RESULT24_3216 ) 
        3 MAN_SWAP ( ADD_SUB_MAN_swap_SIZE_MAN24_3350 ) 
        3 MAN_SWAP_PRE ( ADD_SUB_MAN_swap_SIZE_MAN24_3351 ) 
        3 NOR_UNIT ( ADD_SUB_NOR_unit_SIZE_LOPD5_SIZE_DATA32_3430 ) 
           4 SHF_left_unit ( ADD_SUB_SHF_left_SIZE_DATA32_SIZE_SHIFT5_3572 ) 
        3 PSC_UNIT ( ADD_SUB_PSC_unit_3501 ) 
        3 SHF_RIGHT_MAN ( ADD_SUB_SHF_right_SIZE_DATA32_SIZE_SHIFT5_3643 ) 
        3 SIGN_UNIT ( ADD_SUB_SIGN_unit_3714 ) 
     2 add2 ( FPU_add_sub_NUM_OP1_6911 ) 
        3 EXP_ADJUST ( ADD_SUB_EXP_adjust_SIZE_EXP8_SIZE_LOPD8_2432 ) 
           4 CLA_8BIT_UNIT ( ADD_SUB_CLA_8bit_1563 ) 
              5 CLA_4BIT_UNIT_0 ( ADD_SUB_CLA_4bit_1341 ) 
              5 CLA_4BIT_UNIT_1 ( ADD_SUB_CLA_4bit_1340 ) 
        3 EXP_COM_8BIT ( ADD_SUB_EXP_comp_SIZE_DATA8_2503 ) 
           4 COMP_LESS_UNIT ( ADD_SUB_COMP_8bit_SIZE_DATA8_2361 ) 
              5 u_high ( ADD_SUB_COMP_4bit_2226 ) 
              5 u_low ( ADD_SUB_COMP_4bit_2227 ) 
        3 EXP_RND ( ADD_SUB_EXP_rounding_SIZE_DATA8_2574 ) 
        3 EXP_SUB ( ADD_SUB_EXP_sub_SIZE_EXP_SUB8_2645 ) 
           4 CLA_8BIT_UNIT ( ADD_SUB_CLA_8bit_1564 ) 
              5 CLA_4BIT_UNIT_0 ( ADD_SUB_CLA_4bit_1349 ) 
              5 CLA_4BIT_UNIT_1 ( ADD_SUB_CLA_4bit_1348 ) 
        3 EXP_SWAP ( ADD_SUB_EXP_swap_SIZE_DATA8_2716 ) 
        3 LOPD_24BIT ( ADD_SUB_LOPD_24bit_SIZE_DATA24_SIZE_LOPD5_2858 ) 
           4 LOPD_16bit_UNIT_MSB ( ADD_SUB_LOPD_16bit_2787 ) 
              5 LOPD_8bit_unit_0 ( ADD_SUB_LOPD_8bit_3055 ) 
              5 LOPD_8bit_unit_1 ( ADD_SUB_LOPD_8bit_3054 ) 
           4 LOPD_8bit_UNIT_LSB ( ADD_SUB_LOPD_8bit_3053 ) 
        3 MAN_ALU ( ADD_SUB_MAN_ALU_NUM_OP1_SIZE_MAN24_3144 ) 
           4 ALU_SUB_UNIT ( ADD_SUB_CLA_24bit_340 ) 
              5 CLA_BLOCK_GEN[0].CLA_4BIT_UNIT ( ADD_SUB_CLA_4bit_1347 ) 
              5 CLA_BLOCK_GEN[1].CLA_4BIT_UNIT ( ADD_SUB_CLA_4bit_1346 ) 
              5 CLA_BLOCK_GEN[2].CLA_4BIT_UNIT ( ADD_SUB_CLA_4bit_1345 ) 
              5 CLA_BLOCK_GEN[3].CLA_4BIT_UNIT ( ADD_SUB_CLA_4bit_1344 ) 
              5 CLA_BLOCK_GEN[4].CLA_4BIT_UNIT ( ADD_SUB_CLA_4bit_1343 ) 
              5 CLA_BLOCK_GEN[5].CLA_4BIT_UNIT ( ADD_SUB_CLA_4bit_1342 ) 
        3 MAN_ALU_PROC_RND ( ADD_SUB_CLS_4bit_1644 ) 
        3 MAN_COMP_24BIT ( ADD_SUB_COMP_24bit_SIZE_DATA24_1715 ) 
           4 u_i_data_0 ( ADD_SUB_COMP_4bit_2225 ) 
           4 u_i_data_1 ( ADD_SUB_COMP_4bit_2224 ) 
           4 u_i_data_2 ( ADD_SUB_COMP_4bit_2223 ) 
           4 u_i_data_3 ( ADD_SUB_COMP_4bit_2222 ) 
           4 u_i_data_4 ( ADD_SUB_COMP_4bit_2221 ) 
           4 u_i_data_5 ( ADD_SUB_COMP_4bit_2220 ) 
        3 MAN_RND ( ADD_SUB_MAN_rounding_SIZE_MAN32_SIZE_MAN_RESULT24_3215 ) 
        3 MAN_SWAP ( ADD_SUB_MAN_swap_SIZE_MAN24_3348 ) 
        3 MAN_SWAP_PRE ( ADD_SUB_MAN_swap_SIZE_MAN24_3349 ) 
        3 NOR_UNIT ( ADD_SUB_NOR_unit_SIZE_LOPD5_SIZE_DATA32_3429 ) 
           4 SHF_left_unit ( ADD_SUB_SHF_left_SIZE_DATA32_SIZE_SHIFT5_3571 ) 
        3 PSC_UNIT ( ADD_SUB_PSC_unit_3500 ) 
        3 SHF_RIGHT_MAN ( ADD_SUB_SHF_right_SIZE_DATA32_SIZE_SHIFT5_3642 ) 
        3 SIGN_UNIT ( ADD_SUB_SIGN_unit_3713 ) 
     2 mul0 ( fpu_mul_SIZE_DATA32_8071 ) 
        3 EXP_ROUNDING_UNIT ( MUL_EXP_rounding_SIZE_DATA8_7152 ) 
        3 LOPD_UNIT ( MUL_LOPD_24bit_SIZE_DATA24_SIZE_LOPD5_7293 ) 
           4 LOPD_16bit_UNIT_MSB ( MUL_LOPD_16bit_7246 ) 
              5 LOPD_8bit_unit_0 ( MUL_LOPD_8bit_7428 ) 
              5 LOPD_8bit_unit_1 ( MUL_LOPD_8bit_7427 ) 
           4 LOPD_8bit_UNIT_LSB ( MUL_LOPD_8bit_7426 ) 
        3 MAN_MUL_UNIT ( MUL_MAN_mul_SIZE_DATA24_7483 ) 
           4 MUL_UNIT_MAN_UNIT ( Multiplier_7765 ) 
              5 u_booth ( Modified_booth_N24_NUM_PP13_7718 ) 
              5 u_cla ( CLA_adder_top_WIDTH48_FANIN4_3776 ) 
                 6 cla_tree ( cla_logic_tree_level_WIDTH48_FANIN4_7953 ) 
                    7 COMPUTE_DETAILED_CARRY[10].cla_unit ( CLA_logic_WIDTH4_4473 ) 
                    7 COMPUTE_DETAILED_CARRY[11].cla_unit ( CLA_logic_WIDTH4_4472 ) 
                    7 COMPUTE_DETAILED_CARRY[2].cla_unit ( CLA_logic_WIDTH4_4481 ) 
                    7 COMPUTE_DETAILED_CARRY[3].cla_unit ( CLA_logic_WIDTH4_4480 ) 
                    7 COMPUTE_DETAILED_CARRY[4].cla_unit ( CLA_logic_WIDTH4_4479 ) 
                    7 COMPUTE_DETAILED_CARRY[5].cla_unit ( CLA_logic_WIDTH4_4478 ) 
                    7 COMPUTE_DETAILED_CARRY[6].cla_unit ( CLA_logic_WIDTH4_4477 ) 
                    7 COMPUTE_DETAILED_CARRY[7].cla_unit ( CLA_logic_WIDTH4_4476 ) 
                    7 COMPUTE_DETAILED_CARRY[8].cla_unit ( CLA_logic_WIDTH4_4475 ) 
                    7 COMPUTE_DETAILED_CARRY[9].cla_unit ( CLA_logic_WIDTH4_4474 ) 
                    7 MULTI_GROUP.next_level ( cla_logic_tree_level_WIDTH12_FANIN4_7859 ) 
                       8 COMPUTE_DETAILED_CARRY[0].cla_unit ( CLA_logic_WIDTH4_4486 ) 
                       8 COMPUTE_DETAILED_CARRY[1].cla_unit ( CLA_logic_WIDTH4_4485 ) 
                       8 COMPUTE_DETAILED_CARRY[2].cla_unit ( CLA_logic_WIDTH4_4484 ) 
                       8 MULTI_GROUP.next_level ( cla_logic_tree_level_WIDTH3_FANIN4_7906 ) 
                          9 COMPUTE_DETAILED_CARRY[0].cla_unit ( CLA_logic_WIDTH3_3823 ) 
              5 u_merge ( wallace_final_merge_WIDTH48_9761 ) 
                 6 csa_row[10].u_fa ( FA_1bit_6647 ) 
                 6 csa_row[11].u_fa ( FA_1bit_6646 ) 
                 6 csa_row[12].u_fa ( FA_1bit_6645 ) 
                 6 csa_row[13].u_fa ( FA_1bit_6644 ) 
                 6 csa_row[14].u_fa ( FA_1bit_6643 ) 
                 6 csa_row[15].u_fa ( FA_1bit_6642 ) 
                 6 csa_row[16].u_fa ( FA_1bit_6641 ) 
                 6 csa_row[17].u_fa ( FA_1bit_6640 ) 
                 6 csa_row[18].u_fa ( FA_1bit_6639 ) 
                 6 csa_row[19].u_fa ( FA_1bit_6638 ) 
                 6 csa_row[20].u_fa ( FA_1bit_6637 ) 
                 6 csa_row[21].u_fa ( FA_1bit_6636 ) 
                 6 csa_row[22].u_fa ( FA_1bit_6635 ) 
                 6 csa_row[23].u_fa ( FA_1bit_6634 ) 
                 6 csa_row[24].u_fa ( FA_1bit_6633 ) 
                 6 csa_row[25].u_fa ( FA_1bit_6632 ) 
                 6 csa_row[26].u_fa ( FA_1bit_6631 ) 
                 6 csa_row[27].u_fa ( FA_1bit_6630 ) 
                 6 csa_row[28].u_fa ( FA_1bit_6629 ) 
                 6 csa_row[29].u_fa ( FA_1bit_6628 ) 
                 6 csa_row[30].u_fa ( FA_1bit_6627 ) 
                 6 csa_row[31].u_fa ( FA_1bit_6626 ) 
                 6 csa_row[32].u_fa ( FA_1bit_6625 ) 
                 6 csa_row[33].u_fa ( FA_1bit_6624 ) 
                 6 csa_row[34].u_fa ( FA_1bit_6623 ) 
                 6 csa_row[35].u_fa ( FA_1bit_6622 ) 
                 6 csa_row[36].u_fa ( FA_1bit_6621 ) 
                 6 csa_row[37].u_fa ( FA_1bit_6620 ) 
                 6 csa_row[38].u_fa ( FA_1bit_6619 ) 
                 6 csa_row[39].u_fa ( FA_1bit_6618 ) 
                 6 csa_row[40].u_fa ( FA_1bit_6617 ) 
                 6 csa_row[41].u_fa ( FA_1bit_6616 ) 
                 6 csa_row[42].u_fa ( FA_1bit_6615 ) 
                 6 csa_row[43].u_fa ( FA_1bit_6614 ) 
                 6 csa_row[44].u_fa ( FA_1bit_6613 ) 
                 6 csa_row[45].u_fa ( FA_1bit_6612 ) 
                 6 csa_row[46].u_fa ( FA_1bit_6611 ) 
                 6 csa_row[47].u_fa ( FA_1bit_6610 ) 
                 6 csa_row[6].u_fa ( FA_1bit_6651 ) 
                 6 csa_row[7].u_fa ( FA_1bit_6650 ) 
                 6 csa_row[8].u_fa ( FA_1bit_6649 ) 
                 6 csa_row[9].u_fa ( FA_1bit_6648 ) 
              5 u_wallace ( wallace_tree_N24_NUM_PP13_NUM_CZ12_10090 ) 
                 6 STAGE_GEN[0].u_stage ( wallace_stage_NUM_COLS48_COL_HEIGHTSx000000020000000200000003000000030000000400000004000000050000000500000006000000060000000700000007000000080000000800000009000000090000000a0000000a0000000b0000000b0000000c0000000c0000000d0000000d0000000d0000000c0000000c0000000b0000000b0000000a0000000a0000000900000009000000080000000800000007000000070000000600000006000000050000000500000004000000040000000300000003000000020000000200000001_MAX_H_IN32_MAX_H_OUT32_10043 ) 
                 6 STAGE_GEN[1].u_stage ( wallace_stage_NUM_COLS48_COL_HEIGHTSx000000010000000200000002000000020000000300000003000000030000000400000004000000040000000500000005000000050000000600000006000000060000000700000007000000070000000800000008000000080000000900000009000000090000000800000008000000080000000800000008000000070000000600000006000000060000000600000006000000050000000400000004000000040000000400000004000000030000000200000002000000020000000200000002_MAX_H_IN32_MAX_H_OUT32_9996 ) 
                 6 STAGE_GEN[2].u_stage ( wallace_stage_NUM_COLS48_COL_HEIGHTSx000000010000000100000002000000020000000200000002000000020000000300000003000000030000000300000004000000040000000400000004000000040000000500000005000000050000000500000006000000060000000600000006000000060000000600000006000000060000000600000006000000060000000400000004000000040000000400000004000000040000000400000003000000030000000300000003000000020000000200000002000000020000000200000002_MAX_H_IN32_MAX_H_OUT32_9949 ) 
                 6 STAGE_GEN[3].u_stage ( wallace_stage_NUM_COLS48_COL_HEIGHTSx000000010000000100000001000000020000000200000002000000020000000200000002000000020000000200000003000000030000000300000003000000030000000300000004000000040000000400000004000000040000000400000004000000040000000400000004000000040000000400000004000000040000000400000003000000030000000300000003000000030000000300000002000000020000000200000002000000020000000200000002000000020000000200000002_MAX_H_IN32_MAX_H_OUT32_9902 ) 
                 6 STAGE_GEN[4].u_stage ( wallace_stage_NUM_COLS48_COL_HEIGHTSx000000010000000100000001000000010000000200000002000000020000000200000002000000020000000200000002000000020000000200000002000000020000000200000003000000030000000300000003000000030000000300000003000000030000000300000003000000030000000300000003000000030000000300000002000000020000000200000002000000020000000200000002000000020000000200000002000000020000000200000002000000020000000200000002_MAX_H_IN32_MAX_H_OUT32_9855 ) 
                 6 STAGE_GEN[5].u_stage ( wallace_stage_NUM_COLS48_COL_HEIGHTSx000000010000000100000001000000010000000100000002000000020000000200000002000000020000000200000002000000020000000200000002000000020000000200000002000000020000000200000002000000020000000200000002000000020000000200000002000000020000000200000002000000020000000200000002000000020000000200000002000000020000000200000002000000020000000200000002000000020000000200000002000000020000000200000002_MAX_H_IN32_MAX_H_OUT32_9808 ) 
        3 MAN_ROUNDING_UNIT ( MUL_MAN_rounding_SIZE_MAN24_7530 ) 
        3 MUL_EXP_ADJUST_UNIT ( MUL_EXP_adjust_SIZE_DATA8_SIZE_LOPD8_7105 ) 
           4 CLA_8BIT_UNIT ( MUL_CLA_8bit_7058 ) 
              5 CLA_4BIT_UNIT_0 ( MUL_CLA_4bit_7007 ) 
              5 CLA_4BIT_UNIT_1 ( MUL_CLA_4bit_7006 ) 
        3 NOR_UNIT ( MUL_NOR_unit_SIZE_LOPD5_SIZE_DATA24_7577 ) 
           4 SHF_left_unit ( MUL_SHF_left_SIZE_DATA32_SIZE_SHIFT5_7671 ) 
        3 PSC_UNIT ( MUL_PSC_unit_SIZE_EXP8_SIZE_MAN24_7624 ) 
     2 mul1 ( fpu_mul_SIZE_DATA32_8070 ) 
        3 PSC_UNIT ( MUL_PSC_unit_SIZE_EXP8_SIZE_MAN24_7627 ) 
     2 mul2 ( fpu_mul_SIZE_DATA32_8069 ) 
        3 PSC_UNIT ( MUL_PSC_unit_SIZE_EXP8_SIZE_MAN24_7622 ) 
     2 mul3 ( fpu_mul_SIZE_DATA32_8068 ) 
        3 EXP_ROUNDING_UNIT ( MUL_EXP_rounding_SIZE_DATA8_7149 ) 
        3 LOPD_UNIT ( MUL_LOPD_24bit_SIZE_DATA24_SIZE_LOPD5_7290 ) 
           4 LOPD_16bit_UNIT_MSB ( MUL_LOPD_16bit_7243 ) 
              5 LOPD_8bit_unit_0 ( MUL_LOPD_8bit_7419 ) 
              5 LOPD_8bit_unit_1 ( MUL_LOPD_8bit_7418 ) 
           4 LOPD_8bit_UNIT_LSB ( MUL_LOPD_8bit_7417 ) 
        3 MAN_MUL_UNIT ( MUL_MAN_mul_SIZE_DATA24_7480 ) 
           4 MUL_UNIT_MAN_UNIT ( Multiplier_7762 ) 
              5 u_booth ( Modified_booth_N24_NUM_PP13_7715 ) 
              5 u_cla ( CLA_adder_top_WIDTH48_FANIN4_3773 ) 
                 6 cla_tree ( cla_logic_tree_level_WIDTH48_FANIN4_7950 ) 
                    7 COMPUTE_DETAILED_CARRY[10].cla_unit ( CLA_logic_WIDTH4_4428 ) 
                    7 COMPUTE_DETAILED_CARRY[11].cla_unit ( CLA_logic_WIDTH4_4427 ) 
                    7 COMPUTE_DETAILED_CARRY[2].cla_unit ( CLA_logic_WIDTH4_4436 ) 
                    7 COMPUTE_DETAILED_CARRY[3].cla_unit ( CLA_logic_WIDTH4_4435 ) 
                    7 COMPUTE_DETAILED_CARRY[4].cla_unit ( CLA_logic_WIDTH4_4434 ) 
                    7 COMPUTE_DETAILED_CARRY[5].cla_unit ( CLA_logic_WIDTH4_4433 ) 
                    7 COMPUTE_DETAILED_CARRY[6].cla_unit ( CLA_logic_WIDTH4_4432 ) 
                    7 COMPUTE_DETAILED_CARRY[7].cla_unit ( CLA_logic_WIDTH4_4431 ) 
                    7 COMPUTE_DETAILED_CARRY[8].cla_unit ( CLA_logic_WIDTH4_4430 ) 
                    7 COMPUTE_DETAILED_CARRY[9].cla_unit ( CLA_logic_WIDTH4_4429 ) 
                    7 MULTI_GROUP.next_level ( cla_logic_tree_level_WIDTH12_FANIN4_7856 ) 
                       8 COMPUTE_DETAILED_CARRY[0].cla_unit ( CLA_logic_WIDTH4_4441 ) 
                       8 COMPUTE_DETAILED_CARRY[1].cla_unit ( CLA_logic_WIDTH4_4440 ) 
                       8 COMPUTE_DETAILED_CARRY[2].cla_unit ( CLA_logic_WIDTH4_4439 ) 
                       8 MULTI_GROUP.next_level ( cla_logic_tree_level_WIDTH3_FANIN4_7903 ) 
                          9 COMPUTE_DETAILED_CARRY[0].cla_unit ( CLA_logic_WIDTH3_3820 ) 
              5 u_merge ( wallace_final_merge_WIDTH48_9758 ) 
                 6 csa_row[10].u_fa ( FA_1bit_6503 ) 
                 6 csa_row[11].u_fa ( FA_1bit_6502 ) 
                 6 csa_row[12].u_fa ( FA_1bit_6501 ) 
                 6 csa_row[13].u_fa ( FA_1bit_6500 ) 
                 6 csa_row[14].u_fa ( FA_1bit_6499 ) 
                 6 csa_row[15].u_fa ( FA_1bit_6498 ) 
                 6 csa_row[16].u_fa ( FA_1bit_6497 ) 
                 6 csa_row[17].u_fa ( FA_1bit_6496 ) 
                 6 csa_row[18].u_fa ( FA_1bit_6495 ) 
                 6 csa_row[19].u_fa ( FA_1bit_6494 ) 
                 6 csa_row[20].u_fa ( FA_1bit_6493 ) 
                 6 csa_row[21].u_fa ( FA_1bit_6492 ) 
                 6 csa_row[22].u_fa ( FA_1bit_6491 ) 
                 6 csa_row[23].u_fa ( FA_1bit_6490 ) 
                 6 csa_row[24].u_fa ( FA_1bit_6489 ) 
                 6 csa_row[25].u_fa ( FA_1bit_6488 ) 
                 6 csa_row[26].u_fa ( FA_1bit_6487 ) 
                 6 csa_row[27].u_fa ( FA_1bit_6486 ) 
                 6 csa_row[28].u_fa ( FA_1bit_6485 ) 
                 6 csa_row[29].u_fa ( FA_1bit_6484 ) 
                 6 csa_row[30].u_fa ( FA_1bit_6483 ) 
                 6 csa_row[31].u_fa ( FA_1bit_6482 ) 
                 6 csa_row[32].u_fa ( FA_1bit_6481 ) 
                 6 csa_row[33].u_fa ( FA_1bit_6480 ) 
                 6 csa_row[34].u_fa ( FA_1bit_6479 ) 
                 6 csa_row[35].u_fa ( FA_1bit_6478 ) 
                 6 csa_row[36].u_fa ( FA_1bit_6477 ) 
                 6 csa_row[37].u_fa ( FA_1bit_6476 ) 
                 6 csa_row[38].u_fa ( FA_1bit_6475 ) 
                 6 csa_row[39].u_fa ( FA_1bit_6474 ) 
                 6 csa_row[40].u_fa ( FA_1bit_6473 ) 
                 6 csa_row[41].u_fa ( FA_1bit_6472 ) 
                 6 csa_row[42].u_fa ( FA_1bit_6471 ) 
                 6 csa_row[43].u_fa ( FA_1bit_6470 ) 
                 6 csa_row[44].u_fa ( FA_1bit_6469 ) 
                 6 csa_row[45].u_fa ( FA_1bit_6468 ) 
                 6 csa_row[46].u_fa ( FA_1bit_6467 ) 
                 6 csa_row[47].u_fa ( FA_1bit_6466 ) 
                 6 csa_row[6].u_fa ( FA_1bit_6507 ) 
                 6 csa_row[7].u_fa ( FA_1bit_6506 ) 
                 6 csa_row[8].u_fa ( FA_1bit_6505 ) 
                 6 csa_row[9].u_fa ( FA_1bit_6504 ) 
              5 u_wallace ( wallace_tree_N24_NUM_PP13_NUM_CZ12_10087 ) 
                 6 STAGE_GEN[0].u_stage ( wallace_stage_NUM_COLS48_COL_HEIGHTSx000000020000000200000003000000030000000400000004000000050000000500000006000000060000000700000007000000080000000800000009000000090000000a0000000a0000000b0000000b0000000c0000000c0000000d0000000d0000000d0000000c0000000c0000000b0000000b0000000a0000000a0000000900000009000000080000000800000007000000070000000600000006000000050000000500000004000000040000000300000003000000020000000200000001_MAX_H_IN32_MAX_H_OUT32_10040 ) 
                 6 STAGE_GEN[1].u_stage ( wallace_stage_NUM_COLS48_COL_HEIGHTSx000000010000000200000002000000020000000300000003000000030000000400000004000000040000000500000005000000050000000600000006000000060000000700000007000000070000000800000008000000080000000900000009000000090000000800000008000000080000000800000008000000070000000600000006000000060000000600000006000000050000000400000004000000040000000400000004000000030000000200000002000000020000000200000002_MAX_H_IN32_MAX_H_OUT32_9993 ) 
                 6 STAGE_GEN[2].u_stage ( wallace_stage_NUM_COLS48_COL_HEIGHTSx000000010000000100000002000000020000000200000002000000020000000300000003000000030000000300000004000000040000000400000004000000040000000500000005000000050000000500000006000000060000000600000006000000060000000600000006000000060000000600000006000000060000000400000004000000040000000400000004000000040000000400000003000000030000000300000003000000020000000200000002000000020000000200000002_MAX_H_IN32_MAX_H_OUT32_9946 ) 
                 6 STAGE_GEN[3].u_stage ( wallace_stage_NUM_COLS48_COL_HEIGHTSx000000010000000100000001000000020000000200000002000000020000000200000002000000020000000200000003000000030000000300000003000000030000000300000004000000040000000400000004000000040000000400000004000000040000000400000004000000040000000400000004000000040000000400000003000000030000000300000003000000030000000300000002000000020000000200000002000000020000000200000002000000020000000200000002_MAX_H_IN32_MAX_H_OUT32_9899 ) 
                 6 STAGE_GEN[4].u_stage ( wallace_stage_NUM_COLS48_COL_HEIGHTSx000000010000000100000001000000010000000200000002000000020000000200000002000000020000000200000002000000020000000200000002000000020000000200000003000000030000000300000003000000030000000300000003000000030000000300000003000000030000000300000003000000030000000300000002000000020000000200000002000000020000000200000002000000020000000200000002000000020000000200000002000000020000000200000002_MAX_H_IN32_MAX_H_OUT32_9852 ) 
                 6 STAGE_GEN[5].u_stage ( wallace_stage_NUM_COLS48_COL_HEIGHTSx000000010000000100000001000000010000000100000002000000020000000200000002000000020000000200000002000000020000000200000002000000020000000200000002000000020000000200000002000000020000000200000002000000020000000200000002000000020000000200000002000000020000000200000002000000020000000200000002000000020000000200000002000000020000000200000002000000020000000200000002000000020000000200000002_MAX_H_IN32_MAX_H_OUT32_9805 ) 
        3 MAN_ROUNDING_UNIT ( MUL_MAN_rounding_SIZE_MAN24_7527 ) 
        3 MUL_EXP_ADJUST_UNIT ( MUL_EXP_adjust_SIZE_DATA8_SIZE_LOPD8_7102 ) 
           4 CLA_8BIT_UNIT ( MUL_CLA_8bit_7055 ) 
              5 CLA_4BIT_UNIT_0 ( MUL_CLA_4bit_7001 ) 
              5 CLA_4BIT_UNIT_1 ( MUL_CLA_4bit_7000 ) 
        3 NOR_UNIT ( MUL_NOR_unit_SIZE_LOPD5_SIZE_DATA24_7574 ) 
           4 SHF_left_unit ( MUL_SHF_left_SIZE_DATA32_SIZE_SHIFT5_7668 ) 
        3 PSC_UNIT ( MUL_PSC_unit_SIZE_EXP8_SIZE_MAN24_7621 ) 
     2 sub0 ( FPU_add_sub_NUM_OP1_6914 ) 
        3 EXP_ADJUST ( ADD_SUB_EXP_adjust_SIZE_EXP8_SIZE_LOPD8_2435 ) 
           4 CLA_8BIT_UNIT ( ADD_SUB_CLA_8bit_1569 ) 
              5 CLA_4BIT_UNIT_0 ( ADD_SUB_CLA_4bit_1371 ) 
              5 CLA_4BIT_UNIT_1 ( ADD_SUB_CLA_4bit_1370 ) 
        3 EXP_COM_8BIT ( ADD_SUB_EXP_comp_SIZE_DATA8_2506 ) 
           4 COMP_LESS_UNIT ( ADD_SUB_COMP_8bit_SIZE_DATA8_2364 ) 
              5 u_high ( ADD_SUB_COMP_4bit_2298 ) 
              5 u_low ( ADD_SUB_COMP_4bit_2251 ) 
        3 EXP_RND ( ADD_SUB_EXP_rounding_SIZE_DATA8_2577 ) 
        3 EXP_SUB ( ADD_SUB_EXP_sub_SIZE_EXP_SUB8_2648 ) 
           4 CLA_8BIT_UNIT ( ADD_SUB_CLA_8bit_1570 ) 
              5 CLA_4BIT_UNIT_0 ( ADD_SUB_CLA_4bit_1379 ) 
              5 CLA_4BIT_UNIT_1 ( ADD_SUB_CLA_4bit_1378 ) 
        3 EXP_SWAP ( ADD_SUB_EXP_swap_SIZE_DATA8_2719 ) 
        3 LOPD_24BIT ( ADD_SUB_LOPD_24bit_SIZE_DATA24_SIZE_LOPD5_2861 ) 
           4 LOPD_16bit_UNIT_MSB ( ADD_SUB_LOPD_16bit_2790 ) 
              5 LOPD_8bit_unit_0 ( ADD_SUB_LOPD_8bit_3064 ) 
              5 LOPD_8bit_unit_1 ( ADD_SUB_LOPD_8bit_3063 ) 
           4 LOPD_8bit_UNIT_LSB ( ADD_SUB_LOPD_8bit_3062 ) 
        3 MAN_ALU ( ADD_SUB_MAN_ALU_NUM_OP1_SIZE_MAN24_3147 ) 
           4 ALU_SUB_UNIT ( ADD_SUB_CLA_24bit_343 ) 
              5 CLA_BLOCK_GEN[0].CLA_4BIT_UNIT ( ADD_SUB_CLA_4bit_1377 ) 
              5 CLA_BLOCK_GEN[1].CLA_4BIT_UNIT ( ADD_SUB_CLA_4bit_1376 ) 
              5 CLA_BLOCK_GEN[2].CLA_4BIT_UNIT ( ADD_SUB_CLA_4bit_1375 ) 
              5 CLA_BLOCK_GEN[3].CLA_4BIT_UNIT ( ADD_SUB_CLA_4bit_1374 ) 
              5 CLA_BLOCK_GEN[4].CLA_4BIT_UNIT ( ADD_SUB_CLA_4bit_1373 ) 
              5 CLA_BLOCK_GEN[5].CLA_4BIT_UNIT ( ADD_SUB_CLA_4bit_1372 ) 
        3 MAN_ALU_PROC_RND ( ADD_SUB_CLS_4bit_1647 ) 
        3 MAN_COMP_24BIT ( ADD_SUB_COMP_24bit_SIZE_DATA24_1718 ) 
           4 u_i_data_0 ( ADD_SUB_COMP_4bit_2249 ) 
           4 u_i_data_1 ( ADD_SUB_COMP_4bit_2248 ) 
           4 u_i_data_2 ( ADD_SUB_COMP_4bit_2247 ) 
           4 u_i_data_3 ( ADD_SUB_COMP_4bit_2246 ) 
           4 u_i_data_4 ( ADD_SUB_COMP_4bit_2245 ) 
           4 u_i_data_5 ( ADD_SUB_COMP_4bit_2244 ) 
        3 MAN_RND ( ADD_SUB_MAN_rounding_SIZE_MAN32_SIZE_MAN_RESULT24_3218 ) 
        3 MAN_SWAP ( ADD_SUB_MAN_swap_SIZE_MAN24_3354 ) 
        3 MAN_SWAP_PRE ( ADD_SUB_MAN_swap_SIZE_MAN24_3355 ) 
        3 NOR_UNIT ( ADD_SUB_NOR_unit_SIZE_LOPD5_SIZE_DATA32_3432 ) 
           4 SHF_left_unit ( ADD_SUB_SHF_left_SIZE_DATA32_SIZE_SHIFT5_3574 ) 
        3 PSC_UNIT ( ADD_SUB_PSC_unit_3503 ) 
        3 SHF_RIGHT_MAN ( ADD_SUB_SHF_right_SIZE_DATA32_SIZE_SHIFT5_3645 ) 
        3 SIGN_UNIT ( ADD_SUB_SIGN_unit_3716 ) 
     2 sub1 ( FPU_add_sub_NUM_OP1_6910 ) 
        3 EXP_ADJUST ( ADD_SUB_EXP_adjust_SIZE_EXP8_SIZE_LOPD8_2431 ) 
           4 CLA_8BIT_UNIT ( ADD_SUB_CLA_8bit_1561 ) 
              5 CLA_4BIT_UNIT_0 ( ADD_SUB_CLA_4bit_1331 ) 
              5 CLA_4BIT_UNIT_1 ( ADD_SUB_CLA_4bit_1330 ) 
        3 EXP_COM_8BIT ( ADD_SUB_EXP_comp_SIZE_DATA8_2502 ) 
           4 COMP_LESS_UNIT ( ADD_SUB_COMP_8bit_SIZE_DATA8_2360 ) 
              5 u_high ( ADD_SUB_COMP_4bit_2218 ) 
              5 u_low ( ADD_SUB_COMP_4bit_2219 ) 
        3 EXP_RND ( ADD_SUB_EXP_rounding_SIZE_DATA8_2573 ) 
        3 EXP_SUB ( ADD_SUB_EXP_sub_SIZE_EXP_SUB8_2644 ) 
           4 CLA_8BIT_UNIT ( ADD_SUB_CLA_8bit_1562 ) 
              5 CLA_4BIT_UNIT_0 ( ADD_SUB_CLA_4bit_1339 ) 
              5 CLA_4BIT_UNIT_1 ( ADD_SUB_CLA_4bit_1338 ) 
        3 EXP_SWAP ( ADD_SUB_EXP_swap_SIZE_DATA8_2715 ) 
        3 LOPD_24BIT ( ADD_SUB_LOPD_24bit_SIZE_DATA24_SIZE_LOPD5_2857 ) 
           4 LOPD_16bit_UNIT_MSB ( ADD_SUB_LOPD_16bit_2786 ) 
              5 LOPD_8bit_unit_0 ( ADD_SUB_LOPD_8bit_3052 ) 
              5 LOPD_8bit_unit_1 ( ADD_SUB_LOPD_8bit_3051 ) 
           4 LOPD_8bit_UNIT_LSB ( ADD_SUB_LOPD_8bit_3050 ) 
        3 MAN_ALU ( ADD_SUB_MAN_ALU_NUM_OP1_SIZE_MAN24_3143 ) 
           4 ALU_SUB_UNIT ( ADD_SUB_CLA_24bit_339 ) 
              5 CLA_BLOCK_GEN[0].CLA_4BIT_UNIT ( ADD_SUB_CLA_4bit_1337 ) 
              5 CLA_BLOCK_GEN[1].CLA_4BIT_UNIT ( ADD_SUB_CLA_4bit_1336 ) 
              5 CLA_BLOCK_GEN[2].CLA_4BIT_UNIT ( ADD_SUB_CLA_4bit_1335 ) 
              5 CLA_BLOCK_GEN[3].CLA_4BIT_UNIT ( ADD_SUB_CLA_4bit_1334 ) 
              5 CLA_BLOCK_GEN[4].CLA_4BIT_UNIT ( ADD_SUB_CLA_4bit_1333 ) 
              5 CLA_BLOCK_GEN[5].CLA_4BIT_UNIT ( ADD_SUB_CLA_4bit_1332 ) 
        3 MAN_ALU_PROC_RND ( ADD_SUB_CLS_4bit_1643 ) 
        3 MAN_COMP_24BIT ( ADD_SUB_COMP_24bit_SIZE_DATA24_1714 ) 
           4 u_i_data_0 ( ADD_SUB_COMP_4bit_2217 ) 
           4 u_i_data_1 ( ADD_SUB_COMP_4bit_2216 ) 
           4 u_i_data_2 ( ADD_SUB_COMP_4bit_2215 ) 
           4 u_i_data_3 ( ADD_SUB_COMP_4bit_2214 ) 
           4 u_i_data_4 ( ADD_SUB_COMP_4bit_2213 ) 
           4 u_i_data_5 ( ADD_SUB_COMP_4bit_2212 ) 
        3 MAN_RND ( ADD_SUB_MAN_rounding_SIZE_MAN32_SIZE_MAN_RESULT24_3214 ) 
        3 MAN_SWAP ( ADD_SUB_MAN_swap_SIZE_MAN24_3346 ) 
        3 MAN_SWAP_PRE ( ADD_SUB_MAN_swap_SIZE_MAN24_3347 ) 
        3 NOR_UNIT ( ADD_SUB_NOR_unit_SIZE_LOPD5_SIZE_DATA32_3428 ) 
           4 SHF_left_unit ( ADD_SUB_SHF_left_SIZE_DATA32_SIZE_SHIFT5_3570 ) 
        3 PSC_UNIT ( ADD_SUB_PSC_unit_3499 ) 
        3 SHF_RIGHT_MAN ( ADD_SUB_SHF_right_SIZE_DATA32_SIZE_SHIFT5_3641 ) 
        3 SIGN_UNIT ( ADD_SUB_SIGN_unit_3712 ) 
     2 sub2 ( FPU_add_sub_NUM_OP1_6909 ) 
        3 EXP_ADJUST ( ADD_SUB_EXP_adjust_SIZE_EXP8_SIZE_LOPD8_2430 ) 
           4 CLA_8BIT_UNIT ( ADD_SUB_CLA_8bit_1559 ) 
              5 CLA_4BIT_UNIT_0 ( ADD_SUB_CLA_4bit_1321 ) 
              5 CLA_4BIT_UNIT_1 ( ADD_SUB_CLA_4bit_1320 ) 
        3 EXP_COM_8BIT ( ADD_SUB_EXP_comp_SIZE_DATA8_2501 ) 
           4 COMP_LESS_UNIT ( ADD_SUB_COMP_8bit_SIZE_DATA8_2359 ) 
              5 u_high ( ADD_SUB_COMP_4bit_2210 ) 
              5 u_low ( ADD_SUB_COMP_4bit_2211 ) 
        3 EXP_RND ( ADD_SUB_EXP_rounding_SIZE_DATA8_2572 ) 
        3 EXP_SUB ( ADD_SUB_EXP_sub_SIZE_EXP_SUB8_2643 ) 
           4 CLA_8BIT_UNIT ( ADD_SUB_CLA_8bit_1560 ) 
              5 CLA_4BIT_UNIT_0 ( ADD_SUB_CLA_4bit_1329 ) 
              5 CLA_4BIT_UNIT_1 ( ADD_SUB_CLA_4bit_1328 ) 
        3 EXP_SWAP ( ADD_SUB_EXP_swap_SIZE_DATA8_2714 ) 
        3 LOPD_24BIT ( ADD_SUB_LOPD_24bit_SIZE_DATA24_SIZE_LOPD5_2856 ) 
           4 LOPD_16bit_UNIT_MSB ( ADD_SUB_LOPD_16bit_2785 ) 
              5 LOPD_8bit_unit_0 ( ADD_SUB_LOPD_8bit_3049 ) 
              5 LOPD_8bit_unit_1 ( ADD_SUB_LOPD_8bit_3048 ) 
           4 LOPD_8bit_UNIT_LSB ( ADD_SUB_LOPD_8bit_3047 ) 
        3 MAN_ALU ( ADD_SUB_MAN_ALU_NUM_OP1_SIZE_MAN24_3142 ) 
           4 ALU_SUB_UNIT ( ADD_SUB_CLA_24bit_338 ) 
              5 CLA_BLOCK_GEN[0].CLA_4BIT_UNIT ( ADD_SUB_CLA_4bit_1327 ) 
              5 CLA_BLOCK_GEN[1].CLA_4BIT_UNIT ( ADD_SUB_CLA_4bit_1326 ) 
              5 CLA_BLOCK_GEN[2].CLA_4BIT_UNIT ( ADD_SUB_CLA_4bit_1325 ) 
              5 CLA_BLOCK_GEN[3].CLA_4BIT_UNIT ( ADD_SUB_CLA_4bit_1324 ) 
              5 CLA_BLOCK_GEN[4].CLA_4BIT_UNIT ( ADD_SUB_CLA_4bit_1323 ) 
              5 CLA_BLOCK_GEN[5].CLA_4BIT_UNIT ( ADD_SUB_CLA_4bit_1322 ) 
        3 MAN_ALU_PROC_RND ( ADD_SUB_CLS_4bit_1642 ) 
        3 MAN_COMP_24BIT ( ADD_SUB_COMP_24bit_SIZE_DATA24_1713 ) 
           4 u_i_data_0 ( ADD_SUB_COMP_4bit_2209 ) 
           4 u_i_data_1 ( ADD_SUB_COMP_4bit_2208 ) 
           4 u_i_data_2 ( ADD_SUB_COMP_4bit_2207 ) 
           4 u_i_data_3 ( ADD_SUB_COMP_4bit_2206 ) 
           4 u_i_data_4 ( ADD_SUB_COMP_4bit_2205 ) 
           4 u_i_data_5 ( ADD_SUB_COMP_4bit_2204 ) 
        3 MAN_RND ( ADD_SUB_MAN_rounding_SIZE_MAN32_SIZE_MAN_RESULT24_3213 ) 
        3 MAN_SWAP ( ADD_SUB_MAN_swap_SIZE_MAN24_3344 ) 
        3 MAN_SWAP_PRE ( ADD_SUB_MAN_swap_SIZE_MAN24_3345 ) 
        3 NOR_UNIT ( ADD_SUB_NOR_unit_SIZE_LOPD5_SIZE_DATA32_3427 ) 
           4 SHF_left_unit ( ADD_SUB_SHF_left_SIZE_DATA32_SIZE_SHIFT5_3569 ) 
        3 PSC_UNIT ( ADD_SUB_PSC_unit_3498 ) 
        3 SHF_RIGHT_MAN ( ADD_SUB_SHF_right_SIZE_DATA32_SIZE_SHIFT5_3640 ) 
        3 SIGN_UNIT ( ADD_SUB_SIGN_unit_3711 ) 
  1 BFLY1_2 ( Butterfly_Unit_SIZE_DATA32_3731 ) 
     2 add0 ( FPU_add_sub_NUM_OP1_6907 ) 
        3 EXP_ADJUST ( ADD_SUB_EXP_adjust_SIZE_EXP8_SIZE_LOPD8_2428 ) 
           4 CLA_8BIT_UNIT ( ADD_SUB_CLA_8bit_1555 ) 
              5 CLA_4BIT_UNIT_0 ( ADD_SUB_CLA_4bit_1301 ) 
              5 CLA_4BIT_UNIT_1 ( ADD_SUB_CLA_4bit_1300 ) 
        3 EXP_COM_8BIT ( ADD_SUB_EXP_comp_SIZE_DATA8_2499 ) 
           4 COMP_LESS_UNIT ( ADD_SUB_COMP_8bit_SIZE_DATA8_2357 ) 
              5 u_high ( ADD_SUB_COMP_4bit_2242 ) 
              5 u_low ( ADD_SUB_COMP_4bit_2243 ) 
        3 EXP_RND ( ADD_SUB_EXP_rounding_SIZE_DATA8_2570 ) 
        3 EXP_SUB ( ADD_SUB_EXP_sub_SIZE_EXP_SUB8_2641 ) 
           4 CLA_8BIT_UNIT ( ADD_SUB_CLA_8bit_1556 ) 
              5 CLA_4BIT_UNIT_0 ( ADD_SUB_CLA_4bit_1309 ) 
              5 CLA_4BIT_UNIT_1 ( ADD_SUB_CLA_4bit_1308 ) 
        3 EXP_SWAP ( ADD_SUB_EXP_swap_SIZE_DATA8_2718 ) 
        3 LOPD_24BIT ( ADD_SUB_LOPD_24bit_SIZE_DATA24_SIZE_LOPD5_2854 ) 
           4 LOPD_16bit_UNIT_MSB ( ADD_SUB_LOPD_16bit_2783 ) 
              5 LOPD_8bit_unit_0 ( ADD_SUB_LOPD_8bit_3043 ) 
              5 LOPD_8bit_unit_1 ( ADD_SUB_LOPD_8bit_3042 ) 
           4 LOPD_8bit_UNIT_LSB ( ADD_SUB_LOPD_8bit_3041 ) 
        3 MAN_ALU ( ADD_SUB_MAN_ALU_NUM_OP1_SIZE_MAN24_3140 ) 
           4 ALU_SUB_UNIT ( ADD_SUB_CLA_24bit_336 ) 
              5 CLA_BLOCK_GEN[0].CLA_4BIT_UNIT ( ADD_SUB_CLA_4bit_1307 ) 
              5 CLA_BLOCK_GEN[1].CLA_4BIT_UNIT ( ADD_SUB_CLA_4bit_1306 ) 
              5 CLA_BLOCK_GEN[2].CLA_4BIT_UNIT ( ADD_SUB_CLA_4bit_1305 ) 
              5 CLA_BLOCK_GEN[3].CLA_4BIT_UNIT ( ADD_SUB_CLA_4bit_1304 ) 
              5 CLA_BLOCK_GEN[4].CLA_4BIT_UNIT ( ADD_SUB_CLA_4bit_1303 ) 
              5 CLA_BLOCK_GEN[5].CLA_4BIT_UNIT ( ADD_SUB_CLA_4bit_1302 ) 
        3 MAN_ALU_PROC_RND ( ADD_SUB_CLS_4bit_1640 ) 
        3 MAN_COMP_24BIT ( ADD_SUB_COMP_24bit_SIZE_DATA24_1711 ) 
           4 u_i_data_0 ( ADD_SUB_COMP_4bit_2193 ) 
           4 u_i_data_1 ( ADD_SUB_COMP_4bit_2192 ) 
           4 u_i_data_2 ( ADD_SUB_COMP_4bit_2191 ) 
           4 u_i_data_3 ( ADD_SUB_COMP_4bit_2190 ) 
           4 u_i_data_4 ( ADD_SUB_COMP_4bit_2189 ) 
           4 u_i_data_5 ( ADD_SUB_COMP_4bit_2188 ) 
        3 MAN_RND ( ADD_SUB_MAN_rounding_SIZE_MAN32_SIZE_MAN_RESULT24_3211 ) 
        3 MAN_SWAP ( ADD_SUB_MAN_swap_SIZE_MAN24_3340 ) 
        3 MAN_SWAP_PRE ( ADD_SUB_MAN_swap_SIZE_MAN24_3341 ) 
        3 NOR_UNIT ( ADD_SUB_NOR_unit_SIZE_LOPD5_SIZE_DATA32_3425 ) 
           4 SHF_left_unit ( ADD_SUB_SHF_left_SIZE_DATA32_SIZE_SHIFT5_3567 ) 
        3 PSC_UNIT ( ADD_SUB_PSC_unit_3496 ) 
        3 SHF_RIGHT_MAN ( ADD_SUB_SHF_right_SIZE_DATA32_SIZE_SHIFT5_3638 ) 
        3 SIGN_UNIT ( ADD_SUB_SIGN_unit_3709 ) 
     2 add1 ( FPU_add_sub_NUM_OP1_6906 ) 
        3 EXP_ADJUST ( ADD_SUB_EXP_adjust_SIZE_EXP8_SIZE_LOPD8_2427 ) 
           4 CLA_8BIT_UNIT ( ADD_SUB_CLA_8bit_1553 ) 
              5 CLA_4BIT_UNIT_0 ( ADD_SUB_CLA_4bit_1291 ) 
              5 CLA_4BIT_UNIT_1 ( ADD_SUB_CLA_4bit_1290 ) 
        3 EXP_COM_8BIT ( ADD_SUB_EXP_comp_SIZE_DATA8_2498 ) 
           4 COMP_LESS_UNIT ( ADD_SUB_COMP_8bit_SIZE_DATA8_2356 ) 
              5 u_high ( ADD_SUB_COMP_4bit_2186 ) 
              5 u_low ( ADD_SUB_COMP_4bit_2187 ) 
        3 EXP_RND ( ADD_SUB_EXP_rounding_SIZE_DATA8_2569 ) 
        3 EXP_SUB ( ADD_SUB_EXP_sub_SIZE_EXP_SUB8_2640 ) 
           4 CLA_8BIT_UNIT ( ADD_SUB_CLA_8bit_1554 ) 
              5 CLA_4BIT_UNIT_0 ( ADD_SUB_CLA_4bit_1299 ) 
              5 CLA_4BIT_UNIT_1 ( ADD_SUB_CLA_4bit_1298 ) 
        3 EXP_SWAP ( ADD_SUB_EXP_swap_SIZE_DATA8_2711 ) 
        3 LOPD_24BIT ( ADD_SUB_LOPD_24bit_SIZE_DATA24_SIZE_LOPD5_2853 ) 
           4 LOPD_16bit_UNIT_MSB ( ADD_SUB_LOPD_16bit_2782 ) 
              5 LOPD_8bit_unit_0 ( ADD_SUB_LOPD_8bit_3040 ) 
              5 LOPD_8bit_unit_1 ( ADD_SUB_LOPD_8bit_3039 ) 
           4 LOPD_8bit_UNIT_LSB ( ADD_SUB_LOPD_8bit_3038 ) 
        3 MAN_ALU ( ADD_SUB_MAN_ALU_NUM_OP1_SIZE_MAN24_3139 ) 
           4 ALU_SUB_UNIT ( ADD_SUB_CLA_24bit_335 ) 
              5 CLA_BLOCK_GEN[0].CLA_4BIT_UNIT ( ADD_SUB_CLA_4bit_1297 ) 
              5 CLA_BLOCK_GEN[1].CLA_4BIT_UNIT ( ADD_SUB_CLA_4bit_1296 ) 
              5 CLA_BLOCK_GEN[2].CLA_4BIT_UNIT ( ADD_SUB_CLA_4bit_1295 ) 
              5 CLA_BLOCK_GEN[3].CLA_4BIT_UNIT ( ADD_SUB_CLA_4bit_1294 ) 
              5 CLA_BLOCK_GEN[4].CLA_4BIT_UNIT ( ADD_SUB_CLA_4bit_1293 ) 
              5 CLA_BLOCK_GEN[5].CLA_4BIT_UNIT ( ADD_SUB_CLA_4bit_1292 ) 
        3 MAN_ALU_PROC_RND ( ADD_SUB_CLS_4bit_1639 ) 
        3 MAN_COMP_24BIT ( ADD_SUB_COMP_24bit_SIZE_DATA24_1710 ) 
           4 u_i_data_0 ( ADD_SUB_COMP_4bit_2185 ) 
           4 u_i_data_1 ( ADD_SUB_COMP_4bit_2184 ) 
           4 u_i_data_2 ( ADD_SUB_COMP_4bit_2183 ) 
           4 u_i_data_3 ( ADD_SUB_COMP_4bit_2182 ) 
           4 u_i_data_4 ( ADD_SUB_COMP_4bit_2181 ) 
           4 u_i_data_5 ( ADD_SUB_COMP_4bit_2180 ) 
        3 MAN_RND ( ADD_SUB_MAN_rounding_SIZE_MAN32_SIZE_MAN_RESULT24_3210 ) 
        3 MAN_SWAP ( ADD_SUB_MAN_swap_SIZE_MAN24_3338 ) 
        3 MAN_SWAP_PRE ( ADD_SUB_MAN_swap_SIZE_MAN24_3339 ) 
        3 NOR_UNIT ( ADD_SUB_NOR_unit_SIZE_LOPD5_SIZE_DATA32_3424 ) 
           4 SHF_left_unit ( ADD_SUB_SHF_left_SIZE_DATA32_SIZE_SHIFT5_3566 ) 
        3 PSC_UNIT ( ADD_SUB_PSC_unit_3495 ) 
        3 SHF_RIGHT_MAN ( ADD_SUB_SHF_right_SIZE_DATA32_SIZE_SHIFT5_3637 ) 
        3 SIGN_UNIT ( ADD_SUB_SIGN_unit_3708 ) 
     2 add2 ( FPU_add_sub_NUM_OP1_6905 ) 
        3 EXP_ADJUST ( ADD_SUB_EXP_adjust_SIZE_EXP8_SIZE_LOPD8_2426 ) 
           4 CLA_8BIT_UNIT ( ADD_SUB_CLA_8bit_1551 ) 
              5 CLA_4BIT_UNIT_0 ( ADD_SUB_CLA_4bit_1281 ) 
              5 CLA_4BIT_UNIT_1 ( ADD_SUB_CLA_4bit_1280 ) 
        3 EXP_COM_8BIT ( ADD_SUB_EXP_comp_SIZE_DATA8_2497 ) 
           4 COMP_LESS_UNIT ( ADD_SUB_COMP_8bit_SIZE_DATA8_2355 ) 
              5 u_high ( ADD_SUB_COMP_4bit_2178 ) 
              5 u_low ( ADD_SUB_COMP_4bit_2179 ) 
        3 EXP_RND ( ADD_SUB_EXP_rounding_SIZE_DATA8_2568 ) 
        3 EXP_SUB ( ADD_SUB_EXP_sub_SIZE_EXP_SUB8_2639 ) 
           4 CLA_8BIT_UNIT ( ADD_SUB_CLA_8bit_1552 ) 
              5 CLA_4BIT_UNIT_0 ( ADD_SUB_CLA_4bit_1289 ) 
              5 CLA_4BIT_UNIT_1 ( ADD_SUB_CLA_4bit_1288 ) 
        3 EXP_SWAP ( ADD_SUB_EXP_swap_SIZE_DATA8_2710 ) 
        3 LOPD_24BIT ( ADD_SUB_LOPD_24bit_SIZE_DATA24_SIZE_LOPD5_2852 ) 
           4 LOPD_16bit_UNIT_MSB ( ADD_SUB_LOPD_16bit_2781 ) 
              5 LOPD_8bit_unit_0 ( ADD_SUB_LOPD_8bit_3037 ) 
              5 LOPD_8bit_unit_1 ( ADD_SUB_LOPD_8bit_3036 ) 
           4 LOPD_8bit_UNIT_LSB ( ADD_SUB_LOPD_8bit_3035 ) 
        3 MAN_ALU ( ADD_SUB_MAN_ALU_NUM_OP1_SIZE_MAN24_3138 ) 
           4 ALU_SUB_UNIT ( ADD_SUB_CLA_24bit_334 ) 
              5 CLA_BLOCK_GEN[0].CLA_4BIT_UNIT ( ADD_SUB_CLA_4bit_1287 ) 
              5 CLA_BLOCK_GEN[1].CLA_4BIT_UNIT ( ADD_SUB_CLA_4bit_1286 ) 
              5 CLA_BLOCK_GEN[2].CLA_4BIT_UNIT ( ADD_SUB_CLA_4bit_1285 ) 
              5 CLA_BLOCK_GEN[3].CLA_4BIT_UNIT ( ADD_SUB_CLA_4bit_1284 ) 
              5 CLA_BLOCK_GEN[4].CLA_4BIT_UNIT ( ADD_SUB_CLA_4bit_1283 ) 
              5 CLA_BLOCK_GEN[5].CLA_4BIT_UNIT ( ADD_SUB_CLA_4bit_1282 ) 
        3 MAN_ALU_PROC_RND ( ADD_SUB_CLS_4bit_1638 ) 
        3 MAN_COMP_24BIT ( ADD_SUB_COMP_24bit_SIZE_DATA24_1709 ) 
           4 u_i_data_0 ( ADD_SUB_COMP_4bit_2177 ) 
           4 u_i_data_1 ( ADD_SUB_COMP_4bit_2176 ) 
           4 u_i_data_2 ( ADD_SUB_COMP_4bit_2175 ) 
           4 u_i_data_3 ( ADD_SUB_COMP_4bit_2174 ) 
           4 u_i_data_4 ( ADD_SUB_COMP_4bit_2173 ) 
           4 u_i_data_5 ( ADD_SUB_COMP_4bit_2172 ) 
        3 MAN_RND ( ADD_SUB_MAN_rounding_SIZE_MAN32_SIZE_MAN_RESULT24_3209 ) 
        3 MAN_SWAP ( ADD_SUB_MAN_swap_SIZE_MAN24_3336 ) 
        3 MAN_SWAP_PRE ( ADD_SUB_MAN_swap_SIZE_MAN24_3337 ) 
        3 NOR_UNIT ( ADD_SUB_NOR_unit_SIZE_LOPD5_SIZE_DATA32_3423 ) 
           4 SHF_left_unit ( ADD_SUB_SHF_left_SIZE_DATA32_SIZE_SHIFT5_3565 ) 
        3 PSC_UNIT ( ADD_SUB_PSC_unit_3494 ) 
        3 SHF_RIGHT_MAN ( ADD_SUB_SHF_right_SIZE_DATA32_SIZE_SHIFT5_3636 ) 
        3 SIGN_UNIT ( ADD_SUB_SIGN_unit_3707 ) 
     2 mul0 ( fpu_mul_SIZE_DATA32_8067 ) 
        3 EXP_ROUNDING_UNIT ( MUL_EXP_rounding_SIZE_DATA8_7148 ) 
        3 LOPD_UNIT ( MUL_LOPD_24bit_SIZE_DATA24_SIZE_LOPD5_7289 ) 
           4 LOPD_16bit_UNIT_MSB ( MUL_LOPD_16bit_7242 ) 
              5 LOPD_8bit_unit_0 ( MUL_LOPD_8bit_7416 ) 
              5 LOPD_8bit_unit_1 ( MUL_LOPD_8bit_7415 ) 
           4 LOPD_8bit_UNIT_LSB ( MUL_LOPD_8bit_7414 ) 
        3 MAN_MUL_UNIT ( MUL_MAN_mul_SIZE_DATA24_7479 ) 
           4 MUL_UNIT_MAN_UNIT ( Multiplier_7761 ) 
              5 u_booth ( Modified_booth_N24_NUM_PP13_7714 ) 
              5 u_cla ( CLA_adder_top_WIDTH48_FANIN4_3772 ) 
                 6 cla_tree ( cla_logic_tree_level_WIDTH48_FANIN4_7949 ) 
                    7 COMPUTE_DETAILED_CARRY[10].cla_unit ( CLA_logic_WIDTH4_4413 ) 
                    7 COMPUTE_DETAILED_CARRY[11].cla_unit ( CLA_logic_WIDTH4_4412 ) 
                    7 COMPUTE_DETAILED_CARRY[2].cla_unit ( CLA_logic_WIDTH4_4421 ) 
                    7 COMPUTE_DETAILED_CARRY[3].cla_unit ( CLA_logic_WIDTH4_4420 ) 
                    7 COMPUTE_DETAILED_CARRY[4].cla_unit ( CLA_logic_WIDTH4_4419 ) 
                    7 COMPUTE_DETAILED_CARRY[5].cla_unit ( CLA_logic_WIDTH4_4418 ) 
                    7 COMPUTE_DETAILED_CARRY[6].cla_unit ( CLA_logic_WIDTH4_4417 ) 
                    7 COMPUTE_DETAILED_CARRY[7].cla_unit ( CLA_logic_WIDTH4_4416 ) 
                    7 COMPUTE_DETAILED_CARRY[8].cla_unit ( CLA_logic_WIDTH4_4415 ) 
                    7 COMPUTE_DETAILED_CARRY[9].cla_unit ( CLA_logic_WIDTH4_4414 ) 
                    7 MULTI_GROUP.next_level ( cla_logic_tree_level_WIDTH12_FANIN4_7855 ) 
                       8 COMPUTE_DETAILED_CARRY[0].cla_unit ( CLA_logic_WIDTH4_4426 ) 
                       8 COMPUTE_DETAILED_CARRY[1].cla_unit ( CLA_logic_WIDTH4_4425 ) 
                       8 COMPUTE_DETAILED_CARRY[2].cla_unit ( CLA_logic_WIDTH4_4424 ) 
                       8 MULTI_GROUP.next_level ( cla_logic_tree_level_WIDTH3_FANIN4_7902 ) 
                          9 COMPUTE_DETAILED_CARRY[0].cla_unit ( CLA_logic_WIDTH3_3819 ) 
              5 u_merge ( wallace_final_merge_WIDTH48_9757 ) 
                 6 csa_row[10].u_fa ( FA_1bit_6455 ) 
                 6 csa_row[11].u_fa ( FA_1bit_6454 ) 
                 6 csa_row[12].u_fa ( FA_1bit_6453 ) 
                 6 csa_row[13].u_fa ( FA_1bit_6452 ) 
                 6 csa_row[14].u_fa ( FA_1bit_6451 ) 
                 6 csa_row[15].u_fa ( FA_1bit_6450 ) 
                 6 csa_row[16].u_fa ( FA_1bit_6449 ) 
                 6 csa_row[17].u_fa ( FA_1bit_6448 ) 
                 6 csa_row[18].u_fa ( FA_1bit_6447 ) 
                 6 csa_row[19].u_fa ( FA_1bit_6446 ) 
                 6 csa_row[20].u_fa ( FA_1bit_6445 ) 
                 6 csa_row[21].u_fa ( FA_1bit_6444 ) 
                 6 csa_row[22].u_fa ( FA_1bit_6443 ) 
                 6 csa_row[23].u_fa ( FA_1bit_6442 ) 
                 6 csa_row[24].u_fa ( FA_1bit_6441 ) 
                 6 csa_row[25].u_fa ( FA_1bit_6440 ) 
                 6 csa_row[26].u_fa ( FA_1bit_6439 ) 
                 6 csa_row[27].u_fa ( FA_1bit_6438 ) 
                 6 csa_row[28].u_fa ( FA_1bit_6437 ) 
                 6 csa_row[29].u_fa ( FA_1bit_6436 ) 
                 6 csa_row[30].u_fa ( FA_1bit_6435 ) 
                 6 csa_row[31].u_fa ( FA_1bit_6434 ) 
                 6 csa_row[32].u_fa ( FA_1bit_6433 ) 
                 6 csa_row[33].u_fa ( FA_1bit_6432 ) 
                 6 csa_row[34].u_fa ( FA_1bit_6431 ) 
                 6 csa_row[35].u_fa ( FA_1bit_6430 ) 
                 6 csa_row[36].u_fa ( FA_1bit_6429 ) 
                 6 csa_row[37].u_fa ( FA_1bit_6428 ) 
                 6 csa_row[38].u_fa ( FA_1bit_6427 ) 
                 6 csa_row[39].u_fa ( FA_1bit_6426 ) 
                 6 csa_row[40].u_fa ( FA_1bit_6425 ) 
                 6 csa_row[41].u_fa ( FA_1bit_6424 ) 
                 6 csa_row[42].u_fa ( FA_1bit_6423 ) 
                 6 csa_row[43].u_fa ( FA_1bit_6422 ) 
                 6 csa_row[44].u_fa ( FA_1bit_6421 ) 
                 6 csa_row[45].u_fa ( FA_1bit_6420 ) 
                 6 csa_row[46].u_fa ( FA_1bit_6419 ) 
                 6 csa_row[47].u_fa ( FA_1bit_6418 ) 
                 6 csa_row[6].u_fa ( FA_1bit_6459 ) 
                 6 csa_row[7].u_fa ( FA_1bit_6458 ) 
                 6 csa_row[8].u_fa ( FA_1bit_6457 ) 
                 6 csa_row[9].u_fa ( FA_1bit_6456 ) 
              5 u_wallace ( wallace_tree_N24_NUM_PP13_NUM_CZ12_10086 ) 
                 6 STAGE_GEN[0].u_stage ( wallace_stage_NUM_COLS48_COL_HEIGHTSx000000020000000200000003000000030000000400000004000000050000000500000006000000060000000700000007000000080000000800000009000000090000000a0000000a0000000b0000000b0000000c0000000c0000000d0000000d0000000d0000000c0000000c0000000b0000000b0000000a0000000a0000000900000009000000080000000800000007000000070000000600000006000000050000000500000004000000040000000300000003000000020000000200000001_MAX_H_IN32_MAX_H_OUT32_10039 ) 
                 6 STAGE_GEN[1].u_stage ( wallace_stage_NUM_COLS48_COL_HEIGHTSx000000010000000200000002000000020000000300000003000000030000000400000004000000040000000500000005000000050000000600000006000000060000000700000007000000070000000800000008000000080000000900000009000000090000000800000008000000080000000800000008000000070000000600000006000000060000000600000006000000050000000400000004000000040000000400000004000000030000000200000002000000020000000200000002_MAX_H_IN32_MAX_H_OUT32_9992 ) 
                 6 STAGE_GEN[2].u_stage ( wallace_stage_NUM_COLS48_COL_HEIGHTSx000000010000000100000002000000020000000200000002000000020000000300000003000000030000000300000004000000040000000400000004000000040000000500000005000000050000000500000006000000060000000600000006000000060000000600000006000000060000000600000006000000060000000400000004000000040000000400000004000000040000000400000003000000030000000300000003000000020000000200000002000000020000000200000002_MAX_H_IN32_MAX_H_OUT32_9945 ) 
                 6 STAGE_GEN[3].u_stage ( wallace_stage_NUM_COLS48_COL_HEIGHTSx000000010000000100000001000000020000000200000002000000020000000200000002000000020000000200000003000000030000000300000003000000030000000300000004000000040000000400000004000000040000000400000004000000040000000400000004000000040000000400000004000000040000000400000003000000030000000300000003000000030000000300000002000000020000000200000002000000020000000200000002000000020000000200000002_MAX_H_IN32_MAX_H_OUT32_9898 ) 
                 6 STAGE_GEN[4].u_stage ( wallace_stage_NUM_COLS48_COL_HEIGHTSx000000010000000100000001000000010000000200000002000000020000000200000002000000020000000200000002000000020000000200000002000000020000000200000003000000030000000300000003000000030000000300000003000000030000000300000003000000030000000300000003000000030000000300000002000000020000000200000002000000020000000200000002000000020000000200000002000000020000000200000002000000020000000200000002_MAX_H_IN32_MAX_H_OUT32_9851 ) 
                 6 STAGE_GEN[5].u_stage ( wallace_stage_NUM_COLS48_COL_HEIGHTSx000000010000000100000001000000010000000100000002000000020000000200000002000000020000000200000002000000020000000200000002000000020000000200000002000000020000000200000002000000020000000200000002000000020000000200000002000000020000000200000002000000020000000200000002000000020000000200000002000000020000000200000002000000020000000200000002000000020000000200000002000000020000000200000002_MAX_H_IN32_MAX_H_OUT32_9804 ) 
        3 MAN_ROUNDING_UNIT ( MUL_MAN_rounding_SIZE_MAN24_7526 ) 
        3 MUL_EXP_ADJUST_UNIT ( MUL_EXP_adjust_SIZE_DATA8_SIZE_LOPD8_7101 ) 
           4 CLA_8BIT_UNIT ( MUL_CLA_8bit_7054 ) 
              5 CLA_4BIT_UNIT_0 ( MUL_CLA_4bit_6999 ) 
              5 CLA_4BIT_UNIT_1 ( MUL_CLA_4bit_6998 ) 
        3 NOR_UNIT ( MUL_NOR_unit_SIZE_LOPD5_SIZE_DATA24_7573 ) 
           4 SHF_left_unit ( MUL_SHF_left_SIZE_DATA32_SIZE_SHIFT5_7667 ) 
        3 PSC_UNIT ( MUL_PSC_unit_SIZE_EXP8_SIZE_MAN24_7620 ) 
     2 mul1 ( fpu_mul_SIZE_DATA32_8066 ) 
        3 PSC_UNIT ( MUL_PSC_unit_SIZE_EXP8_SIZE_MAN24_7619 ) 
     2 mul2 ( fpu_mul_SIZE_DATA32_8065 ) 
        3 PSC_UNIT ( MUL_PSC_unit_SIZE_EXP8_SIZE_MAN24_7618 ) 
     2 mul3 ( fpu_mul_SIZE_DATA32_8064 ) 
        3 EXP_ROUNDING_UNIT ( MUL_EXP_rounding_SIZE_DATA8_7145 ) 
        3 LOPD_UNIT ( MUL_LOPD_24bit_SIZE_DATA24_SIZE_LOPD5_7286 ) 
           4 LOPD_16bit_UNIT_MSB ( MUL_LOPD_16bit_7239 ) 
              5 LOPD_8bit_unit_0 ( MUL_LOPD_8bit_7407 ) 
              5 LOPD_8bit_unit_1 ( MUL_LOPD_8bit_7406 ) 
           4 LOPD_8bit_UNIT_LSB ( MUL_LOPD_8bit_7405 ) 
        3 MAN_MUL_UNIT ( MUL_MAN_mul_SIZE_DATA24_7476 ) 
           4 MUL_UNIT_MAN_UNIT ( Multiplier_7758 ) 
              5 u_booth ( Modified_booth_N24_NUM_PP13_7711 ) 
              5 u_cla ( CLA_adder_top_WIDTH48_FANIN4_3769 ) 
                 6 cla_tree ( cla_logic_tree_level_WIDTH48_FANIN4_7946 ) 
                    7 COMPUTE_DETAILED_CARRY[10].cla_unit ( CLA_logic_WIDTH4_4368 ) 
                    7 COMPUTE_DETAILED_CARRY[11].cla_unit ( CLA_logic_WIDTH4_4367 ) 
                    7 COMPUTE_DETAILED_CARRY[2].cla_unit ( CLA_logic_WIDTH4_4376 ) 
                    7 COMPUTE_DETAILED_CARRY[3].cla_unit ( CLA_logic_WIDTH4_4375 ) 
                    7 COMPUTE_DETAILED_CARRY[4].cla_unit ( CLA_logic_WIDTH4_4374 ) 
                    7 COMPUTE_DETAILED_CARRY[5].cla_unit ( CLA_logic_WIDTH4_4373 ) 
                    7 COMPUTE_DETAILED_CARRY[6].cla_unit ( CLA_logic_WIDTH4_4372 ) 
                    7 COMPUTE_DETAILED_CARRY[7].cla_unit ( CLA_logic_WIDTH4_4371 ) 
                    7 COMPUTE_DETAILED_CARRY[8].cla_unit ( CLA_logic_WIDTH4_4370 ) 
                    7 COMPUTE_DETAILED_CARRY[9].cla_unit ( CLA_logic_WIDTH4_4369 ) 
                    7 MULTI_GROUP.next_level ( cla_logic_tree_level_WIDTH12_FANIN4_7852 ) 
                       8 COMPUTE_DETAILED_CARRY[0].cla_unit ( CLA_logic_WIDTH4_4381 ) 
                       8 COMPUTE_DETAILED_CARRY[1].cla_unit ( CLA_logic_WIDTH4_4380 ) 
                       8 COMPUTE_DETAILED_CARRY[2].cla_unit ( CLA_logic_WIDTH4_4379 ) 
                       8 MULTI_GROUP.next_level ( cla_logic_tree_level_WIDTH3_FANIN4_7899 ) 
                          9 COMPUTE_DETAILED_CARRY[0].cla_unit ( CLA_logic_WIDTH3_3816 ) 
              5 u_merge ( wallace_final_merge_WIDTH48_9754 ) 
                 6 csa_row[10].u_fa ( FA_1bit_6311 ) 
                 6 csa_row[11].u_fa ( FA_1bit_6310 ) 
                 6 csa_row[12].u_fa ( FA_1bit_6309 ) 
                 6 csa_row[13].u_fa ( FA_1bit_6308 ) 
                 6 csa_row[14].u_fa ( FA_1bit_6307 ) 
                 6 csa_row[15].u_fa ( FA_1bit_6306 ) 
                 6 csa_row[16].u_fa ( FA_1bit_6305 ) 
                 6 csa_row[17].u_fa ( FA_1bit_6304 ) 
                 6 csa_row[18].u_fa ( FA_1bit_6303 ) 
                 6 csa_row[19].u_fa ( FA_1bit_6302 ) 
                 6 csa_row[20].u_fa ( FA_1bit_6301 ) 
                 6 csa_row[21].u_fa ( FA_1bit_6300 ) 
                 6 csa_row[22].u_fa ( FA_1bit_6299 ) 
                 6 csa_row[23].u_fa ( FA_1bit_6298 ) 
                 6 csa_row[24].u_fa ( FA_1bit_6297 ) 
                 6 csa_row[25].u_fa ( FA_1bit_6296 ) 
                 6 csa_row[26].u_fa ( FA_1bit_6295 ) 
                 6 csa_row[27].u_fa ( FA_1bit_6294 ) 
                 6 csa_row[28].u_fa ( FA_1bit_6293 ) 
                 6 csa_row[29].u_fa ( FA_1bit_6292 ) 
                 6 csa_row[30].u_fa ( FA_1bit_6291 ) 
                 6 csa_row[31].u_fa ( FA_1bit_6290 ) 
                 6 csa_row[32].u_fa ( FA_1bit_6289 ) 
                 6 csa_row[33].u_fa ( FA_1bit_6288 ) 
                 6 csa_row[34].u_fa ( FA_1bit_6287 ) 
                 6 csa_row[35].u_fa ( FA_1bit_6286 ) 
                 6 csa_row[36].u_fa ( FA_1bit_6285 ) 
                 6 csa_row[37].u_fa ( FA_1bit_6284 ) 
                 6 csa_row[38].u_fa ( FA_1bit_6283 ) 
                 6 csa_row[39].u_fa ( FA_1bit_6282 ) 
                 6 csa_row[40].u_fa ( FA_1bit_6281 ) 
                 6 csa_row[41].u_fa ( FA_1bit_6280 ) 
                 6 csa_row[42].u_fa ( FA_1bit_6279 ) 
                 6 csa_row[43].u_fa ( FA_1bit_6278 ) 
                 6 csa_row[44].u_fa ( FA_1bit_6277 ) 
                 6 csa_row[45].u_fa ( FA_1bit_6276 ) 
                 6 csa_row[46].u_fa ( FA_1bit_6275 ) 
                 6 csa_row[47].u_fa ( FA_1bit_6274 ) 
                 6 csa_row[6].u_fa ( FA_1bit_6315 ) 
                 6 csa_row[7].u_fa ( FA_1bit_6314 ) 
                 6 csa_row[8].u_fa ( FA_1bit_6313 ) 
                 6 csa_row[9].u_fa ( FA_1bit_6312 ) 
              5 u_wallace ( wallace_tree_N24_NUM_PP13_NUM_CZ12_10083 ) 
                 6 STAGE_GEN[0].u_stage ( wallace_stage_NUM_COLS48_COL_HEIGHTSx000000020000000200000003000000030000000400000004000000050000000500000006000000060000000700000007000000080000000800000009000000090000000a0000000a0000000b0000000b0000000c0000000c0000000d0000000d0000000d0000000c0000000c0000000b0000000b0000000a0000000a0000000900000009000000080000000800000007000000070000000600000006000000050000000500000004000000040000000300000003000000020000000200000001_MAX_H_IN32_MAX_H_OUT32_10036 ) 
                 6 STAGE_GEN[1].u_stage ( wallace_stage_NUM_COLS48_COL_HEIGHTSx000000010000000200000002000000020000000300000003000000030000000400000004000000040000000500000005000000050000000600000006000000060000000700000007000000070000000800000008000000080000000900000009000000090000000800000008000000080000000800000008000000070000000600000006000000060000000600000006000000050000000400000004000000040000000400000004000000030000000200000002000000020000000200000002_MAX_H_IN32_MAX_H_OUT32_9989 ) 
                 6 STAGE_GEN[2].u_stage ( wallace_stage_NUM_COLS48_COL_HEIGHTSx000000010000000100000002000000020000000200000002000000020000000300000003000000030000000300000004000000040000000400000004000000040000000500000005000000050000000500000006000000060000000600000006000000060000000600000006000000060000000600000006000000060000000400000004000000040000000400000004000000040000000400000003000000030000000300000003000000020000000200000002000000020000000200000002_MAX_H_IN32_MAX_H_OUT32_9942 ) 
                 6 STAGE_GEN[3].u_stage ( wallace_stage_NUM_COLS48_COL_HEIGHTSx000000010000000100000001000000020000000200000002000000020000000200000002000000020000000200000003000000030000000300000003000000030000000300000004000000040000000400000004000000040000000400000004000000040000000400000004000000040000000400000004000000040000000400000003000000030000000300000003000000030000000300000002000000020000000200000002000000020000000200000002000000020000000200000002_MAX_H_IN32_MAX_H_OUT32_9895 ) 
                 6 STAGE_GEN[4].u_stage ( wallace_stage_NUM_COLS48_COL_HEIGHTSx000000010000000100000001000000010000000200000002000000020000000200000002000000020000000200000002000000020000000200000002000000020000000200000003000000030000000300000003000000030000000300000003000000030000000300000003000000030000000300000003000000030000000300000002000000020000000200000002000000020000000200000002000000020000000200000002000000020000000200000002000000020000000200000002_MAX_H_IN32_MAX_H_OUT32_9848 ) 
                 6 STAGE_GEN[5].u_stage ( wallace_stage_NUM_COLS48_COL_HEIGHTSx000000010000000100000001000000010000000100000002000000020000000200000002000000020000000200000002000000020000000200000002000000020000000200000002000000020000000200000002000000020000000200000002000000020000000200000002000000020000000200000002000000020000000200000002000000020000000200000002000000020000000200000002000000020000000200000002000000020000000200000002000000020000000200000002_MAX_H_IN32_MAX_H_OUT32_9801 ) 
        3 MAN_ROUNDING_UNIT ( MUL_MAN_rounding_SIZE_MAN24_7523 ) 
        3 MUL_EXP_ADJUST_UNIT ( MUL_EXP_adjust_SIZE_DATA8_SIZE_LOPD8_7098 ) 
           4 CLA_8BIT_UNIT ( MUL_CLA_8bit_7051 ) 
              5 CLA_4BIT_UNIT_0 ( MUL_CLA_4bit_6993 ) 
              5 CLA_4BIT_UNIT_1 ( MUL_CLA_4bit_6992 ) 
        3 NOR_UNIT ( MUL_NOR_unit_SIZE_LOPD5_SIZE_DATA24_7570 ) 
           4 SHF_left_unit ( MUL_SHF_left_SIZE_DATA32_SIZE_SHIFT5_7664 ) 
        3 PSC_UNIT ( MUL_PSC_unit_SIZE_EXP8_SIZE_MAN24_7617 ) 
     2 sub0 ( FPU_add_sub_NUM_OP1_6908 ) 
        3 EXP_ADJUST ( ADD_SUB_EXP_adjust_SIZE_EXP8_SIZE_LOPD8_2429 ) 
           4 CLA_8BIT_UNIT ( ADD_SUB_CLA_8bit_1557 ) 
              5 CLA_4BIT_UNIT_0 ( ADD_SUB_CLA_4bit_1311 ) 
              5 CLA_4BIT_UNIT_1 ( ADD_SUB_CLA_4bit_1310 ) 
        3 EXP_COM_8BIT ( ADD_SUB_EXP_comp_SIZE_DATA8_2500 ) 
           4 COMP_LESS_UNIT ( ADD_SUB_COMP_8bit_SIZE_DATA8_2358 ) 
              5 u_high ( ADD_SUB_COMP_4bit_2202 ) 
              5 u_low ( ADD_SUB_COMP_4bit_2203 ) 
        3 EXP_RND ( ADD_SUB_EXP_rounding_SIZE_DATA8_2571 ) 
        3 EXP_SUB ( ADD_SUB_EXP_sub_SIZE_EXP_SUB8_2642 ) 
           4 CLA_8BIT_UNIT ( ADD_SUB_CLA_8bit_1558 ) 
              5 CLA_4BIT_UNIT_0 ( ADD_SUB_CLA_4bit_1319 ) 
              5 CLA_4BIT_UNIT_1 ( ADD_SUB_CLA_4bit_1318 ) 
        3 EXP_SWAP ( ADD_SUB_EXP_swap_SIZE_DATA8_2713 ) 
        3 LOPD_24BIT ( ADD_SUB_LOPD_24bit_SIZE_DATA24_SIZE_LOPD5_2855 ) 
           4 LOPD_16bit_UNIT_MSB ( ADD_SUB_LOPD_16bit_2784 ) 
              5 LOPD_8bit_unit_0 ( ADD_SUB_LOPD_8bit_3046 ) 
              5 LOPD_8bit_unit_1 ( ADD_SUB_LOPD_8bit_3045 ) 
           4 LOPD_8bit_UNIT_LSB ( ADD_SUB_LOPD_8bit_3044 ) 
        3 MAN_ALU ( ADD_SUB_MAN_ALU_NUM_OP1_SIZE_MAN24_3141 ) 
           4 ALU_SUB_UNIT ( ADD_SUB_CLA_24bit_337 ) 
              5 CLA_BLOCK_GEN[0].CLA_4BIT_UNIT ( ADD_SUB_CLA_4bit_1317 ) 
              5 CLA_BLOCK_GEN[1].CLA_4BIT_UNIT ( ADD_SUB_CLA_4bit_1316 ) 
              5 CLA_BLOCK_GEN[2].CLA_4BIT_UNIT ( ADD_SUB_CLA_4bit_1315 ) 
              5 CLA_BLOCK_GEN[3].CLA_4BIT_UNIT ( ADD_SUB_CLA_4bit_1314 ) 
              5 CLA_BLOCK_GEN[4].CLA_4BIT_UNIT ( ADD_SUB_CLA_4bit_1313 ) 
              5 CLA_BLOCK_GEN[5].CLA_4BIT_UNIT ( ADD_SUB_CLA_4bit_1312 ) 
        3 MAN_ALU_PROC_RND ( ADD_SUB_CLS_4bit_1641 ) 
        3 MAN_COMP_24BIT ( ADD_SUB_COMP_24bit_SIZE_DATA24_1712 ) 
           4 u_i_data_0 ( ADD_SUB_COMP_4bit_2201 ) 
           4 u_i_data_1 ( ADD_SUB_COMP_4bit_2200 ) 
           4 u_i_data_2 ( ADD_SUB_COMP_4bit_2199 ) 
           4 u_i_data_3 ( ADD_SUB_COMP_4bit_2198 ) 
           4 u_i_data_4 ( ADD_SUB_COMP_4bit_2197 ) 
           4 u_i_data_5 ( ADD_SUB_COMP_4bit_2196 ) 
        3 MAN_RND ( ADD_SUB_MAN_rounding_SIZE_MAN32_SIZE_MAN_RESULT24_3212 ) 
        3 MAN_SWAP ( ADD_SUB_MAN_swap_SIZE_MAN24_3342 ) 
        3 MAN_SWAP_PRE ( ADD_SUB_MAN_swap_SIZE_MAN24_3343 ) 
        3 NOR_UNIT ( ADD_SUB_NOR_unit_SIZE_LOPD5_SIZE_DATA32_3426 ) 
           4 SHF_left_unit ( ADD_SUB_SHF_left_SIZE_DATA32_SIZE_SHIFT5_3568 ) 
        3 PSC_UNIT ( ADD_SUB_PSC_unit_3497 ) 
        3 SHF_RIGHT_MAN ( ADD_SUB_SHF_right_SIZE_DATA32_SIZE_SHIFT5_3639 ) 
        3 SIGN_UNIT ( ADD_SUB_SIGN_unit_3710 ) 
     2 sub1 ( FPU_add_sub_NUM_OP1_6904 ) 
        3 EXP_ADJUST ( ADD_SUB_EXP_adjust_SIZE_EXP8_SIZE_LOPD8_2425 ) 
           4 CLA_8BIT_UNIT ( ADD_SUB_CLA_8bit_1549 ) 
              5 CLA_4BIT_UNIT_0 ( ADD_SUB_CLA_4bit_1271 ) 
              5 CLA_4BIT_UNIT_1 ( ADD_SUB_CLA_4bit_1270 ) 
        3 EXP_COM_8BIT ( ADD_SUB_EXP_comp_SIZE_DATA8_2496 ) 
           4 COMP_LESS_UNIT ( ADD_SUB_COMP_8bit_SIZE_DATA8_2354 ) 
              5 u_high ( ADD_SUB_COMP_4bit_2170 ) 
              5 u_low ( ADD_SUB_COMP_4bit_2171 ) 
        3 EXP_RND ( ADD_SUB_EXP_rounding_SIZE_DATA8_2567 ) 
        3 EXP_SUB ( ADD_SUB_EXP_sub_SIZE_EXP_SUB8_2638 ) 
           4 CLA_8BIT_UNIT ( ADD_SUB_CLA_8bit_1550 ) 
              5 CLA_4BIT_UNIT_0 ( ADD_SUB_CLA_4bit_1279 ) 
              5 CLA_4BIT_UNIT_1 ( ADD_SUB_CLA_4bit_1278 ) 
        3 EXP_SWAP ( ADD_SUB_EXP_swap_SIZE_DATA8_2709 ) 
        3 LOPD_24BIT ( ADD_SUB_LOPD_24bit_SIZE_DATA24_SIZE_LOPD5_2851 ) 
           4 LOPD_16bit_UNIT_MSB ( ADD_SUB_LOPD_16bit_2780 ) 
              5 LOPD_8bit_unit_0 ( ADD_SUB_LOPD_8bit_3034 ) 
              5 LOPD_8bit_unit_1 ( ADD_SUB_LOPD_8bit_3033 ) 
           4 LOPD_8bit_UNIT_LSB ( ADD_SUB_LOPD_8bit_3032 ) 
        3 MAN_ALU ( ADD_SUB_MAN_ALU_NUM_OP1_SIZE_MAN24_3137 ) 
           4 ALU_SUB_UNIT ( ADD_SUB_CLA_24bit_333 ) 
              5 CLA_BLOCK_GEN[0].CLA_4BIT_UNIT ( ADD_SUB_CLA_4bit_1277 ) 
              5 CLA_BLOCK_GEN[1].CLA_4BIT_UNIT ( ADD_SUB_CLA_4bit_1276 ) 
              5 CLA_BLOCK_GEN[2].CLA_4BIT_UNIT ( ADD_SUB_CLA_4bit_1275 ) 
              5 CLA_BLOCK_GEN[3].CLA_4BIT_UNIT ( ADD_SUB_CLA_4bit_1274 ) 
              5 CLA_BLOCK_GEN[4].CLA_4BIT_UNIT ( ADD_SUB_CLA_4bit_1273 ) 
              5 CLA_BLOCK_GEN[5].CLA_4BIT_UNIT ( ADD_SUB_CLA_4bit_1272 ) 
        3 MAN_ALU_PROC_RND ( ADD_SUB_CLS_4bit_1637 ) 
        3 MAN_COMP_24BIT ( ADD_SUB_COMP_24bit_SIZE_DATA24_1708 ) 
           4 u_i_data_0 ( ADD_SUB_COMP_4bit_2169 ) 
           4 u_i_data_1 ( ADD_SUB_COMP_4bit_2168 ) 
           4 u_i_data_2 ( ADD_SUB_COMP_4bit_2167 ) 
           4 u_i_data_3 ( ADD_SUB_COMP_4bit_2166 ) 
           4 u_i_data_4 ( ADD_SUB_COMP_4bit_2165 ) 
           4 u_i_data_5 ( ADD_SUB_COMP_4bit_2164 ) 
        3 MAN_RND ( ADD_SUB_MAN_rounding_SIZE_MAN32_SIZE_MAN_RESULT24_3208 ) 
        3 MAN_SWAP ( ADD_SUB_MAN_swap_SIZE_MAN24_3334 ) 
        3 MAN_SWAP_PRE ( ADD_SUB_MAN_swap_SIZE_MAN24_3335 ) 
        3 NOR_UNIT ( ADD_SUB_NOR_unit_SIZE_LOPD5_SIZE_DATA32_3422 ) 
           4 SHF_left_unit ( ADD_SUB_SHF_left_SIZE_DATA32_SIZE_SHIFT5_3564 ) 
        3 PSC_UNIT ( ADD_SUB_PSC_unit_3493 ) 
        3 SHF_RIGHT_MAN ( ADD_SUB_SHF_right_SIZE_DATA32_SIZE_SHIFT5_3635 ) 
        3 SIGN_UNIT ( ADD_SUB_SIGN_unit_3706 ) 
     2 sub2 ( FPU_add_sub_NUM_OP1_6903 ) 
        3 EXP_ADJUST ( ADD_SUB_EXP_adjust_SIZE_EXP8_SIZE_LOPD8_2424 ) 
           4 CLA_8BIT_UNIT ( ADD_SUB_CLA_8bit_1547 ) 
              5 CLA_4BIT_UNIT_0 ( ADD_SUB_CLA_4bit_1261 ) 
              5 CLA_4BIT_UNIT_1 ( ADD_SUB_CLA_4bit_1260 ) 
        3 EXP_COM_8BIT ( ADD_SUB_EXP_comp_SIZE_DATA8_2495 ) 
           4 COMP_LESS_UNIT ( ADD_SUB_COMP_8bit_SIZE_DATA8_2353 ) 
              5 u_high ( ADD_SUB_COMP_4bit_2162 ) 
              5 u_low ( ADD_SUB_COMP_4bit_2163 ) 
        3 EXP_RND ( ADD_SUB_EXP_rounding_SIZE_DATA8_2566 ) 
        3 EXP_SUB ( ADD_SUB_EXP_sub_SIZE_EXP_SUB8_2637 ) 
           4 CLA_8BIT_UNIT ( ADD_SUB_CLA_8bit_1548 ) 
              5 CLA_4BIT_UNIT_0 ( ADD_SUB_CLA_4bit_1269 ) 
              5 CLA_4BIT_UNIT_1 ( ADD_SUB_CLA_4bit_1268 ) 
        3 EXP_SWAP ( ADD_SUB_EXP_swap_SIZE_DATA8_2708 ) 
        3 LOPD_24BIT ( ADD_SUB_LOPD_24bit_SIZE_DATA24_SIZE_LOPD5_2850 ) 
           4 LOPD_16bit_UNIT_MSB ( ADD_SUB_LOPD_16bit_2779 ) 
              5 LOPD_8bit_unit_0 ( ADD_SUB_LOPD_8bit_3031 ) 
              5 LOPD_8bit_unit_1 ( ADD_SUB_LOPD_8bit_3030 ) 
           4 LOPD_8bit_UNIT_LSB ( ADD_SUB_LOPD_8bit_3029 ) 
        3 MAN_ALU ( ADD_SUB_MAN_ALU_NUM_OP1_SIZE_MAN24_3136 ) 
           4 ALU_SUB_UNIT ( ADD_SUB_CLA_24bit_332 ) 
              5 CLA_BLOCK_GEN[0].CLA_4BIT_UNIT ( ADD_SUB_CLA_4bit_1267 ) 
              5 CLA_BLOCK_GEN[1].CLA_4BIT_UNIT ( ADD_SUB_CLA_4bit_1266 ) 
              5 CLA_BLOCK_GEN[2].CLA_4BIT_UNIT ( ADD_SUB_CLA_4bit_1265 ) 
              5 CLA_BLOCK_GEN[3].CLA_4BIT_UNIT ( ADD_SUB_CLA_4bit_1264 ) 
              5 CLA_BLOCK_GEN[4].CLA_4BIT_UNIT ( ADD_SUB_CLA_4bit_1263 ) 
              5 CLA_BLOCK_GEN[5].CLA_4BIT_UNIT ( ADD_SUB_CLA_4bit_1262 ) 
        3 MAN_ALU_PROC_RND ( ADD_SUB_CLS_4bit_1636 ) 
        3 MAN_COMP_24BIT ( ADD_SUB_COMP_24bit_SIZE_DATA24_1707 ) 
           4 u_i_data_0 ( ADD_SUB_COMP_4bit_2161 ) 
           4 u_i_data_1 ( ADD_SUB_COMP_4bit_2160 ) 
           4 u_i_data_2 ( ADD_SUB_COMP_4bit_2159 ) 
           4 u_i_data_3 ( ADD_SUB_COMP_4bit_2158 ) 
           4 u_i_data_4 ( ADD_SUB_COMP_4bit_2157 ) 
           4 u_i_data_5 ( ADD_SUB_COMP_4bit_2156 ) 
        3 MAN_RND ( ADD_SUB_MAN_rounding_SIZE_MAN32_SIZE_MAN_RESULT24_3207 ) 
        3 MAN_SWAP ( ADD_SUB_MAN_swap_SIZE_MAN24_3332 ) 
        3 MAN_SWAP_PRE ( ADD_SUB_MAN_swap_SIZE_MAN24_3333 ) 
        3 NOR_UNIT ( ADD_SUB_NOR_unit_SIZE_LOPD5_SIZE_DATA32_3421 ) 
           4 SHF_left_unit ( ADD_SUB_SHF_left_SIZE_DATA32_SIZE_SHIFT5_3563 ) 
        3 PSC_UNIT ( ADD_SUB_PSC_unit_3492 ) 
        3 SHF_RIGHT_MAN ( ADD_SUB_SHF_right_SIZE_DATA32_SIZE_SHIFT5_3634 ) 
        3 SIGN_UNIT ( ADD_SUB_SIGN_unit_3705 ) 
  1 BFLY1_3 ( Butterfly_Unit_SIZE_DATA32_3730 ) 
     2 add0 ( FPU_add_sub_NUM_OP1_6901 ) 
        3 EXP_ADJUST ( ADD_SUB_EXP_adjust_SIZE_EXP8_SIZE_LOPD8_2422 ) 
           4 CLA_8BIT_UNIT ( ADD_SUB_CLA_8bit_1543 ) 
              5 CLA_4BIT_UNIT_0 ( ADD_SUB_CLA_4bit_1241 ) 
              5 CLA_4BIT_UNIT_1 ( ADD_SUB_CLA_4bit_1240 ) 
        3 EXP_COM_8BIT ( ADD_SUB_EXP_comp_SIZE_DATA8_2493 ) 
           4 COMP_LESS_UNIT ( ADD_SUB_COMP_8bit_SIZE_DATA8_2351 ) 
              5 u_high ( ADD_SUB_COMP_4bit_2146 ) 
              5 u_low ( ADD_SUB_COMP_4bit_2147 ) 
        3 EXP_RND ( ADD_SUB_EXP_rounding_SIZE_DATA8_2564 ) 
        3 EXP_SUB ( ADD_SUB_EXP_sub_SIZE_EXP_SUB8_2635 ) 
           4 CLA_8BIT_UNIT ( ADD_SUB_CLA_8bit_1544 ) 
              5 CLA_4BIT_UNIT_0 ( ADD_SUB_CLA_4bit_1249 ) 
              5 CLA_4BIT_UNIT_1 ( ADD_SUB_CLA_4bit_1248 ) 
        3 EXP_SWAP ( ADD_SUB_EXP_swap_SIZE_DATA8_2706 ) 
        3 LOPD_24BIT ( ADD_SUB_LOPD_24bit_SIZE_DATA24_SIZE_LOPD5_2848 ) 
           4 LOPD_16bit_UNIT_MSB ( ADD_SUB_LOPD_16bit_2777 ) 
              5 LOPD_8bit_unit_0 ( ADD_SUB_LOPD_8bit_3025 ) 
              5 LOPD_8bit_unit_1 ( ADD_SUB_LOPD_8bit_3024 ) 
           4 LOPD_8bit_UNIT_LSB ( ADD_SUB_LOPD_8bit_3023 ) 
        3 MAN_ALU ( ADD_SUB_MAN_ALU_NUM_OP1_SIZE_MAN24_3134 ) 
           4 ALU_SUB_UNIT ( ADD_SUB_CLA_24bit_330 ) 
              5 CLA_BLOCK_GEN[0].CLA_4BIT_UNIT ( ADD_SUB_CLA_4bit_1247 ) 
              5 CLA_BLOCK_GEN[1].CLA_4BIT_UNIT ( ADD_SUB_CLA_4bit_1246 ) 
              5 CLA_BLOCK_GEN[2].CLA_4BIT_UNIT ( ADD_SUB_CLA_4bit_1245 ) 
              5 CLA_BLOCK_GEN[3].CLA_4BIT_UNIT ( ADD_SUB_CLA_4bit_1244 ) 
              5 CLA_BLOCK_GEN[4].CLA_4BIT_UNIT ( ADD_SUB_CLA_4bit_1243 ) 
              5 CLA_BLOCK_GEN[5].CLA_4BIT_UNIT ( ADD_SUB_CLA_4bit_1242 ) 
        3 MAN_ALU_PROC_RND ( ADD_SUB_CLS_4bit_1634 ) 
        3 MAN_COMP_24BIT ( ADD_SUB_COMP_24bit_SIZE_DATA24_1705 ) 
           4 u_i_data_0 ( ADD_SUB_COMP_4bit_2145 ) 
           4 u_i_data_1 ( ADD_SUB_COMP_4bit_2144 ) 
           4 u_i_data_2 ( ADD_SUB_COMP_4bit_2143 ) 
           4 u_i_data_3 ( ADD_SUB_COMP_4bit_2142 ) 
           4 u_i_data_4 ( ADD_SUB_COMP_4bit_2141 ) 
           4 u_i_data_5 ( ADD_SUB_COMP_4bit_2140 ) 
        3 MAN_RND ( ADD_SUB_MAN_rounding_SIZE_MAN32_SIZE_MAN_RESULT24_3205 ) 
        3 MAN_SWAP ( ADD_SUB_MAN_swap_SIZE_MAN24_3328 ) 
        3 MAN_SWAP_PRE ( ADD_SUB_MAN_swap_SIZE_MAN24_3329 ) 
        3 NOR_UNIT ( ADD_SUB_NOR_unit_SIZE_LOPD5_SIZE_DATA32_3419 ) 
           4 SHF_left_unit ( ADD_SUB_SHF_left_SIZE_DATA32_SIZE_SHIFT5_3561 ) 
        3 PSC_UNIT ( ADD_SUB_PSC_unit_3490 ) 
        3 SHF_RIGHT_MAN ( ADD_SUB_SHF_right_SIZE_DATA32_SIZE_SHIFT5_3632 ) 
        3 SIGN_UNIT ( ADD_SUB_SIGN_unit_3703 ) 
     2 add1 ( FPU_add_sub_NUM_OP1_6900 ) 
        3 EXP_ADJUST ( ADD_SUB_EXP_adjust_SIZE_EXP8_SIZE_LOPD8_2421 ) 
           4 CLA_8BIT_UNIT ( ADD_SUB_CLA_8bit_1541 ) 
              5 CLA_4BIT_UNIT_0 ( ADD_SUB_CLA_4bit_1231 ) 
              5 CLA_4BIT_UNIT_1 ( ADD_SUB_CLA_4bit_1230 ) 
        3 EXP_COM_8BIT ( ADD_SUB_EXP_comp_SIZE_DATA8_2492 ) 
           4 COMP_LESS_UNIT ( ADD_SUB_COMP_8bit_SIZE_DATA8_2350 ) 
              5 u_high ( ADD_SUB_COMP_4bit_2138 ) 
              5 u_low ( ADD_SUB_COMP_4bit_2139 ) 
        3 EXP_RND ( ADD_SUB_EXP_rounding_SIZE_DATA8_2563 ) 
        3 EXP_SUB ( ADD_SUB_EXP_sub_SIZE_EXP_SUB8_2634 ) 
           4 CLA_8BIT_UNIT ( ADD_SUB_CLA_8bit_1542 ) 
              5 CLA_4BIT_UNIT_0 ( ADD_SUB_CLA_4bit_1239 ) 
              5 CLA_4BIT_UNIT_1 ( ADD_SUB_CLA_4bit_1238 ) 
        3 EXP_SWAP ( ADD_SUB_EXP_swap_SIZE_DATA8_2705 ) 
        3 LOPD_24BIT ( ADD_SUB_LOPD_24bit_SIZE_DATA24_SIZE_LOPD5_2847 ) 
           4 LOPD_16bit_UNIT_MSB ( ADD_SUB_LOPD_16bit_2776 ) 
              5 LOPD_8bit_unit_0 ( ADD_SUB_LOPD_8bit_3022 ) 
              5 LOPD_8bit_unit_1 ( ADD_SUB_LOPD_8bit_3021 ) 
           4 LOPD_8bit_UNIT_LSB ( ADD_SUB_LOPD_8bit_3020 ) 
        3 MAN_ALU ( ADD_SUB_MAN_ALU_NUM_OP1_SIZE_MAN24_3133 ) 
           4 ALU_SUB_UNIT ( ADD_SUB_CLA_24bit_329 ) 
              5 CLA_BLOCK_GEN[0].CLA_4BIT_UNIT ( ADD_SUB_CLA_4bit_1237 ) 
              5 CLA_BLOCK_GEN[1].CLA_4BIT_UNIT ( ADD_SUB_CLA_4bit_1236 ) 
              5 CLA_BLOCK_GEN[2].CLA_4BIT_UNIT ( ADD_SUB_CLA_4bit_1235 ) 
              5 CLA_BLOCK_GEN[3].CLA_4BIT_UNIT ( ADD_SUB_CLA_4bit_1234 ) 
              5 CLA_BLOCK_GEN[4].CLA_4BIT_UNIT ( ADD_SUB_CLA_4bit_1233 ) 
              5 CLA_BLOCK_GEN[5].CLA_4BIT_UNIT ( ADD_SUB_CLA_4bit_1232 ) 
        3 MAN_ALU_PROC_RND ( ADD_SUB_CLS_4bit_1633 ) 
        3 MAN_COMP_24BIT ( ADD_SUB_COMP_24bit_SIZE_DATA24_1704 ) 
           4 u_i_data_0 ( ADD_SUB_COMP_4bit_2137 ) 
           4 u_i_data_1 ( ADD_SUB_COMP_4bit_2136 ) 
           4 u_i_data_2 ( ADD_SUB_COMP_4bit_2135 ) 
           4 u_i_data_3 ( ADD_SUB_COMP_4bit_2134 ) 
           4 u_i_data_4 ( ADD_SUB_COMP_4bit_2133 ) 
           4 u_i_data_5 ( ADD_SUB_COMP_4bit_2132 ) 
        3 MAN_RND ( ADD_SUB_MAN_rounding_SIZE_MAN32_SIZE_MAN_RESULT24_3204 ) 
        3 MAN_SWAP ( ADD_SUB_MAN_swap_SIZE_MAN24_3326 ) 
        3 MAN_SWAP_PRE ( ADD_SUB_MAN_swap_SIZE_MAN24_3327 ) 
        3 NOR_UNIT ( ADD_SUB_NOR_unit_SIZE_LOPD5_SIZE_DATA32_3418 ) 
           4 SHF_left_unit ( ADD_SUB_SHF_left_SIZE_DATA32_SIZE_SHIFT5_3560 ) 
        3 PSC_UNIT ( ADD_SUB_PSC_unit_3489 ) 
        3 SHF_RIGHT_MAN ( ADD_SUB_SHF_right_SIZE_DATA32_SIZE_SHIFT5_3631 ) 
        3 SIGN_UNIT ( ADD_SUB_SIGN_unit_3702 ) 
     2 add2 ( FPU_add_sub_NUM_OP1_6899 ) 
        3 EXP_ADJUST ( ADD_SUB_EXP_adjust_SIZE_EXP8_SIZE_LOPD8_2420 ) 
           4 CLA_8BIT_UNIT ( ADD_SUB_CLA_8bit_1539 ) 
              5 CLA_4BIT_UNIT_0 ( ADD_SUB_CLA_4bit_1221 ) 
              5 CLA_4BIT_UNIT_1 ( ADD_SUB_CLA_4bit_1220 ) 
        3 EXP_COM_8BIT ( ADD_SUB_EXP_comp_SIZE_DATA8_2491 ) 
           4 COMP_LESS_UNIT ( ADD_SUB_COMP_8bit_SIZE_DATA8_2349 ) 
              5 u_high ( ADD_SUB_COMP_4bit_2130 ) 
              5 u_low ( ADD_SUB_COMP_4bit_2131 ) 
        3 EXP_RND ( ADD_SUB_EXP_rounding_SIZE_DATA8_2562 ) 
        3 EXP_SUB ( ADD_SUB_EXP_sub_SIZE_EXP_SUB8_2633 ) 
           4 CLA_8BIT_UNIT ( ADD_SUB_CLA_8bit_1540 ) 
              5 CLA_4BIT_UNIT_0 ( ADD_SUB_CLA_4bit_1229 ) 
              5 CLA_4BIT_UNIT_1 ( ADD_SUB_CLA_4bit_1228 ) 
        3 EXP_SWAP ( ADD_SUB_EXP_swap_SIZE_DATA8_2704 ) 
        3 LOPD_24BIT ( ADD_SUB_LOPD_24bit_SIZE_DATA24_SIZE_LOPD5_2846 ) 
           4 LOPD_16bit_UNIT_MSB ( ADD_SUB_LOPD_16bit_2775 ) 
              5 LOPD_8bit_unit_0 ( ADD_SUB_LOPD_8bit_3019 ) 
              5 LOPD_8bit_unit_1 ( ADD_SUB_LOPD_8bit_3018 ) 
           4 LOPD_8bit_UNIT_LSB ( ADD_SUB_LOPD_8bit_3017 ) 
        3 MAN_ALU ( ADD_SUB_MAN_ALU_NUM_OP1_SIZE_MAN24_3132 ) 
           4 ALU_SUB_UNIT ( ADD_SUB_CLA_24bit_328 ) 
              5 CLA_BLOCK_GEN[0].CLA_4BIT_UNIT ( ADD_SUB_CLA_4bit_1227 ) 
              5 CLA_BLOCK_GEN[1].CLA_4BIT_UNIT ( ADD_SUB_CLA_4bit_1226 ) 
              5 CLA_BLOCK_GEN[2].CLA_4BIT_UNIT ( ADD_SUB_CLA_4bit_1225 ) 
              5 CLA_BLOCK_GEN[3].CLA_4BIT_UNIT ( ADD_SUB_CLA_4bit_1224 ) 
              5 CLA_BLOCK_GEN[4].CLA_4BIT_UNIT ( ADD_SUB_CLA_4bit_1223 ) 
              5 CLA_BLOCK_GEN[5].CLA_4BIT_UNIT ( ADD_SUB_CLA_4bit_1222 ) 
        3 MAN_ALU_PROC_RND ( ADD_SUB_CLS_4bit_1632 ) 
        3 MAN_COMP_24BIT ( ADD_SUB_COMP_24bit_SIZE_DATA24_1703 ) 
           4 u_i_data_0 ( ADD_SUB_COMP_4bit_2129 ) 
           4 u_i_data_1 ( ADD_SUB_COMP_4bit_2128 ) 
           4 u_i_data_2 ( ADD_SUB_COMP_4bit_2127 ) 
           4 u_i_data_3 ( ADD_SUB_COMP_4bit_2126 ) 
           4 u_i_data_4 ( ADD_SUB_COMP_4bit_2125 ) 
           4 u_i_data_5 ( ADD_SUB_COMP_4bit_2124 ) 
        3 MAN_RND ( ADD_SUB_MAN_rounding_SIZE_MAN32_SIZE_MAN_RESULT24_3203 ) 
        3 MAN_SWAP ( ADD_SUB_MAN_swap_SIZE_MAN24_3324 ) 
        3 MAN_SWAP_PRE ( ADD_SUB_MAN_swap_SIZE_MAN24_3325 ) 
        3 NOR_UNIT ( ADD_SUB_NOR_unit_SIZE_LOPD5_SIZE_DATA32_3417 ) 
           4 SHF_left_unit ( ADD_SUB_SHF_left_SIZE_DATA32_SIZE_SHIFT5_3559 ) 
        3 PSC_UNIT ( ADD_SUB_PSC_unit_3488 ) 
        3 SHF_RIGHT_MAN ( ADD_SUB_SHF_right_SIZE_DATA32_SIZE_SHIFT5_3630 ) 
        3 SIGN_UNIT ( ADD_SUB_SIGN_unit_3701 ) 
     2 mul0 ( fpu_mul_SIZE_DATA32_8063 ) 
        3 EXP_ROUNDING_UNIT ( MUL_EXP_rounding_SIZE_DATA8_7144 ) 
        3 LOPD_UNIT ( MUL_LOPD_24bit_SIZE_DATA24_SIZE_LOPD5_7285 ) 
           4 LOPD_16bit_UNIT_MSB ( MUL_LOPD_16bit_7238 ) 
              5 LOPD_8bit_unit_0 ( MUL_LOPD_8bit_7404 ) 
              5 LOPD_8bit_unit_1 ( MUL_LOPD_8bit_7403 ) 
           4 LOPD_8bit_UNIT_LSB ( MUL_LOPD_8bit_7402 ) 
        3 MAN_MUL_UNIT ( MUL_MAN_mul_SIZE_DATA24_7475 ) 
           4 MUL_UNIT_MAN_UNIT ( Multiplier_7757 ) 
              5 u_booth ( Modified_booth_N24_NUM_PP13_7710 ) 
              5 u_cla ( CLA_adder_top_WIDTH48_FANIN4_3768 ) 
                 6 cla_tree ( cla_logic_tree_level_WIDTH48_FANIN4_7945 ) 
                    7 COMPUTE_DETAILED_CARRY[10].cla_unit ( CLA_logic_WIDTH4_4353 ) 
                    7 COMPUTE_DETAILED_CARRY[11].cla_unit ( CLA_logic_WIDTH4_4352 ) 
                    7 COMPUTE_DETAILED_CARRY[2].cla_unit ( CLA_logic_WIDTH4_4361 ) 
                    7 COMPUTE_DETAILED_CARRY[3].cla_unit ( CLA_logic_WIDTH4_4360 ) 
                    7 COMPUTE_DETAILED_CARRY[4].cla_unit ( CLA_logic_WIDTH4_4359 ) 
                    7 COMPUTE_DETAILED_CARRY[5].cla_unit ( CLA_logic_WIDTH4_4358 ) 
                    7 COMPUTE_DETAILED_CARRY[6].cla_unit ( CLA_logic_WIDTH4_4357 ) 
                    7 COMPUTE_DETAILED_CARRY[7].cla_unit ( CLA_logic_WIDTH4_4356 ) 
                    7 COMPUTE_DETAILED_CARRY[8].cla_unit ( CLA_logic_WIDTH4_4355 ) 
                    7 COMPUTE_DETAILED_CARRY[9].cla_unit ( CLA_logic_WIDTH4_4354 ) 
                    7 MULTI_GROUP.next_level ( cla_logic_tree_level_WIDTH12_FANIN4_7851 ) 
                       8 COMPUTE_DETAILED_CARRY[0].cla_unit ( CLA_logic_WIDTH4_4366 ) 
                       8 COMPUTE_DETAILED_CARRY[1].cla_unit ( CLA_logic_WIDTH4_4365 ) 
                       8 COMPUTE_DETAILED_CARRY[2].cla_unit ( CLA_logic_WIDTH4_4364 ) 
                       8 MULTI_GROUP.next_level ( cla_logic_tree_level_WIDTH3_FANIN4_7898 ) 
                          9 COMPUTE_DETAILED_CARRY[0].cla_unit ( CLA_logic_WIDTH3_3815 ) 
              5 u_merge ( wallace_final_merge_WIDTH48_9753 ) 
                 6 csa_row[10].u_fa ( FA_1bit_6263 ) 
                 6 csa_row[11].u_fa ( FA_1bit_6262 ) 
                 6 csa_row[12].u_fa ( FA_1bit_6261 ) 
                 6 csa_row[13].u_fa ( FA_1bit_6260 ) 
                 6 csa_row[14].u_fa ( FA_1bit_6259 ) 
                 6 csa_row[15].u_fa ( FA_1bit_6258 ) 
                 6 csa_row[16].u_fa ( FA_1bit_6257 ) 
                 6 csa_row[17].u_fa ( FA_1bit_6256 ) 
                 6 csa_row[18].u_fa ( FA_1bit_6255 ) 
                 6 csa_row[19].u_fa ( FA_1bit_6254 ) 
                 6 csa_row[20].u_fa ( FA_1bit_6253 ) 
                 6 csa_row[21].u_fa ( FA_1bit_6252 ) 
                 6 csa_row[22].u_fa ( FA_1bit_6251 ) 
                 6 csa_row[23].u_fa ( FA_1bit_6250 ) 
                 6 csa_row[24].u_fa ( FA_1bit_6249 ) 
                 6 csa_row[25].u_fa ( FA_1bit_6248 ) 
                 6 csa_row[26].u_fa ( FA_1bit_6247 ) 
                 6 csa_row[27].u_fa ( FA_1bit_6246 ) 
                 6 csa_row[28].u_fa ( FA_1bit_6245 ) 
                 6 csa_row[29].u_fa ( FA_1bit_6244 ) 
                 6 csa_row[30].u_fa ( FA_1bit_6243 ) 
                 6 csa_row[31].u_fa ( FA_1bit_6242 ) 
                 6 csa_row[32].u_fa ( FA_1bit_6241 ) 
                 6 csa_row[33].u_fa ( FA_1bit_6240 ) 
                 6 csa_row[34].u_fa ( FA_1bit_6239 ) 
                 6 csa_row[35].u_fa ( FA_1bit_6238 ) 
                 6 csa_row[36].u_fa ( FA_1bit_6237 ) 
                 6 csa_row[37].u_fa ( FA_1bit_6236 ) 
                 6 csa_row[38].u_fa ( FA_1bit_6235 ) 
                 6 csa_row[39].u_fa ( FA_1bit_6234 ) 
                 6 csa_row[40].u_fa ( FA_1bit_6233 ) 
                 6 csa_row[41].u_fa ( FA_1bit_6232 ) 
                 6 csa_row[42].u_fa ( FA_1bit_6231 ) 
                 6 csa_row[43].u_fa ( FA_1bit_6230 ) 
                 6 csa_row[44].u_fa ( FA_1bit_6229 ) 
                 6 csa_row[45].u_fa ( FA_1bit_6228 ) 
                 6 csa_row[46].u_fa ( FA_1bit_6227 ) 
                 6 csa_row[47].u_fa ( FA_1bit_6226 ) 
                 6 csa_row[6].u_fa ( FA_1bit_6267 ) 
                 6 csa_row[7].u_fa ( FA_1bit_6266 ) 
                 6 csa_row[8].u_fa ( FA_1bit_6265 ) 
                 6 csa_row[9].u_fa ( FA_1bit_6264 ) 
              5 u_wallace ( wallace_tree_N24_NUM_PP13_NUM_CZ12_10082 ) 
                 6 STAGE_GEN[0].u_stage ( wallace_stage_NUM_COLS48_COL_HEIGHTSx000000020000000200000003000000030000000400000004000000050000000500000006000000060000000700000007000000080000000800000009000000090000000a0000000a0000000b0000000b0000000c0000000c0000000d0000000d0000000d0000000c0000000c0000000b0000000b0000000a0000000a0000000900000009000000080000000800000007000000070000000600000006000000050000000500000004000000040000000300000003000000020000000200000001_MAX_H_IN32_MAX_H_OUT32_10035 ) 
                 6 STAGE_GEN[1].u_stage ( wallace_stage_NUM_COLS48_COL_HEIGHTSx000000010000000200000002000000020000000300000003000000030000000400000004000000040000000500000005000000050000000600000006000000060000000700000007000000070000000800000008000000080000000900000009000000090000000800000008000000080000000800000008000000070000000600000006000000060000000600000006000000050000000400000004000000040000000400000004000000030000000200000002000000020000000200000002_MAX_H_IN32_MAX_H_OUT32_9988 ) 
                 6 STAGE_GEN[2].u_stage ( wallace_stage_NUM_COLS48_COL_HEIGHTSx000000010000000100000002000000020000000200000002000000020000000300000003000000030000000300000004000000040000000400000004000000040000000500000005000000050000000500000006000000060000000600000006000000060000000600000006000000060000000600000006000000060000000400000004000000040000000400000004000000040000000400000003000000030000000300000003000000020000000200000002000000020000000200000002_MAX_H_IN32_MAX_H_OUT32_9941 ) 
                 6 STAGE_GEN[3].u_stage ( wallace_stage_NUM_COLS48_COL_HEIGHTSx000000010000000100000001000000020000000200000002000000020000000200000002000000020000000200000003000000030000000300000003000000030000000300000004000000040000000400000004000000040000000400000004000000040000000400000004000000040000000400000004000000040000000400000003000000030000000300000003000000030000000300000002000000020000000200000002000000020000000200000002000000020000000200000002_MAX_H_IN32_MAX_H_OUT32_9894 ) 
                 6 STAGE_GEN[4].u_stage ( wallace_stage_NUM_COLS48_COL_HEIGHTSx000000010000000100000001000000010000000200000002000000020000000200000002000000020000000200000002000000020000000200000002000000020000000200000003000000030000000300000003000000030000000300000003000000030000000300000003000000030000000300000003000000030000000300000002000000020000000200000002000000020000000200000002000000020000000200000002000000020000000200000002000000020000000200000002_MAX_H_IN32_MAX_H_OUT32_9847 ) 
                 6 STAGE_GEN[5].u_stage ( wallace_stage_NUM_COLS48_COL_HEIGHTSx000000010000000100000001000000010000000100000002000000020000000200000002000000020000000200000002000000020000000200000002000000020000000200000002000000020000000200000002000000020000000200000002000000020000000200000002000000020000000200000002000000020000000200000002000000020000000200000002000000020000000200000002000000020000000200000002000000020000000200000002000000020000000200000002_MAX_H_IN32_MAX_H_OUT32_9800 ) 
        3 MAN_ROUNDING_UNIT ( MUL_MAN_rounding_SIZE_MAN24_7522 ) 
        3 MUL_EXP_ADJUST_UNIT ( MUL_EXP_adjust_SIZE_DATA8_SIZE_LOPD8_7097 ) 
           4 CLA_8BIT_UNIT ( MUL_CLA_8bit_7050 ) 
              5 CLA_4BIT_UNIT_0 ( MUL_CLA_4bit_6991 ) 
              5 CLA_4BIT_UNIT_1 ( MUL_CLA_4bit_6990 ) 
        3 NOR_UNIT ( MUL_NOR_unit_SIZE_LOPD5_SIZE_DATA24_7569 ) 
           4 SHF_left_unit ( MUL_SHF_left_SIZE_DATA32_SIZE_SHIFT5_7663 ) 
        3 PSC_UNIT ( MUL_PSC_unit_SIZE_EXP8_SIZE_MAN24_7616 ) 
     2 mul1 ( fpu_mul_SIZE_DATA32_8062 ) 
        3 PSC_UNIT ( MUL_PSC_unit_SIZE_EXP8_SIZE_MAN24_7615 ) 
     2 mul2 ( fpu_mul_SIZE_DATA32_8061 ) 
        3 PSC_UNIT ( MUL_PSC_unit_SIZE_EXP8_SIZE_MAN24_7614 ) 
     2 mul3 ( fpu_mul_SIZE_DATA32_8060 ) 
        3 EXP_ROUNDING_UNIT ( MUL_EXP_rounding_SIZE_DATA8_7141 ) 
        3 LOPD_UNIT ( MUL_LOPD_24bit_SIZE_DATA24_SIZE_LOPD5_7282 ) 
           4 LOPD_16bit_UNIT_MSB ( MUL_LOPD_16bit_7235 ) 
              5 LOPD_8bit_unit_0 ( MUL_LOPD_8bit_7395 ) 
              5 LOPD_8bit_unit_1 ( MUL_LOPD_8bit_7394 ) 
           4 LOPD_8bit_UNIT_LSB ( MUL_LOPD_8bit_7393 ) 
        3 MAN_MUL_UNIT ( MUL_MAN_mul_SIZE_DATA24_7472 ) 
           4 MUL_UNIT_MAN_UNIT ( Multiplier_7754 ) 
              5 u_booth ( Modified_booth_N24_NUM_PP13_7707 ) 
              5 u_cla ( CLA_adder_top_WIDTH48_FANIN4_3765 ) 
                 6 cla_tree ( cla_logic_tree_level_WIDTH48_FANIN4_7942 ) 
                    7 COMPUTE_DETAILED_CARRY[10].cla_unit ( CLA_logic_WIDTH4_4308 ) 
                    7 COMPUTE_DETAILED_CARRY[11].cla_unit ( CLA_logic_WIDTH4_4307 ) 
                    7 COMPUTE_DETAILED_CARRY[2].cla_unit ( CLA_logic_WIDTH4_4316 ) 
                    7 COMPUTE_DETAILED_CARRY[3].cla_unit ( CLA_logic_WIDTH4_4315 ) 
                    7 COMPUTE_DETAILED_CARRY[4].cla_unit ( CLA_logic_WIDTH4_4314 ) 
                    7 COMPUTE_DETAILED_CARRY[5].cla_unit ( CLA_logic_WIDTH4_4313 ) 
                    7 COMPUTE_DETAILED_CARRY[6].cla_unit ( CLA_logic_WIDTH4_4312 ) 
                    7 COMPUTE_DETAILED_CARRY[7].cla_unit ( CLA_logic_WIDTH4_4311 ) 
                    7 COMPUTE_DETAILED_CARRY[8].cla_unit ( CLA_logic_WIDTH4_4310 ) 
                    7 COMPUTE_DETAILED_CARRY[9].cla_unit ( CLA_logic_WIDTH4_4309 ) 
                    7 MULTI_GROUP.next_level ( cla_logic_tree_level_WIDTH12_FANIN4_7848 ) 
                       8 COMPUTE_DETAILED_CARRY[0].cla_unit ( CLA_logic_WIDTH4_4321 ) 
                       8 COMPUTE_DETAILED_CARRY[1].cla_unit ( CLA_logic_WIDTH4_4320 ) 
                       8 COMPUTE_DETAILED_CARRY[2].cla_unit ( CLA_logic_WIDTH4_4319 ) 
                       8 MULTI_GROUP.next_level ( cla_logic_tree_level_WIDTH3_FANIN4_7895 ) 
                          9 COMPUTE_DETAILED_CARRY[0].cla_unit ( CLA_logic_WIDTH3_3812 ) 
              5 u_merge ( wallace_final_merge_WIDTH48_9750 ) 
                 6 csa_row[10].u_fa ( FA_1bit_6119 ) 
                 6 csa_row[11].u_fa ( FA_1bit_6118 ) 
                 6 csa_row[12].u_fa ( FA_1bit_6117 ) 
                 6 csa_row[13].u_fa ( FA_1bit_6116 ) 
                 6 csa_row[14].u_fa ( FA_1bit_6115 ) 
                 6 csa_row[15].u_fa ( FA_1bit_6114 ) 
                 6 csa_row[16].u_fa ( FA_1bit_6113 ) 
                 6 csa_row[17].u_fa ( FA_1bit_6112 ) 
                 6 csa_row[18].u_fa ( FA_1bit_6111 ) 
                 6 csa_row[19].u_fa ( FA_1bit_6110 ) 
                 6 csa_row[20].u_fa ( FA_1bit_6109 ) 
                 6 csa_row[21].u_fa ( FA_1bit_6108 ) 
                 6 csa_row[22].u_fa ( FA_1bit_6107 ) 
                 6 csa_row[23].u_fa ( FA_1bit_6106 ) 
                 6 csa_row[24].u_fa ( FA_1bit_6105 ) 
                 6 csa_row[25].u_fa ( FA_1bit_6104 ) 
                 6 csa_row[26].u_fa ( FA_1bit_6103 ) 
                 6 csa_row[27].u_fa ( FA_1bit_6102 ) 
                 6 csa_row[28].u_fa ( FA_1bit_6101 ) 
                 6 csa_row[29].u_fa ( FA_1bit_6100 ) 
                 6 csa_row[30].u_fa ( FA_1bit_6099 ) 
                 6 csa_row[31].u_fa ( FA_1bit_6098 ) 
                 6 csa_row[32].u_fa ( FA_1bit_6097 ) 
                 6 csa_row[33].u_fa ( FA_1bit_6096 ) 
                 6 csa_row[34].u_fa ( FA_1bit_6095 ) 
                 6 csa_row[35].u_fa ( FA_1bit_6094 ) 
                 6 csa_row[36].u_fa ( FA_1bit_6093 ) 
                 6 csa_row[37].u_fa ( FA_1bit_6092 ) 
                 6 csa_row[38].u_fa ( FA_1bit_6091 ) 
                 6 csa_row[39].u_fa ( FA_1bit_6090 ) 
                 6 csa_row[40].u_fa ( FA_1bit_6089 ) 
                 6 csa_row[41].u_fa ( FA_1bit_6088 ) 
                 6 csa_row[42].u_fa ( FA_1bit_6087 ) 
                 6 csa_row[43].u_fa ( FA_1bit_6086 ) 
                 6 csa_row[44].u_fa ( FA_1bit_6085 ) 
                 6 csa_row[45].u_fa ( FA_1bit_6084 ) 
                 6 csa_row[46].u_fa ( FA_1bit_6083 ) 
                 6 csa_row[47].u_fa ( FA_1bit_6082 ) 
                 6 csa_row[6].u_fa ( FA_1bit_6123 ) 
                 6 csa_row[7].u_fa ( FA_1bit_6122 ) 
                 6 csa_row[8].u_fa ( FA_1bit_6121 ) 
                 6 csa_row[9].u_fa ( FA_1bit_6120 ) 
              5 u_wallace ( wallace_tree_N24_NUM_PP13_NUM_CZ12_10079 ) 
                 6 STAGE_GEN[0].u_stage ( wallace_stage_NUM_COLS48_COL_HEIGHTSx000000020000000200000003000000030000000400000004000000050000000500000006000000060000000700000007000000080000000800000009000000090000000a0000000a0000000b0000000b0000000c0000000c0000000d0000000d0000000d0000000c0000000c0000000b0000000b0000000a0000000a0000000900000009000000080000000800000007000000070000000600000006000000050000000500000004000000040000000300000003000000020000000200000001_MAX_H_IN32_MAX_H_OUT32_10032 ) 
                 6 STAGE_GEN[1].u_stage ( wallace_stage_NUM_COLS48_COL_HEIGHTSx000000010000000200000002000000020000000300000003000000030000000400000004000000040000000500000005000000050000000600000006000000060000000700000007000000070000000800000008000000080000000900000009000000090000000800000008000000080000000800000008000000070000000600000006000000060000000600000006000000050000000400000004000000040000000400000004000000030000000200000002000000020000000200000002_MAX_H_IN32_MAX_H_OUT32_9985 ) 
                 6 STAGE_GEN[2].u_stage ( wallace_stage_NUM_COLS48_COL_HEIGHTSx000000010000000100000002000000020000000200000002000000020000000300000003000000030000000300000004000000040000000400000004000000040000000500000005000000050000000500000006000000060000000600000006000000060000000600000006000000060000000600000006000000060000000400000004000000040000000400000004000000040000000400000003000000030000000300000003000000020000000200000002000000020000000200000002_MAX_H_IN32_MAX_H_OUT32_9938 ) 
                 6 STAGE_GEN[3].u_stage ( wallace_stage_NUM_COLS48_COL_HEIGHTSx000000010000000100000001000000020000000200000002000000020000000200000002000000020000000200000003000000030000000300000003000000030000000300000004000000040000000400000004000000040000000400000004000000040000000400000004000000040000000400000004000000040000000400000003000000030000000300000003000000030000000300000002000000020000000200000002000000020000000200000002000000020000000200000002_MAX_H_IN32_MAX_H_OUT32_9891 ) 
                 6 STAGE_GEN[4].u_stage ( wallace_stage_NUM_COLS48_COL_HEIGHTSx000000010000000100000001000000010000000200000002000000020000000200000002000000020000000200000002000000020000000200000002000000020000000200000003000000030000000300000003000000030000000300000003000000030000000300000003000000030000000300000003000000030000000300000002000000020000000200000002000000020000000200000002000000020000000200000002000000020000000200000002000000020000000200000002_MAX_H_IN32_MAX_H_OUT32_9844 ) 
                 6 STAGE_GEN[5].u_stage ( wallace_stage_NUM_COLS48_COL_HEIGHTSx000000010000000100000001000000010000000100000002000000020000000200000002000000020000000200000002000000020000000200000002000000020000000200000002000000020000000200000002000000020000000200000002000000020000000200000002000000020000000200000002000000020000000200000002000000020000000200000002000000020000000200000002000000020000000200000002000000020000000200000002000000020000000200000002_MAX_H_IN32_MAX_H_OUT32_9797 ) 
        3 MAN_ROUNDING_UNIT ( MUL_MAN_rounding_SIZE_MAN24_7519 ) 
        3 MUL_EXP_ADJUST_UNIT ( MUL_EXP_adjust_SIZE_DATA8_SIZE_LOPD8_7094 ) 
           4 CLA_8BIT_UNIT ( MUL_CLA_8bit_7047 ) 
              5 CLA_4BIT_UNIT_0 ( MUL_CLA_4bit_6985 ) 
              5 CLA_4BIT_UNIT_1 ( MUL_CLA_4bit_6984 ) 
        3 NOR_UNIT ( MUL_NOR_unit_SIZE_LOPD5_SIZE_DATA24_7566 ) 
           4 SHF_left_unit ( MUL_SHF_left_SIZE_DATA32_SIZE_SHIFT5_7660 ) 
        3 PSC_UNIT ( MUL_PSC_unit_SIZE_EXP8_SIZE_MAN24_7613 ) 
     2 sub0 ( FPU_add_sub_NUM_OP1_6902 ) 
        3 EXP_ADJUST ( ADD_SUB_EXP_adjust_SIZE_EXP8_SIZE_LOPD8_2423 ) 
           4 CLA_8BIT_UNIT ( ADD_SUB_CLA_8bit_1545 ) 
              5 CLA_4BIT_UNIT_0 ( ADD_SUB_CLA_4bit_1251 ) 
              5 CLA_4BIT_UNIT_1 ( ADD_SUB_CLA_4bit_1250 ) 
        3 EXP_COM_8BIT ( ADD_SUB_EXP_comp_SIZE_DATA8_2494 ) 
           4 COMP_LESS_UNIT ( ADD_SUB_COMP_8bit_SIZE_DATA8_2352 ) 
              5 u_high ( ADD_SUB_COMP_4bit_2154 ) 
              5 u_low ( ADD_SUB_COMP_4bit_2155 ) 
        3 EXP_RND ( ADD_SUB_EXP_rounding_SIZE_DATA8_2565 ) 
        3 EXP_SUB ( ADD_SUB_EXP_sub_SIZE_EXP_SUB8_2636 ) 
           4 CLA_8BIT_UNIT ( ADD_SUB_CLA_8bit_1546 ) 
              5 CLA_4BIT_UNIT_0 ( ADD_SUB_CLA_4bit_1259 ) 
              5 CLA_4BIT_UNIT_1 ( ADD_SUB_CLA_4bit_1258 ) 
        3 EXP_SWAP ( ADD_SUB_EXP_swap_SIZE_DATA8_2707 ) 
        3 LOPD_24BIT ( ADD_SUB_LOPD_24bit_SIZE_DATA24_SIZE_LOPD5_2849 ) 
           4 LOPD_16bit_UNIT_MSB ( ADD_SUB_LOPD_16bit_2778 ) 
              5 LOPD_8bit_unit_0 ( ADD_SUB_LOPD_8bit_3028 ) 
              5 LOPD_8bit_unit_1 ( ADD_SUB_LOPD_8bit_3027 ) 
           4 LOPD_8bit_UNIT_LSB ( ADD_SUB_LOPD_8bit_3026 ) 
        3 MAN_ALU ( ADD_SUB_MAN_ALU_NUM_OP1_SIZE_MAN24_3135 ) 
           4 ALU_SUB_UNIT ( ADD_SUB_CLA_24bit_331 ) 
              5 CLA_BLOCK_GEN[0].CLA_4BIT_UNIT ( ADD_SUB_CLA_4bit_1257 ) 
              5 CLA_BLOCK_GEN[1].CLA_4BIT_UNIT ( ADD_SUB_CLA_4bit_1256 ) 
              5 CLA_BLOCK_GEN[2].CLA_4BIT_UNIT ( ADD_SUB_CLA_4bit_1255 ) 
              5 CLA_BLOCK_GEN[3].CLA_4BIT_UNIT ( ADD_SUB_CLA_4bit_1254 ) 
              5 CLA_BLOCK_GEN[4].CLA_4BIT_UNIT ( ADD_SUB_CLA_4bit_1253 ) 
              5 CLA_BLOCK_GEN[5].CLA_4BIT_UNIT ( ADD_SUB_CLA_4bit_1252 ) 
        3 MAN_ALU_PROC_RND ( ADD_SUB_CLS_4bit_1635 ) 
        3 MAN_COMP_24BIT ( ADD_SUB_COMP_24bit_SIZE_DATA24_1706 ) 
           4 u_i_data_0 ( ADD_SUB_COMP_4bit_2153 ) 
           4 u_i_data_1 ( ADD_SUB_COMP_4bit_2152 ) 
           4 u_i_data_2 ( ADD_SUB_COMP_4bit_2151 ) 
           4 u_i_data_3 ( ADD_SUB_COMP_4bit_2150 ) 
           4 u_i_data_4 ( ADD_SUB_COMP_4bit_2149 ) 
           4 u_i_data_5 ( ADD_SUB_COMP_4bit_2148 ) 
        3 MAN_RND ( ADD_SUB_MAN_rounding_SIZE_MAN32_SIZE_MAN_RESULT24_3206 ) 
        3 MAN_SWAP ( ADD_SUB_MAN_swap_SIZE_MAN24_3330 ) 
        3 MAN_SWAP_PRE ( ADD_SUB_MAN_swap_SIZE_MAN24_3331 ) 
        3 NOR_UNIT ( ADD_SUB_NOR_unit_SIZE_LOPD5_SIZE_DATA32_3420 ) 
           4 SHF_left_unit ( ADD_SUB_SHF_left_SIZE_DATA32_SIZE_SHIFT5_3562 ) 
        3 PSC_UNIT ( ADD_SUB_PSC_unit_3491 ) 
        3 SHF_RIGHT_MAN ( ADD_SUB_SHF_right_SIZE_DATA32_SIZE_SHIFT5_3633 ) 
        3 SIGN_UNIT ( ADD_SUB_SIGN_unit_3704 ) 
     2 sub1 ( FPU_add_sub_NUM_OP1_6898 ) 
        3 EXP_ADJUST ( ADD_SUB_EXP_adjust_SIZE_EXP8_SIZE_LOPD8_2419 ) 
           4 CLA_8BIT_UNIT ( ADD_SUB_CLA_8bit_1537 ) 
              5 CLA_4BIT_UNIT_0 ( ADD_SUB_CLA_4bit_1211 ) 
              5 CLA_4BIT_UNIT_1 ( ADD_SUB_CLA_4bit_1210 ) 
        3 EXP_COM_8BIT ( ADD_SUB_EXP_comp_SIZE_DATA8_2490 ) 
           4 COMP_LESS_UNIT ( ADD_SUB_COMP_8bit_SIZE_DATA8_2348 ) 
              5 u_high ( ADD_SUB_COMP_4bit_2122 ) 
              5 u_low ( ADD_SUB_COMP_4bit_2123 ) 
        3 EXP_RND ( ADD_SUB_EXP_rounding_SIZE_DATA8_2561 ) 
        3 EXP_SUB ( ADD_SUB_EXP_sub_SIZE_EXP_SUB8_2632 ) 
           4 CLA_8BIT_UNIT ( ADD_SUB_CLA_8bit_1538 ) 
              5 CLA_4BIT_UNIT_0 ( ADD_SUB_CLA_4bit_1219 ) 
              5 CLA_4BIT_UNIT_1 ( ADD_SUB_CLA_4bit_1218 ) 
        3 EXP_SWAP ( ADD_SUB_EXP_swap_SIZE_DATA8_2703 ) 
        3 LOPD_24BIT ( ADD_SUB_LOPD_24bit_SIZE_DATA24_SIZE_LOPD5_2845 ) 
           4 LOPD_16bit_UNIT_MSB ( ADD_SUB_LOPD_16bit_2774 ) 
              5 LOPD_8bit_unit_0 ( ADD_SUB_LOPD_8bit_3016 ) 
              5 LOPD_8bit_unit_1 ( ADD_SUB_LOPD_8bit_3015 ) 
           4 LOPD_8bit_UNIT_LSB ( ADD_SUB_LOPD_8bit_3014 ) 
        3 MAN_ALU ( ADD_SUB_MAN_ALU_NUM_OP1_SIZE_MAN24_3131 ) 
           4 ALU_SUB_UNIT ( ADD_SUB_CLA_24bit_327 ) 
              5 CLA_BLOCK_GEN[0].CLA_4BIT_UNIT ( ADD_SUB_CLA_4bit_1217 ) 
              5 CLA_BLOCK_GEN[1].CLA_4BIT_UNIT ( ADD_SUB_CLA_4bit_1216 ) 
              5 CLA_BLOCK_GEN[2].CLA_4BIT_UNIT ( ADD_SUB_CLA_4bit_1215 ) 
              5 CLA_BLOCK_GEN[3].CLA_4BIT_UNIT ( ADD_SUB_CLA_4bit_1214 ) 
              5 CLA_BLOCK_GEN[4].CLA_4BIT_UNIT ( ADD_SUB_CLA_4bit_1213 ) 
              5 CLA_BLOCK_GEN[5].CLA_4BIT_UNIT ( ADD_SUB_CLA_4bit_1212 ) 
        3 MAN_ALU_PROC_RND ( ADD_SUB_CLS_4bit_1631 ) 
        3 MAN_COMP_24BIT ( ADD_SUB_COMP_24bit_SIZE_DATA24_1702 ) 
           4 u_i_data_0 ( ADD_SUB_COMP_4bit_2121 ) 
           4 u_i_data_1 ( ADD_SUB_COMP_4bit_2120 ) 
           4 u_i_data_2 ( ADD_SUB_COMP_4bit_2119 ) 
           4 u_i_data_3 ( ADD_SUB_COMP_4bit_2118 ) 
           4 u_i_data_4 ( ADD_SUB_COMP_4bit_2117 ) 
           4 u_i_data_5 ( ADD_SUB_COMP_4bit_2116 ) 
        3 MAN_RND ( ADD_SUB_MAN_rounding_SIZE_MAN32_SIZE_MAN_RESULT24_3202 ) 
        3 MAN_SWAP ( ADD_SUB_MAN_swap_SIZE_MAN24_3322 ) 
        3 MAN_SWAP_PRE ( ADD_SUB_MAN_swap_SIZE_MAN24_3323 ) 
        3 NOR_UNIT ( ADD_SUB_NOR_unit_SIZE_LOPD5_SIZE_DATA32_3416 ) 
           4 SHF_left_unit ( ADD_SUB_SHF_left_SIZE_DATA32_SIZE_SHIFT5_3558 ) 
        3 PSC_UNIT ( ADD_SUB_PSC_unit_3487 ) 
        3 SHF_RIGHT_MAN ( ADD_SUB_SHF_right_SIZE_DATA32_SIZE_SHIFT5_3629 ) 
        3 SIGN_UNIT ( ADD_SUB_SIGN_unit_3700 ) 
     2 sub2 ( FPU_add_sub_NUM_OP1_6897 ) 
        3 EXP_ADJUST ( ADD_SUB_EXP_adjust_SIZE_EXP8_SIZE_LOPD8_2418 ) 
           4 CLA_8BIT_UNIT ( ADD_SUB_CLA_8bit_1535 ) 
              5 CLA_4BIT_UNIT_0 ( ADD_SUB_CLA_4bit_1201 ) 
              5 CLA_4BIT_UNIT_1 ( ADD_SUB_CLA_4bit_1200 ) 
        3 EXP_COM_8BIT ( ADD_SUB_EXP_comp_SIZE_DATA8_2489 ) 
           4 COMP_LESS_UNIT ( ADD_SUB_COMP_8bit_SIZE_DATA8_2347 ) 
              5 u_high ( ADD_SUB_COMP_4bit_2114 ) 
              5 u_low ( ADD_SUB_COMP_4bit_2115 ) 
        3 EXP_RND ( ADD_SUB_EXP_rounding_SIZE_DATA8_2560 ) 
        3 EXP_SUB ( ADD_SUB_EXP_sub_SIZE_EXP_SUB8_2631 ) 
           4 CLA_8BIT_UNIT ( ADD_SUB_CLA_8bit_1536 ) 
              5 CLA_4BIT_UNIT_0 ( ADD_SUB_CLA_4bit_1209 ) 
              5 CLA_4BIT_UNIT_1 ( ADD_SUB_CLA_4bit_1208 ) 
        3 EXP_SWAP ( ADD_SUB_EXP_swap_SIZE_DATA8_2702 ) 
        3 LOPD_24BIT ( ADD_SUB_LOPD_24bit_SIZE_DATA24_SIZE_LOPD5_2844 ) 
           4 LOPD_16bit_UNIT_MSB ( ADD_SUB_LOPD_16bit_2773 ) 
              5 LOPD_8bit_unit_0 ( ADD_SUB_LOPD_8bit_3013 ) 
              5 LOPD_8bit_unit_1 ( ADD_SUB_LOPD_8bit_3012 ) 
           4 LOPD_8bit_UNIT_LSB ( ADD_SUB_LOPD_8bit_3011 ) 
        3 MAN_ALU ( ADD_SUB_MAN_ALU_NUM_OP1_SIZE_MAN24_3130 ) 
           4 ALU_SUB_UNIT ( ADD_SUB_CLA_24bit_326 ) 
              5 CLA_BLOCK_GEN[0].CLA_4BIT_UNIT ( ADD_SUB_CLA_4bit_1207 ) 
              5 CLA_BLOCK_GEN[1].CLA_4BIT_UNIT ( ADD_SUB_CLA_4bit_1206 ) 
              5 CLA_BLOCK_GEN[2].CLA_4BIT_UNIT ( ADD_SUB_CLA_4bit_1205 ) 
              5 CLA_BLOCK_GEN[3].CLA_4BIT_UNIT ( ADD_SUB_CLA_4bit_1204 ) 
              5 CLA_BLOCK_GEN[4].CLA_4BIT_UNIT ( ADD_SUB_CLA_4bit_1203 ) 
              5 CLA_BLOCK_GEN[5].CLA_4BIT_UNIT ( ADD_SUB_CLA_4bit_1202 ) 
        3 MAN_ALU_PROC_RND ( ADD_SUB_CLS_4bit_1630 ) 
        3 MAN_COMP_24BIT ( ADD_SUB_COMP_24bit_SIZE_DATA24_1701 ) 
           4 u_i_data_0 ( ADD_SUB_COMP_4bit_2113 ) 
           4 u_i_data_1 ( ADD_SUB_COMP_4bit_2112 ) 
           4 u_i_data_2 ( ADD_SUB_COMP_4bit_2111 ) 
           4 u_i_data_3 ( ADD_SUB_COMP_4bit_2110 ) 
           4 u_i_data_4 ( ADD_SUB_COMP_4bit_2109 ) 
           4 u_i_data_5 ( ADD_SUB_COMP_4bit_2108 ) 
        3 MAN_RND ( ADD_SUB_MAN_rounding_SIZE_MAN32_SIZE_MAN_RESULT24_3201 ) 
        3 MAN_SWAP ( ADD_SUB_MAN_swap_SIZE_MAN24_3320 ) 
        3 MAN_SWAP_PRE ( ADD_SUB_MAN_swap_SIZE_MAN24_3321 ) 
        3 NOR_UNIT ( ADD_SUB_NOR_unit_SIZE_LOPD5_SIZE_DATA32_3415 ) 
           4 SHF_left_unit ( ADD_SUB_SHF_left_SIZE_DATA32_SIZE_SHIFT5_3557 ) 
        3 PSC_UNIT ( ADD_SUB_PSC_unit_3486 ) 
        3 SHF_RIGHT_MAN ( ADD_SUB_SHF_right_SIZE_DATA32_SIZE_SHIFT5_3628 ) 
        3 SIGN_UNIT ( ADD_SUB_SIGN_unit_3699 ) 
  1 BFLY2_0 ( Butterfly_Unit_SIZE_DATA32_3729 ) 
     2 add0 ( FPU_add_sub_NUM_OP1_6895 ) 
        3 EXP_ADJUST ( ADD_SUB_EXP_adjust_SIZE_EXP8_SIZE_LOPD8_2416 ) 
           4 CLA_8BIT_UNIT ( ADD_SUB_CLA_8bit_1531 ) 
              5 CLA_4BIT_UNIT_0 ( ADD_SUB_CLA_4bit_1181 ) 
              5 CLA_4BIT_UNIT_1 ( ADD_SUB_CLA_4bit_1180 ) 
        3 EXP_COM_8BIT ( ADD_SUB_EXP_comp_SIZE_DATA8_2487 ) 
           4 COMP_LESS_UNIT ( ADD_SUB_COMP_8bit_SIZE_DATA8_2345 ) 
              5 u_high ( ADD_SUB_COMP_4bit_2098 ) 
              5 u_low ( ADD_SUB_COMP_4bit_2099 ) 
        3 EXP_RND ( ADD_SUB_EXP_rounding_SIZE_DATA8_2558 ) 
        3 EXP_SUB ( ADD_SUB_EXP_sub_SIZE_EXP_SUB8_2629 ) 
           4 CLA_8BIT_UNIT ( ADD_SUB_CLA_8bit_1532 ) 
              5 CLA_4BIT_UNIT_0 ( ADD_SUB_CLA_4bit_1189 ) 
              5 CLA_4BIT_UNIT_1 ( ADD_SUB_CLA_4bit_1188 ) 
        3 EXP_SWAP ( ADD_SUB_EXP_swap_SIZE_DATA8_2700 ) 
        3 LOPD_24BIT ( ADD_SUB_LOPD_24bit_SIZE_DATA24_SIZE_LOPD5_2842 ) 
           4 LOPD_16bit_UNIT_MSB ( ADD_SUB_LOPD_16bit_2771 ) 
              5 LOPD_8bit_unit_0 ( ADD_SUB_LOPD_8bit_3007 ) 
              5 LOPD_8bit_unit_1 ( ADD_SUB_LOPD_8bit_3006 ) 
           4 LOPD_8bit_UNIT_LSB ( ADD_SUB_LOPD_8bit_3005 ) 
        3 MAN_ALU ( ADD_SUB_MAN_ALU_NUM_OP1_SIZE_MAN24_3128 ) 
           4 ALU_SUB_UNIT ( ADD_SUB_CLA_24bit_324 ) 
              5 CLA_BLOCK_GEN[0].CLA_4BIT_UNIT ( ADD_SUB_CLA_4bit_1187 ) 
              5 CLA_BLOCK_GEN[1].CLA_4BIT_UNIT ( ADD_SUB_CLA_4bit_1186 ) 
              5 CLA_BLOCK_GEN[2].CLA_4BIT_UNIT ( ADD_SUB_CLA_4bit_1185 ) 
              5 CLA_BLOCK_GEN[3].CLA_4BIT_UNIT ( ADD_SUB_CLA_4bit_1184 ) 
              5 CLA_BLOCK_GEN[4].CLA_4BIT_UNIT ( ADD_SUB_CLA_4bit_1183 ) 
              5 CLA_BLOCK_GEN[5].CLA_4BIT_UNIT ( ADD_SUB_CLA_4bit_1182 ) 
        3 MAN_ALU_PROC_RND ( ADD_SUB_CLS_4bit_1628 ) 
        3 MAN_COMP_24BIT ( ADD_SUB_COMP_24bit_SIZE_DATA24_1699 ) 
           4 u_i_data_0 ( ADD_SUB_COMP_4bit_2097 ) 
           4 u_i_data_1 ( ADD_SUB_COMP_4bit_2096 ) 
           4 u_i_data_2 ( ADD_SUB_COMP_4bit_2095 ) 
           4 u_i_data_3 ( ADD_SUB_COMP_4bit_2094 ) 
           4 u_i_data_4 ( ADD_SUB_COMP_4bit_2093 ) 
           4 u_i_data_5 ( ADD_SUB_COMP_4bit_2092 ) 
        3 MAN_RND ( ADD_SUB_MAN_rounding_SIZE_MAN32_SIZE_MAN_RESULT24_3199 ) 
        3 MAN_SWAP ( ADD_SUB_MAN_swap_SIZE_MAN24_3316 ) 
        3 MAN_SWAP_PRE ( ADD_SUB_MAN_swap_SIZE_MAN24_3317 ) 
        3 NOR_UNIT ( ADD_SUB_NOR_unit_SIZE_LOPD5_SIZE_DATA32_3413 ) 
           4 SHF_left_unit ( ADD_SUB_SHF_left_SIZE_DATA32_SIZE_SHIFT5_3555 ) 
        3 PSC_UNIT ( ADD_SUB_PSC_unit_3484 ) 
        3 SHF_RIGHT_MAN ( ADD_SUB_SHF_right_SIZE_DATA32_SIZE_SHIFT5_3626 ) 
        3 SIGN_UNIT ( ADD_SUB_SIGN_unit_3697 ) 
     2 add1 ( FPU_add_sub_NUM_OP1_6894 ) 
        3 EXP_ADJUST ( ADD_SUB_EXP_adjust_SIZE_EXP8_SIZE_LOPD8_2415 ) 
           4 CLA_8BIT_UNIT ( ADD_SUB_CLA_8bit_1529 ) 
              5 CLA_4BIT_UNIT_0 ( ADD_SUB_CLA_4bit_1171 ) 
              5 CLA_4BIT_UNIT_1 ( ADD_SUB_CLA_4bit_1170 ) 
        3 EXP_COM_8BIT ( ADD_SUB_EXP_comp_SIZE_DATA8_2486 ) 
           4 COMP_LESS_UNIT ( ADD_SUB_COMP_8bit_SIZE_DATA8_2344 ) 
              5 u_high ( ADD_SUB_COMP_4bit_2090 ) 
              5 u_low ( ADD_SUB_COMP_4bit_2091 ) 
        3 EXP_RND ( ADD_SUB_EXP_rounding_SIZE_DATA8_2557 ) 
        3 EXP_SUB ( ADD_SUB_EXP_sub_SIZE_EXP_SUB8_2628 ) 
           4 CLA_8BIT_UNIT ( ADD_SUB_CLA_8bit_1530 ) 
              5 CLA_4BIT_UNIT_0 ( ADD_SUB_CLA_4bit_1179 ) 
              5 CLA_4BIT_UNIT_1 ( ADD_SUB_CLA_4bit_1178 ) 
        3 EXP_SWAP ( ADD_SUB_EXP_swap_SIZE_DATA8_2699 ) 
        3 LOPD_24BIT ( ADD_SUB_LOPD_24bit_SIZE_DATA24_SIZE_LOPD5_2841 ) 
           4 LOPD_16bit_UNIT_MSB ( ADD_SUB_LOPD_16bit_2770 ) 
              5 LOPD_8bit_unit_0 ( ADD_SUB_LOPD_8bit_3004 ) 
              5 LOPD_8bit_unit_1 ( ADD_SUB_LOPD_8bit_3003 ) 
           4 LOPD_8bit_UNIT_LSB ( ADD_SUB_LOPD_8bit_3002 ) 
        3 MAN_ALU ( ADD_SUB_MAN_ALU_NUM_OP1_SIZE_MAN24_3127 ) 
           4 ALU_SUB_UNIT ( ADD_SUB_CLA_24bit_323 ) 
              5 CLA_BLOCK_GEN[0].CLA_4BIT_UNIT ( ADD_SUB_CLA_4bit_1177 ) 
              5 CLA_BLOCK_GEN[1].CLA_4BIT_UNIT ( ADD_SUB_CLA_4bit_1176 ) 
              5 CLA_BLOCK_GEN[2].CLA_4BIT_UNIT ( ADD_SUB_CLA_4bit_1175 ) 
              5 CLA_BLOCK_GEN[3].CLA_4BIT_UNIT ( ADD_SUB_CLA_4bit_1174 ) 
              5 CLA_BLOCK_GEN[4].CLA_4BIT_UNIT ( ADD_SUB_CLA_4bit_1173 ) 
              5 CLA_BLOCK_GEN[5].CLA_4BIT_UNIT ( ADD_SUB_CLA_4bit_1172 ) 
        3 MAN_ALU_PROC_RND ( ADD_SUB_CLS_4bit_1627 ) 
        3 MAN_COMP_24BIT ( ADD_SUB_COMP_24bit_SIZE_DATA24_1698 ) 
           4 u_i_data_0 ( ADD_SUB_COMP_4bit_2089 ) 
           4 u_i_data_1 ( ADD_SUB_COMP_4bit_2088 ) 
           4 u_i_data_2 ( ADD_SUB_COMP_4bit_2087 ) 
           4 u_i_data_3 ( ADD_SUB_COMP_4bit_2086 ) 
           4 u_i_data_4 ( ADD_SUB_COMP_4bit_2085 ) 
           4 u_i_data_5 ( ADD_SUB_COMP_4bit_2084 ) 
        3 MAN_RND ( ADD_SUB_MAN_rounding_SIZE_MAN32_SIZE_MAN_RESULT24_3198 ) 
        3 MAN_SWAP ( ADD_SUB_MAN_swap_SIZE_MAN24_3314 ) 
        3 MAN_SWAP_PRE ( ADD_SUB_MAN_swap_SIZE_MAN24_3315 ) 
        3 NOR_UNIT ( ADD_SUB_NOR_unit_SIZE_LOPD5_SIZE_DATA32_3412 ) 
           4 SHF_left_unit ( ADD_SUB_SHF_left_SIZE_DATA32_SIZE_SHIFT5_3554 ) 
        3 PSC_UNIT ( ADD_SUB_PSC_unit_3483 ) 
        3 SHF_RIGHT_MAN ( ADD_SUB_SHF_right_SIZE_DATA32_SIZE_SHIFT5_3625 ) 
        3 SIGN_UNIT ( ADD_SUB_SIGN_unit_3696 ) 
     2 add2 ( FPU_add_sub_NUM_OP1_6893 ) 
        3 EXP_ADJUST ( ADD_SUB_EXP_adjust_SIZE_EXP8_SIZE_LOPD8_2414 ) 
           4 CLA_8BIT_UNIT ( ADD_SUB_CLA_8bit_1527 ) 
              5 CLA_4BIT_UNIT_0 ( ADD_SUB_CLA_4bit_1161 ) 
              5 CLA_4BIT_UNIT_1 ( ADD_SUB_CLA_4bit_1160 ) 
        3 EXP_COM_8BIT ( ADD_SUB_EXP_comp_SIZE_DATA8_2485 ) 
           4 COMP_LESS_UNIT ( ADD_SUB_COMP_8bit_SIZE_DATA8_2343 ) 
              5 u_high ( ADD_SUB_COMP_4bit_2082 ) 
              5 u_low ( ADD_SUB_COMP_4bit_2083 ) 
        3 EXP_RND ( ADD_SUB_EXP_rounding_SIZE_DATA8_2556 ) 
        3 EXP_SUB ( ADD_SUB_EXP_sub_SIZE_EXP_SUB8_2627 ) 
           4 CLA_8BIT_UNIT ( ADD_SUB_CLA_8bit_1528 ) 
              5 CLA_4BIT_UNIT_0 ( ADD_SUB_CLA_4bit_1169 ) 
              5 CLA_4BIT_UNIT_1 ( ADD_SUB_CLA_4bit_1168 ) 
        3 EXP_SWAP ( ADD_SUB_EXP_swap_SIZE_DATA8_2698 ) 
        3 LOPD_24BIT ( ADD_SUB_LOPD_24bit_SIZE_DATA24_SIZE_LOPD5_2840 ) 
           4 LOPD_16bit_UNIT_MSB ( ADD_SUB_LOPD_16bit_2769 ) 
              5 LOPD_8bit_unit_0 ( ADD_SUB_LOPD_8bit_3001 ) 
              5 LOPD_8bit_unit_1 ( ADD_SUB_LOPD_8bit_3000 ) 
           4 LOPD_8bit_UNIT_LSB ( ADD_SUB_LOPD_8bit_2999 ) 
        3 MAN_ALU ( ADD_SUB_MAN_ALU_NUM_OP1_SIZE_MAN24_3126 ) 
           4 ALU_SUB_UNIT ( ADD_SUB_CLA_24bit_322 ) 
              5 CLA_BLOCK_GEN[0].CLA_4BIT_UNIT ( ADD_SUB_CLA_4bit_1167 ) 
              5 CLA_BLOCK_GEN[1].CLA_4BIT_UNIT ( ADD_SUB_CLA_4bit_1166 ) 
              5 CLA_BLOCK_GEN[2].CLA_4BIT_UNIT ( ADD_SUB_CLA_4bit_1165 ) 
              5 CLA_BLOCK_GEN[3].CLA_4BIT_UNIT ( ADD_SUB_CLA_4bit_1164 ) 
              5 CLA_BLOCK_GEN[4].CLA_4BIT_UNIT ( ADD_SUB_CLA_4bit_1163 ) 
              5 CLA_BLOCK_GEN[5].CLA_4BIT_UNIT ( ADD_SUB_CLA_4bit_1162 ) 
        3 MAN_ALU_PROC_RND ( ADD_SUB_CLS_4bit_1626 ) 
        3 MAN_COMP_24BIT ( ADD_SUB_COMP_24bit_SIZE_DATA24_1697 ) 
           4 u_i_data_0 ( ADD_SUB_COMP_4bit_2081 ) 
           4 u_i_data_1 ( ADD_SUB_COMP_4bit_2080 ) 
           4 u_i_data_2 ( ADD_SUB_COMP_4bit_2079 ) 
           4 u_i_data_3 ( ADD_SUB_COMP_4bit_2078 ) 
           4 u_i_data_4 ( ADD_SUB_COMP_4bit_2077 ) 
           4 u_i_data_5 ( ADD_SUB_COMP_4bit_2076 ) 
        3 MAN_RND ( ADD_SUB_MAN_rounding_SIZE_MAN32_SIZE_MAN_RESULT24_3197 ) 
        3 MAN_SWAP ( ADD_SUB_MAN_swap_SIZE_MAN24_3312 ) 
        3 MAN_SWAP_PRE ( ADD_SUB_MAN_swap_SIZE_MAN24_3313 ) 
        3 NOR_UNIT ( ADD_SUB_NOR_unit_SIZE_LOPD5_SIZE_DATA32_3411 ) 
           4 SHF_left_unit ( ADD_SUB_SHF_left_SIZE_DATA32_SIZE_SHIFT5_3553 ) 
        3 PSC_UNIT ( ADD_SUB_PSC_unit_3482 ) 
        3 SHF_RIGHT_MAN ( ADD_SUB_SHF_right_SIZE_DATA32_SIZE_SHIFT5_3624 ) 
        3 SIGN_UNIT ( ADD_SUB_SIGN_unit_3695 ) 
     2 mul0 ( fpu_mul_SIZE_DATA32_8059 ) 
        3 EXP_ROUNDING_UNIT ( MUL_EXP_rounding_SIZE_DATA8_7140 ) 
        3 LOPD_UNIT ( MUL_LOPD_24bit_SIZE_DATA24_SIZE_LOPD5_7281 ) 
           4 LOPD_16bit_UNIT_MSB ( MUL_LOPD_16bit_7234 ) 
              5 LOPD_8bit_unit_0 ( MUL_LOPD_8bit_7392 ) 
              5 LOPD_8bit_unit_1 ( MUL_LOPD_8bit_7391 ) 
           4 LOPD_8bit_UNIT_LSB ( MUL_LOPD_8bit_7390 ) 
        3 MAN_MUL_UNIT ( MUL_MAN_mul_SIZE_DATA24_7471 ) 
           4 MUL_UNIT_MAN_UNIT ( Multiplier_7753 ) 
              5 u_booth ( Modified_booth_N24_NUM_PP13_7706 ) 
              5 u_cla ( CLA_adder_top_WIDTH48_FANIN4_3764 ) 
                 6 cla_tree ( cla_logic_tree_level_WIDTH48_FANIN4_7941 ) 
                    7 COMPUTE_DETAILED_CARRY[10].cla_unit ( CLA_logic_WIDTH4_4293 ) 
                    7 COMPUTE_DETAILED_CARRY[11].cla_unit ( CLA_logic_WIDTH4_4292 ) 
                    7 COMPUTE_DETAILED_CARRY[2].cla_unit ( CLA_logic_WIDTH4_4301 ) 
                    7 COMPUTE_DETAILED_CARRY[3].cla_unit ( CLA_logic_WIDTH4_4300 ) 
                    7 COMPUTE_DETAILED_CARRY[4].cla_unit ( CLA_logic_WIDTH4_4299 ) 
                    7 COMPUTE_DETAILED_CARRY[5].cla_unit ( CLA_logic_WIDTH4_4298 ) 
                    7 COMPUTE_DETAILED_CARRY[6].cla_unit ( CLA_logic_WIDTH4_4297 ) 
                    7 COMPUTE_DETAILED_CARRY[7].cla_unit ( CLA_logic_WIDTH4_4296 ) 
                    7 COMPUTE_DETAILED_CARRY[8].cla_unit ( CLA_logic_WIDTH4_4295 ) 
                    7 COMPUTE_DETAILED_CARRY[9].cla_unit ( CLA_logic_WIDTH4_4294 ) 
                    7 MULTI_GROUP.next_level ( cla_logic_tree_level_WIDTH12_FANIN4_7847 ) 
                       8 COMPUTE_DETAILED_CARRY[0].cla_unit ( CLA_logic_WIDTH4_4306 ) 
                       8 COMPUTE_DETAILED_CARRY[1].cla_unit ( CLA_logic_WIDTH4_4305 ) 
                       8 COMPUTE_DETAILED_CARRY[2].cla_unit ( CLA_logic_WIDTH4_4304 ) 
                       8 MULTI_GROUP.next_level ( cla_logic_tree_level_WIDTH3_FANIN4_7894 ) 
                          9 COMPUTE_DETAILED_CARRY[0].cla_unit ( CLA_logic_WIDTH3_3811 ) 
              5 u_merge ( wallace_final_merge_WIDTH48_9749 ) 
                 6 csa_row[10].u_fa ( FA_1bit_6071 ) 
                 6 csa_row[11].u_fa ( FA_1bit_6070 ) 
                 6 csa_row[12].u_fa ( FA_1bit_6069 ) 
                 6 csa_row[13].u_fa ( FA_1bit_6068 ) 
                 6 csa_row[14].u_fa ( FA_1bit_6067 ) 
                 6 csa_row[15].u_fa ( FA_1bit_6066 ) 
                 6 csa_row[16].u_fa ( FA_1bit_6065 ) 
                 6 csa_row[17].u_fa ( FA_1bit_6064 ) 
                 6 csa_row[18].u_fa ( FA_1bit_6063 ) 
                 6 csa_row[19].u_fa ( FA_1bit_6062 ) 
                 6 csa_row[20].u_fa ( FA_1bit_6061 ) 
                 6 csa_row[21].u_fa ( FA_1bit_6060 ) 
                 6 csa_row[22].u_fa ( FA_1bit_6059 ) 
                 6 csa_row[23].u_fa ( FA_1bit_6058 ) 
                 6 csa_row[24].u_fa ( FA_1bit_6057 ) 
                 6 csa_row[25].u_fa ( FA_1bit_6056 ) 
                 6 csa_row[26].u_fa ( FA_1bit_6055 ) 
                 6 csa_row[27].u_fa ( FA_1bit_6054 ) 
                 6 csa_row[28].u_fa ( FA_1bit_6053 ) 
                 6 csa_row[29].u_fa ( FA_1bit_6052 ) 
                 6 csa_row[30].u_fa ( FA_1bit_6051 ) 
                 6 csa_row[31].u_fa ( FA_1bit_6050 ) 
                 6 csa_row[32].u_fa ( FA_1bit_6049 ) 
                 6 csa_row[33].u_fa ( FA_1bit_6048 ) 
                 6 csa_row[34].u_fa ( FA_1bit_6047 ) 
                 6 csa_row[35].u_fa ( FA_1bit_6046 ) 
                 6 csa_row[36].u_fa ( FA_1bit_6045 ) 
                 6 csa_row[37].u_fa ( FA_1bit_6044 ) 
                 6 csa_row[38].u_fa ( FA_1bit_6043 ) 
                 6 csa_row[39].u_fa ( FA_1bit_6042 ) 
                 6 csa_row[40].u_fa ( FA_1bit_6041 ) 
                 6 csa_row[41].u_fa ( FA_1bit_6040 ) 
                 6 csa_row[42].u_fa ( FA_1bit_6039 ) 
                 6 csa_row[43].u_fa ( FA_1bit_6038 ) 
                 6 csa_row[44].u_fa ( FA_1bit_6037 ) 
                 6 csa_row[45].u_fa ( FA_1bit_6036 ) 
                 6 csa_row[46].u_fa ( FA_1bit_6035 ) 
                 6 csa_row[47].u_fa ( FA_1bit_6034 ) 
                 6 csa_row[6].u_fa ( FA_1bit_6075 ) 
                 6 csa_row[7].u_fa ( FA_1bit_6074 ) 
                 6 csa_row[8].u_fa ( FA_1bit_6073 ) 
                 6 csa_row[9].u_fa ( FA_1bit_6072 ) 
              5 u_wallace ( wallace_tree_N24_NUM_PP13_NUM_CZ12_10078 ) 
                 6 STAGE_GEN[0].u_stage ( wallace_stage_NUM_COLS48_COL_HEIGHTSx000000020000000200000003000000030000000400000004000000050000000500000006000000060000000700000007000000080000000800000009000000090000000a0000000a0000000b0000000b0000000c0000000c0000000d0000000d0000000d0000000c0000000c0000000b0000000b0000000a0000000a0000000900000009000000080000000800000007000000070000000600000006000000050000000500000004000000040000000300000003000000020000000200000001_MAX_H_IN32_MAX_H_OUT32_10031 ) 
                 6 STAGE_GEN[1].u_stage ( wallace_stage_NUM_COLS48_COL_HEIGHTSx000000010000000200000002000000020000000300000003000000030000000400000004000000040000000500000005000000050000000600000006000000060000000700000007000000070000000800000008000000080000000900000009000000090000000800000008000000080000000800000008000000070000000600000006000000060000000600000006000000050000000400000004000000040000000400000004000000030000000200000002000000020000000200000002_MAX_H_IN32_MAX_H_OUT32_9984 ) 
                 6 STAGE_GEN[2].u_stage ( wallace_stage_NUM_COLS48_COL_HEIGHTSx000000010000000100000002000000020000000200000002000000020000000300000003000000030000000300000004000000040000000400000004000000040000000500000005000000050000000500000006000000060000000600000006000000060000000600000006000000060000000600000006000000060000000400000004000000040000000400000004000000040000000400000003000000030000000300000003000000020000000200000002000000020000000200000002_MAX_H_IN32_MAX_H_OUT32_9937 ) 
                 6 STAGE_GEN[3].u_stage ( wallace_stage_NUM_COLS48_COL_HEIGHTSx000000010000000100000001000000020000000200000002000000020000000200000002000000020000000200000003000000030000000300000003000000030000000300000004000000040000000400000004000000040000000400000004000000040000000400000004000000040000000400000004000000040000000400000003000000030000000300000003000000030000000300000002000000020000000200000002000000020000000200000002000000020000000200000002_MAX_H_IN32_MAX_H_OUT32_9890 ) 
                 6 STAGE_GEN[4].u_stage ( wallace_stage_NUM_COLS48_COL_HEIGHTSx000000010000000100000001000000010000000200000002000000020000000200000002000000020000000200000002000000020000000200000002000000020000000200000003000000030000000300000003000000030000000300000003000000030000000300000003000000030000000300000003000000030000000300000002000000020000000200000002000000020000000200000002000000020000000200000002000000020000000200000002000000020000000200000002_MAX_H_IN32_MAX_H_OUT32_9843 ) 
                 6 STAGE_GEN[5].u_stage ( wallace_stage_NUM_COLS48_COL_HEIGHTSx000000010000000100000001000000010000000100000002000000020000000200000002000000020000000200000002000000020000000200000002000000020000000200000002000000020000000200000002000000020000000200000002000000020000000200000002000000020000000200000002000000020000000200000002000000020000000200000002000000020000000200000002000000020000000200000002000000020000000200000002000000020000000200000002_MAX_H_IN32_MAX_H_OUT32_9796 ) 
        3 MAN_ROUNDING_UNIT ( MUL_MAN_rounding_SIZE_MAN24_7518 ) 
        3 MUL_EXP_ADJUST_UNIT ( MUL_EXP_adjust_SIZE_DATA8_SIZE_LOPD8_7093 ) 
           4 CLA_8BIT_UNIT ( MUL_CLA_8bit_7046 ) 
              5 CLA_4BIT_UNIT_0 ( MUL_CLA_4bit_6983 ) 
              5 CLA_4BIT_UNIT_1 ( MUL_CLA_4bit_6982 ) 
        3 NOR_UNIT ( MUL_NOR_unit_SIZE_LOPD5_SIZE_DATA24_7565 ) 
           4 SHF_left_unit ( MUL_SHF_left_SIZE_DATA32_SIZE_SHIFT5_7659 ) 
        3 PSC_UNIT ( MUL_PSC_unit_SIZE_EXP8_SIZE_MAN24_7612 ) 
     2 mul1 ( fpu_mul_SIZE_DATA32_8058 ) 
        3 PSC_UNIT ( MUL_PSC_unit_SIZE_EXP8_SIZE_MAN24_7611 ) 
     2 mul2 ( fpu_mul_SIZE_DATA32_8057 ) 
        3 PSC_UNIT ( MUL_PSC_unit_SIZE_EXP8_SIZE_MAN24_7610 ) 
     2 mul3 ( fpu_mul_SIZE_DATA32_8056 ) 
        3 EXP_ROUNDING_UNIT ( MUL_EXP_rounding_SIZE_DATA8_7137 ) 
        3 LOPD_UNIT ( MUL_LOPD_24bit_SIZE_DATA24_SIZE_LOPD5_7278 ) 
           4 LOPD_16bit_UNIT_MSB ( MUL_LOPD_16bit_7231 ) 
              5 LOPD_8bit_unit_0 ( MUL_LOPD_8bit_7383 ) 
              5 LOPD_8bit_unit_1 ( MUL_LOPD_8bit_7382 ) 
           4 LOPD_8bit_UNIT_LSB ( MUL_LOPD_8bit_7381 ) 
        3 MAN_MUL_UNIT ( MUL_MAN_mul_SIZE_DATA24_7468 ) 
           4 MUL_UNIT_MAN_UNIT ( Multiplier_7750 ) 
              5 u_booth ( Modified_booth_N24_NUM_PP13_7703 ) 
              5 u_cla ( CLA_adder_top_WIDTH48_FANIN4_3761 ) 
                 6 cla_tree ( cla_logic_tree_level_WIDTH48_FANIN4_7938 ) 
                    7 COMPUTE_DETAILED_CARRY[10].cla_unit ( CLA_logic_WIDTH4_4248 ) 
                    7 COMPUTE_DETAILED_CARRY[11].cla_unit ( CLA_logic_WIDTH4_4247 ) 
                    7 COMPUTE_DETAILED_CARRY[2].cla_unit ( CLA_logic_WIDTH4_4256 ) 
                    7 COMPUTE_DETAILED_CARRY[3].cla_unit ( CLA_logic_WIDTH4_4255 ) 
                    7 COMPUTE_DETAILED_CARRY[4].cla_unit ( CLA_logic_WIDTH4_4254 ) 
                    7 COMPUTE_DETAILED_CARRY[5].cla_unit ( CLA_logic_WIDTH4_4253 ) 
                    7 COMPUTE_DETAILED_CARRY[6].cla_unit ( CLA_logic_WIDTH4_4252 ) 
                    7 COMPUTE_DETAILED_CARRY[7].cla_unit ( CLA_logic_WIDTH4_4251 ) 
                    7 COMPUTE_DETAILED_CARRY[8].cla_unit ( CLA_logic_WIDTH4_4250 ) 
                    7 COMPUTE_DETAILED_CARRY[9].cla_unit ( CLA_logic_WIDTH4_4249 ) 
                    7 MULTI_GROUP.next_level ( cla_logic_tree_level_WIDTH12_FANIN4_7844 ) 
                       8 COMPUTE_DETAILED_CARRY[0].cla_unit ( CLA_logic_WIDTH4_4261 ) 
                       8 COMPUTE_DETAILED_CARRY[1].cla_unit ( CLA_logic_WIDTH4_4260 ) 
                       8 COMPUTE_DETAILED_CARRY[2].cla_unit ( CLA_logic_WIDTH4_4259 ) 
                       8 MULTI_GROUP.next_level ( cla_logic_tree_level_WIDTH3_FANIN4_7891 ) 
                          9 COMPUTE_DETAILED_CARRY[0].cla_unit ( CLA_logic_WIDTH3_3808 ) 
              5 u_merge ( wallace_final_merge_WIDTH48_9746 ) 
                 6 csa_row[10].u_fa ( FA_1bit_5927 ) 
                 6 csa_row[11].u_fa ( FA_1bit_5926 ) 
                 6 csa_row[12].u_fa ( FA_1bit_5925 ) 
                 6 csa_row[13].u_fa ( FA_1bit_5924 ) 
                 6 csa_row[14].u_fa ( FA_1bit_5923 ) 
                 6 csa_row[15].u_fa ( FA_1bit_5922 ) 
                 6 csa_row[16].u_fa ( FA_1bit_5921 ) 
                 6 csa_row[17].u_fa ( FA_1bit_5920 ) 
                 6 csa_row[18].u_fa ( FA_1bit_5919 ) 
                 6 csa_row[19].u_fa ( FA_1bit_5918 ) 
                 6 csa_row[20].u_fa ( FA_1bit_5917 ) 
                 6 csa_row[21].u_fa ( FA_1bit_5916 ) 
                 6 csa_row[22].u_fa ( FA_1bit_5915 ) 
                 6 csa_row[23].u_fa ( FA_1bit_5914 ) 
                 6 csa_row[24].u_fa ( FA_1bit_5913 ) 
                 6 csa_row[25].u_fa ( FA_1bit_5912 ) 
                 6 csa_row[26].u_fa ( FA_1bit_5911 ) 
                 6 csa_row[27].u_fa ( FA_1bit_5910 ) 
                 6 csa_row[28].u_fa ( FA_1bit_5909 ) 
                 6 csa_row[29].u_fa ( FA_1bit_5908 ) 
                 6 csa_row[30].u_fa ( FA_1bit_5907 ) 
                 6 csa_row[31].u_fa ( FA_1bit_5906 ) 
                 6 csa_row[32].u_fa ( FA_1bit_5905 ) 
                 6 csa_row[33].u_fa ( FA_1bit_5904 ) 
                 6 csa_row[34].u_fa ( FA_1bit_5903 ) 
                 6 csa_row[35].u_fa ( FA_1bit_5902 ) 
                 6 csa_row[36].u_fa ( FA_1bit_5901 ) 
                 6 csa_row[37].u_fa ( FA_1bit_5900 ) 
                 6 csa_row[38].u_fa ( FA_1bit_5899 ) 
                 6 csa_row[39].u_fa ( FA_1bit_5898 ) 
                 6 csa_row[40].u_fa ( FA_1bit_5897 ) 
                 6 csa_row[41].u_fa ( FA_1bit_5896 ) 
                 6 csa_row[42].u_fa ( FA_1bit_5895 ) 
                 6 csa_row[43].u_fa ( FA_1bit_5894 ) 
                 6 csa_row[44].u_fa ( FA_1bit_5893 ) 
                 6 csa_row[45].u_fa ( FA_1bit_5892 ) 
                 6 csa_row[46].u_fa ( FA_1bit_5891 ) 
                 6 csa_row[47].u_fa ( FA_1bit_5890 ) 
                 6 csa_row[6].u_fa ( FA_1bit_5931 ) 
                 6 csa_row[7].u_fa ( FA_1bit_5930 ) 
                 6 csa_row[8].u_fa ( FA_1bit_5929 ) 
                 6 csa_row[9].u_fa ( FA_1bit_5928 ) 
              5 u_wallace ( wallace_tree_N24_NUM_PP13_NUM_CZ12_10075 ) 
                 6 STAGE_GEN[0].u_stage ( wallace_stage_NUM_COLS48_COL_HEIGHTSx000000020000000200000003000000030000000400000004000000050000000500000006000000060000000700000007000000080000000800000009000000090000000a0000000a0000000b0000000b0000000c0000000c0000000d0000000d0000000d0000000c0000000c0000000b0000000b0000000a0000000a0000000900000009000000080000000800000007000000070000000600000006000000050000000500000004000000040000000300000003000000020000000200000001_MAX_H_IN32_MAX_H_OUT32_10028 ) 
                 6 STAGE_GEN[1].u_stage ( wallace_stage_NUM_COLS48_COL_HEIGHTSx000000010000000200000002000000020000000300000003000000030000000400000004000000040000000500000005000000050000000600000006000000060000000700000007000000070000000800000008000000080000000900000009000000090000000800000008000000080000000800000008000000070000000600000006000000060000000600000006000000050000000400000004000000040000000400000004000000030000000200000002000000020000000200000002_MAX_H_IN32_MAX_H_OUT32_9981 ) 
                 6 STAGE_GEN[2].u_stage ( wallace_stage_NUM_COLS48_COL_HEIGHTSx000000010000000100000002000000020000000200000002000000020000000300000003000000030000000300000004000000040000000400000004000000040000000500000005000000050000000500000006000000060000000600000006000000060000000600000006000000060000000600000006000000060000000400000004000000040000000400000004000000040000000400000003000000030000000300000003000000020000000200000002000000020000000200000002_MAX_H_IN32_MAX_H_OUT32_9934 ) 
                 6 STAGE_GEN[3].u_stage ( wallace_stage_NUM_COLS48_COL_HEIGHTSx000000010000000100000001000000020000000200000002000000020000000200000002000000020000000200000003000000030000000300000003000000030000000300000004000000040000000400000004000000040000000400000004000000040000000400000004000000040000000400000004000000040000000400000003000000030000000300000003000000030000000300000002000000020000000200000002000000020000000200000002000000020000000200000002_MAX_H_IN32_MAX_H_OUT32_9887 ) 
                 6 STAGE_GEN[4].u_stage ( wallace_stage_NUM_COLS48_COL_HEIGHTSx000000010000000100000001000000010000000200000002000000020000000200000002000000020000000200000002000000020000000200000002000000020000000200000003000000030000000300000003000000030000000300000003000000030000000300000003000000030000000300000003000000030000000300000002000000020000000200000002000000020000000200000002000000020000000200000002000000020000000200000002000000020000000200000002_MAX_H_IN32_MAX_H_OUT32_9840 ) 
                 6 STAGE_GEN[5].u_stage ( wallace_stage_NUM_COLS48_COL_HEIGHTSx000000010000000100000001000000010000000100000002000000020000000200000002000000020000000200000002000000020000000200000002000000020000000200000002000000020000000200000002000000020000000200000002000000020000000200000002000000020000000200000002000000020000000200000002000000020000000200000002000000020000000200000002000000020000000200000002000000020000000200000002000000020000000200000002_MAX_H_IN32_MAX_H_OUT32_9793 ) 
        3 MAN_ROUNDING_UNIT ( MUL_MAN_rounding_SIZE_MAN24_7515 ) 
        3 MUL_EXP_ADJUST_UNIT ( MUL_EXP_adjust_SIZE_DATA8_SIZE_LOPD8_7090 ) 
           4 CLA_8BIT_UNIT ( MUL_CLA_8bit_7043 ) 
              5 CLA_4BIT_UNIT_0 ( MUL_CLA_4bit_6977 ) 
              5 CLA_4BIT_UNIT_1 ( MUL_CLA_4bit_6976 ) 
        3 NOR_UNIT ( MUL_NOR_unit_SIZE_LOPD5_SIZE_DATA24_7562 ) 
           4 SHF_left_unit ( MUL_SHF_left_SIZE_DATA32_SIZE_SHIFT5_7656 ) 
        3 PSC_UNIT ( MUL_PSC_unit_SIZE_EXP8_SIZE_MAN24_7609 ) 
     2 sub0 ( FPU_add_sub_NUM_OP1_6896 ) 
        3 EXP_ADJUST ( ADD_SUB_EXP_adjust_SIZE_EXP8_SIZE_LOPD8_2417 ) 
           4 CLA_8BIT_UNIT ( ADD_SUB_CLA_8bit_1533 ) 
              5 CLA_4BIT_UNIT_0 ( ADD_SUB_CLA_4bit_1191 ) 
              5 CLA_4BIT_UNIT_1 ( ADD_SUB_CLA_4bit_1190 ) 
        3 EXP_COM_8BIT ( ADD_SUB_EXP_comp_SIZE_DATA8_2488 ) 
           4 COMP_LESS_UNIT ( ADD_SUB_COMP_8bit_SIZE_DATA8_2346 ) 
              5 u_high ( ADD_SUB_COMP_4bit_2106 ) 
              5 u_low ( ADD_SUB_COMP_4bit_2107 ) 
        3 EXP_RND ( ADD_SUB_EXP_rounding_SIZE_DATA8_2559 ) 
        3 EXP_SUB ( ADD_SUB_EXP_sub_SIZE_EXP_SUB8_2630 ) 
           4 CLA_8BIT_UNIT ( ADD_SUB_CLA_8bit_1534 ) 
              5 CLA_4BIT_UNIT_0 ( ADD_SUB_CLA_4bit_1199 ) 
              5 CLA_4BIT_UNIT_1 ( ADD_SUB_CLA_4bit_1198 ) 
        3 EXP_SWAP ( ADD_SUB_EXP_swap_SIZE_DATA8_2701 ) 
        3 LOPD_24BIT ( ADD_SUB_LOPD_24bit_SIZE_DATA24_SIZE_LOPD5_2843 ) 
           4 LOPD_16bit_UNIT_MSB ( ADD_SUB_LOPD_16bit_2772 ) 
              5 LOPD_8bit_unit_0 ( ADD_SUB_LOPD_8bit_3010 ) 
              5 LOPD_8bit_unit_1 ( ADD_SUB_LOPD_8bit_3009 ) 
           4 LOPD_8bit_UNIT_LSB ( ADD_SUB_LOPD_8bit_3008 ) 
        3 MAN_ALU ( ADD_SUB_MAN_ALU_NUM_OP1_SIZE_MAN24_3129 ) 
           4 ALU_SUB_UNIT ( ADD_SUB_CLA_24bit_325 ) 
              5 CLA_BLOCK_GEN[0].CLA_4BIT_UNIT ( ADD_SUB_CLA_4bit_1197 ) 
              5 CLA_BLOCK_GEN[1].CLA_4BIT_UNIT ( ADD_SUB_CLA_4bit_1196 ) 
              5 CLA_BLOCK_GEN[2].CLA_4BIT_UNIT ( ADD_SUB_CLA_4bit_1195 ) 
              5 CLA_BLOCK_GEN[3].CLA_4BIT_UNIT ( ADD_SUB_CLA_4bit_1194 ) 
              5 CLA_BLOCK_GEN[4].CLA_4BIT_UNIT ( ADD_SUB_CLA_4bit_1193 ) 
              5 CLA_BLOCK_GEN[5].CLA_4BIT_UNIT ( ADD_SUB_CLA_4bit_1192 ) 
        3 MAN_ALU_PROC_RND ( ADD_SUB_CLS_4bit_1629 ) 
        3 MAN_COMP_24BIT ( ADD_SUB_COMP_24bit_SIZE_DATA24_1700 ) 
           4 u_i_data_0 ( ADD_SUB_COMP_4bit_2105 ) 
           4 u_i_data_1 ( ADD_SUB_COMP_4bit_2104 ) 
           4 u_i_data_2 ( ADD_SUB_COMP_4bit_2103 ) 
           4 u_i_data_3 ( ADD_SUB_COMP_4bit_2102 ) 
           4 u_i_data_4 ( ADD_SUB_COMP_4bit_2101 ) 
           4 u_i_data_5 ( ADD_SUB_COMP_4bit_2100 ) 
        3 MAN_RND ( ADD_SUB_MAN_rounding_SIZE_MAN32_SIZE_MAN_RESULT24_3200 ) 
        3 MAN_SWAP ( ADD_SUB_MAN_swap_SIZE_MAN24_3318 ) 
        3 MAN_SWAP_PRE ( ADD_SUB_MAN_swap_SIZE_MAN24_3319 ) 
        3 NOR_UNIT ( ADD_SUB_NOR_unit_SIZE_LOPD5_SIZE_DATA32_3414 ) 
           4 SHF_left_unit ( ADD_SUB_SHF_left_SIZE_DATA32_SIZE_SHIFT5_3556 ) 
        3 PSC_UNIT ( ADD_SUB_PSC_unit_3485 ) 
        3 SHF_RIGHT_MAN ( ADD_SUB_SHF_right_SIZE_DATA32_SIZE_SHIFT5_3627 ) 
        3 SIGN_UNIT ( ADD_SUB_SIGN_unit_3698 ) 
     2 sub1 ( FPU_add_sub_NUM_OP1_6892 ) 
        3 EXP_ADJUST ( ADD_SUB_EXP_adjust_SIZE_EXP8_SIZE_LOPD8_2413 ) 
           4 CLA_8BIT_UNIT ( ADD_SUB_CLA_8bit_1525 ) 
              5 CLA_4BIT_UNIT_0 ( ADD_SUB_CLA_4bit_1151 ) 
              5 CLA_4BIT_UNIT_1 ( ADD_SUB_CLA_4bit_1150 ) 
        3 EXP_COM_8BIT ( ADD_SUB_EXP_comp_SIZE_DATA8_2484 ) 
           4 COMP_LESS_UNIT ( ADD_SUB_COMP_8bit_SIZE_DATA8_2342 ) 
              5 u_high ( ADD_SUB_COMP_4bit_2074 ) 
              5 u_low ( ADD_SUB_COMP_4bit_2075 ) 
        3 EXP_RND ( ADD_SUB_EXP_rounding_SIZE_DATA8_2555 ) 
        3 EXP_SUB ( ADD_SUB_EXP_sub_SIZE_EXP_SUB8_2626 ) 
           4 CLA_8BIT_UNIT ( ADD_SUB_CLA_8bit_1526 ) 
              5 CLA_4BIT_UNIT_0 ( ADD_SUB_CLA_4bit_1159 ) 
              5 CLA_4BIT_UNIT_1 ( ADD_SUB_CLA_4bit_1158 ) 
        3 EXP_SWAP ( ADD_SUB_EXP_swap_SIZE_DATA8_2697 ) 
        3 LOPD_24BIT ( ADD_SUB_LOPD_24bit_SIZE_DATA24_SIZE_LOPD5_2839 ) 
           4 LOPD_16bit_UNIT_MSB ( ADD_SUB_LOPD_16bit_2768 ) 
              5 LOPD_8bit_unit_0 ( ADD_SUB_LOPD_8bit_2998 ) 
              5 LOPD_8bit_unit_1 ( ADD_SUB_LOPD_8bit_2997 ) 
           4 LOPD_8bit_UNIT_LSB ( ADD_SUB_LOPD_8bit_2996 ) 
        3 MAN_ALU ( ADD_SUB_MAN_ALU_NUM_OP1_SIZE_MAN24_3125 ) 
           4 ALU_SUB_UNIT ( ADD_SUB_CLA_24bit_321 ) 
              5 CLA_BLOCK_GEN[0].CLA_4BIT_UNIT ( ADD_SUB_CLA_4bit_1157 ) 
              5 CLA_BLOCK_GEN[1].CLA_4BIT_UNIT ( ADD_SUB_CLA_4bit_1156 ) 
              5 CLA_BLOCK_GEN[2].CLA_4BIT_UNIT ( ADD_SUB_CLA_4bit_1155 ) 
              5 CLA_BLOCK_GEN[3].CLA_4BIT_UNIT ( ADD_SUB_CLA_4bit_1154 ) 
              5 CLA_BLOCK_GEN[4].CLA_4BIT_UNIT ( ADD_SUB_CLA_4bit_1153 ) 
              5 CLA_BLOCK_GEN[5].CLA_4BIT_UNIT ( ADD_SUB_CLA_4bit_1152 ) 
        3 MAN_ALU_PROC_RND ( ADD_SUB_CLS_4bit_1625 ) 
        3 MAN_COMP_24BIT ( ADD_SUB_COMP_24bit_SIZE_DATA24_1696 ) 
           4 u_i_data_0 ( ADD_SUB_COMP_4bit_2073 ) 
           4 u_i_data_1 ( ADD_SUB_COMP_4bit_2072 ) 
           4 u_i_data_2 ( ADD_SUB_COMP_4bit_2071 ) 
           4 u_i_data_3 ( ADD_SUB_COMP_4bit_2070 ) 
           4 u_i_data_4 ( ADD_SUB_COMP_4bit_2069 ) 
           4 u_i_data_5 ( ADD_SUB_COMP_4bit_2068 ) 
        3 MAN_RND ( ADD_SUB_MAN_rounding_SIZE_MAN32_SIZE_MAN_RESULT24_3196 ) 
        3 MAN_SWAP ( ADD_SUB_MAN_swap_SIZE_MAN24_3310 ) 
        3 MAN_SWAP_PRE ( ADD_SUB_MAN_swap_SIZE_MAN24_3311 ) 
        3 NOR_UNIT ( ADD_SUB_NOR_unit_SIZE_LOPD5_SIZE_DATA32_3410 ) 
           4 SHF_left_unit ( ADD_SUB_SHF_left_SIZE_DATA32_SIZE_SHIFT5_3552 ) 
        3 PSC_UNIT ( ADD_SUB_PSC_unit_3481 ) 
        3 SHF_RIGHT_MAN ( ADD_SUB_SHF_right_SIZE_DATA32_SIZE_SHIFT5_3623 ) 
        3 SIGN_UNIT ( ADD_SUB_SIGN_unit_3694 ) 
     2 sub2 ( FPU_add_sub_NUM_OP1_6891 ) 
        3 EXP_ADJUST ( ADD_SUB_EXP_adjust_SIZE_EXP8_SIZE_LOPD8_2412 ) 
           4 CLA_8BIT_UNIT ( ADD_SUB_CLA_8bit_1523 ) 
              5 CLA_4BIT_UNIT_0 ( ADD_SUB_CLA_4bit_1141 ) 
              5 CLA_4BIT_UNIT_1 ( ADD_SUB_CLA_4bit_1140 ) 
        3 EXP_COM_8BIT ( ADD_SUB_EXP_comp_SIZE_DATA8_2483 ) 
           4 COMP_LESS_UNIT ( ADD_SUB_COMP_8bit_SIZE_DATA8_2341 ) 
              5 u_high ( ADD_SUB_COMP_4bit_2066 ) 
              5 u_low ( ADD_SUB_COMP_4bit_2067 ) 
        3 EXP_RND ( ADD_SUB_EXP_rounding_SIZE_DATA8_2554 ) 
        3 EXP_SUB ( ADD_SUB_EXP_sub_SIZE_EXP_SUB8_2625 ) 
           4 CLA_8BIT_UNIT ( ADD_SUB_CLA_8bit_1524 ) 
              5 CLA_4BIT_UNIT_0 ( ADD_SUB_CLA_4bit_1149 ) 
              5 CLA_4BIT_UNIT_1 ( ADD_SUB_CLA_4bit_1148 ) 
        3 EXP_SWAP ( ADD_SUB_EXP_swap_SIZE_DATA8_2696 ) 
        3 LOPD_24BIT ( ADD_SUB_LOPD_24bit_SIZE_DATA24_SIZE_LOPD5_2838 ) 
           4 LOPD_16bit_UNIT_MSB ( ADD_SUB_LOPD_16bit_2767 ) 
              5 LOPD_8bit_unit_0 ( ADD_SUB_LOPD_8bit_2995 ) 
              5 LOPD_8bit_unit_1 ( ADD_SUB_LOPD_8bit_2994 ) 
           4 LOPD_8bit_UNIT_LSB ( ADD_SUB_LOPD_8bit_2993 ) 
        3 MAN_ALU ( ADD_SUB_MAN_ALU_NUM_OP1_SIZE_MAN24_3124 ) 
           4 ALU_SUB_UNIT ( ADD_SUB_CLA_24bit_320 ) 
              5 CLA_BLOCK_GEN[0].CLA_4BIT_UNIT ( ADD_SUB_CLA_4bit_1147 ) 
              5 CLA_BLOCK_GEN[1].CLA_4BIT_UNIT ( ADD_SUB_CLA_4bit_1146 ) 
              5 CLA_BLOCK_GEN[2].CLA_4BIT_UNIT ( ADD_SUB_CLA_4bit_1145 ) 
              5 CLA_BLOCK_GEN[3].CLA_4BIT_UNIT ( ADD_SUB_CLA_4bit_1144 ) 
              5 CLA_BLOCK_GEN[4].CLA_4BIT_UNIT ( ADD_SUB_CLA_4bit_1143 ) 
              5 CLA_BLOCK_GEN[5].CLA_4BIT_UNIT ( ADD_SUB_CLA_4bit_1142 ) 
        3 MAN_ALU_PROC_RND ( ADD_SUB_CLS_4bit_1624 ) 
        3 MAN_COMP_24BIT ( ADD_SUB_COMP_24bit_SIZE_DATA24_1695 ) 
           4 u_i_data_0 ( ADD_SUB_COMP_4bit_2065 ) 
           4 u_i_data_1 ( ADD_SUB_COMP_4bit_2064 ) 
           4 u_i_data_2 ( ADD_SUB_COMP_4bit_2063 ) 
           4 u_i_data_3 ( ADD_SUB_COMP_4bit_2062 ) 
           4 u_i_data_4 ( ADD_SUB_COMP_4bit_2061 ) 
           4 u_i_data_5 ( ADD_SUB_COMP_4bit_2060 ) 
        3 MAN_RND ( ADD_SUB_MAN_rounding_SIZE_MAN32_SIZE_MAN_RESULT24_3195 ) 
        3 MAN_SWAP ( ADD_SUB_MAN_swap_SIZE_MAN24_3308 ) 
        3 MAN_SWAP_PRE ( ADD_SUB_MAN_swap_SIZE_MAN24_3309 ) 
        3 NOR_UNIT ( ADD_SUB_NOR_unit_SIZE_LOPD5_SIZE_DATA32_3409 ) 
           4 SHF_left_unit ( ADD_SUB_SHF_left_SIZE_DATA32_SIZE_SHIFT5_3551 ) 
        3 PSC_UNIT ( ADD_SUB_PSC_unit_3480 ) 
        3 SHF_RIGHT_MAN ( ADD_SUB_SHF_right_SIZE_DATA32_SIZE_SHIFT5_3622 ) 
        3 SIGN_UNIT ( ADD_SUB_SIGN_unit_3693 ) 
  1 BFLY2_1 ( Butterfly_Unit_SIZE_DATA32_3728 ) 
     2 add0 ( FPU_add_sub_NUM_OP1_6889 ) 
        3 EXP_ADJUST ( ADD_SUB_EXP_adjust_SIZE_EXP8_SIZE_LOPD8_2410 ) 
           4 CLA_8BIT_UNIT ( ADD_SUB_CLA_8bit_1519 ) 
              5 CLA_4BIT_UNIT_0 ( ADD_SUB_CLA_4bit_1121 ) 
              5 CLA_4BIT_UNIT_1 ( ADD_SUB_CLA_4bit_1120 ) 
        3 EXP_COM_8BIT ( ADD_SUB_EXP_comp_SIZE_DATA8_2481 ) 
           4 COMP_LESS_UNIT ( ADD_SUB_COMP_8bit_SIZE_DATA8_2339 ) 
              5 u_high ( ADD_SUB_COMP_4bit_2050 ) 
              5 u_low ( ADD_SUB_COMP_4bit_2051 ) 
        3 EXP_RND ( ADD_SUB_EXP_rounding_SIZE_DATA8_2552 ) 
        3 EXP_SUB ( ADD_SUB_EXP_sub_SIZE_EXP_SUB8_2623 ) 
           4 CLA_8BIT_UNIT ( ADD_SUB_CLA_8bit_1520 ) 
              5 CLA_4BIT_UNIT_0 ( ADD_SUB_CLA_4bit_1129 ) 
              5 CLA_4BIT_UNIT_1 ( ADD_SUB_CLA_4bit_1128 ) 
        3 EXP_SWAP ( ADD_SUB_EXP_swap_SIZE_DATA8_2694 ) 
        3 LOPD_24BIT ( ADD_SUB_LOPD_24bit_SIZE_DATA24_SIZE_LOPD5_2836 ) 
           4 LOPD_16bit_UNIT_MSB ( ADD_SUB_LOPD_16bit_2765 ) 
              5 LOPD_8bit_unit_0 ( ADD_SUB_LOPD_8bit_2989 ) 
              5 LOPD_8bit_unit_1 ( ADD_SUB_LOPD_8bit_2988 ) 
           4 LOPD_8bit_UNIT_LSB ( ADD_SUB_LOPD_8bit_2987 ) 
        3 MAN_ALU ( ADD_SUB_MAN_ALU_NUM_OP1_SIZE_MAN24_3122 ) 
           4 ALU_SUB_UNIT ( ADD_SUB_CLA_24bit_318 ) 
              5 CLA_BLOCK_GEN[0].CLA_4BIT_UNIT ( ADD_SUB_CLA_4bit_1127 ) 
              5 CLA_BLOCK_GEN[1].CLA_4BIT_UNIT ( ADD_SUB_CLA_4bit_1126 ) 
              5 CLA_BLOCK_GEN[2].CLA_4BIT_UNIT ( ADD_SUB_CLA_4bit_1125 ) 
              5 CLA_BLOCK_GEN[3].CLA_4BIT_UNIT ( ADD_SUB_CLA_4bit_1124 ) 
              5 CLA_BLOCK_GEN[4].CLA_4BIT_UNIT ( ADD_SUB_CLA_4bit_1123 ) 
              5 CLA_BLOCK_GEN[5].CLA_4BIT_UNIT ( ADD_SUB_CLA_4bit_1122 ) 
        3 MAN_ALU_PROC_RND ( ADD_SUB_CLS_4bit_1622 ) 
        3 MAN_COMP_24BIT ( ADD_SUB_COMP_24bit_SIZE_DATA24_1693 ) 
           4 u_i_data_0 ( ADD_SUB_COMP_4bit_2049 ) 
           4 u_i_data_1 ( ADD_SUB_COMP_4bit_2048 ) 
           4 u_i_data_2 ( ADD_SUB_COMP_4bit_2047 ) 
           4 u_i_data_3 ( ADD_SUB_COMP_4bit_2046 ) 
           4 u_i_data_4 ( ADD_SUB_COMP_4bit_2045 ) 
           4 u_i_data_5 ( ADD_SUB_COMP_4bit_2044 ) 
        3 MAN_RND ( ADD_SUB_MAN_rounding_SIZE_MAN32_SIZE_MAN_RESULT24_3193 ) 
        3 MAN_SWAP ( ADD_SUB_MAN_swap_SIZE_MAN24_3304 ) 
        3 MAN_SWAP_PRE ( ADD_SUB_MAN_swap_SIZE_MAN24_3305 ) 
        3 NOR_UNIT ( ADD_SUB_NOR_unit_SIZE_LOPD5_SIZE_DATA32_3407 ) 
           4 SHF_left_unit ( ADD_SUB_SHF_left_SIZE_DATA32_SIZE_SHIFT5_3549 ) 
        3 PSC_UNIT ( ADD_SUB_PSC_unit_3466 ) 
        3 SHF_RIGHT_MAN ( ADD_SUB_SHF_right_SIZE_DATA32_SIZE_SHIFT5_3620 ) 
        3 SIGN_UNIT ( ADD_SUB_SIGN_unit_3691 ) 
     2 add1 ( FPU_add_sub_NUM_OP1_6888 ) 
        3 EXP_ADJUST ( ADD_SUB_EXP_adjust_SIZE_EXP8_SIZE_LOPD8_2409 ) 
           4 CLA_8BIT_UNIT ( ADD_SUB_CLA_8bit_1517 ) 
              5 CLA_4BIT_UNIT_0 ( ADD_SUB_CLA_4bit_1111 ) 
              5 CLA_4BIT_UNIT_1 ( ADD_SUB_CLA_4bit_1110 ) 
        3 EXP_COM_8BIT ( ADD_SUB_EXP_comp_SIZE_DATA8_2480 ) 
           4 COMP_LESS_UNIT ( ADD_SUB_COMP_8bit_SIZE_DATA8_2338 ) 
              5 u_high ( ADD_SUB_COMP_4bit_2042 ) 
              5 u_low ( ADD_SUB_COMP_4bit_2043 ) 
        3 EXP_RND ( ADD_SUB_EXP_rounding_SIZE_DATA8_2551 ) 
        3 EXP_SUB ( ADD_SUB_EXP_sub_SIZE_EXP_SUB8_2622 ) 
           4 CLA_8BIT_UNIT ( ADD_SUB_CLA_8bit_1518 ) 
              5 CLA_4BIT_UNIT_0 ( ADD_SUB_CLA_4bit_1119 ) 
              5 CLA_4BIT_UNIT_1 ( ADD_SUB_CLA_4bit_1118 ) 
        3 EXP_SWAP ( ADD_SUB_EXP_swap_SIZE_DATA8_2693 ) 
        3 LOPD_24BIT ( ADD_SUB_LOPD_24bit_SIZE_DATA24_SIZE_LOPD5_2835 ) 
           4 LOPD_16bit_UNIT_MSB ( ADD_SUB_LOPD_16bit_2764 ) 
              5 LOPD_8bit_unit_0 ( ADD_SUB_LOPD_8bit_2986 ) 
              5 LOPD_8bit_unit_1 ( ADD_SUB_LOPD_8bit_2985 ) 
           4 LOPD_8bit_UNIT_LSB ( ADD_SUB_LOPD_8bit_2984 ) 
        3 MAN_ALU ( ADD_SUB_MAN_ALU_NUM_OP1_SIZE_MAN24_3121 ) 
           4 ALU_SUB_UNIT ( ADD_SUB_CLA_24bit_317 ) 
              5 CLA_BLOCK_GEN[0].CLA_4BIT_UNIT ( ADD_SUB_CLA_4bit_1117 ) 
              5 CLA_BLOCK_GEN[1].CLA_4BIT_UNIT ( ADD_SUB_CLA_4bit_1116 ) 
              5 CLA_BLOCK_GEN[2].CLA_4BIT_UNIT ( ADD_SUB_CLA_4bit_1115 ) 
              5 CLA_BLOCK_GEN[3].CLA_4BIT_UNIT ( ADD_SUB_CLA_4bit_1114 ) 
              5 CLA_BLOCK_GEN[4].CLA_4BIT_UNIT ( ADD_SUB_CLA_4bit_1113 ) 
              5 CLA_BLOCK_GEN[5].CLA_4BIT_UNIT ( ADD_SUB_CLA_4bit_1112 ) 
        3 MAN_ALU_PROC_RND ( ADD_SUB_CLS_4bit_1621 ) 
        3 MAN_COMP_24BIT ( ADD_SUB_COMP_24bit_SIZE_DATA24_1692 ) 
           4 u_i_data_0 ( ADD_SUB_COMP_4bit_2041 ) 
           4 u_i_data_1 ( ADD_SUB_COMP_4bit_2040 ) 
           4 u_i_data_2 ( ADD_SUB_COMP_4bit_2039 ) 
           4 u_i_data_3 ( ADD_SUB_COMP_4bit_2038 ) 
           4 u_i_data_4 ( ADD_SUB_COMP_4bit_2037 ) 
           4 u_i_data_5 ( ADD_SUB_COMP_4bit_2036 ) 
        3 MAN_RND ( ADD_SUB_MAN_rounding_SIZE_MAN32_SIZE_MAN_RESULT24_3192 ) 
        3 MAN_SWAP ( ADD_SUB_MAN_swap_SIZE_MAN24_3302 ) 
        3 MAN_SWAP_PRE ( ADD_SUB_MAN_swap_SIZE_MAN24_3303 ) 
        3 NOR_UNIT ( ADD_SUB_NOR_unit_SIZE_LOPD5_SIZE_DATA32_3406 ) 
           4 SHF_left_unit ( ADD_SUB_SHF_left_SIZE_DATA32_SIZE_SHIFT5_3548 ) 
        3 PSC_UNIT ( ADD_SUB_PSC_unit_3477 ) 
        3 SHF_RIGHT_MAN ( ADD_SUB_SHF_right_SIZE_DATA32_SIZE_SHIFT5_3619 ) 
        3 SIGN_UNIT ( ADD_SUB_SIGN_unit_3690 ) 
     2 add2 ( FPU_add_sub_NUM_OP1_6887 ) 
        3 EXP_ADJUST ( ADD_SUB_EXP_adjust_SIZE_EXP8_SIZE_LOPD8_2408 ) 
           4 CLA_8BIT_UNIT ( ADD_SUB_CLA_8bit_1515 ) 
              5 CLA_4BIT_UNIT_0 ( ADD_SUB_CLA_4bit_1101 ) 
              5 CLA_4BIT_UNIT_1 ( ADD_SUB_CLA_4bit_1100 ) 
        3 EXP_COM_8BIT ( ADD_SUB_EXP_comp_SIZE_DATA8_2479 ) 
           4 COMP_LESS_UNIT ( ADD_SUB_COMP_8bit_SIZE_DATA8_2337 ) 
              5 u_high ( ADD_SUB_COMP_4bit_2034 ) 
              5 u_low ( ADD_SUB_COMP_4bit_2035 ) 
        3 EXP_RND ( ADD_SUB_EXP_rounding_SIZE_DATA8_2550 ) 
        3 EXP_SUB ( ADD_SUB_EXP_sub_SIZE_EXP_SUB8_2621 ) 
           4 CLA_8BIT_UNIT ( ADD_SUB_CLA_8bit_1516 ) 
              5 CLA_4BIT_UNIT_0 ( ADD_SUB_CLA_4bit_1109 ) 
              5 CLA_4BIT_UNIT_1 ( ADD_SUB_CLA_4bit_1108 ) 
        3 EXP_SWAP ( ADD_SUB_EXP_swap_SIZE_DATA8_2692 ) 
        3 LOPD_24BIT ( ADD_SUB_LOPD_24bit_SIZE_DATA24_SIZE_LOPD5_2834 ) 
           4 LOPD_16bit_UNIT_MSB ( ADD_SUB_LOPD_16bit_2763 ) 
              5 LOPD_8bit_unit_0 ( ADD_SUB_LOPD_8bit_2983 ) 
              5 LOPD_8bit_unit_1 ( ADD_SUB_LOPD_8bit_2982 ) 
           4 LOPD_8bit_UNIT_LSB ( ADD_SUB_LOPD_8bit_2981 ) 
        3 MAN_ALU ( ADD_SUB_MAN_ALU_NUM_OP1_SIZE_MAN24_3120 ) 
           4 ALU_SUB_UNIT ( ADD_SUB_CLA_24bit_316 ) 
              5 CLA_BLOCK_GEN[0].CLA_4BIT_UNIT ( ADD_SUB_CLA_4bit_1107 ) 
              5 CLA_BLOCK_GEN[1].CLA_4BIT_UNIT ( ADD_SUB_CLA_4bit_1106 ) 
              5 CLA_BLOCK_GEN[2].CLA_4BIT_UNIT ( ADD_SUB_CLA_4bit_1105 ) 
              5 CLA_BLOCK_GEN[3].CLA_4BIT_UNIT ( ADD_SUB_CLA_4bit_1104 ) 
              5 CLA_BLOCK_GEN[4].CLA_4BIT_UNIT ( ADD_SUB_CLA_4bit_1103 ) 
              5 CLA_BLOCK_GEN[5].CLA_4BIT_UNIT ( ADD_SUB_CLA_4bit_1102 ) 
        3 MAN_ALU_PROC_RND ( ADD_SUB_CLS_4bit_1620 ) 
        3 MAN_COMP_24BIT ( ADD_SUB_COMP_24bit_SIZE_DATA24_1691 ) 
           4 u_i_data_0 ( ADD_SUB_COMP_4bit_2033 ) 
           4 u_i_data_1 ( ADD_SUB_COMP_4bit_2032 ) 
           4 u_i_data_2 ( ADD_SUB_COMP_4bit_2031 ) 
           4 u_i_data_3 ( ADD_SUB_COMP_4bit_2030 ) 
           4 u_i_data_4 ( ADD_SUB_COMP_4bit_2029 ) 
           4 u_i_data_5 ( ADD_SUB_COMP_4bit_2028 ) 
        3 MAN_RND ( ADD_SUB_MAN_rounding_SIZE_MAN32_SIZE_MAN_RESULT24_3191 ) 
        3 MAN_SWAP ( ADD_SUB_MAN_swap_SIZE_MAN24_3300 ) 
        3 MAN_SWAP_PRE ( ADD_SUB_MAN_swap_SIZE_MAN24_3301 ) 
        3 NOR_UNIT ( ADD_SUB_NOR_unit_SIZE_LOPD5_SIZE_DATA32_3405 ) 
           4 SHF_left_unit ( ADD_SUB_SHF_left_SIZE_DATA32_SIZE_SHIFT5_3547 ) 
        3 PSC_UNIT ( ADD_SUB_PSC_unit_3476 ) 
        3 SHF_RIGHT_MAN ( ADD_SUB_SHF_right_SIZE_DATA32_SIZE_SHIFT5_3618 ) 
        3 SIGN_UNIT ( ADD_SUB_SIGN_unit_3689 ) 
     2 mul0 ( fpu_mul_SIZE_DATA32_8055 ) 
        3 PSC_UNIT ( MUL_PSC_unit_SIZE_EXP8_SIZE_MAN24_7608 ) 
     2 mul1 ( fpu_mul_SIZE_DATA32_8054 ) 
        3 EXP_ROUNDING_UNIT ( MUL_EXP_rounding_SIZE_DATA8_7135 ) 
        3 LOPD_UNIT ( MUL_LOPD_24bit_SIZE_DATA24_SIZE_LOPD5_7276 ) 
           4 LOPD_16bit_UNIT_MSB ( MUL_LOPD_16bit_7229 ) 
              5 LOPD_8bit_unit_0 ( MUL_LOPD_8bit_7377 ) 
              5 LOPD_8bit_unit_1 ( MUL_LOPD_8bit_7376 ) 
           4 LOPD_8bit_UNIT_LSB ( MUL_LOPD_8bit_7375 ) 
        3 MAN_MUL_UNIT ( MUL_MAN_mul_SIZE_DATA24_7466 ) 
           4 MUL_UNIT_MAN_UNIT ( Multiplier_7748 ) 
              5 u_booth ( Modified_booth_N24_NUM_PP13_7701 ) 
              5 u_cla ( CLA_adder_top_WIDTH48_FANIN4_3759 ) 
                 6 cla_tree ( cla_logic_tree_level_WIDTH48_FANIN4_7936 ) 
                    7 COMPUTE_DETAILED_CARRY[10].cla_unit ( CLA_logic_WIDTH4_4218 ) 
                    7 COMPUTE_DETAILED_CARRY[11].cla_unit ( CLA_logic_WIDTH4_4217 ) 
                    7 COMPUTE_DETAILED_CARRY[2].cla_unit ( CLA_logic_WIDTH4_4226 ) 
                    7 COMPUTE_DETAILED_CARRY[3].cla_unit ( CLA_logic_WIDTH4_4225 ) 
                    7 COMPUTE_DETAILED_CARRY[4].cla_unit ( CLA_logic_WIDTH4_4224 ) 
                    7 COMPUTE_DETAILED_CARRY[5].cla_unit ( CLA_logic_WIDTH4_4223 ) 
                    7 COMPUTE_DETAILED_CARRY[6].cla_unit ( CLA_logic_WIDTH4_4222 ) 
                    7 COMPUTE_DETAILED_CARRY[7].cla_unit ( CLA_logic_WIDTH4_4221 ) 
                    7 COMPUTE_DETAILED_CARRY[8].cla_unit ( CLA_logic_WIDTH4_4220 ) 
                    7 COMPUTE_DETAILED_CARRY[9].cla_unit ( CLA_logic_WIDTH4_4219 ) 
                    7 MULTI_GROUP.next_level ( cla_logic_tree_level_WIDTH12_FANIN4_7842 ) 
                       8 COMPUTE_DETAILED_CARRY[0].cla_unit ( CLA_logic_WIDTH4_4231 ) 
                       8 COMPUTE_DETAILED_CARRY[1].cla_unit ( CLA_logic_WIDTH4_4230 ) 
                       8 COMPUTE_DETAILED_CARRY[2].cla_unit ( CLA_logic_WIDTH4_4229 ) 
                       8 MULTI_GROUP.next_level ( cla_logic_tree_level_WIDTH3_FANIN4_7889 ) 
                          9 COMPUTE_DETAILED_CARRY[0].cla_unit ( CLA_logic_WIDTH3_3806 ) 
              5 u_merge ( wallace_final_merge_WIDTH48_9744 ) 
                 6 csa_row[10].u_fa ( FA_1bit_5831 ) 
                 6 csa_row[11].u_fa ( FA_1bit_5830 ) 
                 6 csa_row[12].u_fa ( FA_1bit_5829 ) 
                 6 csa_row[13].u_fa ( FA_1bit_5828 ) 
                 6 csa_row[14].u_fa ( FA_1bit_5827 ) 
                 6 csa_row[15].u_fa ( FA_1bit_5826 ) 
                 6 csa_row[16].u_fa ( FA_1bit_5825 ) 
                 6 csa_row[17].u_fa ( FA_1bit_5824 ) 
                 6 csa_row[18].u_fa ( FA_1bit_5823 ) 
                 6 csa_row[19].u_fa ( FA_1bit_5822 ) 
                 6 csa_row[20].u_fa ( FA_1bit_5821 ) 
                 6 csa_row[21].u_fa ( FA_1bit_5820 ) 
                 6 csa_row[22].u_fa ( FA_1bit_5819 ) 
                 6 csa_row[23].u_fa ( FA_1bit_5818 ) 
                 6 csa_row[24].u_fa ( FA_1bit_5817 ) 
                 6 csa_row[25].u_fa ( FA_1bit_5816 ) 
                 6 csa_row[26].u_fa ( FA_1bit_5815 ) 
                 6 csa_row[27].u_fa ( FA_1bit_5814 ) 
                 6 csa_row[28].u_fa ( FA_1bit_5813 ) 
                 6 csa_row[29].u_fa ( FA_1bit_5812 ) 
                 6 csa_row[30].u_fa ( FA_1bit_5811 ) 
                 6 csa_row[31].u_fa ( FA_1bit_5810 ) 
                 6 csa_row[32].u_fa ( FA_1bit_5809 ) 
                 6 csa_row[33].u_fa ( FA_1bit_5808 ) 
                 6 csa_row[34].u_fa ( FA_1bit_5807 ) 
                 6 csa_row[35].u_fa ( FA_1bit_5806 ) 
                 6 csa_row[36].u_fa ( FA_1bit_5805 ) 
                 6 csa_row[37].u_fa ( FA_1bit_5804 ) 
                 6 csa_row[38].u_fa ( FA_1bit_5803 ) 
                 6 csa_row[39].u_fa ( FA_1bit_5802 ) 
                 6 csa_row[40].u_fa ( FA_1bit_5801 ) 
                 6 csa_row[41].u_fa ( FA_1bit_5800 ) 
                 6 csa_row[42].u_fa ( FA_1bit_5799 ) 
                 6 csa_row[43].u_fa ( FA_1bit_5798 ) 
                 6 csa_row[44].u_fa ( FA_1bit_5797 ) 
                 6 csa_row[45].u_fa ( FA_1bit_5796 ) 
                 6 csa_row[46].u_fa ( FA_1bit_5795 ) 
                 6 csa_row[47].u_fa ( FA_1bit_5794 ) 
                 6 csa_row[6].u_fa ( FA_1bit_5835 ) 
                 6 csa_row[7].u_fa ( FA_1bit_5834 ) 
                 6 csa_row[8].u_fa ( FA_1bit_5833 ) 
                 6 csa_row[9].u_fa ( FA_1bit_5832 ) 
              5 u_wallace ( wallace_tree_N24_NUM_PP13_NUM_CZ12_10073 ) 
                 6 STAGE_GEN[0].u_stage ( wallace_stage_NUM_COLS48_COL_HEIGHTSx000000020000000200000003000000030000000400000004000000050000000500000006000000060000000700000007000000080000000800000009000000090000000a0000000a0000000b0000000b0000000c0000000c0000000d0000000d0000000d0000000c0000000c0000000b0000000b0000000a0000000a0000000900000009000000080000000800000007000000070000000600000006000000050000000500000004000000040000000300000003000000020000000200000001_MAX_H_IN32_MAX_H_OUT32_10026 ) 
                 6 STAGE_GEN[1].u_stage ( wallace_stage_NUM_COLS48_COL_HEIGHTSx000000010000000200000002000000020000000300000003000000030000000400000004000000040000000500000005000000050000000600000006000000060000000700000007000000070000000800000008000000080000000900000009000000090000000800000008000000080000000800000008000000070000000600000006000000060000000600000006000000050000000400000004000000040000000400000004000000030000000200000002000000020000000200000002_MAX_H_IN32_MAX_H_OUT32_9979 ) 
                 6 STAGE_GEN[2].u_stage ( wallace_stage_NUM_COLS48_COL_HEIGHTSx000000010000000100000002000000020000000200000002000000020000000300000003000000030000000300000004000000040000000400000004000000040000000500000005000000050000000500000006000000060000000600000006000000060000000600000006000000060000000600000006000000060000000400000004000000040000000400000004000000040000000400000003000000030000000300000003000000020000000200000002000000020000000200000002_MAX_H_IN32_MAX_H_OUT32_9932 ) 
                 6 STAGE_GEN[3].u_stage ( wallace_stage_NUM_COLS48_COL_HEIGHTSx000000010000000100000001000000020000000200000002000000020000000200000002000000020000000200000003000000030000000300000003000000030000000300000004000000040000000400000004000000040000000400000004000000040000000400000004000000040000000400000004000000040000000400000003000000030000000300000003000000030000000300000002000000020000000200000002000000020000000200000002000000020000000200000002_MAX_H_IN32_MAX_H_OUT32_9885 ) 
                 6 STAGE_GEN[4].u_stage ( wallace_stage_NUM_COLS48_COL_HEIGHTSx000000010000000100000001000000010000000200000002000000020000000200000002000000020000000200000002000000020000000200000002000000020000000200000003000000030000000300000003000000030000000300000003000000030000000300000003000000030000000300000003000000030000000300000002000000020000000200000002000000020000000200000002000000020000000200000002000000020000000200000002000000020000000200000002_MAX_H_IN32_MAX_H_OUT32_9838 ) 
                 6 STAGE_GEN[5].u_stage ( wallace_stage_NUM_COLS48_COL_HEIGHTSx000000010000000100000001000000010000000100000002000000020000000200000002000000020000000200000002000000020000000200000002000000020000000200000002000000020000000200000002000000020000000200000002000000020000000200000002000000020000000200000002000000020000000200000002000000020000000200000002000000020000000200000002000000020000000200000002000000020000000200000002000000020000000200000002_MAX_H_IN32_MAX_H_OUT32_9791 ) 
        3 MAN_ROUNDING_UNIT ( MUL_MAN_rounding_SIZE_MAN24_7513 ) 
        3 MUL_EXP_ADJUST_UNIT ( MUL_EXP_adjust_SIZE_DATA8_SIZE_LOPD8_7088 ) 
           4 CLA_8BIT_UNIT ( MUL_CLA_8bit_7041 ) 
              5 CLA_4BIT_UNIT_0 ( MUL_CLA_4bit_6973 ) 
              5 CLA_4BIT_UNIT_1 ( MUL_CLA_4bit_6972 ) 
        3 NOR_UNIT ( MUL_NOR_unit_SIZE_LOPD5_SIZE_DATA24_7560 ) 
           4 SHF_left_unit ( MUL_SHF_left_SIZE_DATA32_SIZE_SHIFT5_7654 ) 
        3 PSC_UNIT ( MUL_PSC_unit_SIZE_EXP8_SIZE_MAN24_7599 ) 
     2 mul2 ( fpu_mul_SIZE_DATA32_8053 ) 
        3 EXP_ROUNDING_UNIT ( MUL_EXP_rounding_SIZE_DATA8_7134 ) 
        3 LOPD_UNIT ( MUL_LOPD_24bit_SIZE_DATA24_SIZE_LOPD5_7275 ) 
           4 LOPD_16bit_UNIT_MSB ( MUL_LOPD_16bit_7228 ) 
              5 LOPD_8bit_unit_0 ( MUL_LOPD_8bit_7374 ) 
              5 LOPD_8bit_unit_1 ( MUL_LOPD_8bit_7373 ) 
           4 LOPD_8bit_UNIT_LSB ( MUL_LOPD_8bit_7372 ) 
        3 MAN_MUL_UNIT ( MUL_MAN_mul_SIZE_DATA24_7465 ) 
           4 MUL_UNIT_MAN_UNIT ( Multiplier_7747 ) 
              5 u_booth ( Modified_booth_N24_NUM_PP13_7700 ) 
              5 u_cla ( CLA_adder_top_WIDTH48_FANIN4_3758 ) 
                 6 cla_tree ( cla_logic_tree_level_WIDTH48_FANIN4_7935 ) 
                    7 COMPUTE_DETAILED_CARRY[10].cla_unit ( CLA_logic_WIDTH4_4203 ) 
                    7 COMPUTE_DETAILED_CARRY[11].cla_unit ( CLA_logic_WIDTH4_4202 ) 
                    7 COMPUTE_DETAILED_CARRY[2].cla_unit ( CLA_logic_WIDTH4_4211 ) 
                    7 COMPUTE_DETAILED_CARRY[3].cla_unit ( CLA_logic_WIDTH4_4210 ) 
                    7 COMPUTE_DETAILED_CARRY[4].cla_unit ( CLA_logic_WIDTH4_4209 ) 
                    7 COMPUTE_DETAILED_CARRY[5].cla_unit ( CLA_logic_WIDTH4_4208 ) 
                    7 COMPUTE_DETAILED_CARRY[6].cla_unit ( CLA_logic_WIDTH4_4207 ) 
                    7 COMPUTE_DETAILED_CARRY[7].cla_unit ( CLA_logic_WIDTH4_4206 ) 
                    7 COMPUTE_DETAILED_CARRY[8].cla_unit ( CLA_logic_WIDTH4_4205 ) 
                    7 COMPUTE_DETAILED_CARRY[9].cla_unit ( CLA_logic_WIDTH4_4204 ) 
                    7 MULTI_GROUP.next_level ( cla_logic_tree_level_WIDTH12_FANIN4_7841 ) 
                       8 COMPUTE_DETAILED_CARRY[0].cla_unit ( CLA_logic_WIDTH4_4216 ) 
                       8 COMPUTE_DETAILED_CARRY[1].cla_unit ( CLA_logic_WIDTH4_4215 ) 
                       8 COMPUTE_DETAILED_CARRY[2].cla_unit ( CLA_logic_WIDTH4_4214 ) 
                       8 MULTI_GROUP.next_level ( cla_logic_tree_level_WIDTH3_FANIN4_7888 ) 
                          9 COMPUTE_DETAILED_CARRY[0].cla_unit ( CLA_logic_WIDTH3_3805 ) 
              5 u_merge ( wallace_final_merge_WIDTH48_9743 ) 
                 6 csa_row[10].u_fa ( FA_1bit_5783 ) 
                 6 csa_row[11].u_fa ( FA_1bit_5782 ) 
                 6 csa_row[12].u_fa ( FA_1bit_5781 ) 
                 6 csa_row[13].u_fa ( FA_1bit_5780 ) 
                 6 csa_row[14].u_fa ( FA_1bit_5779 ) 
                 6 csa_row[15].u_fa ( FA_1bit_5778 ) 
                 6 csa_row[16].u_fa ( FA_1bit_5777 ) 
                 6 csa_row[17].u_fa ( FA_1bit_5776 ) 
                 6 csa_row[18].u_fa ( FA_1bit_5775 ) 
                 6 csa_row[19].u_fa ( FA_1bit_5774 ) 
                 6 csa_row[20].u_fa ( FA_1bit_5773 ) 
                 6 csa_row[21].u_fa ( FA_1bit_5772 ) 
                 6 csa_row[22].u_fa ( FA_1bit_5771 ) 
                 6 csa_row[23].u_fa ( FA_1bit_5770 ) 
                 6 csa_row[24].u_fa ( FA_1bit_5769 ) 
                 6 csa_row[25].u_fa ( FA_1bit_5768 ) 
                 6 csa_row[26].u_fa ( FA_1bit_5767 ) 
                 6 csa_row[27].u_fa ( FA_1bit_5766 ) 
                 6 csa_row[28].u_fa ( FA_1bit_5765 ) 
                 6 csa_row[29].u_fa ( FA_1bit_5764 ) 
                 6 csa_row[30].u_fa ( FA_1bit_5763 ) 
                 6 csa_row[31].u_fa ( FA_1bit_5762 ) 
                 6 csa_row[32].u_fa ( FA_1bit_5761 ) 
                 6 csa_row[33].u_fa ( FA_1bit_5760 ) 
                 6 csa_row[34].u_fa ( FA_1bit_5759 ) 
                 6 csa_row[35].u_fa ( FA_1bit_5758 ) 
                 6 csa_row[36].u_fa ( FA_1bit_5757 ) 
                 6 csa_row[37].u_fa ( FA_1bit_5756 ) 
                 6 csa_row[38].u_fa ( FA_1bit_5755 ) 
                 6 csa_row[39].u_fa ( FA_1bit_5754 ) 
                 6 csa_row[40].u_fa ( FA_1bit_5753 ) 
                 6 csa_row[41].u_fa ( FA_1bit_5752 ) 
                 6 csa_row[42].u_fa ( FA_1bit_5751 ) 
                 6 csa_row[43].u_fa ( FA_1bit_5750 ) 
                 6 csa_row[44].u_fa ( FA_1bit_5749 ) 
                 6 csa_row[45].u_fa ( FA_1bit_5748 ) 
                 6 csa_row[46].u_fa ( FA_1bit_5747 ) 
                 6 csa_row[47].u_fa ( FA_1bit_5746 ) 
                 6 csa_row[6].u_fa ( FA_1bit_5787 ) 
                 6 csa_row[7].u_fa ( FA_1bit_5786 ) 
                 6 csa_row[8].u_fa ( FA_1bit_5785 ) 
                 6 csa_row[9].u_fa ( FA_1bit_5784 ) 
              5 u_wallace ( wallace_tree_N24_NUM_PP13_NUM_CZ12_10072 ) 
                 6 STAGE_GEN[0].u_stage ( wallace_stage_NUM_COLS48_COL_HEIGHTSx000000020000000200000003000000030000000400000004000000050000000500000006000000060000000700000007000000080000000800000009000000090000000a0000000a0000000b0000000b0000000c0000000c0000000d0000000d0000000d0000000c0000000c0000000b0000000b0000000a0000000a0000000900000009000000080000000800000007000000070000000600000006000000050000000500000004000000040000000300000003000000020000000200000001_MAX_H_IN32_MAX_H_OUT32_10025 ) 
                 6 STAGE_GEN[1].u_stage ( wallace_stage_NUM_COLS48_COL_HEIGHTSx000000010000000200000002000000020000000300000003000000030000000400000004000000040000000500000005000000050000000600000006000000060000000700000007000000070000000800000008000000080000000900000009000000090000000800000008000000080000000800000008000000070000000600000006000000060000000600000006000000050000000400000004000000040000000400000004000000030000000200000002000000020000000200000002_MAX_H_IN32_MAX_H_OUT32_9978 ) 
                 6 STAGE_GEN[2].u_stage ( wallace_stage_NUM_COLS48_COL_HEIGHTSx000000010000000100000002000000020000000200000002000000020000000300000003000000030000000300000004000000040000000400000004000000040000000500000005000000050000000500000006000000060000000600000006000000060000000600000006000000060000000600000006000000060000000400000004000000040000000400000004000000040000000400000003000000030000000300000003000000020000000200000002000000020000000200000002_MAX_H_IN32_MAX_H_OUT32_9931 ) 
                 6 STAGE_GEN[3].u_stage ( wallace_stage_NUM_COLS48_COL_HEIGHTSx000000010000000100000001000000020000000200000002000000020000000200000002000000020000000200000003000000030000000300000003000000030000000300000004000000040000000400000004000000040000000400000004000000040000000400000004000000040000000400000004000000040000000400000003000000030000000300000003000000030000000300000002000000020000000200000002000000020000000200000002000000020000000200000002_MAX_H_IN32_MAX_H_OUT32_9884 ) 
                 6 STAGE_GEN[4].u_stage ( wallace_stage_NUM_COLS48_COL_HEIGHTSx000000010000000100000001000000010000000200000002000000020000000200000002000000020000000200000002000000020000000200000002000000020000000200000003000000030000000300000003000000030000000300000003000000030000000300000003000000030000000300000003000000030000000300000002000000020000000200000002000000020000000200000002000000020000000200000002000000020000000200000002000000020000000200000002_MAX_H_IN32_MAX_H_OUT32_9837 ) 
                 6 STAGE_GEN[5].u_stage ( wallace_stage_NUM_COLS48_COL_HEIGHTSx000000010000000100000001000000010000000100000002000000020000000200000002000000020000000200000002000000020000000200000002000000020000000200000002000000020000000200000002000000020000000200000002000000020000000200000002000000020000000200000002000000020000000200000002000000020000000200000002000000020000000200000002000000020000000200000002000000020000000200000002000000020000000200000002_MAX_H_IN32_MAX_H_OUT32_9790 ) 
        3 MAN_ROUNDING_UNIT ( MUL_MAN_rounding_SIZE_MAN24_7512 ) 
        3 MUL_EXP_ADJUST_UNIT ( MUL_EXP_adjust_SIZE_DATA8_SIZE_LOPD8_7087 ) 
           4 CLA_8BIT_UNIT ( MUL_CLA_8bit_7040 ) 
              5 CLA_4BIT_UNIT_0 ( MUL_CLA_4bit_6971 ) 
              5 CLA_4BIT_UNIT_1 ( MUL_CLA_4bit_6970 ) 
        3 NOR_UNIT ( MUL_NOR_unit_SIZE_LOPD5_SIZE_DATA24_7559 ) 
           4 SHF_left_unit ( MUL_SHF_left_SIZE_DATA32_SIZE_SHIFT5_7653 ) 
        3 PSC_UNIT ( MUL_PSC_unit_SIZE_EXP8_SIZE_MAN24_7606 ) 
     2 mul3 ( fpu_mul_SIZE_DATA32_8052 ) 
        3 PSC_UNIT ( MUL_PSC_unit_SIZE_EXP8_SIZE_MAN24_7605 ) 
     2 sub0 ( FPU_add_sub_NUM_OP1_6890 ) 
        3 EXP_ADJUST ( ADD_SUB_EXP_adjust_SIZE_EXP8_SIZE_LOPD8_2411 ) 
           4 CLA_8BIT_UNIT ( ADD_SUB_CLA_8bit_1521 ) 
              5 CLA_4BIT_UNIT_0 ( ADD_SUB_CLA_4bit_1131 ) 
              5 CLA_4BIT_UNIT_1 ( ADD_SUB_CLA_4bit_1130 ) 
        3 EXP_COM_8BIT ( ADD_SUB_EXP_comp_SIZE_DATA8_2482 ) 
           4 COMP_LESS_UNIT ( ADD_SUB_COMP_8bit_SIZE_DATA8_2340 ) 
              5 u_high ( ADD_SUB_COMP_4bit_2058 ) 
              5 u_low ( ADD_SUB_COMP_4bit_2059 ) 
        3 EXP_RND ( ADD_SUB_EXP_rounding_SIZE_DATA8_2553 ) 
        3 EXP_SUB ( ADD_SUB_EXP_sub_SIZE_EXP_SUB8_2624 ) 
           4 CLA_8BIT_UNIT ( ADD_SUB_CLA_8bit_1522 ) 
              5 CLA_4BIT_UNIT_0 ( ADD_SUB_CLA_4bit_1139 ) 
              5 CLA_4BIT_UNIT_1 ( ADD_SUB_CLA_4bit_1138 ) 
        3 EXP_SWAP ( ADD_SUB_EXP_swap_SIZE_DATA8_2695 ) 
        3 LOPD_24BIT ( ADD_SUB_LOPD_24bit_SIZE_DATA24_SIZE_LOPD5_2837 ) 
           4 LOPD_16bit_UNIT_MSB ( ADD_SUB_LOPD_16bit_2766 ) 
              5 LOPD_8bit_unit_0 ( ADD_SUB_LOPD_8bit_2992 ) 
              5 LOPD_8bit_unit_1 ( ADD_SUB_LOPD_8bit_2991 ) 
           4 LOPD_8bit_UNIT_LSB ( ADD_SUB_LOPD_8bit_2990 ) 
        3 MAN_ALU ( ADD_SUB_MAN_ALU_NUM_OP1_SIZE_MAN24_3123 ) 
           4 ALU_SUB_UNIT ( ADD_SUB_CLA_24bit_319 ) 
              5 CLA_BLOCK_GEN[0].CLA_4BIT_UNIT ( ADD_SUB_CLA_4bit_1137 ) 
              5 CLA_BLOCK_GEN[1].CLA_4BIT_UNIT ( ADD_SUB_CLA_4bit_1136 ) 
              5 CLA_BLOCK_GEN[2].CLA_4BIT_UNIT ( ADD_SUB_CLA_4bit_1135 ) 
              5 CLA_BLOCK_GEN[3].CLA_4BIT_UNIT ( ADD_SUB_CLA_4bit_1134 ) 
              5 CLA_BLOCK_GEN[4].CLA_4BIT_UNIT ( ADD_SUB_CLA_4bit_1133 ) 
              5 CLA_BLOCK_GEN[5].CLA_4BIT_UNIT ( ADD_SUB_CLA_4bit_1132 ) 
        3 MAN_ALU_PROC_RND ( ADD_SUB_CLS_4bit_1623 ) 
        3 MAN_COMP_24BIT ( ADD_SUB_COMP_24bit_SIZE_DATA24_1694 ) 
           4 u_i_data_0 ( ADD_SUB_COMP_4bit_2057 ) 
           4 u_i_data_1 ( ADD_SUB_COMP_4bit_2056 ) 
           4 u_i_data_2 ( ADD_SUB_COMP_4bit_2055 ) 
           4 u_i_data_3 ( ADD_SUB_COMP_4bit_2054 ) 
           4 u_i_data_4 ( ADD_SUB_COMP_4bit_2053 ) 
           4 u_i_data_5 ( ADD_SUB_COMP_4bit_2052 ) 
        3 MAN_RND ( ADD_SUB_MAN_rounding_SIZE_MAN32_SIZE_MAN_RESULT24_3194 ) 
        3 MAN_SWAP ( ADD_SUB_MAN_swap_SIZE_MAN24_3306 ) 
        3 MAN_SWAP_PRE ( ADD_SUB_MAN_swap_SIZE_MAN24_3307 ) 
        3 NOR_UNIT ( ADD_SUB_NOR_unit_SIZE_LOPD5_SIZE_DATA32_3408 ) 
           4 SHF_left_unit ( ADD_SUB_SHF_left_SIZE_DATA32_SIZE_SHIFT5_3550 ) 
        3 PSC_UNIT ( ADD_SUB_PSC_unit_3467 ) 
        3 SHF_RIGHT_MAN ( ADD_SUB_SHF_right_SIZE_DATA32_SIZE_SHIFT5_3621 ) 
        3 SIGN_UNIT ( ADD_SUB_SIGN_unit_3692 ) 
     2 sub1 ( FPU_add_sub_NUM_OP1_6886 ) 
        3 EXP_ADJUST ( ADD_SUB_EXP_adjust_SIZE_EXP8_SIZE_LOPD8_2407 ) 
           4 CLA_8BIT_UNIT ( ADD_SUB_CLA_8bit_1513 ) 
              5 CLA_4BIT_UNIT_0 ( ADD_SUB_CLA_4bit_1091 ) 
              5 CLA_4BIT_UNIT_1 ( ADD_SUB_CLA_4bit_1090 ) 
        3 EXP_COM_8BIT ( ADD_SUB_EXP_comp_SIZE_DATA8_2478 ) 
           4 COMP_LESS_UNIT ( ADD_SUB_COMP_8bit_SIZE_DATA8_2336 ) 
              5 u_high ( ADD_SUB_COMP_4bit_2026 ) 
              5 u_low ( ADD_SUB_COMP_4bit_2027 ) 
        3 EXP_RND ( ADD_SUB_EXP_rounding_SIZE_DATA8_2549 ) 
        3 EXP_SUB ( ADD_SUB_EXP_sub_SIZE_EXP_SUB8_2620 ) 
           4 CLA_8BIT_UNIT ( ADD_SUB_CLA_8bit_1514 ) 
              5 CLA_4BIT_UNIT_0 ( ADD_SUB_CLA_4bit_1099 ) 
              5 CLA_4BIT_UNIT_1 ( ADD_SUB_CLA_4bit_1098 ) 
        3 EXP_SWAP ( ADD_SUB_EXP_swap_SIZE_DATA8_2691 ) 
        3 LOPD_24BIT ( ADD_SUB_LOPD_24bit_SIZE_DATA24_SIZE_LOPD5_2833 ) 
           4 LOPD_16bit_UNIT_MSB ( ADD_SUB_LOPD_16bit_2762 ) 
              5 LOPD_8bit_unit_0 ( ADD_SUB_LOPD_8bit_2980 ) 
              5 LOPD_8bit_unit_1 ( ADD_SUB_LOPD_8bit_2979 ) 
           4 LOPD_8bit_UNIT_LSB ( ADD_SUB_LOPD_8bit_2978 ) 
        3 MAN_ALU ( ADD_SUB_MAN_ALU_NUM_OP1_SIZE_MAN24_3119 ) 
           4 ALU_SUB_UNIT ( ADD_SUB_CLA_24bit_315 ) 
              5 CLA_BLOCK_GEN[0].CLA_4BIT_UNIT ( ADD_SUB_CLA_4bit_1097 ) 
              5 CLA_BLOCK_GEN[1].CLA_4BIT_UNIT ( ADD_SUB_CLA_4bit_1096 ) 
              5 CLA_BLOCK_GEN[2].CLA_4BIT_UNIT ( ADD_SUB_CLA_4bit_1095 ) 
              5 CLA_BLOCK_GEN[3].CLA_4BIT_UNIT ( ADD_SUB_CLA_4bit_1094 ) 
              5 CLA_BLOCK_GEN[4].CLA_4BIT_UNIT ( ADD_SUB_CLA_4bit_1093 ) 
              5 CLA_BLOCK_GEN[5].CLA_4BIT_UNIT ( ADD_SUB_CLA_4bit_1092 ) 
        3 MAN_ALU_PROC_RND ( ADD_SUB_CLS_4bit_1619 ) 
        3 MAN_COMP_24BIT ( ADD_SUB_COMP_24bit_SIZE_DATA24_1690 ) 
           4 u_i_data_0 ( ADD_SUB_COMP_4bit_2025 ) 
           4 u_i_data_1 ( ADD_SUB_COMP_4bit_2024 ) 
           4 u_i_data_2 ( ADD_SUB_COMP_4bit_2023 ) 
           4 u_i_data_3 ( ADD_SUB_COMP_4bit_2022 ) 
           4 u_i_data_4 ( ADD_SUB_COMP_4bit_2021 ) 
           4 u_i_data_5 ( ADD_SUB_COMP_4bit_2020 ) 
        3 MAN_RND ( ADD_SUB_MAN_rounding_SIZE_MAN32_SIZE_MAN_RESULT24_3190 ) 
        3 MAN_SWAP ( ADD_SUB_MAN_swap_SIZE_MAN24_3298 ) 
        3 MAN_SWAP_PRE ( ADD_SUB_MAN_swap_SIZE_MAN24_3299 ) 
        3 NOR_UNIT ( ADD_SUB_NOR_unit_SIZE_LOPD5_SIZE_DATA32_3404 ) 
           4 SHF_left_unit ( ADD_SUB_SHF_left_SIZE_DATA32_SIZE_SHIFT5_3546 ) 
        3 PSC_UNIT ( ADD_SUB_PSC_unit_3475 ) 
        3 SHF_RIGHT_MAN ( ADD_SUB_SHF_right_SIZE_DATA32_SIZE_SHIFT5_3617 ) 
        3 SIGN_UNIT ( ADD_SUB_SIGN_unit_3688 ) 
     2 sub2 ( FPU_add_sub_NUM_OP1_6885 ) 
        3 EXP_ADJUST ( ADD_SUB_EXP_adjust_SIZE_EXP8_SIZE_LOPD8_2406 ) 
           4 CLA_8BIT_UNIT ( ADD_SUB_CLA_8bit_1511 ) 
              5 CLA_4BIT_UNIT_0 ( ADD_SUB_CLA_4bit_1081 ) 
              5 CLA_4BIT_UNIT_1 ( ADD_SUB_CLA_4bit_1080 ) 
        3 EXP_COM_8BIT ( ADD_SUB_EXP_comp_SIZE_DATA8_2477 ) 
           4 COMP_LESS_UNIT ( ADD_SUB_COMP_8bit_SIZE_DATA8_2335 ) 
              5 u_high ( ADD_SUB_COMP_4bit_2018 ) 
              5 u_low ( ADD_SUB_COMP_4bit_2019 ) 
        3 EXP_RND ( ADD_SUB_EXP_rounding_SIZE_DATA8_2548 ) 
        3 EXP_SUB ( ADD_SUB_EXP_sub_SIZE_EXP_SUB8_2619 ) 
           4 CLA_8BIT_UNIT ( ADD_SUB_CLA_8bit_1512 ) 
              5 CLA_4BIT_UNIT_0 ( ADD_SUB_CLA_4bit_1089 ) 
              5 CLA_4BIT_UNIT_1 ( ADD_SUB_CLA_4bit_1088 ) 
        3 EXP_SWAP ( ADD_SUB_EXP_swap_SIZE_DATA8_2690 ) 
        3 LOPD_24BIT ( ADD_SUB_LOPD_24bit_SIZE_DATA24_SIZE_LOPD5_2832 ) 
           4 LOPD_16bit_UNIT_MSB ( ADD_SUB_LOPD_16bit_2761 ) 
              5 LOPD_8bit_unit_0 ( ADD_SUB_LOPD_8bit_2977 ) 
              5 LOPD_8bit_unit_1 ( ADD_SUB_LOPD_8bit_2976 ) 
           4 LOPD_8bit_UNIT_LSB ( ADD_SUB_LOPD_8bit_2975 ) 
        3 MAN_ALU ( ADD_SUB_MAN_ALU_NUM_OP1_SIZE_MAN24_3118 ) 
           4 ALU_SUB_UNIT ( ADD_SUB_CLA_24bit_314 ) 
              5 CLA_BLOCK_GEN[0].CLA_4BIT_UNIT ( ADD_SUB_CLA_4bit_1087 ) 
              5 CLA_BLOCK_GEN[1].CLA_4BIT_UNIT ( ADD_SUB_CLA_4bit_1086 ) 
              5 CLA_BLOCK_GEN[2].CLA_4BIT_UNIT ( ADD_SUB_CLA_4bit_1085 ) 
              5 CLA_BLOCK_GEN[3].CLA_4BIT_UNIT ( ADD_SUB_CLA_4bit_1084 ) 
              5 CLA_BLOCK_GEN[4].CLA_4BIT_UNIT ( ADD_SUB_CLA_4bit_1083 ) 
              5 CLA_BLOCK_GEN[5].CLA_4BIT_UNIT ( ADD_SUB_CLA_4bit_1082 ) 
        3 MAN_ALU_PROC_RND ( ADD_SUB_CLS_4bit_1618 ) 
        3 MAN_COMP_24BIT ( ADD_SUB_COMP_24bit_SIZE_DATA24_1689 ) 
           4 u_i_data_0 ( ADD_SUB_COMP_4bit_2017 ) 
           4 u_i_data_1 ( ADD_SUB_COMP_4bit_2016 ) 
           4 u_i_data_2 ( ADD_SUB_COMP_4bit_2015 ) 
           4 u_i_data_3 ( ADD_SUB_COMP_4bit_2014 ) 
           4 u_i_data_4 ( ADD_SUB_COMP_4bit_2013 ) 
           4 u_i_data_5 ( ADD_SUB_COMP_4bit_2012 ) 
        3 MAN_RND ( ADD_SUB_MAN_rounding_SIZE_MAN32_SIZE_MAN_RESULT24_3189 ) 
        3 MAN_SWAP ( ADD_SUB_MAN_swap_SIZE_MAN24_3296 ) 
        3 MAN_SWAP_PRE ( ADD_SUB_MAN_swap_SIZE_MAN24_3297 ) 
        3 NOR_UNIT ( ADD_SUB_NOR_unit_SIZE_LOPD5_SIZE_DATA32_3403 ) 
           4 SHF_left_unit ( ADD_SUB_SHF_left_SIZE_DATA32_SIZE_SHIFT5_3545 ) 
        3 PSC_UNIT ( ADD_SUB_PSC_unit_3474 ) 
        3 SHF_RIGHT_MAN ( ADD_SUB_SHF_right_SIZE_DATA32_SIZE_SHIFT5_3616 ) 
        3 SIGN_UNIT ( ADD_SUB_SIGN_unit_3687 ) 
  1 BFLY2_2 ( Butterfly_Unit_SIZE_DATA32_3727 ) 
     2 add0 ( FPU_add_sub_NUM_OP1_6883 ) 
        3 EXP_ADJUST ( ADD_SUB_EXP_adjust_SIZE_EXP8_SIZE_LOPD8_2404 ) 
           4 CLA_8BIT_UNIT ( ADD_SUB_CLA_8bit_1507 ) 
              5 CLA_4BIT_UNIT_0 ( ADD_SUB_CLA_4bit_1061 ) 
              5 CLA_4BIT_UNIT_1 ( ADD_SUB_CLA_4bit_1060 ) 
        3 EXP_COM_8BIT ( ADD_SUB_EXP_comp_SIZE_DATA8_2475 ) 
           4 COMP_LESS_UNIT ( ADD_SUB_COMP_8bit_SIZE_DATA8_2333 ) 
              5 u_high ( ADD_SUB_COMP_4bit_2002 ) 
              5 u_low ( ADD_SUB_COMP_4bit_2003 ) 
        3 EXP_RND ( ADD_SUB_EXP_rounding_SIZE_DATA8_2546 ) 
        3 EXP_SUB ( ADD_SUB_EXP_sub_SIZE_EXP_SUB8_2617 ) 
           4 CLA_8BIT_UNIT ( ADD_SUB_CLA_8bit_1508 ) 
              5 CLA_4BIT_UNIT_0 ( ADD_SUB_CLA_4bit_1069 ) 
              5 CLA_4BIT_UNIT_1 ( ADD_SUB_CLA_4bit_1068 ) 
        3 EXP_SWAP ( ADD_SUB_EXP_swap_SIZE_DATA8_2688 ) 
        3 LOPD_24BIT ( ADD_SUB_LOPD_24bit_SIZE_DATA24_SIZE_LOPD5_2830 ) 
           4 LOPD_16bit_UNIT_MSB ( ADD_SUB_LOPD_16bit_2759 ) 
              5 LOPD_8bit_unit_0 ( ADD_SUB_LOPD_8bit_2971 ) 
              5 LOPD_8bit_unit_1 ( ADD_SUB_LOPD_8bit_2970 ) 
           4 LOPD_8bit_UNIT_LSB ( ADD_SUB_LOPD_8bit_2969 ) 
        3 MAN_ALU ( ADD_SUB_MAN_ALU_NUM_OP1_SIZE_MAN24_3116 ) 
           4 ALU_SUB_UNIT ( ADD_SUB_CLA_24bit_312 ) 
              5 CLA_BLOCK_GEN[0].CLA_4BIT_UNIT ( ADD_SUB_CLA_4bit_1067 ) 
              5 CLA_BLOCK_GEN[1].CLA_4BIT_UNIT ( ADD_SUB_CLA_4bit_1066 ) 
              5 CLA_BLOCK_GEN[2].CLA_4BIT_UNIT ( ADD_SUB_CLA_4bit_1065 ) 
              5 CLA_BLOCK_GEN[3].CLA_4BIT_UNIT ( ADD_SUB_CLA_4bit_1064 ) 
              5 CLA_BLOCK_GEN[4].CLA_4BIT_UNIT ( ADD_SUB_CLA_4bit_1063 ) 
              5 CLA_BLOCK_GEN[5].CLA_4BIT_UNIT ( ADD_SUB_CLA_4bit_1062 ) 
        3 MAN_ALU_PROC_RND ( ADD_SUB_CLS_4bit_1616 ) 
        3 MAN_COMP_24BIT ( ADD_SUB_COMP_24bit_SIZE_DATA24_1687 ) 
           4 u_i_data_0 ( ADD_SUB_COMP_4bit_2001 ) 
           4 u_i_data_1 ( ADD_SUB_COMP_4bit_2000 ) 
           4 u_i_data_2 ( ADD_SUB_COMP_4bit_1999 ) 
           4 u_i_data_3 ( ADD_SUB_COMP_4bit_1998 ) 
           4 u_i_data_4 ( ADD_SUB_COMP_4bit_1997 ) 
           4 u_i_data_5 ( ADD_SUB_COMP_4bit_1996 ) 
        3 MAN_RND ( ADD_SUB_MAN_rounding_SIZE_MAN32_SIZE_MAN_RESULT24_3187 ) 
        3 MAN_SWAP ( ADD_SUB_MAN_swap_SIZE_MAN24_3292 ) 
        3 MAN_SWAP_PRE ( ADD_SUB_MAN_swap_SIZE_MAN24_3293 ) 
        3 NOR_UNIT ( ADD_SUB_NOR_unit_SIZE_LOPD5_SIZE_DATA32_3401 ) 
           4 SHF_left_unit ( ADD_SUB_SHF_left_SIZE_DATA32_SIZE_SHIFT5_3543 ) 
        3 PSC_UNIT ( ADD_SUB_PSC_unit_3472 ) 
        3 SHF_RIGHT_MAN ( ADD_SUB_SHF_right_SIZE_DATA32_SIZE_SHIFT5_3614 ) 
        3 SIGN_UNIT ( ADD_SUB_SIGN_unit_3685 ) 
     2 add1 ( FPU_add_sub_NUM_OP1_6882 ) 
        3 EXP_ADJUST ( ADD_SUB_EXP_adjust_SIZE_EXP8_SIZE_LOPD8_2403 ) 
           4 CLA_8BIT_UNIT ( ADD_SUB_CLA_8bit_1505 ) 
              5 CLA_4BIT_UNIT_0 ( ADD_SUB_CLA_4bit_1051 ) 
              5 CLA_4BIT_UNIT_1 ( ADD_SUB_CLA_4bit_1050 ) 
        3 EXP_COM_8BIT ( ADD_SUB_EXP_comp_SIZE_DATA8_2474 ) 
           4 COMP_LESS_UNIT ( ADD_SUB_COMP_8bit_SIZE_DATA8_2332 ) 
              5 u_high ( ADD_SUB_COMP_4bit_1994 ) 
              5 u_low ( ADD_SUB_COMP_4bit_1995 ) 
        3 EXP_RND ( ADD_SUB_EXP_rounding_SIZE_DATA8_2545 ) 
        3 EXP_SUB ( ADD_SUB_EXP_sub_SIZE_EXP_SUB8_2616 ) 
           4 CLA_8BIT_UNIT ( ADD_SUB_CLA_8bit_1506 ) 
              5 CLA_4BIT_UNIT_0 ( ADD_SUB_CLA_4bit_1059 ) 
              5 CLA_4BIT_UNIT_1 ( ADD_SUB_CLA_4bit_1058 ) 
        3 EXP_SWAP ( ADD_SUB_EXP_swap_SIZE_DATA8_2687 ) 
        3 LOPD_24BIT ( ADD_SUB_LOPD_24bit_SIZE_DATA24_SIZE_LOPD5_2829 ) 
           4 LOPD_16bit_UNIT_MSB ( ADD_SUB_LOPD_16bit_2758 ) 
              5 LOPD_8bit_unit_0 ( ADD_SUB_LOPD_8bit_2968 ) 
              5 LOPD_8bit_unit_1 ( ADD_SUB_LOPD_8bit_2967 ) 
           4 LOPD_8bit_UNIT_LSB ( ADD_SUB_LOPD_8bit_2966 ) 
        3 MAN_ALU ( ADD_SUB_MAN_ALU_NUM_OP1_SIZE_MAN24_3115 ) 
           4 ALU_SUB_UNIT ( ADD_SUB_CLA_24bit_311 ) 
              5 CLA_BLOCK_GEN[0].CLA_4BIT_UNIT ( ADD_SUB_CLA_4bit_1057 ) 
              5 CLA_BLOCK_GEN[1].CLA_4BIT_UNIT ( ADD_SUB_CLA_4bit_1056 ) 
              5 CLA_BLOCK_GEN[2].CLA_4BIT_UNIT ( ADD_SUB_CLA_4bit_1055 ) 
              5 CLA_BLOCK_GEN[3].CLA_4BIT_UNIT ( ADD_SUB_CLA_4bit_1054 ) 
              5 CLA_BLOCK_GEN[4].CLA_4BIT_UNIT ( ADD_SUB_CLA_4bit_1053 ) 
              5 CLA_BLOCK_GEN[5].CLA_4BIT_UNIT ( ADD_SUB_CLA_4bit_1052 ) 
        3 MAN_ALU_PROC_RND ( ADD_SUB_CLS_4bit_1615 ) 
        3 MAN_COMP_24BIT ( ADD_SUB_COMP_24bit_SIZE_DATA24_1686 ) 
           4 u_i_data_0 ( ADD_SUB_COMP_4bit_1993 ) 
           4 u_i_data_1 ( ADD_SUB_COMP_4bit_1992 ) 
           4 u_i_data_2 ( ADD_SUB_COMP_4bit_1991 ) 
           4 u_i_data_3 ( ADD_SUB_COMP_4bit_1990 ) 
           4 u_i_data_4 ( ADD_SUB_COMP_4bit_1989 ) 
           4 u_i_data_5 ( ADD_SUB_COMP_4bit_1988 ) 
        3 MAN_RND ( ADD_SUB_MAN_rounding_SIZE_MAN32_SIZE_MAN_RESULT24_3186 ) 
        3 MAN_SWAP ( ADD_SUB_MAN_swap_SIZE_MAN24_3290 ) 
        3 MAN_SWAP_PRE ( ADD_SUB_MAN_swap_SIZE_MAN24_3291 ) 
        3 NOR_UNIT ( ADD_SUB_NOR_unit_SIZE_LOPD5_SIZE_DATA32_3400 ) 
           4 SHF_left_unit ( ADD_SUB_SHF_left_SIZE_DATA32_SIZE_SHIFT5_3542 ) 
        3 PSC_UNIT ( ADD_SUB_PSC_unit_3471 ) 
        3 SHF_RIGHT_MAN ( ADD_SUB_SHF_right_SIZE_DATA32_SIZE_SHIFT5_3613 ) 
        3 SIGN_UNIT ( ADD_SUB_SIGN_unit_3684 ) 
     2 add2 ( FPU_add_sub_NUM_OP1_6881 ) 
        3 EXP_ADJUST ( ADD_SUB_EXP_adjust_SIZE_EXP8_SIZE_LOPD8_2402 ) 
           4 CLA_8BIT_UNIT ( ADD_SUB_CLA_8bit_1503 ) 
              5 CLA_4BIT_UNIT_0 ( ADD_SUB_CLA_4bit_1041 ) 
              5 CLA_4BIT_UNIT_1 ( ADD_SUB_CLA_4bit_1040 ) 
        3 EXP_COM_8BIT ( ADD_SUB_EXP_comp_SIZE_DATA8_2473 ) 
           4 COMP_LESS_UNIT ( ADD_SUB_COMP_8bit_SIZE_DATA8_2331 ) 
              5 u_high ( ADD_SUB_COMP_4bit_1986 ) 
              5 u_low ( ADD_SUB_COMP_4bit_1987 ) 
        3 EXP_RND ( ADD_SUB_EXP_rounding_SIZE_DATA8_2544 ) 
        3 EXP_SUB ( ADD_SUB_EXP_sub_SIZE_EXP_SUB8_2615 ) 
           4 CLA_8BIT_UNIT ( ADD_SUB_CLA_8bit_1504 ) 
              5 CLA_4BIT_UNIT_0 ( ADD_SUB_CLA_4bit_1049 ) 
              5 CLA_4BIT_UNIT_1 ( ADD_SUB_CLA_4bit_1048 ) 
        3 EXP_SWAP ( ADD_SUB_EXP_swap_SIZE_DATA8_2686 ) 
        3 LOPD_24BIT ( ADD_SUB_LOPD_24bit_SIZE_DATA24_SIZE_LOPD5_2828 ) 
           4 LOPD_16bit_UNIT_MSB ( ADD_SUB_LOPD_16bit_2757 ) 
              5 LOPD_8bit_unit_0 ( ADD_SUB_LOPD_8bit_2965 ) 
              5 LOPD_8bit_unit_1 ( ADD_SUB_LOPD_8bit_2964 ) 
           4 LOPD_8bit_UNIT_LSB ( ADD_SUB_LOPD_8bit_2963 ) 
        3 MAN_ALU ( ADD_SUB_MAN_ALU_NUM_OP1_SIZE_MAN24_3114 ) 
           4 ALU_SUB_UNIT ( ADD_SUB_CLA_24bit_310 ) 
              5 CLA_BLOCK_GEN[0].CLA_4BIT_UNIT ( ADD_SUB_CLA_4bit_1047 ) 
              5 CLA_BLOCK_GEN[1].CLA_4BIT_UNIT ( ADD_SUB_CLA_4bit_1046 ) 
              5 CLA_BLOCK_GEN[2].CLA_4BIT_UNIT ( ADD_SUB_CLA_4bit_1045 ) 
              5 CLA_BLOCK_GEN[3].CLA_4BIT_UNIT ( ADD_SUB_CLA_4bit_1044 ) 
              5 CLA_BLOCK_GEN[4].CLA_4BIT_UNIT ( ADD_SUB_CLA_4bit_1043 ) 
              5 CLA_BLOCK_GEN[5].CLA_4BIT_UNIT ( ADD_SUB_CLA_4bit_1042 ) 
        3 MAN_ALU_PROC_RND ( ADD_SUB_CLS_4bit_1614 ) 
        3 MAN_COMP_24BIT ( ADD_SUB_COMP_24bit_SIZE_DATA24_1685 ) 
           4 u_i_data_0 ( ADD_SUB_COMP_4bit_1985 ) 
           4 u_i_data_1 ( ADD_SUB_COMP_4bit_1984 ) 
           4 u_i_data_2 ( ADD_SUB_COMP_4bit_1983 ) 
           4 u_i_data_3 ( ADD_SUB_COMP_4bit_1982 ) 
           4 u_i_data_4 ( ADD_SUB_COMP_4bit_1981 ) 
           4 u_i_data_5 ( ADD_SUB_COMP_4bit_1980 ) 
        3 MAN_RND ( ADD_SUB_MAN_rounding_SIZE_MAN32_SIZE_MAN_RESULT24_3185 ) 
        3 MAN_SWAP ( ADD_SUB_MAN_swap_SIZE_MAN24_3288 ) 
        3 MAN_SWAP_PRE ( ADD_SUB_MAN_swap_SIZE_MAN24_3289 ) 
        3 NOR_UNIT ( ADD_SUB_NOR_unit_SIZE_LOPD5_SIZE_DATA32_3399 ) 
           4 SHF_left_unit ( ADD_SUB_SHF_left_SIZE_DATA32_SIZE_SHIFT5_3541 ) 
        3 PSC_UNIT ( ADD_SUB_PSC_unit_3470 ) 
        3 SHF_RIGHT_MAN ( ADD_SUB_SHF_right_SIZE_DATA32_SIZE_SHIFT5_3612 ) 
        3 SIGN_UNIT ( ADD_SUB_SIGN_unit_3683 ) 
     2 mul0 ( fpu_mul_SIZE_DATA32_8051 ) 
        3 EXP_ROUNDING_UNIT ( MUL_EXP_rounding_SIZE_DATA8_7132 ) 
        3 LOPD_UNIT ( MUL_LOPD_24bit_SIZE_DATA24_SIZE_LOPD5_7273 ) 
           4 LOPD_16bit_UNIT_MSB ( MUL_LOPD_16bit_7226 ) 
              5 LOPD_8bit_unit_0 ( MUL_LOPD_8bit_7368 ) 
              5 LOPD_8bit_unit_1 ( MUL_LOPD_8bit_7367 ) 
           4 LOPD_8bit_UNIT_LSB ( MUL_LOPD_8bit_7366 ) 
        3 MAN_MUL_UNIT ( MUL_MAN_mul_SIZE_DATA24_7463 ) 
           4 MUL_UNIT_MAN_UNIT ( Multiplier_7745 ) 
              5 u_booth ( Modified_booth_N24_NUM_PP13_7698 ) 
              5 u_cla ( CLA_adder_top_WIDTH48_FANIN4_3756 ) 
                 6 cla_tree ( cla_logic_tree_level_WIDTH48_FANIN4_7933 ) 
                    7 COMPUTE_DETAILED_CARRY[10].cla_unit ( CLA_logic_WIDTH4_4173 ) 
                    7 COMPUTE_DETAILED_CARRY[11].cla_unit ( CLA_logic_WIDTH4_4172 ) 
                    7 COMPUTE_DETAILED_CARRY[2].cla_unit ( CLA_logic_WIDTH4_4181 ) 
                    7 COMPUTE_DETAILED_CARRY[3].cla_unit ( CLA_logic_WIDTH4_4180 ) 
                    7 COMPUTE_DETAILED_CARRY[4].cla_unit ( CLA_logic_WIDTH4_4179 ) 
                    7 COMPUTE_DETAILED_CARRY[5].cla_unit ( CLA_logic_WIDTH4_4178 ) 
                    7 COMPUTE_DETAILED_CARRY[6].cla_unit ( CLA_logic_WIDTH4_4177 ) 
                    7 COMPUTE_DETAILED_CARRY[7].cla_unit ( CLA_logic_WIDTH4_4176 ) 
                    7 COMPUTE_DETAILED_CARRY[8].cla_unit ( CLA_logic_WIDTH4_4175 ) 
                    7 COMPUTE_DETAILED_CARRY[9].cla_unit ( CLA_logic_WIDTH4_4174 ) 
                    7 MULTI_GROUP.next_level ( cla_logic_tree_level_WIDTH12_FANIN4_7839 ) 
                       8 COMPUTE_DETAILED_CARRY[0].cla_unit ( CLA_logic_WIDTH4_4186 ) 
                       8 COMPUTE_DETAILED_CARRY[1].cla_unit ( CLA_logic_WIDTH4_4185 ) 
                       8 COMPUTE_DETAILED_CARRY[2].cla_unit ( CLA_logic_WIDTH4_4184 ) 
                       8 MULTI_GROUP.next_level ( cla_logic_tree_level_WIDTH3_FANIN4_7886 ) 
                          9 COMPUTE_DETAILED_CARRY[0].cla_unit ( CLA_logic_WIDTH3_3803 ) 
              5 u_merge ( wallace_final_merge_WIDTH48_9741 ) 
                 6 csa_row[10].u_fa ( FA_1bit_5687 ) 
                 6 csa_row[11].u_fa ( FA_1bit_5686 ) 
                 6 csa_row[12].u_fa ( FA_1bit_5685 ) 
                 6 csa_row[13].u_fa ( FA_1bit_5684 ) 
                 6 csa_row[14].u_fa ( FA_1bit_5683 ) 
                 6 csa_row[15].u_fa ( FA_1bit_5682 ) 
                 6 csa_row[16].u_fa ( FA_1bit_5681 ) 
                 6 csa_row[17].u_fa ( FA_1bit_5680 ) 
                 6 csa_row[18].u_fa ( FA_1bit_5679 ) 
                 6 csa_row[19].u_fa ( FA_1bit_5678 ) 
                 6 csa_row[20].u_fa ( FA_1bit_5677 ) 
                 6 csa_row[21].u_fa ( FA_1bit_5676 ) 
                 6 csa_row[22].u_fa ( FA_1bit_5675 ) 
                 6 csa_row[23].u_fa ( FA_1bit_5674 ) 
                 6 csa_row[24].u_fa ( FA_1bit_5673 ) 
                 6 csa_row[25].u_fa ( FA_1bit_5672 ) 
                 6 csa_row[26].u_fa ( FA_1bit_5671 ) 
                 6 csa_row[27].u_fa ( FA_1bit_5670 ) 
                 6 csa_row[28].u_fa ( FA_1bit_5669 ) 
                 6 csa_row[29].u_fa ( FA_1bit_5668 ) 
                 6 csa_row[30].u_fa ( FA_1bit_5667 ) 
                 6 csa_row[31].u_fa ( FA_1bit_5666 ) 
                 6 csa_row[32].u_fa ( FA_1bit_5665 ) 
                 6 csa_row[33].u_fa ( FA_1bit_5664 ) 
                 6 csa_row[34].u_fa ( FA_1bit_5663 ) 
                 6 csa_row[35].u_fa ( FA_1bit_5662 ) 
                 6 csa_row[36].u_fa ( FA_1bit_5661 ) 
                 6 csa_row[37].u_fa ( FA_1bit_5660 ) 
                 6 csa_row[38].u_fa ( FA_1bit_5659 ) 
                 6 csa_row[39].u_fa ( FA_1bit_5658 ) 
                 6 csa_row[40].u_fa ( FA_1bit_5657 ) 
                 6 csa_row[41].u_fa ( FA_1bit_5656 ) 
                 6 csa_row[42].u_fa ( FA_1bit_5655 ) 
                 6 csa_row[43].u_fa ( FA_1bit_5654 ) 
                 6 csa_row[44].u_fa ( FA_1bit_5653 ) 
                 6 csa_row[45].u_fa ( FA_1bit_5652 ) 
                 6 csa_row[46].u_fa ( FA_1bit_5651 ) 
                 6 csa_row[47].u_fa ( FA_1bit_5650 ) 
                 6 csa_row[6].u_fa ( FA_1bit_5691 ) 
                 6 csa_row[7].u_fa ( FA_1bit_5690 ) 
                 6 csa_row[8].u_fa ( FA_1bit_5689 ) 
                 6 csa_row[9].u_fa ( FA_1bit_5688 ) 
              5 u_wallace ( wallace_tree_N24_NUM_PP13_NUM_CZ12_10070 ) 
                 6 STAGE_GEN[0].u_stage ( wallace_stage_NUM_COLS48_COL_HEIGHTSx000000020000000200000003000000030000000400000004000000050000000500000006000000060000000700000007000000080000000800000009000000090000000a0000000a0000000b0000000b0000000c0000000c0000000d0000000d0000000d0000000c0000000c0000000b0000000b0000000a0000000a0000000900000009000000080000000800000007000000070000000600000006000000050000000500000004000000040000000300000003000000020000000200000001_MAX_H_IN32_MAX_H_OUT32_10023 ) 
                 6 STAGE_GEN[1].u_stage ( wallace_stage_NUM_COLS48_COL_HEIGHTSx000000010000000200000002000000020000000300000003000000030000000400000004000000040000000500000005000000050000000600000006000000060000000700000007000000070000000800000008000000080000000900000009000000090000000800000008000000080000000800000008000000070000000600000006000000060000000600000006000000050000000400000004000000040000000400000004000000030000000200000002000000020000000200000002_MAX_H_IN32_MAX_H_OUT32_9976 ) 
                 6 STAGE_GEN[2].u_stage ( wallace_stage_NUM_COLS48_COL_HEIGHTSx000000010000000100000002000000020000000200000002000000020000000300000003000000030000000300000004000000040000000400000004000000040000000500000005000000050000000500000006000000060000000600000006000000060000000600000006000000060000000600000006000000060000000400000004000000040000000400000004000000040000000400000003000000030000000300000003000000020000000200000002000000020000000200000002_MAX_H_IN32_MAX_H_OUT32_9929 ) 
                 6 STAGE_GEN[3].u_stage ( wallace_stage_NUM_COLS48_COL_HEIGHTSx000000010000000100000001000000020000000200000002000000020000000200000002000000020000000200000003000000030000000300000003000000030000000300000004000000040000000400000004000000040000000400000004000000040000000400000004000000040000000400000004000000040000000400000003000000030000000300000003000000030000000300000002000000020000000200000002000000020000000200000002000000020000000200000002_MAX_H_IN32_MAX_H_OUT32_9882 ) 
                 6 STAGE_GEN[4].u_stage ( wallace_stage_NUM_COLS48_COL_HEIGHTSx000000010000000100000001000000010000000200000002000000020000000200000002000000020000000200000002000000020000000200000002000000020000000200000003000000030000000300000003000000030000000300000003000000030000000300000003000000030000000300000003000000030000000300000002000000020000000200000002000000020000000200000002000000020000000200000002000000020000000200000002000000020000000200000002_MAX_H_IN32_MAX_H_OUT32_9835 ) 
                 6 STAGE_GEN[5].u_stage ( wallace_stage_NUM_COLS48_COL_HEIGHTSx000000010000000100000001000000010000000100000002000000020000000200000002000000020000000200000002000000020000000200000002000000020000000200000002000000020000000200000002000000020000000200000002000000020000000200000002000000020000000200000002000000020000000200000002000000020000000200000002000000020000000200000002000000020000000200000002000000020000000200000002000000020000000200000002_MAX_H_IN32_MAX_H_OUT32_9788 ) 
        3 MAN_ROUNDING_UNIT ( MUL_MAN_rounding_SIZE_MAN24_7510 ) 
        3 MUL_EXP_ADJUST_UNIT ( MUL_EXP_adjust_SIZE_DATA8_SIZE_LOPD8_7085 ) 
           4 CLA_8BIT_UNIT ( MUL_CLA_8bit_7038 ) 
              5 CLA_4BIT_UNIT_0 ( MUL_CLA_4bit_6967 ) 
              5 CLA_4BIT_UNIT_1 ( MUL_CLA_4bit_6966 ) 
        3 NOR_UNIT ( MUL_NOR_unit_SIZE_LOPD5_SIZE_DATA24_7557 ) 
           4 SHF_left_unit ( MUL_SHF_left_SIZE_DATA32_SIZE_SHIFT5_7651 ) 
        3 PSC_UNIT ( MUL_PSC_unit_SIZE_EXP8_SIZE_MAN24_7604 ) 
     2 mul1 ( fpu_mul_SIZE_DATA32_8050 ) 
        3 PSC_UNIT ( MUL_PSC_unit_SIZE_EXP8_SIZE_MAN24_7603 ) 
     2 mul2 ( fpu_mul_SIZE_DATA32_8049 ) 
        3 PSC_UNIT ( MUL_PSC_unit_SIZE_EXP8_SIZE_MAN24_7602 ) 
     2 mul3 ( fpu_mul_SIZE_DATA32_8048 ) 
        3 EXP_ROUNDING_UNIT ( MUL_EXP_rounding_SIZE_DATA8_7129 ) 
        3 LOPD_UNIT ( MUL_LOPD_24bit_SIZE_DATA24_SIZE_LOPD5_7270 ) 
           4 LOPD_16bit_UNIT_MSB ( MUL_LOPD_16bit_7223 ) 
              5 LOPD_8bit_unit_0 ( MUL_LOPD_8bit_7359 ) 
              5 LOPD_8bit_unit_1 ( MUL_LOPD_8bit_7358 ) 
           4 LOPD_8bit_UNIT_LSB ( MUL_LOPD_8bit_7357 ) 
        3 MAN_MUL_UNIT ( MUL_MAN_mul_SIZE_DATA24_7460 ) 
           4 MUL_UNIT_MAN_UNIT ( Multiplier_7742 ) 
              5 u_booth ( Modified_booth_N24_NUM_PP13_7695 ) 
              5 u_cla ( CLA_adder_top_WIDTH48_FANIN4_3753 ) 
                 6 cla_tree ( cla_logic_tree_level_WIDTH48_FANIN4_7930 ) 
                    7 COMPUTE_DETAILED_CARRY[10].cla_unit ( CLA_logic_WIDTH4_4128 ) 
                    7 COMPUTE_DETAILED_CARRY[11].cla_unit ( CLA_logic_WIDTH4_4127 ) 
                    7 COMPUTE_DETAILED_CARRY[2].cla_unit ( CLA_logic_WIDTH4_4136 ) 
                    7 COMPUTE_DETAILED_CARRY[3].cla_unit ( CLA_logic_WIDTH4_4135 ) 
                    7 COMPUTE_DETAILED_CARRY[4].cla_unit ( CLA_logic_WIDTH4_4134 ) 
                    7 COMPUTE_DETAILED_CARRY[5].cla_unit ( CLA_logic_WIDTH4_4133 ) 
                    7 COMPUTE_DETAILED_CARRY[6].cla_unit ( CLA_logic_WIDTH4_4132 ) 
                    7 COMPUTE_DETAILED_CARRY[7].cla_unit ( CLA_logic_WIDTH4_4131 ) 
                    7 COMPUTE_DETAILED_CARRY[8].cla_unit ( CLA_logic_WIDTH4_4130 ) 
                    7 COMPUTE_DETAILED_CARRY[9].cla_unit ( CLA_logic_WIDTH4_4129 ) 
                    7 MULTI_GROUP.next_level ( cla_logic_tree_level_WIDTH12_FANIN4_7836 ) 
                       8 COMPUTE_DETAILED_CARRY[0].cla_unit ( CLA_logic_WIDTH4_4141 ) 
                       8 COMPUTE_DETAILED_CARRY[1].cla_unit ( CLA_logic_WIDTH4_4140 ) 
                       8 COMPUTE_DETAILED_CARRY[2].cla_unit ( CLA_logic_WIDTH4_4139 ) 
                       8 MULTI_GROUP.next_level ( cla_logic_tree_level_WIDTH3_FANIN4_7883 ) 
                          9 COMPUTE_DETAILED_CARRY[0].cla_unit ( CLA_logic_WIDTH3_3800 ) 
              5 u_merge ( wallace_final_merge_WIDTH48_9738 ) 
                 6 csa_row[10].u_fa ( FA_1bit_5543 ) 
                 6 csa_row[11].u_fa ( FA_1bit_5542 ) 
                 6 csa_row[12].u_fa ( FA_1bit_5541 ) 
                 6 csa_row[13].u_fa ( FA_1bit_5540 ) 
                 6 csa_row[14].u_fa ( FA_1bit_5539 ) 
                 6 csa_row[15].u_fa ( FA_1bit_5538 ) 
                 6 csa_row[16].u_fa ( FA_1bit_5537 ) 
                 6 csa_row[17].u_fa ( FA_1bit_5536 ) 
                 6 csa_row[18].u_fa ( FA_1bit_5535 ) 
                 6 csa_row[19].u_fa ( FA_1bit_5534 ) 
                 6 csa_row[20].u_fa ( FA_1bit_5533 ) 
                 6 csa_row[21].u_fa ( FA_1bit_5532 ) 
                 6 csa_row[22].u_fa ( FA_1bit_5531 ) 
                 6 csa_row[23].u_fa ( FA_1bit_5530 ) 
                 6 csa_row[24].u_fa ( FA_1bit_5529 ) 
                 6 csa_row[25].u_fa ( FA_1bit_5528 ) 
                 6 csa_row[26].u_fa ( FA_1bit_5527 ) 
                 6 csa_row[27].u_fa ( FA_1bit_5526 ) 
                 6 csa_row[28].u_fa ( FA_1bit_5525 ) 
                 6 csa_row[29].u_fa ( FA_1bit_5524 ) 
                 6 csa_row[30].u_fa ( FA_1bit_5523 ) 
                 6 csa_row[31].u_fa ( FA_1bit_5522 ) 
                 6 csa_row[32].u_fa ( FA_1bit_5521 ) 
                 6 csa_row[33].u_fa ( FA_1bit_5520 ) 
                 6 csa_row[34].u_fa ( FA_1bit_5519 ) 
                 6 csa_row[35].u_fa ( FA_1bit_5518 ) 
                 6 csa_row[36].u_fa ( FA_1bit_5517 ) 
                 6 csa_row[37].u_fa ( FA_1bit_5516 ) 
                 6 csa_row[38].u_fa ( FA_1bit_5515 ) 
                 6 csa_row[39].u_fa ( FA_1bit_5514 ) 
                 6 csa_row[40].u_fa ( FA_1bit_5513 ) 
                 6 csa_row[41].u_fa ( FA_1bit_5512 ) 
                 6 csa_row[42].u_fa ( FA_1bit_5511 ) 
                 6 csa_row[43].u_fa ( FA_1bit_5510 ) 
                 6 csa_row[44].u_fa ( FA_1bit_5509 ) 
                 6 csa_row[45].u_fa ( FA_1bit_5508 ) 
                 6 csa_row[46].u_fa ( FA_1bit_5507 ) 
                 6 csa_row[47].u_fa ( FA_1bit_5506 ) 
                 6 csa_row[6].u_fa ( FA_1bit_5547 ) 
                 6 csa_row[7].u_fa ( FA_1bit_5546 ) 
                 6 csa_row[8].u_fa ( FA_1bit_5545 ) 
                 6 csa_row[9].u_fa ( FA_1bit_5544 ) 
              5 u_wallace ( wallace_tree_N24_NUM_PP13_NUM_CZ12_10067 ) 
                 6 STAGE_GEN[0].u_stage ( wallace_stage_NUM_COLS48_COL_HEIGHTSx000000020000000200000003000000030000000400000004000000050000000500000006000000060000000700000007000000080000000800000009000000090000000a0000000a0000000b0000000b0000000c0000000c0000000d0000000d0000000d0000000c0000000c0000000b0000000b0000000a0000000a0000000900000009000000080000000800000007000000070000000600000006000000050000000500000004000000040000000300000003000000020000000200000001_MAX_H_IN32_MAX_H_OUT32_10020 ) 
                 6 STAGE_GEN[1].u_stage ( wallace_stage_NUM_COLS48_COL_HEIGHTSx000000010000000200000002000000020000000300000003000000030000000400000004000000040000000500000005000000050000000600000006000000060000000700000007000000070000000800000008000000080000000900000009000000090000000800000008000000080000000800000008000000070000000600000006000000060000000600000006000000050000000400000004000000040000000400000004000000030000000200000002000000020000000200000002_MAX_H_IN32_MAX_H_OUT32_9973 ) 
                 6 STAGE_GEN[2].u_stage ( wallace_stage_NUM_COLS48_COL_HEIGHTSx000000010000000100000002000000020000000200000002000000020000000300000003000000030000000300000004000000040000000400000004000000040000000500000005000000050000000500000006000000060000000600000006000000060000000600000006000000060000000600000006000000060000000400000004000000040000000400000004000000040000000400000003000000030000000300000003000000020000000200000002000000020000000200000002_MAX_H_IN32_MAX_H_OUT32_9926 ) 
                 6 STAGE_GEN[3].u_stage ( wallace_stage_NUM_COLS48_COL_HEIGHTSx000000010000000100000001000000020000000200000002000000020000000200000002000000020000000200000003000000030000000300000003000000030000000300000004000000040000000400000004000000040000000400000004000000040000000400000004000000040000000400000004000000040000000400000003000000030000000300000003000000030000000300000002000000020000000200000002000000020000000200000002000000020000000200000002_MAX_H_IN32_MAX_H_OUT32_9879 ) 
                 6 STAGE_GEN[4].u_stage ( wallace_stage_NUM_COLS48_COL_HEIGHTSx000000010000000100000001000000010000000200000002000000020000000200000002000000020000000200000002000000020000000200000002000000020000000200000003000000030000000300000003000000030000000300000003000000030000000300000003000000030000000300000003000000030000000300000002000000020000000200000002000000020000000200000002000000020000000200000002000000020000000200000002000000020000000200000002_MAX_H_IN32_MAX_H_OUT32_9832 ) 
                 6 STAGE_GEN[5].u_stage ( wallace_stage_NUM_COLS48_COL_HEIGHTSx000000010000000100000001000000010000000100000002000000020000000200000002000000020000000200000002000000020000000200000002000000020000000200000002000000020000000200000002000000020000000200000002000000020000000200000002000000020000000200000002000000020000000200000002000000020000000200000002000000020000000200000002000000020000000200000002000000020000000200000002000000020000000200000002_MAX_H_IN32_MAX_H_OUT32_9785 ) 
        3 MAN_ROUNDING_UNIT ( MUL_MAN_rounding_SIZE_MAN24_7507 ) 
        3 MUL_EXP_ADJUST_UNIT ( MUL_EXP_adjust_SIZE_DATA8_SIZE_LOPD8_7082 ) 
           4 CLA_8BIT_UNIT ( MUL_CLA_8bit_7035 ) 
              5 CLA_4BIT_UNIT_0 ( MUL_CLA_4bit_6961 ) 
              5 CLA_4BIT_UNIT_1 ( MUL_CLA_4bit_6960 ) 
        3 NOR_UNIT ( MUL_NOR_unit_SIZE_LOPD5_SIZE_DATA24_7554 ) 
           4 SHF_left_unit ( MUL_SHF_left_SIZE_DATA32_SIZE_SHIFT5_7648 ) 
        3 PSC_UNIT ( MUL_PSC_unit_SIZE_EXP8_SIZE_MAN24_7601 ) 
     2 sub0 ( FPU_add_sub_NUM_OP1_6884 ) 
        3 EXP_ADJUST ( ADD_SUB_EXP_adjust_SIZE_EXP8_SIZE_LOPD8_2405 ) 
           4 CLA_8BIT_UNIT ( ADD_SUB_CLA_8bit_1509 ) 
              5 CLA_4BIT_UNIT_0 ( ADD_SUB_CLA_4bit_1071 ) 
              5 CLA_4BIT_UNIT_1 ( ADD_SUB_CLA_4bit_1070 ) 
        3 EXP_COM_8BIT ( ADD_SUB_EXP_comp_SIZE_DATA8_2476 ) 
           4 COMP_LESS_UNIT ( ADD_SUB_COMP_8bit_SIZE_DATA8_2334 ) 
              5 u_high ( ADD_SUB_COMP_4bit_2010 ) 
              5 u_low ( ADD_SUB_COMP_4bit_2011 ) 
        3 EXP_RND ( ADD_SUB_EXP_rounding_SIZE_DATA8_2547 ) 
        3 EXP_SUB ( ADD_SUB_EXP_sub_SIZE_EXP_SUB8_2618 ) 
           4 CLA_8BIT_UNIT ( ADD_SUB_CLA_8bit_1510 ) 
              5 CLA_4BIT_UNIT_0 ( ADD_SUB_CLA_4bit_1079 ) 
              5 CLA_4BIT_UNIT_1 ( ADD_SUB_CLA_4bit_1078 ) 
        3 EXP_SWAP ( ADD_SUB_EXP_swap_SIZE_DATA8_2689 ) 
        3 LOPD_24BIT ( ADD_SUB_LOPD_24bit_SIZE_DATA24_SIZE_LOPD5_2831 ) 
           4 LOPD_16bit_UNIT_MSB ( ADD_SUB_LOPD_16bit_2760 ) 
              5 LOPD_8bit_unit_0 ( ADD_SUB_LOPD_8bit_2974 ) 
              5 LOPD_8bit_unit_1 ( ADD_SUB_LOPD_8bit_2973 ) 
           4 LOPD_8bit_UNIT_LSB ( ADD_SUB_LOPD_8bit_2972 ) 
        3 MAN_ALU ( ADD_SUB_MAN_ALU_NUM_OP1_SIZE_MAN24_3117 ) 
           4 ALU_SUB_UNIT ( ADD_SUB_CLA_24bit_313 ) 
              5 CLA_BLOCK_GEN[0].CLA_4BIT_UNIT ( ADD_SUB_CLA_4bit_1077 ) 
              5 CLA_BLOCK_GEN[1].CLA_4BIT_UNIT ( ADD_SUB_CLA_4bit_1076 ) 
              5 CLA_BLOCK_GEN[2].CLA_4BIT_UNIT ( ADD_SUB_CLA_4bit_1075 ) 
              5 CLA_BLOCK_GEN[3].CLA_4BIT_UNIT ( ADD_SUB_CLA_4bit_1074 ) 
              5 CLA_BLOCK_GEN[4].CLA_4BIT_UNIT ( ADD_SUB_CLA_4bit_1073 ) 
              5 CLA_BLOCK_GEN[5].CLA_4BIT_UNIT ( ADD_SUB_CLA_4bit_1072 ) 
        3 MAN_ALU_PROC_RND ( ADD_SUB_CLS_4bit_1617 ) 
        3 MAN_COMP_24BIT ( ADD_SUB_COMP_24bit_SIZE_DATA24_1688 ) 
           4 u_i_data_0 ( ADD_SUB_COMP_4bit_2009 ) 
           4 u_i_data_1 ( ADD_SUB_COMP_4bit_2008 ) 
           4 u_i_data_2 ( ADD_SUB_COMP_4bit_2007 ) 
           4 u_i_data_3 ( ADD_SUB_COMP_4bit_2006 ) 
           4 u_i_data_4 ( ADD_SUB_COMP_4bit_2005 ) 
           4 u_i_data_5 ( ADD_SUB_COMP_4bit_2004 ) 
        3 MAN_RND ( ADD_SUB_MAN_rounding_SIZE_MAN32_SIZE_MAN_RESULT24_3188 ) 
        3 MAN_SWAP ( ADD_SUB_MAN_swap_SIZE_MAN24_3294 ) 
        3 MAN_SWAP_PRE ( ADD_SUB_MAN_swap_SIZE_MAN24_3295 ) 
        3 NOR_UNIT ( ADD_SUB_NOR_unit_SIZE_LOPD5_SIZE_DATA32_3402 ) 
           4 SHF_left_unit ( ADD_SUB_SHF_left_SIZE_DATA32_SIZE_SHIFT5_3544 ) 
        3 PSC_UNIT ( ADD_SUB_PSC_unit_3473 ) 
        3 SHF_RIGHT_MAN ( ADD_SUB_SHF_right_SIZE_DATA32_SIZE_SHIFT5_3615 ) 
        3 SIGN_UNIT ( ADD_SUB_SIGN_unit_3686 ) 
     2 sub1 ( FPU_add_sub_NUM_OP1_6880 ) 
        3 EXP_ADJUST ( ADD_SUB_EXP_adjust_SIZE_EXP8_SIZE_LOPD8_2401 ) 
           4 CLA_8BIT_UNIT ( ADD_SUB_CLA_8bit_1501 ) 
              5 CLA_4BIT_UNIT_0 ( ADD_SUB_CLA_4bit_1031 ) 
              5 CLA_4BIT_UNIT_1 ( ADD_SUB_CLA_4bit_1030 ) 
        3 EXP_COM_8BIT ( ADD_SUB_EXP_comp_SIZE_DATA8_2472 ) 
           4 COMP_LESS_UNIT ( ADD_SUB_COMP_8bit_SIZE_DATA8_2330 ) 
              5 u_high ( ADD_SUB_COMP_4bit_1978 ) 
              5 u_low ( ADD_SUB_COMP_4bit_1979 ) 
        3 EXP_RND ( ADD_SUB_EXP_rounding_SIZE_DATA8_2543 ) 
        3 EXP_SUB ( ADD_SUB_EXP_sub_SIZE_EXP_SUB8_2614 ) 
           4 CLA_8BIT_UNIT ( ADD_SUB_CLA_8bit_1502 ) 
              5 CLA_4BIT_UNIT_0 ( ADD_SUB_CLA_4bit_1039 ) 
              5 CLA_4BIT_UNIT_1 ( ADD_SUB_CLA_4bit_1038 ) 
        3 EXP_SWAP ( ADD_SUB_EXP_swap_SIZE_DATA8_2685 ) 
        3 LOPD_24BIT ( ADD_SUB_LOPD_24bit_SIZE_DATA24_SIZE_LOPD5_2827 ) 
           4 LOPD_16bit_UNIT_MSB ( ADD_SUB_LOPD_16bit_2756 ) 
              5 LOPD_8bit_unit_0 ( ADD_SUB_LOPD_8bit_2962 ) 
              5 LOPD_8bit_unit_1 ( ADD_SUB_LOPD_8bit_2961 ) 
           4 LOPD_8bit_UNIT_LSB ( ADD_SUB_LOPD_8bit_2960 ) 
        3 MAN_ALU ( ADD_SUB_MAN_ALU_NUM_OP1_SIZE_MAN24_3113 ) 
           4 ALU_SUB_UNIT ( ADD_SUB_CLA_24bit_309 ) 
              5 CLA_BLOCK_GEN[0].CLA_4BIT_UNIT ( ADD_SUB_CLA_4bit_1037 ) 
              5 CLA_BLOCK_GEN[1].CLA_4BIT_UNIT ( ADD_SUB_CLA_4bit_1036 ) 
              5 CLA_BLOCK_GEN[2].CLA_4BIT_UNIT ( ADD_SUB_CLA_4bit_1035 ) 
              5 CLA_BLOCK_GEN[3].CLA_4BIT_UNIT ( ADD_SUB_CLA_4bit_1034 ) 
              5 CLA_BLOCK_GEN[4].CLA_4BIT_UNIT ( ADD_SUB_CLA_4bit_1033 ) 
              5 CLA_BLOCK_GEN[5].CLA_4BIT_UNIT ( ADD_SUB_CLA_4bit_1032 ) 
        3 MAN_ALU_PROC_RND ( ADD_SUB_CLS_4bit_1613 ) 
        3 MAN_COMP_24BIT ( ADD_SUB_COMP_24bit_SIZE_DATA24_1684 ) 
           4 u_i_data_0 ( ADD_SUB_COMP_4bit_1977 ) 
           4 u_i_data_1 ( ADD_SUB_COMP_4bit_1976 ) 
           4 u_i_data_2 ( ADD_SUB_COMP_4bit_1975 ) 
           4 u_i_data_3 ( ADD_SUB_COMP_4bit_1974 ) 
           4 u_i_data_4 ( ADD_SUB_COMP_4bit_1973 ) 
           4 u_i_data_5 ( ADD_SUB_COMP_4bit_1972 ) 
        3 MAN_RND ( ADD_SUB_MAN_rounding_SIZE_MAN32_SIZE_MAN_RESULT24_3184 ) 
        3 MAN_SWAP ( ADD_SUB_MAN_swap_SIZE_MAN24_3286 ) 
        3 MAN_SWAP_PRE ( ADD_SUB_MAN_swap_SIZE_MAN24_3287 ) 
        3 NOR_UNIT ( ADD_SUB_NOR_unit_SIZE_LOPD5_SIZE_DATA32_3398 ) 
           4 SHF_left_unit ( ADD_SUB_SHF_left_SIZE_DATA32_SIZE_SHIFT5_3540 ) 
        3 PSC_UNIT ( ADD_SUB_PSC_unit_3469 ) 
        3 SHF_RIGHT_MAN ( ADD_SUB_SHF_right_SIZE_DATA32_SIZE_SHIFT5_3611 ) 
        3 SIGN_UNIT ( ADD_SUB_SIGN_unit_3682 ) 
     2 sub2 ( FPU_add_sub_NUM_OP1_6879 ) 
        3 EXP_ADJUST ( ADD_SUB_EXP_adjust_SIZE_EXP8_SIZE_LOPD8_2400 ) 
           4 CLA_8BIT_UNIT ( ADD_SUB_CLA_8bit_1499 ) 
              5 CLA_4BIT_UNIT_0 ( ADD_SUB_CLA_4bit_1021 ) 
              5 CLA_4BIT_UNIT_1 ( ADD_SUB_CLA_4bit_1020 ) 
        3 EXP_COM_8BIT ( ADD_SUB_EXP_comp_SIZE_DATA8_2471 ) 
           4 COMP_LESS_UNIT ( ADD_SUB_COMP_8bit_SIZE_DATA8_2329 ) 
              5 u_high ( ADD_SUB_COMP_4bit_1970 ) 
              5 u_low ( ADD_SUB_COMP_4bit_1971 ) 
        3 EXP_RND ( ADD_SUB_EXP_rounding_SIZE_DATA8_2542 ) 
        3 EXP_SUB ( ADD_SUB_EXP_sub_SIZE_EXP_SUB8_2613 ) 
           4 CLA_8BIT_UNIT ( ADD_SUB_CLA_8bit_1500 ) 
              5 CLA_4BIT_UNIT_0 ( ADD_SUB_CLA_4bit_1029 ) 
              5 CLA_4BIT_UNIT_1 ( ADD_SUB_CLA_4bit_1028 ) 
        3 EXP_SWAP ( ADD_SUB_EXP_swap_SIZE_DATA8_2684 ) 
        3 LOPD_24BIT ( ADD_SUB_LOPD_24bit_SIZE_DATA24_SIZE_LOPD5_2826 ) 
           4 LOPD_16bit_UNIT_MSB ( ADD_SUB_LOPD_16bit_2755 ) 
              5 LOPD_8bit_unit_0 ( ADD_SUB_LOPD_8bit_2959 ) 
              5 LOPD_8bit_unit_1 ( ADD_SUB_LOPD_8bit_2958 ) 
           4 LOPD_8bit_UNIT_LSB ( ADD_SUB_LOPD_8bit_2957 ) 
        3 MAN_ALU ( ADD_SUB_MAN_ALU_NUM_OP1_SIZE_MAN24_3112 ) 
           4 ALU_SUB_UNIT ( ADD_SUB_CLA_24bit_308 ) 
              5 CLA_BLOCK_GEN[0].CLA_4BIT_UNIT ( ADD_SUB_CLA_4bit_1027 ) 
              5 CLA_BLOCK_GEN[1].CLA_4BIT_UNIT ( ADD_SUB_CLA_4bit_1026 ) 
              5 CLA_BLOCK_GEN[2].CLA_4BIT_UNIT ( ADD_SUB_CLA_4bit_1025 ) 
              5 CLA_BLOCK_GEN[3].CLA_4BIT_UNIT ( ADD_SUB_CLA_4bit_1024 ) 
              5 CLA_BLOCK_GEN[4].CLA_4BIT_UNIT ( ADD_SUB_CLA_4bit_1023 ) 
              5 CLA_BLOCK_GEN[5].CLA_4BIT_UNIT ( ADD_SUB_CLA_4bit_1022 ) 
        3 MAN_ALU_PROC_RND ( ADD_SUB_CLS_4bit_1612 ) 
        3 MAN_COMP_24BIT ( ADD_SUB_COMP_24bit_SIZE_DATA24_1683 ) 
           4 u_i_data_0 ( ADD_SUB_COMP_4bit_1969 ) 
           4 u_i_data_1 ( ADD_SUB_COMP_4bit_1968 ) 
           4 u_i_data_2 ( ADD_SUB_COMP_4bit_1967 ) 
           4 u_i_data_3 ( ADD_SUB_COMP_4bit_1966 ) 
           4 u_i_data_4 ( ADD_SUB_COMP_4bit_1965 ) 
           4 u_i_data_5 ( ADD_SUB_COMP_4bit_1964 ) 
        3 MAN_RND ( ADD_SUB_MAN_rounding_SIZE_MAN32_SIZE_MAN_RESULT24_3183 ) 
        3 MAN_SWAP ( ADD_SUB_MAN_swap_SIZE_MAN24_3284 ) 
        3 MAN_SWAP_PRE ( ADD_SUB_MAN_swap_SIZE_MAN24_3285 ) 
        3 NOR_UNIT ( ADD_SUB_NOR_unit_SIZE_LOPD5_SIZE_DATA32_3397 ) 
           4 SHF_left_unit ( ADD_SUB_SHF_left_SIZE_DATA32_SIZE_SHIFT5_3539 ) 
        3 PSC_UNIT ( ADD_SUB_PSC_unit_3468 ) 
        3 SHF_RIGHT_MAN ( ADD_SUB_SHF_right_SIZE_DATA32_SIZE_SHIFT5_3610 ) 
        3 SIGN_UNIT ( ADD_SUB_SIGN_unit_3681 ) 
  1 BFLY2_3 ( Butterfly_Unit_SIZE_DATA32_3726 ) 
     2 add0 ( FPU_add_sub_NUM_OP1_6877 ) 
        3 EXP_ADJUST ( ADD_SUB_EXP_adjust_SIZE_EXP8_SIZE_LOPD8_2398 ) 
           4 CLA_8BIT_UNIT ( ADD_SUB_CLA_8bit_1495 ) 
              5 CLA_4BIT_UNIT_0 ( ADD_SUB_CLA_4bit_1001 ) 
              5 CLA_4BIT_UNIT_1 ( ADD_SUB_CLA_4bit_1000 ) 
        3 EXP_COM_8BIT ( ADD_SUB_EXP_comp_SIZE_DATA8_2469 ) 
           4 COMP_LESS_UNIT ( ADD_SUB_COMP_8bit_SIZE_DATA8_2327 ) 
              5 u_high ( ADD_SUB_COMP_4bit_1954 ) 
              5 u_low ( ADD_SUB_COMP_4bit_1955 ) 
        3 EXP_RND ( ADD_SUB_EXP_rounding_SIZE_DATA8_2540 ) 
        3 EXP_SUB ( ADD_SUB_EXP_sub_SIZE_EXP_SUB8_2611 ) 
           4 CLA_8BIT_UNIT ( ADD_SUB_CLA_8bit_1496 ) 
              5 CLA_4BIT_UNIT_0 ( ADD_SUB_CLA_4bit_1009 ) 
              5 CLA_4BIT_UNIT_1 ( ADD_SUB_CLA_4bit_1008 ) 
        3 EXP_SWAP ( ADD_SUB_EXP_swap_SIZE_DATA8_2682 ) 
        3 LOPD_24BIT ( ADD_SUB_LOPD_24bit_SIZE_DATA24_SIZE_LOPD5_2824 ) 
           4 LOPD_16bit_UNIT_MSB ( ADD_SUB_LOPD_16bit_2753 ) 
              5 LOPD_8bit_unit_0 ( ADD_SUB_LOPD_8bit_2953 ) 
              5 LOPD_8bit_unit_1 ( ADD_SUB_LOPD_8bit_2952 ) 
           4 LOPD_8bit_UNIT_LSB ( ADD_SUB_LOPD_8bit_2951 ) 
        3 MAN_ALU ( ADD_SUB_MAN_ALU_NUM_OP1_SIZE_MAN24_3110 ) 
           4 ALU_SUB_UNIT ( ADD_SUB_CLA_24bit_306 ) 
              5 CLA_BLOCK_GEN[0].CLA_4BIT_UNIT ( ADD_SUB_CLA_4bit_1007 ) 
              5 CLA_BLOCK_GEN[1].CLA_4BIT_UNIT ( ADD_SUB_CLA_4bit_1006 ) 
              5 CLA_BLOCK_GEN[2].CLA_4BIT_UNIT ( ADD_SUB_CLA_4bit_1005 ) 
              5 CLA_BLOCK_GEN[3].CLA_4BIT_UNIT ( ADD_SUB_CLA_4bit_1004 ) 
              5 CLA_BLOCK_GEN[4].CLA_4BIT_UNIT ( ADD_SUB_CLA_4bit_1003 ) 
              5 CLA_BLOCK_GEN[5].CLA_4BIT_UNIT ( ADD_SUB_CLA_4bit_1002 ) 
        3 MAN_ALU_PROC_RND ( ADD_SUB_CLS_4bit_1610 ) 
        3 MAN_COMP_24BIT ( ADD_SUB_COMP_24bit_SIZE_DATA24_1681 ) 
           4 u_i_data_0 ( ADD_SUB_COMP_4bit_1953 ) 
           4 u_i_data_1 ( ADD_SUB_COMP_4bit_1952 ) 
           4 u_i_data_2 ( ADD_SUB_COMP_4bit_1951 ) 
           4 u_i_data_3 ( ADD_SUB_COMP_4bit_1950 ) 
           4 u_i_data_4 ( ADD_SUB_COMP_4bit_1949 ) 
           4 u_i_data_5 ( ADD_SUB_COMP_4bit_1948 ) 
        3 MAN_RND ( ADD_SUB_MAN_rounding_SIZE_MAN32_SIZE_MAN_RESULT24_3181 ) 
        3 MAN_SWAP ( ADD_SUB_MAN_swap_SIZE_MAN24_3280 ) 
        3 MAN_SWAP_PRE ( ADD_SUB_MAN_swap_SIZE_MAN24_3281 ) 
        3 NOR_UNIT ( ADD_SUB_NOR_unit_SIZE_LOPD5_SIZE_DATA32_3395 ) 
           4 SHF_left_unit ( ADD_SUB_SHF_left_SIZE_DATA32_SIZE_SHIFT5_3537 ) 
        3 PSC_UNIT ( ADD_SUB_PSC_unit_3478 ) 
        3 SHF_RIGHT_MAN ( ADD_SUB_SHF_right_SIZE_DATA32_SIZE_SHIFT5_3608 ) 
        3 SIGN_UNIT ( ADD_SUB_SIGN_unit_3679 ) 
     2 add1 ( FPU_add_sub_NUM_OP1_6876 ) 
        3 EXP_ADJUST ( ADD_SUB_EXP_adjust_SIZE_EXP8_SIZE_LOPD8_2397 ) 
           4 CLA_8BIT_UNIT ( ADD_SUB_CLA_8bit_1493 ) 
              5 CLA_4BIT_UNIT_0 ( ADD_SUB_CLA_4bit_991 ) 
              5 CLA_4BIT_UNIT_1 ( ADD_SUB_CLA_4bit_990 ) 
        3 EXP_COM_8BIT ( ADD_SUB_EXP_comp_SIZE_DATA8_2468 ) 
           4 COMP_LESS_UNIT ( ADD_SUB_COMP_8bit_SIZE_DATA8_2326 ) 
              5 u_high ( ADD_SUB_COMP_4bit_1946 ) 
              5 u_low ( ADD_SUB_COMP_4bit_1947 ) 
        3 EXP_RND ( ADD_SUB_EXP_rounding_SIZE_DATA8_2539 ) 
        3 EXP_SUB ( ADD_SUB_EXP_sub_SIZE_EXP_SUB8_2610 ) 
           4 CLA_8BIT_UNIT ( ADD_SUB_CLA_8bit_1494 ) 
              5 CLA_4BIT_UNIT_0 ( ADD_SUB_CLA_4bit_999 ) 
              5 CLA_4BIT_UNIT_1 ( ADD_SUB_CLA_4bit_998 ) 
        3 EXP_SWAP ( ADD_SUB_EXP_swap_SIZE_DATA8_2681 ) 
        3 LOPD_24BIT ( ADD_SUB_LOPD_24bit_SIZE_DATA24_SIZE_LOPD5_2823 ) 
           4 LOPD_16bit_UNIT_MSB ( ADD_SUB_LOPD_16bit_2752 ) 
              5 LOPD_8bit_unit_0 ( ADD_SUB_LOPD_8bit_2950 ) 
              5 LOPD_8bit_unit_1 ( ADD_SUB_LOPD_8bit_2949 ) 
           4 LOPD_8bit_UNIT_LSB ( ADD_SUB_LOPD_8bit_2948 ) 
        3 MAN_ALU ( ADD_SUB_MAN_ALU_NUM_OP1_SIZE_MAN24_3109 ) 
           4 ALU_SUB_UNIT ( ADD_SUB_CLA_24bit_305 ) 
              5 CLA_BLOCK_GEN[0].CLA_4BIT_UNIT ( ADD_SUB_CLA_4bit_997 ) 
              5 CLA_BLOCK_GEN[1].CLA_4BIT_UNIT ( ADD_SUB_CLA_4bit_996 ) 
              5 CLA_BLOCK_GEN[2].CLA_4BIT_UNIT ( ADD_SUB_CLA_4bit_995 ) 
              5 CLA_BLOCK_GEN[3].CLA_4BIT_UNIT ( ADD_SUB_CLA_4bit_994 ) 
              5 CLA_BLOCK_GEN[4].CLA_4BIT_UNIT ( ADD_SUB_CLA_4bit_993 ) 
              5 CLA_BLOCK_GEN[5].CLA_4BIT_UNIT ( ADD_SUB_CLA_4bit_992 ) 
        3 MAN_ALU_PROC_RND ( ADD_SUB_CLS_4bit_1609 ) 
        3 MAN_COMP_24BIT ( ADD_SUB_COMP_24bit_SIZE_DATA24_1680 ) 
           4 u_i_data_0 ( ADD_SUB_COMP_4bit_1945 ) 
           4 u_i_data_1 ( ADD_SUB_COMP_4bit_1944 ) 
           4 u_i_data_2 ( ADD_SUB_COMP_4bit_1943 ) 
           4 u_i_data_3 ( ADD_SUB_COMP_4bit_1942 ) 
           4 u_i_data_4 ( ADD_SUB_COMP_4bit_1941 ) 
           4 u_i_data_5 ( ADD_SUB_COMP_4bit_1940 ) 
        3 MAN_RND ( ADD_SUB_MAN_rounding_SIZE_MAN32_SIZE_MAN_RESULT24_3180 ) 
        3 MAN_SWAP ( ADD_SUB_MAN_swap_SIZE_MAN24_3278 ) 
        3 MAN_SWAP_PRE ( ADD_SUB_MAN_swap_SIZE_MAN24_3279 ) 
        3 NOR_UNIT ( ADD_SUB_NOR_unit_SIZE_LOPD5_SIZE_DATA32_3394 ) 
           4 SHF_left_unit ( ADD_SUB_SHF_left_SIZE_DATA32_SIZE_SHIFT5_3536 ) 
        3 PSC_UNIT ( ADD_SUB_PSC_unit_3465 ) 
        3 SHF_RIGHT_MAN ( ADD_SUB_SHF_right_SIZE_DATA32_SIZE_SHIFT5_3607 ) 
        3 SIGN_UNIT ( ADD_SUB_SIGN_unit_3678 ) 
     2 add2 ( FPU_add_sub_NUM_OP1_6875 ) 
        3 EXP_ADJUST ( ADD_SUB_EXP_adjust_SIZE_EXP8_SIZE_LOPD8_2396 ) 
           4 CLA_8BIT_UNIT ( ADD_SUB_CLA_8bit_1491 ) 
              5 CLA_4BIT_UNIT_0 ( ADD_SUB_CLA_4bit_981 ) 
              5 CLA_4BIT_UNIT_1 ( ADD_SUB_CLA_4bit_980 ) 
        3 EXP_COM_8BIT ( ADD_SUB_EXP_comp_SIZE_DATA8_2467 ) 
           4 COMP_LESS_UNIT ( ADD_SUB_COMP_8bit_SIZE_DATA8_2325 ) 
              5 u_high ( ADD_SUB_COMP_4bit_1938 ) 
              5 u_low ( ADD_SUB_COMP_4bit_1939 ) 
        3 EXP_RND ( ADD_SUB_EXP_rounding_SIZE_DATA8_2538 ) 
        3 EXP_SUB ( ADD_SUB_EXP_sub_SIZE_EXP_SUB8_2609 ) 
           4 CLA_8BIT_UNIT ( ADD_SUB_CLA_8bit_1492 ) 
              5 CLA_4BIT_UNIT_0 ( ADD_SUB_CLA_4bit_989 ) 
              5 CLA_4BIT_UNIT_1 ( ADD_SUB_CLA_4bit_988 ) 
        3 EXP_SWAP ( ADD_SUB_EXP_swap_SIZE_DATA8_2680 ) 
        3 LOPD_24BIT ( ADD_SUB_LOPD_24bit_SIZE_DATA24_SIZE_LOPD5_2822 ) 
           4 LOPD_16bit_UNIT_MSB ( ADD_SUB_LOPD_16bit_2751 ) 
              5 LOPD_8bit_unit_0 ( ADD_SUB_LOPD_8bit_2947 ) 
              5 LOPD_8bit_unit_1 ( ADD_SUB_LOPD_8bit_2946 ) 
           4 LOPD_8bit_UNIT_LSB ( ADD_SUB_LOPD_8bit_2945 ) 
        3 MAN_ALU ( ADD_SUB_MAN_ALU_NUM_OP1_SIZE_MAN24_3108 ) 
           4 ALU_SUB_UNIT ( ADD_SUB_CLA_24bit_304 ) 
              5 CLA_BLOCK_GEN[0].CLA_4BIT_UNIT ( ADD_SUB_CLA_4bit_987 ) 
              5 CLA_BLOCK_GEN[1].CLA_4BIT_UNIT ( ADD_SUB_CLA_4bit_986 ) 
              5 CLA_BLOCK_GEN[2].CLA_4BIT_UNIT ( ADD_SUB_CLA_4bit_985 ) 
              5 CLA_BLOCK_GEN[3].CLA_4BIT_UNIT ( ADD_SUB_CLA_4bit_984 ) 
              5 CLA_BLOCK_GEN[4].CLA_4BIT_UNIT ( ADD_SUB_CLA_4bit_983 ) 
              5 CLA_BLOCK_GEN[5].CLA_4BIT_UNIT ( ADD_SUB_CLA_4bit_982 ) 
        3 MAN_ALU_PROC_RND ( ADD_SUB_CLS_4bit_1608 ) 
        3 MAN_COMP_24BIT ( ADD_SUB_COMP_24bit_SIZE_DATA24_1679 ) 
           4 u_i_data_0 ( ADD_SUB_COMP_4bit_1937 ) 
           4 u_i_data_1 ( ADD_SUB_COMP_4bit_1936 ) 
           4 u_i_data_2 ( ADD_SUB_COMP_4bit_1935 ) 
           4 u_i_data_3 ( ADD_SUB_COMP_4bit_1934 ) 
           4 u_i_data_4 ( ADD_SUB_COMP_4bit_1933 ) 
           4 u_i_data_5 ( ADD_SUB_COMP_4bit_1932 ) 
        3 MAN_RND ( ADD_SUB_MAN_rounding_SIZE_MAN32_SIZE_MAN_RESULT24_3179 ) 
        3 MAN_SWAP ( ADD_SUB_MAN_swap_SIZE_MAN24_3276 ) 
        3 MAN_SWAP_PRE ( ADD_SUB_MAN_swap_SIZE_MAN24_3277 ) 
        3 NOR_UNIT ( ADD_SUB_NOR_unit_SIZE_LOPD5_SIZE_DATA32_3393 ) 
           4 SHF_left_unit ( ADD_SUB_SHF_left_SIZE_DATA32_SIZE_SHIFT5_3535 ) 
        3 PSC_UNIT ( ADD_SUB_PSC_unit_3464 ) 
        3 SHF_RIGHT_MAN ( ADD_SUB_SHF_right_SIZE_DATA32_SIZE_SHIFT5_3606 ) 
        3 SIGN_UNIT ( ADD_SUB_SIGN_unit_3677 ) 
     2 mul0 ( fpu_mul_SIZE_DATA32_8047 ) 
        3 PSC_UNIT ( MUL_PSC_unit_SIZE_EXP8_SIZE_MAN24_7600 ) 
     2 mul1 ( fpu_mul_SIZE_DATA32_8046 ) 
        3 EXP_ROUNDING_UNIT ( MUL_EXP_rounding_SIZE_DATA8_7127 ) 
        3 LOPD_UNIT ( MUL_LOPD_24bit_SIZE_DATA24_SIZE_LOPD5_7268 ) 
           4 LOPD_16bit_UNIT_MSB ( MUL_LOPD_16bit_7221 ) 
              5 LOPD_8bit_unit_0 ( MUL_LOPD_8bit_7353 ) 
              5 LOPD_8bit_unit_1 ( MUL_LOPD_8bit_7352 ) 
           4 LOPD_8bit_UNIT_LSB ( MUL_LOPD_8bit_7351 ) 
        3 MAN_MUL_UNIT ( MUL_MAN_mul_SIZE_DATA24_7458 ) 
           4 MUL_UNIT_MAN_UNIT ( Multiplier_7740 ) 
              5 u_booth ( Modified_booth_N24_NUM_PP13_7693 ) 
              5 u_cla ( CLA_adder_top_WIDTH48_FANIN4_3751 ) 
                 6 cla_tree ( cla_logic_tree_level_WIDTH48_FANIN4_7928 ) 
                    7 COMPUTE_DETAILED_CARRY[10].cla_unit ( CLA_logic_WIDTH4_4098 ) 
                    7 COMPUTE_DETAILED_CARRY[11].cla_unit ( CLA_logic_WIDTH4_4097 ) 
                    7 COMPUTE_DETAILED_CARRY[2].cla_unit ( CLA_logic_WIDTH4_4106 ) 
                    7 COMPUTE_DETAILED_CARRY[3].cla_unit ( CLA_logic_WIDTH4_4105 ) 
                    7 COMPUTE_DETAILED_CARRY[4].cla_unit ( CLA_logic_WIDTH4_4104 ) 
                    7 COMPUTE_DETAILED_CARRY[5].cla_unit ( CLA_logic_WIDTH4_4103 ) 
                    7 COMPUTE_DETAILED_CARRY[6].cla_unit ( CLA_logic_WIDTH4_4102 ) 
                    7 COMPUTE_DETAILED_CARRY[7].cla_unit ( CLA_logic_WIDTH4_4101 ) 
                    7 COMPUTE_DETAILED_CARRY[8].cla_unit ( CLA_logic_WIDTH4_4100 ) 
                    7 COMPUTE_DETAILED_CARRY[9].cla_unit ( CLA_logic_WIDTH4_4099 ) 
                    7 MULTI_GROUP.next_level ( cla_logic_tree_level_WIDTH12_FANIN4_7834 ) 
                       8 COMPUTE_DETAILED_CARRY[0].cla_unit ( CLA_logic_WIDTH4_4111 ) 
                       8 COMPUTE_DETAILED_CARRY[1].cla_unit ( CLA_logic_WIDTH4_4110 ) 
                       8 COMPUTE_DETAILED_CARRY[2].cla_unit ( CLA_logic_WIDTH4_4109 ) 
                       8 MULTI_GROUP.next_level ( cla_logic_tree_level_WIDTH3_FANIN4_7881 ) 
                          9 COMPUTE_DETAILED_CARRY[0].cla_unit ( CLA_logic_WIDTH3_3798 ) 
              5 u_merge ( wallace_final_merge_WIDTH48_9736 ) 
                 6 csa_row[10].u_fa ( FA_1bit_5447 ) 
                 6 csa_row[11].u_fa ( FA_1bit_5446 ) 
                 6 csa_row[12].u_fa ( FA_1bit_5445 ) 
                 6 csa_row[13].u_fa ( FA_1bit_5444 ) 
                 6 csa_row[14].u_fa ( FA_1bit_5443 ) 
                 6 csa_row[15].u_fa ( FA_1bit_5442 ) 
                 6 csa_row[16].u_fa ( FA_1bit_5441 ) 
                 6 csa_row[17].u_fa ( FA_1bit_5440 ) 
                 6 csa_row[18].u_fa ( FA_1bit_5439 ) 
                 6 csa_row[19].u_fa ( FA_1bit_5438 ) 
                 6 csa_row[20].u_fa ( FA_1bit_5437 ) 
                 6 csa_row[21].u_fa ( FA_1bit_5436 ) 
                 6 csa_row[22].u_fa ( FA_1bit_5435 ) 
                 6 csa_row[23].u_fa ( FA_1bit_5434 ) 
                 6 csa_row[24].u_fa ( FA_1bit_5433 ) 
                 6 csa_row[25].u_fa ( FA_1bit_5432 ) 
                 6 csa_row[26].u_fa ( FA_1bit_5431 ) 
                 6 csa_row[27].u_fa ( FA_1bit_5430 ) 
                 6 csa_row[28].u_fa ( FA_1bit_5429 ) 
                 6 csa_row[29].u_fa ( FA_1bit_5428 ) 
                 6 csa_row[30].u_fa ( FA_1bit_5427 ) 
                 6 csa_row[31].u_fa ( FA_1bit_5426 ) 
                 6 csa_row[32].u_fa ( FA_1bit_5425 ) 
                 6 csa_row[33].u_fa ( FA_1bit_5424 ) 
                 6 csa_row[34].u_fa ( FA_1bit_5423 ) 
                 6 csa_row[35].u_fa ( FA_1bit_5422 ) 
                 6 csa_row[36].u_fa ( FA_1bit_5421 ) 
                 6 csa_row[37].u_fa ( FA_1bit_5420 ) 
                 6 csa_row[38].u_fa ( FA_1bit_5419 ) 
                 6 csa_row[39].u_fa ( FA_1bit_5418 ) 
                 6 csa_row[40].u_fa ( FA_1bit_5417 ) 
                 6 csa_row[41].u_fa ( FA_1bit_5416 ) 
                 6 csa_row[42].u_fa ( FA_1bit_5415 ) 
                 6 csa_row[43].u_fa ( FA_1bit_5414 ) 
                 6 csa_row[44].u_fa ( FA_1bit_5413 ) 
                 6 csa_row[45].u_fa ( FA_1bit_5412 ) 
                 6 csa_row[46].u_fa ( FA_1bit_5411 ) 
                 6 csa_row[47].u_fa ( FA_1bit_5410 ) 
                 6 csa_row[6].u_fa ( FA_1bit_5451 ) 
                 6 csa_row[7].u_fa ( FA_1bit_5450 ) 
                 6 csa_row[8].u_fa ( FA_1bit_5449 ) 
                 6 csa_row[9].u_fa ( FA_1bit_5448 ) 
              5 u_wallace ( wallace_tree_N24_NUM_PP13_NUM_CZ12_10065 ) 
                 6 STAGE_GEN[0].u_stage ( wallace_stage_NUM_COLS48_COL_HEIGHTSx000000020000000200000003000000030000000400000004000000050000000500000006000000060000000700000007000000080000000800000009000000090000000a0000000a0000000b0000000b0000000c0000000c0000000d0000000d0000000d0000000c0000000c0000000b0000000b0000000a0000000a0000000900000009000000080000000800000007000000070000000600000006000000050000000500000004000000040000000300000003000000020000000200000001_MAX_H_IN32_MAX_H_OUT32_10018 ) 
                 6 STAGE_GEN[1].u_stage ( wallace_stage_NUM_COLS48_COL_HEIGHTSx000000010000000200000002000000020000000300000003000000030000000400000004000000040000000500000005000000050000000600000006000000060000000700000007000000070000000800000008000000080000000900000009000000090000000800000008000000080000000800000008000000070000000600000006000000060000000600000006000000050000000400000004000000040000000400000004000000030000000200000002000000020000000200000002_MAX_H_IN32_MAX_H_OUT32_9971 ) 
                 6 STAGE_GEN[2].u_stage ( wallace_stage_NUM_COLS48_COL_HEIGHTSx000000010000000100000002000000020000000200000002000000020000000300000003000000030000000300000004000000040000000400000004000000040000000500000005000000050000000500000006000000060000000600000006000000060000000600000006000000060000000600000006000000060000000400000004000000040000000400000004000000040000000400000003000000030000000300000003000000020000000200000002000000020000000200000002_MAX_H_IN32_MAX_H_OUT32_9924 ) 
                 6 STAGE_GEN[3].u_stage ( wallace_stage_NUM_COLS48_COL_HEIGHTSx000000010000000100000001000000020000000200000002000000020000000200000002000000020000000200000003000000030000000300000003000000030000000300000004000000040000000400000004000000040000000400000004000000040000000400000004000000040000000400000004000000040000000400000003000000030000000300000003000000030000000300000002000000020000000200000002000000020000000200000002000000020000000200000002_MAX_H_IN32_MAX_H_OUT32_9877 ) 
                 6 STAGE_GEN[4].u_stage ( wallace_stage_NUM_COLS48_COL_HEIGHTSx000000010000000100000001000000010000000200000002000000020000000200000002000000020000000200000002000000020000000200000002000000020000000200000003000000030000000300000003000000030000000300000003000000030000000300000003000000030000000300000003000000030000000300000002000000020000000200000002000000020000000200000002000000020000000200000002000000020000000200000002000000020000000200000002_MAX_H_IN32_MAX_H_OUT32_9830 ) 
                 6 STAGE_GEN[5].u_stage ( wallace_stage_NUM_COLS48_COL_HEIGHTSx000000010000000100000001000000010000000100000002000000020000000200000002000000020000000200000002000000020000000200000002000000020000000200000002000000020000000200000002000000020000000200000002000000020000000200000002000000020000000200000002000000020000000200000002000000020000000200000002000000020000000200000002000000020000000200000002000000020000000200000002000000020000000200000002_MAX_H_IN32_MAX_H_OUT32_9783 ) 
        3 MAN_ROUNDING_UNIT ( MUL_MAN_rounding_SIZE_MAN24_7505 ) 
        3 MUL_EXP_ADJUST_UNIT ( MUL_EXP_adjust_SIZE_DATA8_SIZE_LOPD8_7080 ) 
           4 CLA_8BIT_UNIT ( MUL_CLA_8bit_7033 ) 
              5 CLA_4BIT_UNIT_0 ( MUL_CLA_4bit_6957 ) 
              5 CLA_4BIT_UNIT_1 ( MUL_CLA_4bit_6956 ) 
        3 NOR_UNIT ( MUL_NOR_unit_SIZE_LOPD5_SIZE_DATA24_7552 ) 
           4 SHF_left_unit ( MUL_SHF_left_SIZE_DATA32_SIZE_SHIFT5_7646 ) 
        3 PSC_UNIT ( MUL_PSC_unit_SIZE_EXP8_SIZE_MAN24_7607 ) 
     2 mul2 ( fpu_mul_SIZE_DATA32_8045 ) 
        3 EXP_ROUNDING_UNIT ( MUL_EXP_rounding_SIZE_DATA8_7126 ) 
        3 LOPD_UNIT ( MUL_LOPD_24bit_SIZE_DATA24_SIZE_LOPD5_7267 ) 
           4 LOPD_16bit_UNIT_MSB ( MUL_LOPD_16bit_7220 ) 
              5 LOPD_8bit_unit_0 ( MUL_LOPD_8bit_7350 ) 
              5 LOPD_8bit_unit_1 ( MUL_LOPD_8bit_7349 ) 
           4 LOPD_8bit_UNIT_LSB ( MUL_LOPD_8bit_7348 ) 
        3 MAN_MUL_UNIT ( MUL_MAN_mul_SIZE_DATA24_7457 ) 
           4 MUL_UNIT_MAN_UNIT ( Multiplier_7739 ) 
              5 u_booth ( Modified_booth_N24_NUM_PP13_7692 ) 
              5 u_cla ( CLA_adder_top_WIDTH48_FANIN4_3750 ) 
                 6 cla_tree ( cla_logic_tree_level_WIDTH48_FANIN4_7927 ) 
                    7 COMPUTE_DETAILED_CARRY[10].cla_unit ( CLA_logic_WIDTH4_4083 ) 
                    7 COMPUTE_DETAILED_CARRY[11].cla_unit ( CLA_logic_WIDTH4_4082 ) 
                    7 COMPUTE_DETAILED_CARRY[2].cla_unit ( CLA_logic_WIDTH4_4091 ) 
                    7 COMPUTE_DETAILED_CARRY[3].cla_unit ( CLA_logic_WIDTH4_4090 ) 
                    7 COMPUTE_DETAILED_CARRY[4].cla_unit ( CLA_logic_WIDTH4_4089 ) 
                    7 COMPUTE_DETAILED_CARRY[5].cla_unit ( CLA_logic_WIDTH4_4088 ) 
                    7 COMPUTE_DETAILED_CARRY[6].cla_unit ( CLA_logic_WIDTH4_4087 ) 
                    7 COMPUTE_DETAILED_CARRY[7].cla_unit ( CLA_logic_WIDTH4_4086 ) 
                    7 COMPUTE_DETAILED_CARRY[8].cla_unit ( CLA_logic_WIDTH4_4085 ) 
                    7 COMPUTE_DETAILED_CARRY[9].cla_unit ( CLA_logic_WIDTH4_4084 ) 
                    7 MULTI_GROUP.next_level ( cla_logic_tree_level_WIDTH12_FANIN4_7833 ) 
                       8 COMPUTE_DETAILED_CARRY[0].cla_unit ( CLA_logic_WIDTH4_4096 ) 
                       8 COMPUTE_DETAILED_CARRY[1].cla_unit ( CLA_logic_WIDTH4_4095 ) 
                       8 COMPUTE_DETAILED_CARRY[2].cla_unit ( CLA_logic_WIDTH4_4094 ) 
                       8 MULTI_GROUP.next_level ( cla_logic_tree_level_WIDTH3_FANIN4_7880 ) 
                          9 COMPUTE_DETAILED_CARRY[0].cla_unit ( CLA_logic_WIDTH3_3797 ) 
              5 u_merge ( wallace_final_merge_WIDTH48_9735 ) 
                 6 csa_row[10].u_fa ( FA_1bit_5399 ) 
                 6 csa_row[11].u_fa ( FA_1bit_5398 ) 
                 6 csa_row[12].u_fa ( FA_1bit_5397 ) 
                 6 csa_row[13].u_fa ( FA_1bit_5396 ) 
                 6 csa_row[14].u_fa ( FA_1bit_5395 ) 
                 6 csa_row[15].u_fa ( FA_1bit_5394 ) 
                 6 csa_row[16].u_fa ( FA_1bit_5393 ) 
                 6 csa_row[17].u_fa ( FA_1bit_5392 ) 
                 6 csa_row[18].u_fa ( FA_1bit_5391 ) 
                 6 csa_row[19].u_fa ( FA_1bit_5390 ) 
                 6 csa_row[20].u_fa ( FA_1bit_5389 ) 
                 6 csa_row[21].u_fa ( FA_1bit_5388 ) 
                 6 csa_row[22].u_fa ( FA_1bit_5387 ) 
                 6 csa_row[23].u_fa ( FA_1bit_5386 ) 
                 6 csa_row[24].u_fa ( FA_1bit_5385 ) 
                 6 csa_row[25].u_fa ( FA_1bit_5384 ) 
                 6 csa_row[26].u_fa ( FA_1bit_5383 ) 
                 6 csa_row[27].u_fa ( FA_1bit_5382 ) 
                 6 csa_row[28].u_fa ( FA_1bit_5381 ) 
                 6 csa_row[29].u_fa ( FA_1bit_5380 ) 
                 6 csa_row[30].u_fa ( FA_1bit_5379 ) 
                 6 csa_row[31].u_fa ( FA_1bit_5378 ) 
                 6 csa_row[32].u_fa ( FA_1bit_5377 ) 
                 6 csa_row[33].u_fa ( FA_1bit_5376 ) 
                 6 csa_row[34].u_fa ( FA_1bit_5375 ) 
                 6 csa_row[35].u_fa ( FA_1bit_5374 ) 
                 6 csa_row[36].u_fa ( FA_1bit_5373 ) 
                 6 csa_row[37].u_fa ( FA_1bit_5372 ) 
                 6 csa_row[38].u_fa ( FA_1bit_5371 ) 
                 6 csa_row[39].u_fa ( FA_1bit_5370 ) 
                 6 csa_row[40].u_fa ( FA_1bit_5369 ) 
                 6 csa_row[41].u_fa ( FA_1bit_5368 ) 
                 6 csa_row[42].u_fa ( FA_1bit_5367 ) 
                 6 csa_row[43].u_fa ( FA_1bit_5366 ) 
                 6 csa_row[44].u_fa ( FA_1bit_5365 ) 
                 6 csa_row[45].u_fa ( FA_1bit_5364 ) 
                 6 csa_row[46].u_fa ( FA_1bit_5363 ) 
                 6 csa_row[47].u_fa ( FA_1bit_5362 ) 
                 6 csa_row[6].u_fa ( FA_1bit_5403 ) 
                 6 csa_row[7].u_fa ( FA_1bit_5402 ) 
                 6 csa_row[8].u_fa ( FA_1bit_5401 ) 
                 6 csa_row[9].u_fa ( FA_1bit_5400 ) 
              5 u_wallace ( wallace_tree_N24_NUM_PP13_NUM_CZ12_10064 ) 
                 6 STAGE_GEN[0].u_stage ( wallace_stage_NUM_COLS48_COL_HEIGHTSx000000020000000200000003000000030000000400000004000000050000000500000006000000060000000700000007000000080000000800000009000000090000000a0000000a0000000b0000000b0000000c0000000c0000000d0000000d0000000d0000000c0000000c0000000b0000000b0000000a0000000a0000000900000009000000080000000800000007000000070000000600000006000000050000000500000004000000040000000300000003000000020000000200000001_MAX_H_IN32_MAX_H_OUT32_10017 ) 
                 6 STAGE_GEN[1].u_stage ( wallace_stage_NUM_COLS48_COL_HEIGHTSx000000010000000200000002000000020000000300000003000000030000000400000004000000040000000500000005000000050000000600000006000000060000000700000007000000070000000800000008000000080000000900000009000000090000000800000008000000080000000800000008000000070000000600000006000000060000000600000006000000050000000400000004000000040000000400000004000000030000000200000002000000020000000200000002_MAX_H_IN32_MAX_H_OUT32_9970 ) 
                 6 STAGE_GEN[2].u_stage ( wallace_stage_NUM_COLS48_COL_HEIGHTSx000000010000000100000002000000020000000200000002000000020000000300000003000000030000000300000004000000040000000400000004000000040000000500000005000000050000000500000006000000060000000600000006000000060000000600000006000000060000000600000006000000060000000400000004000000040000000400000004000000040000000400000003000000030000000300000003000000020000000200000002000000020000000200000002_MAX_H_IN32_MAX_H_OUT32_9923 ) 
                 6 STAGE_GEN[3].u_stage ( wallace_stage_NUM_COLS48_COL_HEIGHTSx000000010000000100000001000000020000000200000002000000020000000200000002000000020000000200000003000000030000000300000003000000030000000300000004000000040000000400000004000000040000000400000004000000040000000400000004000000040000000400000004000000040000000400000003000000030000000300000003000000030000000300000002000000020000000200000002000000020000000200000002000000020000000200000002_MAX_H_IN32_MAX_H_OUT32_9876 ) 
                 6 STAGE_GEN[4].u_stage ( wallace_stage_NUM_COLS48_COL_HEIGHTSx000000010000000100000001000000010000000200000002000000020000000200000002000000020000000200000002000000020000000200000002000000020000000200000003000000030000000300000003000000030000000300000003000000030000000300000003000000030000000300000003000000030000000300000002000000020000000200000002000000020000000200000002000000020000000200000002000000020000000200000002000000020000000200000002_MAX_H_IN32_MAX_H_OUT32_9829 ) 
                 6 STAGE_GEN[5].u_stage ( wallace_stage_NUM_COLS48_COL_HEIGHTSx000000010000000100000001000000010000000100000002000000020000000200000002000000020000000200000002000000020000000200000002000000020000000200000002000000020000000200000002000000020000000200000002000000020000000200000002000000020000000200000002000000020000000200000002000000020000000200000002000000020000000200000002000000020000000200000002000000020000000200000002000000020000000200000002_MAX_H_IN32_MAX_H_OUT32_9782 ) 
        3 MAN_ROUNDING_UNIT ( MUL_MAN_rounding_SIZE_MAN24_7504 ) 
        3 MUL_EXP_ADJUST_UNIT ( MUL_EXP_adjust_SIZE_DATA8_SIZE_LOPD8_7079 ) 
           4 CLA_8BIT_UNIT ( MUL_CLA_8bit_7032 ) 
              5 CLA_4BIT_UNIT_0 ( MUL_CLA_4bit_6955 ) 
              5 CLA_4BIT_UNIT_1 ( MUL_CLA_4bit_6954 ) 
        3 NOR_UNIT ( MUL_NOR_unit_SIZE_LOPD5_SIZE_DATA24_7551 ) 
           4 SHF_left_unit ( MUL_SHF_left_SIZE_DATA32_SIZE_SHIFT5_7645 ) 
        3 PSC_UNIT ( MUL_PSC_unit_SIZE_EXP8_SIZE_MAN24_7598 ) 
     2 mul3 ( fpu_mul_SIZE_DATA32_8044 ) 
        3 PSC_UNIT ( MUL_PSC_unit_SIZE_EXP8_SIZE_MAN24_7597 ) 
     2 sub0 ( FPU_add_sub_NUM_OP1_6878 ) 
        3 EXP_ADJUST ( ADD_SUB_EXP_adjust_SIZE_EXP8_SIZE_LOPD8_2399 ) 
           4 CLA_8BIT_UNIT ( ADD_SUB_CLA_8bit_1497 ) 
              5 CLA_4BIT_UNIT_0 ( ADD_SUB_CLA_4bit_1011 ) 
              5 CLA_4BIT_UNIT_1 ( ADD_SUB_CLA_4bit_1010 ) 
        3 EXP_COM_8BIT ( ADD_SUB_EXP_comp_SIZE_DATA8_2470 ) 
           4 COMP_LESS_UNIT ( ADD_SUB_COMP_8bit_SIZE_DATA8_2328 ) 
              5 u_high ( ADD_SUB_COMP_4bit_2194 ) 
              5 u_low ( ADD_SUB_COMP_4bit_2195 ) 
        3 EXP_RND ( ADD_SUB_EXP_rounding_SIZE_DATA8_2541 ) 
        3 EXP_SUB ( ADD_SUB_EXP_sub_SIZE_EXP_SUB8_2612 ) 
           4 CLA_8BIT_UNIT ( ADD_SUB_CLA_8bit_1498 ) 
              5 CLA_4BIT_UNIT_0 ( ADD_SUB_CLA_4bit_1019 ) 
              5 CLA_4BIT_UNIT_1 ( ADD_SUB_CLA_4bit_1018 ) 
        3 EXP_SWAP ( ADD_SUB_EXP_swap_SIZE_DATA8_2683 ) 
        3 LOPD_24BIT ( ADD_SUB_LOPD_24bit_SIZE_DATA24_SIZE_LOPD5_2825 ) 
           4 LOPD_16bit_UNIT_MSB ( ADD_SUB_LOPD_16bit_2754 ) 
              5 LOPD_8bit_unit_0 ( ADD_SUB_LOPD_8bit_2956 ) 
              5 LOPD_8bit_unit_1 ( ADD_SUB_LOPD_8bit_2955 ) 
           4 LOPD_8bit_UNIT_LSB ( ADD_SUB_LOPD_8bit_2954 ) 
        3 MAN_ALU ( ADD_SUB_MAN_ALU_NUM_OP1_SIZE_MAN24_3111 ) 
           4 ALU_SUB_UNIT ( ADD_SUB_CLA_24bit_307 ) 
              5 CLA_BLOCK_GEN[0].CLA_4BIT_UNIT ( ADD_SUB_CLA_4bit_1017 ) 
              5 CLA_BLOCK_GEN[1].CLA_4BIT_UNIT ( ADD_SUB_CLA_4bit_1016 ) 
              5 CLA_BLOCK_GEN[2].CLA_4BIT_UNIT ( ADD_SUB_CLA_4bit_1015 ) 
              5 CLA_BLOCK_GEN[3].CLA_4BIT_UNIT ( ADD_SUB_CLA_4bit_1014 ) 
              5 CLA_BLOCK_GEN[4].CLA_4BIT_UNIT ( ADD_SUB_CLA_4bit_1013 ) 
              5 CLA_BLOCK_GEN[5].CLA_4BIT_UNIT ( ADD_SUB_CLA_4bit_1012 ) 
        3 MAN_ALU_PROC_RND ( ADD_SUB_CLS_4bit_1611 ) 
        3 MAN_COMP_24BIT ( ADD_SUB_COMP_24bit_SIZE_DATA24_1682 ) 
           4 u_i_data_0 ( ADD_SUB_COMP_4bit_1961 ) 
           4 u_i_data_1 ( ADD_SUB_COMP_4bit_1960 ) 
           4 u_i_data_2 ( ADD_SUB_COMP_4bit_1959 ) 
           4 u_i_data_3 ( ADD_SUB_COMP_4bit_1958 ) 
           4 u_i_data_4 ( ADD_SUB_COMP_4bit_1957 ) 
           4 u_i_data_5 ( ADD_SUB_COMP_4bit_1956 ) 
        3 MAN_RND ( ADD_SUB_MAN_rounding_SIZE_MAN32_SIZE_MAN_RESULT24_3182 ) 
        3 MAN_SWAP ( ADD_SUB_MAN_swap_SIZE_MAN24_3282 ) 
        3 MAN_SWAP_PRE ( ADD_SUB_MAN_swap_SIZE_MAN24_3283 ) 
        3 NOR_UNIT ( ADD_SUB_NOR_unit_SIZE_LOPD5_SIZE_DATA32_3396 ) 
           4 SHF_left_unit ( ADD_SUB_SHF_left_SIZE_DATA32_SIZE_SHIFT5_3538 ) 
        3 PSC_UNIT ( ADD_SUB_PSC_unit_3479 ) 
        3 SHF_RIGHT_MAN ( ADD_SUB_SHF_right_SIZE_DATA32_SIZE_SHIFT5_3609 ) 
        3 SIGN_UNIT ( ADD_SUB_SIGN_unit_3680 ) 
     2 sub1 ( FPU_add_sub_NUM_OP1_6874 ) 
        3 EXP_ADJUST ( ADD_SUB_EXP_adjust_SIZE_EXP8_SIZE_LOPD8_2395 ) 
           4 CLA_8BIT_UNIT ( ADD_SUB_CLA_8bit_1489 ) 
              5 CLA_4BIT_UNIT_0 ( ADD_SUB_CLA_4bit_971 ) 
              5 CLA_4BIT_UNIT_1 ( ADD_SUB_CLA_4bit_970 ) 
        3 EXP_COM_8BIT ( ADD_SUB_EXP_comp_SIZE_DATA8_2466 ) 
           4 COMP_LESS_UNIT ( ADD_SUB_COMP_8bit_SIZE_DATA8_2324 ) 
              5 u_high ( ADD_SUB_COMP_4bit_1930 ) 
              5 u_low ( ADD_SUB_COMP_4bit_1931 ) 
        3 EXP_RND ( ADD_SUB_EXP_rounding_SIZE_DATA8_2537 ) 
        3 EXP_SUB ( ADD_SUB_EXP_sub_SIZE_EXP_SUB8_2608 ) 
           4 CLA_8BIT_UNIT ( ADD_SUB_CLA_8bit_1490 ) 
              5 CLA_4BIT_UNIT_0 ( ADD_SUB_CLA_4bit_979 ) 
              5 CLA_4BIT_UNIT_1 ( ADD_SUB_CLA_4bit_978 ) 
        3 EXP_SWAP ( ADD_SUB_EXP_swap_SIZE_DATA8_2679 ) 
        3 LOPD_24BIT ( ADD_SUB_LOPD_24bit_SIZE_DATA24_SIZE_LOPD5_2821 ) 
           4 LOPD_16bit_UNIT_MSB ( ADD_SUB_LOPD_16bit_2750 ) 
              5 LOPD_8bit_unit_0 ( ADD_SUB_LOPD_8bit_2944 ) 
              5 LOPD_8bit_unit_1 ( ADD_SUB_LOPD_8bit_2943 ) 
           4 LOPD_8bit_UNIT_LSB ( ADD_SUB_LOPD_8bit_2942 ) 
        3 MAN_ALU ( ADD_SUB_MAN_ALU_NUM_OP1_SIZE_MAN24_3107 ) 
           4 ALU_SUB_UNIT ( ADD_SUB_CLA_24bit_303 ) 
              5 CLA_BLOCK_GEN[0].CLA_4BIT_UNIT ( ADD_SUB_CLA_4bit_977 ) 
              5 CLA_BLOCK_GEN[1].CLA_4BIT_UNIT ( ADD_SUB_CLA_4bit_976 ) 
              5 CLA_BLOCK_GEN[2].CLA_4BIT_UNIT ( ADD_SUB_CLA_4bit_975 ) 
              5 CLA_BLOCK_GEN[3].CLA_4BIT_UNIT ( ADD_SUB_CLA_4bit_974 ) 
              5 CLA_BLOCK_GEN[4].CLA_4BIT_UNIT ( ADD_SUB_CLA_4bit_973 ) 
              5 CLA_BLOCK_GEN[5].CLA_4BIT_UNIT ( ADD_SUB_CLA_4bit_972 ) 
        3 MAN_ALU_PROC_RND ( ADD_SUB_CLS_4bit_1607 ) 
        3 MAN_COMP_24BIT ( ADD_SUB_COMP_24bit_SIZE_DATA24_1678 ) 
           4 u_i_data_0 ( ADD_SUB_COMP_4bit_1929 ) 
           4 u_i_data_1 ( ADD_SUB_COMP_4bit_1928 ) 
           4 u_i_data_2 ( ADD_SUB_COMP_4bit_1927 ) 
           4 u_i_data_3 ( ADD_SUB_COMP_4bit_1926 ) 
           4 u_i_data_4 ( ADD_SUB_COMP_4bit_1925 ) 
           4 u_i_data_5 ( ADD_SUB_COMP_4bit_1924 ) 
        3 MAN_RND ( ADD_SUB_MAN_rounding_SIZE_MAN32_SIZE_MAN_RESULT24_3178 ) 
        3 MAN_SWAP ( ADD_SUB_MAN_swap_SIZE_MAN24_3274 ) 
        3 MAN_SWAP_PRE ( ADD_SUB_MAN_swap_SIZE_MAN24_3275 ) 
        3 NOR_UNIT ( ADD_SUB_NOR_unit_SIZE_LOPD5_SIZE_DATA32_3392 ) 
           4 SHF_left_unit ( ADD_SUB_SHF_left_SIZE_DATA32_SIZE_SHIFT5_3534 ) 
        3 PSC_UNIT ( ADD_SUB_PSC_unit_3463 ) 
        3 SHF_RIGHT_MAN ( ADD_SUB_SHF_right_SIZE_DATA32_SIZE_SHIFT5_3605 ) 
        3 SIGN_UNIT ( ADD_SUB_SIGN_unit_3676 ) 
     2 sub2 ( FPU_add_sub_NUM_OP1_6873 ) 
        3 EXP_ADJUST ( ADD_SUB_EXP_adjust_SIZE_EXP8_SIZE_LOPD8_2394 ) 
           4 CLA_8BIT_UNIT ( ADD_SUB_CLA_8bit_1487 ) 
              5 CLA_4BIT_UNIT_0 ( ADD_SUB_CLA_4bit_961 ) 
              5 CLA_4BIT_UNIT_1 ( ADD_SUB_CLA_4bit_960 ) 
        3 EXP_COM_8BIT ( ADD_SUB_EXP_comp_SIZE_DATA8_2465 ) 
           4 COMP_LESS_UNIT ( ADD_SUB_COMP_8bit_SIZE_DATA8_2323 ) 
              5 u_high ( ADD_SUB_COMP_4bit_1922 ) 
              5 u_low ( ADD_SUB_COMP_4bit_1923 ) 
        3 EXP_RND ( ADD_SUB_EXP_rounding_SIZE_DATA8_2536 ) 
        3 EXP_SUB ( ADD_SUB_EXP_sub_SIZE_EXP_SUB8_2607 ) 
           4 CLA_8BIT_UNIT ( ADD_SUB_CLA_8bit_1488 ) 
              5 CLA_4BIT_UNIT_0 ( ADD_SUB_CLA_4bit_969 ) 
              5 CLA_4BIT_UNIT_1 ( ADD_SUB_CLA_4bit_968 ) 
        3 EXP_SWAP ( ADD_SUB_EXP_swap_SIZE_DATA8_2678 ) 
        3 LOPD_24BIT ( ADD_SUB_LOPD_24bit_SIZE_DATA24_SIZE_LOPD5_2820 ) 
           4 LOPD_16bit_UNIT_MSB ( ADD_SUB_LOPD_16bit_2749 ) 
              5 LOPD_8bit_unit_0 ( ADD_SUB_LOPD_8bit_2941 ) 
              5 LOPD_8bit_unit_1 ( ADD_SUB_LOPD_8bit_2940 ) 
           4 LOPD_8bit_UNIT_LSB ( ADD_SUB_LOPD_8bit_2939 ) 
        3 MAN_ALU ( ADD_SUB_MAN_ALU_NUM_OP1_SIZE_MAN24_3106 ) 
           4 ALU_SUB_UNIT ( ADD_SUB_CLA_24bit_302 ) 
              5 CLA_BLOCK_GEN[0].CLA_4BIT_UNIT ( ADD_SUB_CLA_4bit_967 ) 
              5 CLA_BLOCK_GEN[1].CLA_4BIT_UNIT ( ADD_SUB_CLA_4bit_966 ) 
              5 CLA_BLOCK_GEN[2].CLA_4BIT_UNIT ( ADD_SUB_CLA_4bit_965 ) 
              5 CLA_BLOCK_GEN[3].CLA_4BIT_UNIT ( ADD_SUB_CLA_4bit_964 ) 
              5 CLA_BLOCK_GEN[4].CLA_4BIT_UNIT ( ADD_SUB_CLA_4bit_963 ) 
              5 CLA_BLOCK_GEN[5].CLA_4BIT_UNIT ( ADD_SUB_CLA_4bit_962 ) 
        3 MAN_ALU_PROC_RND ( ADD_SUB_CLS_4bit_1606 ) 
        3 MAN_COMP_24BIT ( ADD_SUB_COMP_24bit_SIZE_DATA24_1677 ) 
           4 u_i_data_0 ( ADD_SUB_COMP_4bit_1921 ) 
           4 u_i_data_1 ( ADD_SUB_COMP_4bit_1920 ) 
           4 u_i_data_2 ( ADD_SUB_COMP_4bit_1919 ) 
           4 u_i_data_3 ( ADD_SUB_COMP_4bit_1918 ) 
           4 u_i_data_4 ( ADD_SUB_COMP_4bit_1917 ) 
           4 u_i_data_5 ( ADD_SUB_COMP_4bit_1916 ) 
        3 MAN_RND ( ADD_SUB_MAN_rounding_SIZE_MAN32_SIZE_MAN_RESULT24_3177 ) 
        3 MAN_SWAP ( ADD_SUB_MAN_swap_SIZE_MAN24_3272 ) 
        3 MAN_SWAP_PRE ( ADD_SUB_MAN_swap_SIZE_MAN24_3273 ) 
        3 NOR_UNIT ( ADD_SUB_NOR_unit_SIZE_LOPD5_SIZE_DATA32_3391 ) 
           4 SHF_left_unit ( ADD_SUB_SHF_left_SIZE_DATA32_SIZE_SHIFT5_3533 ) 
        3 PSC_UNIT ( ADD_SUB_PSC_unit_3462 ) 
        3 SHF_RIGHT_MAN ( ADD_SUB_SHF_right_SIZE_DATA32_SIZE_SHIFT5_3604 ) 
        3 SIGN_UNIT ( ADD_SUB_SIGN_unit_3675 ) 
  1 BFLY3_0 ( Butterfly_Unit_SIZE_DATA32_3725 ) 
     2 add0 ( FPU_add_sub_NUM_OP1_6871 ) 
        3 EXP_ADJUST ( ADD_SUB_EXP_adjust_SIZE_EXP8_SIZE_LOPD8_2392 ) 
           4 CLA_8BIT_UNIT ( ADD_SUB_CLA_8bit_1483 ) 
              5 CLA_4BIT_UNIT_0 ( ADD_SUB_CLA_4bit_941 ) 
              5 CLA_4BIT_UNIT_1 ( ADD_SUB_CLA_4bit_940 ) 
        3 EXP_COM_8BIT ( ADD_SUB_EXP_comp_SIZE_DATA8_2463 ) 
           4 COMP_LESS_UNIT ( ADD_SUB_COMP_8bit_SIZE_DATA8_2321 ) 
              5 u_high ( ADD_SUB_COMP_4bit_1906 ) 
              5 u_low ( ADD_SUB_COMP_4bit_1907 ) 
        3 EXP_RND ( ADD_SUB_EXP_rounding_SIZE_DATA8_2534 ) 
        3 EXP_SUB ( ADD_SUB_EXP_sub_SIZE_EXP_SUB8_2605 ) 
           4 CLA_8BIT_UNIT ( ADD_SUB_CLA_8bit_1484 ) 
              5 CLA_4BIT_UNIT_0 ( ADD_SUB_CLA_4bit_949 ) 
              5 CLA_4BIT_UNIT_1 ( ADD_SUB_CLA_4bit_948 ) 
        3 EXP_SWAP ( ADD_SUB_EXP_swap_SIZE_DATA8_2676 ) 
        3 LOPD_24BIT ( ADD_SUB_LOPD_24bit_SIZE_DATA24_SIZE_LOPD5_2818 ) 
           4 LOPD_16bit_UNIT_MSB ( ADD_SUB_LOPD_16bit_2747 ) 
              5 LOPD_8bit_unit_0 ( ADD_SUB_LOPD_8bit_2935 ) 
              5 LOPD_8bit_unit_1 ( ADD_SUB_LOPD_8bit_2934 ) 
           4 LOPD_8bit_UNIT_LSB ( ADD_SUB_LOPD_8bit_2933 ) 
        3 MAN_ALU ( ADD_SUB_MAN_ALU_NUM_OP1_SIZE_MAN24_3104 ) 
           4 ALU_SUB_UNIT ( ADD_SUB_CLA_24bit_300 ) 
              5 CLA_BLOCK_GEN[0].CLA_4BIT_UNIT ( ADD_SUB_CLA_4bit_947 ) 
              5 CLA_BLOCK_GEN[1].CLA_4BIT_UNIT ( ADD_SUB_CLA_4bit_946 ) 
              5 CLA_BLOCK_GEN[2].CLA_4BIT_UNIT ( ADD_SUB_CLA_4bit_945 ) 
              5 CLA_BLOCK_GEN[3].CLA_4BIT_UNIT ( ADD_SUB_CLA_4bit_944 ) 
              5 CLA_BLOCK_GEN[4].CLA_4BIT_UNIT ( ADD_SUB_CLA_4bit_943 ) 
              5 CLA_BLOCK_GEN[5].CLA_4BIT_UNIT ( ADD_SUB_CLA_4bit_942 ) 
        3 MAN_ALU_PROC_RND ( ADD_SUB_CLS_4bit_1604 ) 
        3 MAN_COMP_24BIT ( ADD_SUB_COMP_24bit_SIZE_DATA24_1675 ) 
           4 u_i_data_0 ( ADD_SUB_COMP_4bit_1905 ) 
           4 u_i_data_1 ( ADD_SUB_COMP_4bit_1904 ) 
           4 u_i_data_2 ( ADD_SUB_COMP_4bit_1903 ) 
           4 u_i_data_3 ( ADD_SUB_COMP_4bit_1902 ) 
           4 u_i_data_4 ( ADD_SUB_COMP_4bit_1901 ) 
           4 u_i_data_5 ( ADD_SUB_COMP_4bit_1900 ) 
        3 MAN_RND ( ADD_SUB_MAN_rounding_SIZE_MAN32_SIZE_MAN_RESULT24_3175 ) 
        3 MAN_SWAP ( ADD_SUB_MAN_swap_SIZE_MAN24_3268 ) 
        3 MAN_SWAP_PRE ( ADD_SUB_MAN_swap_SIZE_MAN24_3269 ) 
        3 NOR_UNIT ( ADD_SUB_NOR_unit_SIZE_LOPD5_SIZE_DATA32_3389 ) 
           4 SHF_left_unit ( ADD_SUB_SHF_left_SIZE_DATA32_SIZE_SHIFT5_3531 ) 
        3 PSC_UNIT ( ADD_SUB_PSC_unit_3460 ) 
        3 SHF_RIGHT_MAN ( ADD_SUB_SHF_right_SIZE_DATA32_SIZE_SHIFT5_3602 ) 
        3 SIGN_UNIT ( ADD_SUB_SIGN_unit_3673 ) 
     2 add1 ( FPU_add_sub_NUM_OP1_6870 ) 
        3 EXP_ADJUST ( ADD_SUB_EXP_adjust_SIZE_EXP8_SIZE_LOPD8_2391 ) 
           4 CLA_8BIT_UNIT ( ADD_SUB_CLA_8bit_1481 ) 
              5 CLA_4BIT_UNIT_0 ( ADD_SUB_CLA_4bit_931 ) 
              5 CLA_4BIT_UNIT_1 ( ADD_SUB_CLA_4bit_930 ) 
        3 EXP_COM_8BIT ( ADD_SUB_EXP_comp_SIZE_DATA8_2462 ) 
           4 COMP_LESS_UNIT ( ADD_SUB_COMP_8bit_SIZE_DATA8_2320 ) 
              5 u_high ( ADD_SUB_COMP_4bit_1898 ) 
              5 u_low ( ADD_SUB_COMP_4bit_1899 ) 
        3 EXP_RND ( ADD_SUB_EXP_rounding_SIZE_DATA8_2533 ) 
        3 EXP_SUB ( ADD_SUB_EXP_sub_SIZE_EXP_SUB8_2604 ) 
           4 CLA_8BIT_UNIT ( ADD_SUB_CLA_8bit_1482 ) 
              5 CLA_4BIT_UNIT_0 ( ADD_SUB_CLA_4bit_939 ) 
              5 CLA_4BIT_UNIT_1 ( ADD_SUB_CLA_4bit_938 ) 
        3 EXP_SWAP ( ADD_SUB_EXP_swap_SIZE_DATA8_2675 ) 
        3 LOPD_24BIT ( ADD_SUB_LOPD_24bit_SIZE_DATA24_SIZE_LOPD5_2817 ) 
           4 LOPD_16bit_UNIT_MSB ( ADD_SUB_LOPD_16bit_2746 ) 
              5 LOPD_8bit_unit_0 ( ADD_SUB_LOPD_8bit_2932 ) 
              5 LOPD_8bit_unit_1 ( ADD_SUB_LOPD_8bit_2931 ) 
           4 LOPD_8bit_UNIT_LSB ( ADD_SUB_LOPD_8bit_2930 ) 
        3 MAN_ALU ( ADD_SUB_MAN_ALU_NUM_OP1_SIZE_MAN24_3103 ) 
           4 ALU_SUB_UNIT ( ADD_SUB_CLA_24bit_299 ) 
              5 CLA_BLOCK_GEN[0].CLA_4BIT_UNIT ( ADD_SUB_CLA_4bit_937 ) 
              5 CLA_BLOCK_GEN[1].CLA_4BIT_UNIT ( ADD_SUB_CLA_4bit_936 ) 
              5 CLA_BLOCK_GEN[2].CLA_4BIT_UNIT ( ADD_SUB_CLA_4bit_935 ) 
              5 CLA_BLOCK_GEN[3].CLA_4BIT_UNIT ( ADD_SUB_CLA_4bit_934 ) 
              5 CLA_BLOCK_GEN[4].CLA_4BIT_UNIT ( ADD_SUB_CLA_4bit_933 ) 
              5 CLA_BLOCK_GEN[5].CLA_4BIT_UNIT ( ADD_SUB_CLA_4bit_932 ) 
        3 MAN_ALU_PROC_RND ( ADD_SUB_CLS_4bit_1603 ) 
        3 MAN_COMP_24BIT ( ADD_SUB_COMP_24bit_SIZE_DATA24_1674 ) 
           4 u_i_data_0 ( ADD_SUB_COMP_4bit_1897 ) 
           4 u_i_data_1 ( ADD_SUB_COMP_4bit_1896 ) 
           4 u_i_data_2 ( ADD_SUB_COMP_4bit_1895 ) 
           4 u_i_data_3 ( ADD_SUB_COMP_4bit_1894 ) 
           4 u_i_data_4 ( ADD_SUB_COMP_4bit_1893 ) 
           4 u_i_data_5 ( ADD_SUB_COMP_4bit_1892 ) 
        3 MAN_RND ( ADD_SUB_MAN_rounding_SIZE_MAN32_SIZE_MAN_RESULT24_3174 ) 
        3 MAN_SWAP ( ADD_SUB_MAN_swap_SIZE_MAN24_3266 ) 
        3 MAN_SWAP_PRE ( ADD_SUB_MAN_swap_SIZE_MAN24_3267 ) 
        3 NOR_UNIT ( ADD_SUB_NOR_unit_SIZE_LOPD5_SIZE_DATA32_3388 ) 
           4 SHF_left_unit ( ADD_SUB_SHF_left_SIZE_DATA32_SIZE_SHIFT5_3530 ) 
        3 PSC_UNIT ( ADD_SUB_PSC_unit_3459 ) 
        3 SHF_RIGHT_MAN ( ADD_SUB_SHF_right_SIZE_DATA32_SIZE_SHIFT5_3601 ) 
        3 SIGN_UNIT ( ADD_SUB_SIGN_unit_3672 ) 
     2 add2 ( FPU_add_sub_NUM_OP1_6869 ) 
        3 EXP_ADJUST ( ADD_SUB_EXP_adjust_SIZE_EXP8_SIZE_LOPD8_2390 ) 
           4 CLA_8BIT_UNIT ( ADD_SUB_CLA_8bit_1479 ) 
              5 CLA_4BIT_UNIT_0 ( ADD_SUB_CLA_4bit_921 ) 
              5 CLA_4BIT_UNIT_1 ( ADD_SUB_CLA_4bit_920 ) 
        3 EXP_COM_8BIT ( ADD_SUB_EXP_comp_SIZE_DATA8_2461 ) 
           4 COMP_LESS_UNIT ( ADD_SUB_COMP_8bit_SIZE_DATA8_2319 ) 
              5 u_high ( ADD_SUB_COMP_4bit_1890 ) 
              5 u_low ( ADD_SUB_COMP_4bit_1891 ) 
        3 EXP_RND ( ADD_SUB_EXP_rounding_SIZE_DATA8_2532 ) 
        3 EXP_SUB ( ADD_SUB_EXP_sub_SIZE_EXP_SUB8_2603 ) 
           4 CLA_8BIT_UNIT ( ADD_SUB_CLA_8bit_1480 ) 
              5 CLA_4BIT_UNIT_0 ( ADD_SUB_CLA_4bit_929 ) 
              5 CLA_4BIT_UNIT_1 ( ADD_SUB_CLA_4bit_928 ) 
        3 EXP_SWAP ( ADD_SUB_EXP_swap_SIZE_DATA8_2674 ) 
        3 LOPD_24BIT ( ADD_SUB_LOPD_24bit_SIZE_DATA24_SIZE_LOPD5_2816 ) 
           4 LOPD_16bit_UNIT_MSB ( ADD_SUB_LOPD_16bit_2745 ) 
              5 LOPD_8bit_unit_0 ( ADD_SUB_LOPD_8bit_2929 ) 
              5 LOPD_8bit_unit_1 ( ADD_SUB_LOPD_8bit_2928 ) 
           4 LOPD_8bit_UNIT_LSB ( ADD_SUB_LOPD_8bit_2927 ) 
        3 MAN_ALU ( ADD_SUB_MAN_ALU_NUM_OP1_SIZE_MAN24_3102 ) 
           4 ALU_SUB_UNIT ( ADD_SUB_CLA_24bit_298 ) 
              5 CLA_BLOCK_GEN[0].CLA_4BIT_UNIT ( ADD_SUB_CLA_4bit_927 ) 
              5 CLA_BLOCK_GEN[1].CLA_4BIT_UNIT ( ADD_SUB_CLA_4bit_926 ) 
              5 CLA_BLOCK_GEN[2].CLA_4BIT_UNIT ( ADD_SUB_CLA_4bit_925 ) 
              5 CLA_BLOCK_GEN[3].CLA_4BIT_UNIT ( ADD_SUB_CLA_4bit_924 ) 
              5 CLA_BLOCK_GEN[4].CLA_4BIT_UNIT ( ADD_SUB_CLA_4bit_923 ) 
              5 CLA_BLOCK_GEN[5].CLA_4BIT_UNIT ( ADD_SUB_CLA_4bit_922 ) 
        3 MAN_ALU_PROC_RND ( ADD_SUB_CLS_4bit_1602 ) 
        3 MAN_COMP_24BIT ( ADD_SUB_COMP_24bit_SIZE_DATA24_1673 ) 
           4 u_i_data_0 ( ADD_SUB_COMP_4bit_1889 ) 
           4 u_i_data_1 ( ADD_SUB_COMP_4bit_1888 ) 
           4 u_i_data_2 ( ADD_SUB_COMP_4bit_1887 ) 
           4 u_i_data_3 ( ADD_SUB_COMP_4bit_1886 ) 
           4 u_i_data_4 ( ADD_SUB_COMP_4bit_1885 ) 
           4 u_i_data_5 ( ADD_SUB_COMP_4bit_1884 ) 
        3 MAN_RND ( ADD_SUB_MAN_rounding_SIZE_MAN32_SIZE_MAN_RESULT24_3173 ) 
        3 MAN_SWAP ( ADD_SUB_MAN_swap_SIZE_MAN24_3264 ) 
        3 MAN_SWAP_PRE ( ADD_SUB_MAN_swap_SIZE_MAN24_3265 ) 
        3 NOR_UNIT ( ADD_SUB_NOR_unit_SIZE_LOPD5_SIZE_DATA32_3387 ) 
           4 SHF_left_unit ( ADD_SUB_SHF_left_SIZE_DATA32_SIZE_SHIFT5_3529 ) 
        3 PSC_UNIT ( ADD_SUB_PSC_unit_3458 ) 
        3 SHF_RIGHT_MAN ( ADD_SUB_SHF_right_SIZE_DATA32_SIZE_SHIFT5_3600 ) 
        3 SIGN_UNIT ( ADD_SUB_SIGN_unit_3671 ) 
     2 mul0 ( fpu_mul_SIZE_DATA32_8043 ) 
        3 EXP_ROUNDING_UNIT ( MUL_EXP_rounding_SIZE_DATA8_7124 ) 
        3 LOPD_UNIT ( MUL_LOPD_24bit_SIZE_DATA24_SIZE_LOPD5_7265 ) 
           4 LOPD_16bit_UNIT_MSB ( MUL_LOPD_16bit_7218 ) 
              5 LOPD_8bit_unit_0 ( MUL_LOPD_8bit_7344 ) 
              5 LOPD_8bit_unit_1 ( MUL_LOPD_8bit_7343 ) 
           4 LOPD_8bit_UNIT_LSB ( MUL_LOPD_8bit_7342 ) 
        3 MAN_MUL_UNIT ( MUL_MAN_mul_SIZE_DATA24_7455 ) 
           4 MUL_UNIT_MAN_UNIT ( Multiplier_7737 ) 
              5 u_booth ( Modified_booth_N24_NUM_PP13_7690 ) 
              5 u_cla ( CLA_adder_top_WIDTH48_FANIN4_3748 ) 
                 6 cla_tree ( cla_logic_tree_level_WIDTH48_FANIN4_7925 ) 
                    7 COMPUTE_DETAILED_CARRY[10].cla_unit ( CLA_logic_WIDTH4_4053 ) 
                    7 COMPUTE_DETAILED_CARRY[11].cla_unit ( CLA_logic_WIDTH4_4052 ) 
                    7 COMPUTE_DETAILED_CARRY[2].cla_unit ( CLA_logic_WIDTH4_4061 ) 
                    7 COMPUTE_DETAILED_CARRY[3].cla_unit ( CLA_logic_WIDTH4_4060 ) 
                    7 COMPUTE_DETAILED_CARRY[4].cla_unit ( CLA_logic_WIDTH4_4059 ) 
                    7 COMPUTE_DETAILED_CARRY[5].cla_unit ( CLA_logic_WIDTH4_4058 ) 
                    7 COMPUTE_DETAILED_CARRY[6].cla_unit ( CLA_logic_WIDTH4_4057 ) 
                    7 COMPUTE_DETAILED_CARRY[7].cla_unit ( CLA_logic_WIDTH4_4056 ) 
                    7 COMPUTE_DETAILED_CARRY[8].cla_unit ( CLA_logic_WIDTH4_4055 ) 
                    7 COMPUTE_DETAILED_CARRY[9].cla_unit ( CLA_logic_WIDTH4_4054 ) 
                    7 MULTI_GROUP.next_level ( cla_logic_tree_level_WIDTH12_FANIN4_7831 ) 
                       8 COMPUTE_DETAILED_CARRY[0].cla_unit ( CLA_logic_WIDTH4_4066 ) 
                       8 COMPUTE_DETAILED_CARRY[1].cla_unit ( CLA_logic_WIDTH4_4065 ) 
                       8 COMPUTE_DETAILED_CARRY[2].cla_unit ( CLA_logic_WIDTH4_4064 ) 
                       8 MULTI_GROUP.next_level ( cla_logic_tree_level_WIDTH3_FANIN4_7878 ) 
                          9 COMPUTE_DETAILED_CARRY[0].cla_unit ( CLA_logic_WIDTH3_3795 ) 
              5 u_merge ( wallace_final_merge_WIDTH48_9733 ) 
                 6 csa_row[10].u_fa ( FA_1bit_5303 ) 
                 6 csa_row[11].u_fa ( FA_1bit_5302 ) 
                 6 csa_row[12].u_fa ( FA_1bit_5301 ) 
                 6 csa_row[13].u_fa ( FA_1bit_5300 ) 
                 6 csa_row[14].u_fa ( FA_1bit_5299 ) 
                 6 csa_row[15].u_fa ( FA_1bit_5298 ) 
                 6 csa_row[16].u_fa ( FA_1bit_5297 ) 
                 6 csa_row[17].u_fa ( FA_1bit_5296 ) 
                 6 csa_row[18].u_fa ( FA_1bit_5295 ) 
                 6 csa_row[19].u_fa ( FA_1bit_5294 ) 
                 6 csa_row[20].u_fa ( FA_1bit_5293 ) 
                 6 csa_row[21].u_fa ( FA_1bit_5292 ) 
                 6 csa_row[22].u_fa ( FA_1bit_5291 ) 
                 6 csa_row[23].u_fa ( FA_1bit_5290 ) 
                 6 csa_row[24].u_fa ( FA_1bit_5289 ) 
                 6 csa_row[25].u_fa ( FA_1bit_5288 ) 
                 6 csa_row[26].u_fa ( FA_1bit_5287 ) 
                 6 csa_row[27].u_fa ( FA_1bit_5286 ) 
                 6 csa_row[28].u_fa ( FA_1bit_5285 ) 
                 6 csa_row[29].u_fa ( FA_1bit_5284 ) 
                 6 csa_row[30].u_fa ( FA_1bit_5283 ) 
                 6 csa_row[31].u_fa ( FA_1bit_5282 ) 
                 6 csa_row[32].u_fa ( FA_1bit_5281 ) 
                 6 csa_row[33].u_fa ( FA_1bit_5280 ) 
                 6 csa_row[34].u_fa ( FA_1bit_5279 ) 
                 6 csa_row[35].u_fa ( FA_1bit_5278 ) 
                 6 csa_row[36].u_fa ( FA_1bit_5277 ) 
                 6 csa_row[37].u_fa ( FA_1bit_5276 ) 
                 6 csa_row[38].u_fa ( FA_1bit_5275 ) 
                 6 csa_row[39].u_fa ( FA_1bit_5274 ) 
                 6 csa_row[40].u_fa ( FA_1bit_5273 ) 
                 6 csa_row[41].u_fa ( FA_1bit_5272 ) 
                 6 csa_row[42].u_fa ( FA_1bit_5271 ) 
                 6 csa_row[43].u_fa ( FA_1bit_5270 ) 
                 6 csa_row[44].u_fa ( FA_1bit_5269 ) 
                 6 csa_row[45].u_fa ( FA_1bit_5268 ) 
                 6 csa_row[46].u_fa ( FA_1bit_5267 ) 
                 6 csa_row[47].u_fa ( FA_1bit_5266 ) 
                 6 csa_row[6].u_fa ( FA_1bit_5307 ) 
                 6 csa_row[7].u_fa ( FA_1bit_5306 ) 
                 6 csa_row[8].u_fa ( FA_1bit_5305 ) 
                 6 csa_row[9].u_fa ( FA_1bit_5304 ) 
              5 u_wallace ( wallace_tree_N24_NUM_PP13_NUM_CZ12_10062 ) 
                 6 STAGE_GEN[0].u_stage ( wallace_stage_NUM_COLS48_COL_HEIGHTSx000000020000000200000003000000030000000400000004000000050000000500000006000000060000000700000007000000080000000800000009000000090000000a0000000a0000000b0000000b0000000c0000000c0000000d0000000d0000000d0000000c0000000c0000000b0000000b0000000a0000000a0000000900000009000000080000000800000007000000070000000600000006000000050000000500000004000000040000000300000003000000020000000200000001_MAX_H_IN32_MAX_H_OUT32_10015 ) 
                 6 STAGE_GEN[1].u_stage ( wallace_stage_NUM_COLS48_COL_HEIGHTSx000000010000000200000002000000020000000300000003000000030000000400000004000000040000000500000005000000050000000600000006000000060000000700000007000000070000000800000008000000080000000900000009000000090000000800000008000000080000000800000008000000070000000600000006000000060000000600000006000000050000000400000004000000040000000400000004000000030000000200000002000000020000000200000002_MAX_H_IN32_MAX_H_OUT32_9968 ) 
                 6 STAGE_GEN[2].u_stage ( wallace_stage_NUM_COLS48_COL_HEIGHTSx000000010000000100000002000000020000000200000002000000020000000300000003000000030000000300000004000000040000000400000004000000040000000500000005000000050000000500000006000000060000000600000006000000060000000600000006000000060000000600000006000000060000000400000004000000040000000400000004000000040000000400000003000000030000000300000003000000020000000200000002000000020000000200000002_MAX_H_IN32_MAX_H_OUT32_9921 ) 
                 6 STAGE_GEN[3].u_stage ( wallace_stage_NUM_COLS48_COL_HEIGHTSx000000010000000100000001000000020000000200000002000000020000000200000002000000020000000200000003000000030000000300000003000000030000000300000004000000040000000400000004000000040000000400000004000000040000000400000004000000040000000400000004000000040000000400000003000000030000000300000003000000030000000300000002000000020000000200000002000000020000000200000002000000020000000200000002_MAX_H_IN32_MAX_H_OUT32_9874 ) 
                 6 STAGE_GEN[4].u_stage ( wallace_stage_NUM_COLS48_COL_HEIGHTSx000000010000000100000001000000010000000200000002000000020000000200000002000000020000000200000002000000020000000200000002000000020000000200000003000000030000000300000003000000030000000300000003000000030000000300000003000000030000000300000003000000030000000300000002000000020000000200000002000000020000000200000002000000020000000200000002000000020000000200000002000000020000000200000002_MAX_H_IN32_MAX_H_OUT32_9827 ) 
                 6 STAGE_GEN[5].u_stage ( wallace_stage_NUM_COLS48_COL_HEIGHTSx000000010000000100000001000000010000000100000002000000020000000200000002000000020000000200000002000000020000000200000002000000020000000200000002000000020000000200000002000000020000000200000002000000020000000200000002000000020000000200000002000000020000000200000002000000020000000200000002000000020000000200000002000000020000000200000002000000020000000200000002000000020000000200000002_MAX_H_IN32_MAX_H_OUT32_9780 ) 
        3 MAN_ROUNDING_UNIT ( MUL_MAN_rounding_SIZE_MAN24_7502 ) 
        3 MUL_EXP_ADJUST_UNIT ( MUL_EXP_adjust_SIZE_DATA8_SIZE_LOPD8_7077 ) 
           4 CLA_8BIT_UNIT ( MUL_CLA_8bit_7030 ) 
              5 CLA_4BIT_UNIT_0 ( MUL_CLA_4bit_6951 ) 
              5 CLA_4BIT_UNIT_1 ( MUL_CLA_4bit_6950 ) 
        3 NOR_UNIT ( MUL_NOR_unit_SIZE_LOPD5_SIZE_DATA24_7549 ) 
           4 SHF_left_unit ( MUL_SHF_left_SIZE_DATA32_SIZE_SHIFT5_7643 ) 
        3 PSC_UNIT ( MUL_PSC_unit_SIZE_EXP8_SIZE_MAN24_7596 ) 
     2 mul1 ( fpu_mul_SIZE_DATA32_8042 ) 
        3 PSC_UNIT ( MUL_PSC_unit_SIZE_EXP8_SIZE_MAN24_7595 ) 
     2 mul2 ( fpu_mul_SIZE_DATA32_8041 ) 
        3 PSC_UNIT ( MUL_PSC_unit_SIZE_EXP8_SIZE_MAN24_7594 ) 
     2 mul3 ( fpu_mul_SIZE_DATA32_8040 ) 
        3 EXP_ROUNDING_UNIT ( MUL_EXP_rounding_SIZE_DATA8_7121 ) 
        3 LOPD_UNIT ( MUL_LOPD_24bit_SIZE_DATA24_SIZE_LOPD5_7262 ) 
           4 LOPD_16bit_UNIT_MSB ( MUL_LOPD_16bit_7215 ) 
              5 LOPD_8bit_unit_0 ( MUL_LOPD_8bit_7335 ) 
              5 LOPD_8bit_unit_1 ( MUL_LOPD_8bit_7334 ) 
           4 LOPD_8bit_UNIT_LSB ( MUL_LOPD_8bit_7333 ) 
        3 MAN_MUL_UNIT ( MUL_MAN_mul_SIZE_DATA24_7452 ) 
           4 MUL_UNIT_MAN_UNIT ( Multiplier_7734 ) 
              5 u_booth ( Modified_booth_N24_NUM_PP13_7687 ) 
              5 u_cla ( CLA_adder_top_WIDTH48_FANIN4_3745 ) 
                 6 cla_tree ( cla_logic_tree_level_WIDTH48_FANIN4_7922 ) 
                    7 COMPUTE_DETAILED_CARRY[10].cla_unit ( CLA_logic_WIDTH4_4008 ) 
                    7 COMPUTE_DETAILED_CARRY[11].cla_unit ( CLA_logic_WIDTH4_4007 ) 
                    7 COMPUTE_DETAILED_CARRY[2].cla_unit ( CLA_logic_WIDTH4_4016 ) 
                    7 COMPUTE_DETAILED_CARRY[3].cla_unit ( CLA_logic_WIDTH4_4015 ) 
                    7 COMPUTE_DETAILED_CARRY[4].cla_unit ( CLA_logic_WIDTH4_4014 ) 
                    7 COMPUTE_DETAILED_CARRY[5].cla_unit ( CLA_logic_WIDTH4_4013 ) 
                    7 COMPUTE_DETAILED_CARRY[6].cla_unit ( CLA_logic_WIDTH4_4012 ) 
                    7 COMPUTE_DETAILED_CARRY[7].cla_unit ( CLA_logic_WIDTH4_4011 ) 
                    7 COMPUTE_DETAILED_CARRY[8].cla_unit ( CLA_logic_WIDTH4_4010 ) 
                    7 COMPUTE_DETAILED_CARRY[9].cla_unit ( CLA_logic_WIDTH4_4009 ) 
                    7 MULTI_GROUP.next_level ( cla_logic_tree_level_WIDTH12_FANIN4_7828 ) 
                       8 COMPUTE_DETAILED_CARRY[0].cla_unit ( CLA_logic_WIDTH4_4021 ) 
                       8 COMPUTE_DETAILED_CARRY[1].cla_unit ( CLA_logic_WIDTH4_4020 ) 
                       8 COMPUTE_DETAILED_CARRY[2].cla_unit ( CLA_logic_WIDTH4_4019 ) 
                       8 MULTI_GROUP.next_level ( cla_logic_tree_level_WIDTH3_FANIN4_7875 ) 
                          9 COMPUTE_DETAILED_CARRY[0].cla_unit ( CLA_logic_WIDTH3_3792 ) 
              5 u_merge ( wallace_final_merge_WIDTH48_9730 ) 
                 6 csa_row[10].u_fa ( FA_1bit_5159 ) 
                 6 csa_row[11].u_fa ( FA_1bit_5158 ) 
                 6 csa_row[12].u_fa ( FA_1bit_5157 ) 
                 6 csa_row[13].u_fa ( FA_1bit_5156 ) 
                 6 csa_row[14].u_fa ( FA_1bit_5155 ) 
                 6 csa_row[15].u_fa ( FA_1bit_5154 ) 
                 6 csa_row[16].u_fa ( FA_1bit_5153 ) 
                 6 csa_row[17].u_fa ( FA_1bit_5152 ) 
                 6 csa_row[18].u_fa ( FA_1bit_5151 ) 
                 6 csa_row[19].u_fa ( FA_1bit_5150 ) 
                 6 csa_row[20].u_fa ( FA_1bit_5149 ) 
                 6 csa_row[21].u_fa ( FA_1bit_5148 ) 
                 6 csa_row[22].u_fa ( FA_1bit_5147 ) 
                 6 csa_row[23].u_fa ( FA_1bit_5146 ) 
                 6 csa_row[24].u_fa ( FA_1bit_5145 ) 
                 6 csa_row[25].u_fa ( FA_1bit_5144 ) 
                 6 csa_row[26].u_fa ( FA_1bit_5143 ) 
                 6 csa_row[27].u_fa ( FA_1bit_5142 ) 
                 6 csa_row[28].u_fa ( FA_1bit_5141 ) 
                 6 csa_row[29].u_fa ( FA_1bit_5140 ) 
                 6 csa_row[30].u_fa ( FA_1bit_5139 ) 
                 6 csa_row[31].u_fa ( FA_1bit_5138 ) 
                 6 csa_row[32].u_fa ( FA_1bit_5137 ) 
                 6 csa_row[33].u_fa ( FA_1bit_5136 ) 
                 6 csa_row[34].u_fa ( FA_1bit_5135 ) 
                 6 csa_row[35].u_fa ( FA_1bit_5134 ) 
                 6 csa_row[36].u_fa ( FA_1bit_5133 ) 
                 6 csa_row[37].u_fa ( FA_1bit_5132 ) 
                 6 csa_row[38].u_fa ( FA_1bit_5131 ) 
                 6 csa_row[39].u_fa ( FA_1bit_5130 ) 
                 6 csa_row[40].u_fa ( FA_1bit_5129 ) 
                 6 csa_row[41].u_fa ( FA_1bit_5128 ) 
                 6 csa_row[42].u_fa ( FA_1bit_5127 ) 
                 6 csa_row[43].u_fa ( FA_1bit_5126 ) 
                 6 csa_row[44].u_fa ( FA_1bit_5125 ) 
                 6 csa_row[45].u_fa ( FA_1bit_5124 ) 
                 6 csa_row[46].u_fa ( FA_1bit_5123 ) 
                 6 csa_row[47].u_fa ( FA_1bit_5122 ) 
                 6 csa_row[6].u_fa ( FA_1bit_5163 ) 
                 6 csa_row[7].u_fa ( FA_1bit_5162 ) 
                 6 csa_row[8].u_fa ( FA_1bit_5161 ) 
                 6 csa_row[9].u_fa ( FA_1bit_5160 ) 
              5 u_wallace ( wallace_tree_N24_NUM_PP13_NUM_CZ12_10059 ) 
                 6 STAGE_GEN[0].u_stage ( wallace_stage_NUM_COLS48_COL_HEIGHTSx000000020000000200000003000000030000000400000004000000050000000500000006000000060000000700000007000000080000000800000009000000090000000a0000000a0000000b0000000b0000000c0000000c0000000d0000000d0000000d0000000c0000000c0000000b0000000b0000000a0000000a0000000900000009000000080000000800000007000000070000000600000006000000050000000500000004000000040000000300000003000000020000000200000001_MAX_H_IN32_MAX_H_OUT32_10012 ) 
                 6 STAGE_GEN[1].u_stage ( wallace_stage_NUM_COLS48_COL_HEIGHTSx000000010000000200000002000000020000000300000003000000030000000400000004000000040000000500000005000000050000000600000006000000060000000700000007000000070000000800000008000000080000000900000009000000090000000800000008000000080000000800000008000000070000000600000006000000060000000600000006000000050000000400000004000000040000000400000004000000030000000200000002000000020000000200000002_MAX_H_IN32_MAX_H_OUT32_9965 ) 
                 6 STAGE_GEN[2].u_stage ( wallace_stage_NUM_COLS48_COL_HEIGHTSx000000010000000100000002000000020000000200000002000000020000000300000003000000030000000300000004000000040000000400000004000000040000000500000005000000050000000500000006000000060000000600000006000000060000000600000006000000060000000600000006000000060000000400000004000000040000000400000004000000040000000400000003000000030000000300000003000000020000000200000002000000020000000200000002_MAX_H_IN32_MAX_H_OUT32_9918 ) 
                 6 STAGE_GEN[3].u_stage ( wallace_stage_NUM_COLS48_COL_HEIGHTSx000000010000000100000001000000020000000200000002000000020000000200000002000000020000000200000003000000030000000300000003000000030000000300000004000000040000000400000004000000040000000400000004000000040000000400000004000000040000000400000004000000040000000400000003000000030000000300000003000000030000000300000002000000020000000200000002000000020000000200000002000000020000000200000002_MAX_H_IN32_MAX_H_OUT32_9871 ) 
                 6 STAGE_GEN[4].u_stage ( wallace_stage_NUM_COLS48_COL_HEIGHTSx000000010000000100000001000000010000000200000002000000020000000200000002000000020000000200000002000000020000000200000002000000020000000200000003000000030000000300000003000000030000000300000003000000030000000300000003000000030000000300000003000000030000000300000002000000020000000200000002000000020000000200000002000000020000000200000002000000020000000200000002000000020000000200000002_MAX_H_IN32_MAX_H_OUT32_9824 ) 
                 6 STAGE_GEN[5].u_stage ( wallace_stage_NUM_COLS48_COL_HEIGHTSx000000010000000100000001000000010000000100000002000000020000000200000002000000020000000200000002000000020000000200000002000000020000000200000002000000020000000200000002000000020000000200000002000000020000000200000002000000020000000200000002000000020000000200000002000000020000000200000002000000020000000200000002000000020000000200000002000000020000000200000002000000020000000200000002_MAX_H_IN32_MAX_H_OUT32_9777 ) 
        3 MAN_ROUNDING_UNIT ( MUL_MAN_rounding_SIZE_MAN24_7499 ) 
        3 MUL_EXP_ADJUST_UNIT ( MUL_EXP_adjust_SIZE_DATA8_SIZE_LOPD8_7074 ) 
           4 CLA_8BIT_UNIT ( MUL_CLA_8bit_7027 ) 
              5 CLA_4BIT_UNIT_0 ( MUL_CLA_4bit_6945 ) 
              5 CLA_4BIT_UNIT_1 ( MUL_CLA_4bit_6944 ) 
        3 NOR_UNIT ( MUL_NOR_unit_SIZE_LOPD5_SIZE_DATA24_7546 ) 
           4 SHF_left_unit ( MUL_SHF_left_SIZE_DATA32_SIZE_SHIFT5_7640 ) 
        3 PSC_UNIT ( MUL_PSC_unit_SIZE_EXP8_SIZE_MAN24_7593 ) 
     2 sub0 ( FPU_add_sub_NUM_OP1_6872 ) 
        3 EXP_ADJUST ( ADD_SUB_EXP_adjust_SIZE_EXP8_SIZE_LOPD8_2393 ) 
           4 CLA_8BIT_UNIT ( ADD_SUB_CLA_8bit_1485 ) 
              5 CLA_4BIT_UNIT_0 ( ADD_SUB_CLA_4bit_951 ) 
              5 CLA_4BIT_UNIT_1 ( ADD_SUB_CLA_4bit_950 ) 
        3 EXP_COM_8BIT ( ADD_SUB_EXP_comp_SIZE_DATA8_2464 ) 
           4 COMP_LESS_UNIT ( ADD_SUB_COMP_8bit_SIZE_DATA8_2322 ) 
              5 u_high ( ADD_SUB_COMP_4bit_1914 ) 
              5 u_low ( ADD_SUB_COMP_4bit_1915 ) 
        3 EXP_RND ( ADD_SUB_EXP_rounding_SIZE_DATA8_2535 ) 
        3 EXP_SUB ( ADD_SUB_EXP_sub_SIZE_EXP_SUB8_2606 ) 
           4 CLA_8BIT_UNIT ( ADD_SUB_CLA_8bit_1486 ) 
              5 CLA_4BIT_UNIT_0 ( ADD_SUB_CLA_4bit_959 ) 
              5 CLA_4BIT_UNIT_1 ( ADD_SUB_CLA_4bit_958 ) 
        3 EXP_SWAP ( ADD_SUB_EXP_swap_SIZE_DATA8_2677 ) 
        3 LOPD_24BIT ( ADD_SUB_LOPD_24bit_SIZE_DATA24_SIZE_LOPD5_2819 ) 
           4 LOPD_16bit_UNIT_MSB ( ADD_SUB_LOPD_16bit_2748 ) 
              5 LOPD_8bit_unit_0 ( ADD_SUB_LOPD_8bit_2938 ) 
              5 LOPD_8bit_unit_1 ( ADD_SUB_LOPD_8bit_2937 ) 
           4 LOPD_8bit_UNIT_LSB ( ADD_SUB_LOPD_8bit_2936 ) 
        3 MAN_ALU ( ADD_SUB_MAN_ALU_NUM_OP1_SIZE_MAN24_3105 ) 
           4 ALU_SUB_UNIT ( ADD_SUB_CLA_24bit_301 ) 
              5 CLA_BLOCK_GEN[0].CLA_4BIT_UNIT ( ADD_SUB_CLA_4bit_957 ) 
              5 CLA_BLOCK_GEN[1].CLA_4BIT_UNIT ( ADD_SUB_CLA_4bit_956 ) 
              5 CLA_BLOCK_GEN[2].CLA_4BIT_UNIT ( ADD_SUB_CLA_4bit_955 ) 
              5 CLA_BLOCK_GEN[3].CLA_4BIT_UNIT ( ADD_SUB_CLA_4bit_954 ) 
              5 CLA_BLOCK_GEN[4].CLA_4BIT_UNIT ( ADD_SUB_CLA_4bit_953 ) 
              5 CLA_BLOCK_GEN[5].CLA_4BIT_UNIT ( ADD_SUB_CLA_4bit_952 ) 
        3 MAN_ALU_PROC_RND ( ADD_SUB_CLS_4bit_1605 ) 
        3 MAN_COMP_24BIT ( ADD_SUB_COMP_24bit_SIZE_DATA24_1676 ) 
           4 u_i_data_0 ( ADD_SUB_COMP_4bit_1913 ) 
           4 u_i_data_1 ( ADD_SUB_COMP_4bit_1912 ) 
           4 u_i_data_2 ( ADD_SUB_COMP_4bit_1911 ) 
           4 u_i_data_3 ( ADD_SUB_COMP_4bit_1910 ) 
           4 u_i_data_4 ( ADD_SUB_COMP_4bit_1909 ) 
           4 u_i_data_5 ( ADD_SUB_COMP_4bit_1908 ) 
        3 MAN_RND ( ADD_SUB_MAN_rounding_SIZE_MAN32_SIZE_MAN_RESULT24_3176 ) 
        3 MAN_SWAP ( ADD_SUB_MAN_swap_SIZE_MAN24_3270 ) 
        3 MAN_SWAP_PRE ( ADD_SUB_MAN_swap_SIZE_MAN24_3271 ) 
        3 NOR_UNIT ( ADD_SUB_NOR_unit_SIZE_LOPD5_SIZE_DATA32_3390 ) 
           4 SHF_left_unit ( ADD_SUB_SHF_left_SIZE_DATA32_SIZE_SHIFT5_3532 ) 
        3 PSC_UNIT ( ADD_SUB_PSC_unit_3461 ) 
        3 SHF_RIGHT_MAN ( ADD_SUB_SHF_right_SIZE_DATA32_SIZE_SHIFT5_3603 ) 
        3 SIGN_UNIT ( ADD_SUB_SIGN_unit_3674 ) 
     2 sub1 ( FPU_add_sub_NUM_OP1_6868 ) 
        3 EXP_ADJUST ( ADD_SUB_EXP_adjust_SIZE_EXP8_SIZE_LOPD8_2389 ) 
           4 CLA_8BIT_UNIT ( ADD_SUB_CLA_8bit_1477 ) 
              5 CLA_4BIT_UNIT_0 ( ADD_SUB_CLA_4bit_911 ) 
              5 CLA_4BIT_UNIT_1 ( ADD_SUB_CLA_4bit_910 ) 
        3 EXP_COM_8BIT ( ADD_SUB_EXP_comp_SIZE_DATA8_2460 ) 
           4 COMP_LESS_UNIT ( ADD_SUB_COMP_8bit_SIZE_DATA8_2318 ) 
              5 u_high ( ADD_SUB_COMP_4bit_1882 ) 
              5 u_low ( ADD_SUB_COMP_4bit_1883 ) 
        3 EXP_RND ( ADD_SUB_EXP_rounding_SIZE_DATA8_2531 ) 
        3 EXP_SUB ( ADD_SUB_EXP_sub_SIZE_EXP_SUB8_2602 ) 
           4 CLA_8BIT_UNIT ( ADD_SUB_CLA_8bit_1478 ) 
              5 CLA_4BIT_UNIT_0 ( ADD_SUB_CLA_4bit_919 ) 
              5 CLA_4BIT_UNIT_1 ( ADD_SUB_CLA_4bit_918 ) 
        3 EXP_SWAP ( ADD_SUB_EXP_swap_SIZE_DATA8_2673 ) 
        3 LOPD_24BIT ( ADD_SUB_LOPD_24bit_SIZE_DATA24_SIZE_LOPD5_2815 ) 
           4 LOPD_16bit_UNIT_MSB ( ADD_SUB_LOPD_16bit_2744 ) 
              5 LOPD_8bit_unit_0 ( ADD_SUB_LOPD_8bit_2926 ) 
              5 LOPD_8bit_unit_1 ( ADD_SUB_LOPD_8bit_2925 ) 
           4 LOPD_8bit_UNIT_LSB ( ADD_SUB_LOPD_8bit_2924 ) 
        3 MAN_ALU ( ADD_SUB_MAN_ALU_NUM_OP1_SIZE_MAN24_3101 ) 
           4 ALU_SUB_UNIT ( ADD_SUB_CLA_24bit_297 ) 
              5 CLA_BLOCK_GEN[0].CLA_4BIT_UNIT ( ADD_SUB_CLA_4bit_917 ) 
              5 CLA_BLOCK_GEN[1].CLA_4BIT_UNIT ( ADD_SUB_CLA_4bit_916 ) 
              5 CLA_BLOCK_GEN[2].CLA_4BIT_UNIT ( ADD_SUB_CLA_4bit_915 ) 
              5 CLA_BLOCK_GEN[3].CLA_4BIT_UNIT ( ADD_SUB_CLA_4bit_914 ) 
              5 CLA_BLOCK_GEN[4].CLA_4BIT_UNIT ( ADD_SUB_CLA_4bit_913 ) 
              5 CLA_BLOCK_GEN[5].CLA_4BIT_UNIT ( ADD_SUB_CLA_4bit_912 ) 
        3 MAN_ALU_PROC_RND ( ADD_SUB_CLS_4bit_1601 ) 
        3 MAN_COMP_24BIT ( ADD_SUB_COMP_24bit_SIZE_DATA24_1672 ) 
           4 u_i_data_0 ( ADD_SUB_COMP_4bit_1881 ) 
           4 u_i_data_1 ( ADD_SUB_COMP_4bit_1880 ) 
           4 u_i_data_2 ( ADD_SUB_COMP_4bit_1879 ) 
           4 u_i_data_3 ( ADD_SUB_COMP_4bit_1878 ) 
           4 u_i_data_4 ( ADD_SUB_COMP_4bit_1877 ) 
           4 u_i_data_5 ( ADD_SUB_COMP_4bit_1876 ) 
        3 MAN_RND ( ADD_SUB_MAN_rounding_SIZE_MAN32_SIZE_MAN_RESULT24_3172 ) 
        3 MAN_SWAP ( ADD_SUB_MAN_swap_SIZE_MAN24_3262 ) 
        3 MAN_SWAP_PRE ( ADD_SUB_MAN_swap_SIZE_MAN24_3263 ) 
        3 NOR_UNIT ( ADD_SUB_NOR_unit_SIZE_LOPD5_SIZE_DATA32_3386 ) 
           4 SHF_left_unit ( ADD_SUB_SHF_left_SIZE_DATA32_SIZE_SHIFT5_3528 ) 
        3 PSC_UNIT ( ADD_SUB_PSC_unit_3457 ) 
        3 SHF_RIGHT_MAN ( ADD_SUB_SHF_right_SIZE_DATA32_SIZE_SHIFT5_3599 ) 
        3 SIGN_UNIT ( ADD_SUB_SIGN_unit_3670 ) 
     2 sub2 ( FPU_add_sub_NUM_OP1_6867 ) 
        3 EXP_ADJUST ( ADD_SUB_EXP_adjust_SIZE_EXP8_SIZE_LOPD8_2388 ) 
           4 CLA_8BIT_UNIT ( ADD_SUB_CLA_8bit_1475 ) 
              5 CLA_4BIT_UNIT_0 ( ADD_SUB_CLA_4bit_901 ) 
              5 CLA_4BIT_UNIT_1 ( ADD_SUB_CLA_4bit_900 ) 
        3 EXP_COM_8BIT ( ADD_SUB_EXP_comp_SIZE_DATA8_2459 ) 
           4 COMP_LESS_UNIT ( ADD_SUB_COMP_8bit_SIZE_DATA8_2317 ) 
              5 u_high ( ADD_SUB_COMP_4bit_1874 ) 
              5 u_low ( ADD_SUB_COMP_4bit_1875 ) 
        3 EXP_RND ( ADD_SUB_EXP_rounding_SIZE_DATA8_2530 ) 
        3 EXP_SUB ( ADD_SUB_EXP_sub_SIZE_EXP_SUB8_2601 ) 
           4 CLA_8BIT_UNIT ( ADD_SUB_CLA_8bit_1476 ) 
              5 CLA_4BIT_UNIT_0 ( ADD_SUB_CLA_4bit_909 ) 
              5 CLA_4BIT_UNIT_1 ( ADD_SUB_CLA_4bit_908 ) 
        3 EXP_SWAP ( ADD_SUB_EXP_swap_SIZE_DATA8_2672 ) 
        3 LOPD_24BIT ( ADD_SUB_LOPD_24bit_SIZE_DATA24_SIZE_LOPD5_2814 ) 
           4 LOPD_16bit_UNIT_MSB ( ADD_SUB_LOPD_16bit_2743 ) 
              5 LOPD_8bit_unit_0 ( ADD_SUB_LOPD_8bit_2923 ) 
              5 LOPD_8bit_unit_1 ( ADD_SUB_LOPD_8bit_2922 ) 
           4 LOPD_8bit_UNIT_LSB ( ADD_SUB_LOPD_8bit_2921 ) 
        3 MAN_ALU ( ADD_SUB_MAN_ALU_NUM_OP1_SIZE_MAN24_3100 ) 
           4 ALU_SUB_UNIT ( ADD_SUB_CLA_24bit_296 ) 
              5 CLA_BLOCK_GEN[0].CLA_4BIT_UNIT ( ADD_SUB_CLA_4bit_907 ) 
              5 CLA_BLOCK_GEN[1].CLA_4BIT_UNIT ( ADD_SUB_CLA_4bit_906 ) 
              5 CLA_BLOCK_GEN[2].CLA_4BIT_UNIT ( ADD_SUB_CLA_4bit_905 ) 
              5 CLA_BLOCK_GEN[3].CLA_4BIT_UNIT ( ADD_SUB_CLA_4bit_904 ) 
              5 CLA_BLOCK_GEN[4].CLA_4BIT_UNIT ( ADD_SUB_CLA_4bit_903 ) 
              5 CLA_BLOCK_GEN[5].CLA_4BIT_UNIT ( ADD_SUB_CLA_4bit_902 ) 
        3 MAN_ALU_PROC_RND ( ADD_SUB_CLS_4bit_1600 ) 
        3 MAN_COMP_24BIT ( ADD_SUB_COMP_24bit_SIZE_DATA24_1671 ) 
           4 u_i_data_0 ( ADD_SUB_COMP_4bit_1873 ) 
           4 u_i_data_1 ( ADD_SUB_COMP_4bit_1872 ) 
           4 u_i_data_2 ( ADD_SUB_COMP_4bit_1871 ) 
           4 u_i_data_3 ( ADD_SUB_COMP_4bit_1870 ) 
           4 u_i_data_4 ( ADD_SUB_COMP_4bit_1869 ) 
           4 u_i_data_5 ( ADD_SUB_COMP_4bit_1868 ) 
        3 MAN_RND ( ADD_SUB_MAN_rounding_SIZE_MAN32_SIZE_MAN_RESULT24_3171 ) 
        3 MAN_SWAP ( ADD_SUB_MAN_swap_SIZE_MAN24_3260 ) 
        3 MAN_SWAP_PRE ( ADD_SUB_MAN_swap_SIZE_MAN24_3261 ) 
        3 NOR_UNIT ( ADD_SUB_NOR_unit_SIZE_LOPD5_SIZE_DATA32_3385 ) 
           4 SHF_left_unit ( ADD_SUB_SHF_left_SIZE_DATA32_SIZE_SHIFT5_3527 ) 
        3 PSC_UNIT ( ADD_SUB_PSC_unit_3456 ) 
        3 SHF_RIGHT_MAN ( ADD_SUB_SHF_right_SIZE_DATA32_SIZE_SHIFT5_3598 ) 
        3 SIGN_UNIT ( ADD_SUB_SIGN_unit_3669 ) 
  1 BFLY3_1 ( Butterfly_Unit_SIZE_DATA32_3724 ) 
     2 add0 ( FPU_add_sub_NUM_OP1_6865 ) 
        3 EXP_ADJUST ( ADD_SUB_EXP_adjust_SIZE_EXP8_SIZE_LOPD8_2386 ) 
           4 CLA_8BIT_UNIT ( ADD_SUB_CLA_8bit_1471 ) 
              5 CLA_4BIT_UNIT_0 ( ADD_SUB_CLA_4bit_881 ) 
              5 CLA_4BIT_UNIT_1 ( ADD_SUB_CLA_4bit_880 ) 
        3 EXP_COM_8BIT ( ADD_SUB_EXP_comp_SIZE_DATA8_2457 ) 
           4 COMP_LESS_UNIT ( ADD_SUB_COMP_8bit_SIZE_DATA8_2315 ) 
              5 u_high ( ADD_SUB_COMP_4bit_1858 ) 
              5 u_low ( ADD_SUB_COMP_4bit_1859 ) 
        3 EXP_RND ( ADD_SUB_EXP_rounding_SIZE_DATA8_2528 ) 
        3 EXP_SUB ( ADD_SUB_EXP_sub_SIZE_EXP_SUB8_2599 ) 
           4 CLA_8BIT_UNIT ( ADD_SUB_CLA_8bit_1472 ) 
              5 CLA_4BIT_UNIT_0 ( ADD_SUB_CLA_4bit_889 ) 
              5 CLA_4BIT_UNIT_1 ( ADD_SUB_CLA_4bit_888 ) 
        3 EXP_SWAP ( ADD_SUB_EXP_swap_SIZE_DATA8_2670 ) 
        3 LOPD_24BIT ( ADD_SUB_LOPD_24bit_SIZE_DATA24_SIZE_LOPD5_2812 ) 
           4 LOPD_16bit_UNIT_MSB ( ADD_SUB_LOPD_16bit_2741 ) 
              5 LOPD_8bit_unit_0 ( ADD_SUB_LOPD_8bit_2917 ) 
              5 LOPD_8bit_unit_1 ( ADD_SUB_LOPD_8bit_2916 ) 
           4 LOPD_8bit_UNIT_LSB ( ADD_SUB_LOPD_8bit_2915 ) 
        3 MAN_ALU ( ADD_SUB_MAN_ALU_NUM_OP1_SIZE_MAN24_3098 ) 
           4 ALU_SUB_UNIT ( ADD_SUB_CLA_24bit_294 ) 
              5 CLA_BLOCK_GEN[0].CLA_4BIT_UNIT ( ADD_SUB_CLA_4bit_887 ) 
              5 CLA_BLOCK_GEN[1].CLA_4BIT_UNIT ( ADD_SUB_CLA_4bit_886 ) 
              5 CLA_BLOCK_GEN[2].CLA_4BIT_UNIT ( ADD_SUB_CLA_4bit_885 ) 
              5 CLA_BLOCK_GEN[3].CLA_4BIT_UNIT ( ADD_SUB_CLA_4bit_884 ) 
              5 CLA_BLOCK_GEN[4].CLA_4BIT_UNIT ( ADD_SUB_CLA_4bit_883 ) 
              5 CLA_BLOCK_GEN[5].CLA_4BIT_UNIT ( ADD_SUB_CLA_4bit_882 ) 
        3 MAN_ALU_PROC_RND ( ADD_SUB_CLS_4bit_1598 ) 
        3 MAN_COMP_24BIT ( ADD_SUB_COMP_24bit_SIZE_DATA24_1669 ) 
           4 u_i_data_0 ( ADD_SUB_COMP_4bit_1857 ) 
           4 u_i_data_1 ( ADD_SUB_COMP_4bit_1856 ) 
           4 u_i_data_2 ( ADD_SUB_COMP_4bit_1855 ) 
           4 u_i_data_3 ( ADD_SUB_COMP_4bit_1854 ) 
           4 u_i_data_4 ( ADD_SUB_COMP_4bit_1853 ) 
           4 u_i_data_5 ( ADD_SUB_COMP_4bit_1852 ) 
        3 MAN_RND ( ADD_SUB_MAN_rounding_SIZE_MAN32_SIZE_MAN_RESULT24_3169 ) 
        3 MAN_SWAP ( ADD_SUB_MAN_swap_SIZE_MAN24_3256 ) 
        3 MAN_SWAP_PRE ( ADD_SUB_MAN_swap_SIZE_MAN24_3257 ) 
        3 NOR_UNIT ( ADD_SUB_NOR_unit_SIZE_LOPD5_SIZE_DATA32_3383 ) 
           4 SHF_left_unit ( ADD_SUB_SHF_left_SIZE_DATA32_SIZE_SHIFT5_3525 ) 
        3 PSC_UNIT ( ADD_SUB_PSC_unit_3454 ) 
        3 SHF_RIGHT_MAN ( ADD_SUB_SHF_right_SIZE_DATA32_SIZE_SHIFT5_3596 ) 
        3 SIGN_UNIT ( ADD_SUB_SIGN_unit_3667 ) 
     2 add1 ( FPU_add_sub_NUM_OP1_6864 ) 
        3 EXP_ADJUST ( ADD_SUB_EXP_adjust_SIZE_EXP8_SIZE_LOPD8_2385 ) 
           4 CLA_8BIT_UNIT ( ADD_SUB_CLA_8bit_1469 ) 
              5 CLA_4BIT_UNIT_0 ( ADD_SUB_CLA_4bit_871 ) 
              5 CLA_4BIT_UNIT_1 ( ADD_SUB_CLA_4bit_720 ) 
        3 EXP_COM_8BIT ( ADD_SUB_EXP_comp_SIZE_DATA8_2456 ) 
           4 COMP_LESS_UNIT ( ADD_SUB_COMP_8bit_SIZE_DATA8_2314 ) 
              5 u_high ( ADD_SUB_COMP_4bit_1850 ) 
              5 u_low ( ADD_SUB_COMP_4bit_1851 ) 
        3 EXP_RND ( ADD_SUB_EXP_rounding_SIZE_DATA8_2512 ) 
        3 EXP_SUB ( ADD_SUB_EXP_sub_SIZE_EXP_SUB8_2598 ) 
           4 CLA_8BIT_UNIT ( ADD_SUB_CLA_8bit_1470 ) 
              5 CLA_4BIT_UNIT_0 ( ADD_SUB_CLA_4bit_879 ) 
              5 CLA_4BIT_UNIT_1 ( ADD_SUB_CLA_4bit_878 ) 
        3 EXP_SWAP ( ADD_SUB_EXP_swap_SIZE_DATA8_2669 ) 
        3 LOPD_24BIT ( ADD_SUB_LOPD_24bit_SIZE_DATA24_SIZE_LOPD5_2811 ) 
           4 LOPD_16bit_UNIT_MSB ( ADD_SUB_LOPD_16bit_2740 ) 
              5 LOPD_8bit_unit_0 ( ADD_SUB_LOPD_8bit_2914 ) 
              5 LOPD_8bit_unit_1 ( ADD_SUB_LOPD_8bit_2913 ) 
           4 LOPD_8bit_UNIT_LSB ( ADD_SUB_LOPD_8bit_2912 ) 
        3 MAN_ALU ( ADD_SUB_MAN_ALU_NUM_OP1_SIZE_MAN24_3097 ) 
           4 ALU_SUB_UNIT ( ADD_SUB_CLA_24bit_293 ) 
              5 CLA_BLOCK_GEN[0].CLA_4BIT_UNIT ( ADD_SUB_CLA_4bit_877 ) 
              5 CLA_BLOCK_GEN[1].CLA_4BIT_UNIT ( ADD_SUB_CLA_4bit_876 ) 
              5 CLA_BLOCK_GEN[2].CLA_4BIT_UNIT ( ADD_SUB_CLA_4bit_875 ) 
              5 CLA_BLOCK_GEN[3].CLA_4BIT_UNIT ( ADD_SUB_CLA_4bit_874 ) 
              5 CLA_BLOCK_GEN[4].CLA_4BIT_UNIT ( ADD_SUB_CLA_4bit_873 ) 
              5 CLA_BLOCK_GEN[5].CLA_4BIT_UNIT ( ADD_SUB_CLA_4bit_872 ) 
        3 MAN_ALU_PROC_RND ( ADD_SUB_CLS_4bit_1597 ) 
        3 MAN_COMP_24BIT ( ADD_SUB_COMP_24bit_SIZE_DATA24_1668 ) 
           4 u_i_data_0 ( ADD_SUB_COMP_4bit_1849 ) 
           4 u_i_data_1 ( ADD_SUB_COMP_4bit_1848 ) 
           4 u_i_data_2 ( ADD_SUB_COMP_4bit_1847 ) 
           4 u_i_data_3 ( ADD_SUB_COMP_4bit_1846 ) 
           4 u_i_data_4 ( ADD_SUB_COMP_4bit_1845 ) 
           4 u_i_data_5 ( ADD_SUB_COMP_4bit_1844 ) 
        3 MAN_RND ( ADD_SUB_MAN_rounding_SIZE_MAN32_SIZE_MAN_RESULT24_3168 ) 
        3 MAN_SWAP ( ADD_SUB_MAN_swap_SIZE_MAN24_3254 ) 
        3 MAN_SWAP_PRE ( ADD_SUB_MAN_swap_SIZE_MAN24_3255 ) 
        3 NOR_UNIT ( ADD_SUB_NOR_unit_SIZE_LOPD5_SIZE_DATA32_3382 ) 
           4 SHF_left_unit ( ADD_SUB_SHF_left_SIZE_DATA32_SIZE_SHIFT5_3524 ) 
        3 PSC_UNIT ( ADD_SUB_PSC_unit_3440 ) 
        3 SHF_RIGHT_MAN ( ADD_SUB_SHF_right_SIZE_DATA32_SIZE_SHIFT5_3595 ) 
        3 SIGN_UNIT ( ADD_SUB_SIGN_unit_3653 ) 
     2 add2 ( FPU_add_sub_NUM_OP1_6863 ) 
        3 EXP_ADJUST ( ADD_SUB_EXP_adjust_SIZE_EXP8_SIZE_LOPD8_2384 ) 
           4 CLA_8BIT_UNIT ( ADD_SUB_CLA_8bit_1467 ) 
              5 CLA_4BIT_UNIT_0 ( ADD_SUB_CLA_4bit_861 ) 
              5 CLA_4BIT_UNIT_1 ( ADD_SUB_CLA_4bit_860 ) 
        3 EXP_COM_8BIT ( ADD_SUB_EXP_comp_SIZE_DATA8_2455 ) 
           4 COMP_LESS_UNIT ( ADD_SUB_COMP_8bit_SIZE_DATA8_2313 ) 
              5 u_high ( ADD_SUB_COMP_4bit_1842 ) 
              5 u_low ( ADD_SUB_COMP_4bit_1843 ) 
        3 EXP_RND ( ADD_SUB_EXP_rounding_SIZE_DATA8_2526 ) 
        3 EXP_SUB ( ADD_SUB_EXP_sub_SIZE_EXP_SUB8_2597 ) 
           4 CLA_8BIT_UNIT ( ADD_SUB_CLA_8bit_1468 ) 
              5 CLA_4BIT_UNIT_0 ( ADD_SUB_CLA_4bit_869 ) 
              5 CLA_4BIT_UNIT_1 ( ADD_SUB_CLA_4bit_868 ) 
        3 EXP_SWAP ( ADD_SUB_EXP_swap_SIZE_DATA8_2668 ) 
        3 LOPD_24BIT ( ADD_SUB_LOPD_24bit_SIZE_DATA24_SIZE_LOPD5_2810 ) 
           4 LOPD_16bit_UNIT_MSB ( ADD_SUB_LOPD_16bit_2739 ) 
              5 LOPD_8bit_unit_0 ( ADD_SUB_LOPD_8bit_2911 ) 
              5 LOPD_8bit_unit_1 ( ADD_SUB_LOPD_8bit_2910 ) 
           4 LOPD_8bit_UNIT_LSB ( ADD_SUB_LOPD_8bit_2909 ) 
        3 MAN_ALU ( ADD_SUB_MAN_ALU_NUM_OP1_SIZE_MAN24_3096 ) 
           4 ALU_SUB_UNIT ( ADD_SUB_CLA_24bit_292 ) 
              5 CLA_BLOCK_GEN[0].CLA_4BIT_UNIT ( ADD_SUB_CLA_4bit_867 ) 
              5 CLA_BLOCK_GEN[1].CLA_4BIT_UNIT ( ADD_SUB_CLA_4bit_866 ) 
              5 CLA_BLOCK_GEN[2].CLA_4BIT_UNIT ( ADD_SUB_CLA_4bit_865 ) 
              5 CLA_BLOCK_GEN[3].CLA_4BIT_UNIT ( ADD_SUB_CLA_4bit_864 ) 
              5 CLA_BLOCK_GEN[4].CLA_4BIT_UNIT ( ADD_SUB_CLA_4bit_863 ) 
              5 CLA_BLOCK_GEN[5].CLA_4BIT_UNIT ( ADD_SUB_CLA_4bit_862 ) 
        3 MAN_ALU_PROC_RND ( ADD_SUB_CLS_4bit_1596 ) 
        3 MAN_COMP_24BIT ( ADD_SUB_COMP_24bit_SIZE_DATA24_1667 ) 
           4 u_i_data_0 ( ADD_SUB_COMP_4bit_1841 ) 
           4 u_i_data_1 ( ADD_SUB_COMP_4bit_1840 ) 
           4 u_i_data_2 ( ADD_SUB_COMP_4bit_1839 ) 
           4 u_i_data_3 ( ADD_SUB_COMP_4bit_1838 ) 
           4 u_i_data_4 ( ADD_SUB_COMP_4bit_1837 ) 
           4 u_i_data_5 ( ADD_SUB_COMP_4bit_1836 ) 
        3 MAN_RND ( ADD_SUB_MAN_rounding_SIZE_MAN32_SIZE_MAN_RESULT24_3167 ) 
        3 MAN_SWAP ( ADD_SUB_MAN_swap_SIZE_MAN24_3252 ) 
        3 MAN_SWAP_PRE ( ADD_SUB_MAN_swap_SIZE_MAN24_3253 ) 
        3 NOR_UNIT ( ADD_SUB_NOR_unit_SIZE_LOPD5_SIZE_DATA32_3381 ) 
           4 SHF_left_unit ( ADD_SUB_SHF_left_SIZE_DATA32_SIZE_SHIFT5_3523 ) 
        3 PSC_UNIT ( ADD_SUB_PSC_unit_3452 ) 
        3 SHF_RIGHT_MAN ( ADD_SUB_SHF_right_SIZE_DATA32_SIZE_SHIFT5_3594 ) 
        3 SIGN_UNIT ( ADD_SUB_SIGN_unit_3665 ) 
     2 mul0 ( fpu_mul_SIZE_DATA32_8039 ) 
        3 EXP_ROUNDING_UNIT ( MUL_EXP_rounding_SIZE_DATA8_7120 ) 
        3 LOPD_UNIT ( MUL_LOPD_24bit_SIZE_DATA24_SIZE_LOPD5_7261 ) 
           4 LOPD_16bit_UNIT_MSB ( MUL_LOPD_16bit_7214 ) 
              5 LOPD_8bit_unit_0 ( MUL_LOPD_8bit_7332 ) 
              5 LOPD_8bit_unit_1 ( MUL_LOPD_8bit_7331 ) 
           4 LOPD_8bit_UNIT_LSB ( MUL_LOPD_8bit_7330 ) 
        3 MAN_MUL_UNIT ( MUL_MAN_mul_SIZE_DATA24_7451 ) 
           4 MUL_UNIT_MAN_UNIT ( Multiplier_7733 ) 
              5 u_booth ( Modified_booth_N24_NUM_PP13_7686 ) 
              5 u_cla ( CLA_adder_top_WIDTH48_FANIN4_3744 ) 
                 6 cla_tree ( cla_logic_tree_level_WIDTH48_FANIN4_7921 ) 
                    7 COMPUTE_DETAILED_CARRY[10].cla_unit ( CLA_logic_WIDTH4_3993 ) 
                    7 COMPUTE_DETAILED_CARRY[11].cla_unit ( CLA_logic_WIDTH4_3992 ) 
                    7 COMPUTE_DETAILED_CARRY[2].cla_unit ( CLA_logic_WIDTH4_4001 ) 
                    7 COMPUTE_DETAILED_CARRY[3].cla_unit ( CLA_logic_WIDTH4_4000 ) 
                    7 COMPUTE_DETAILED_CARRY[4].cla_unit ( CLA_logic_WIDTH4_3999 ) 
                    7 COMPUTE_DETAILED_CARRY[5].cla_unit ( CLA_logic_WIDTH4_3998 ) 
                    7 COMPUTE_DETAILED_CARRY[6].cla_unit ( CLA_logic_WIDTH4_3997 ) 
                    7 COMPUTE_DETAILED_CARRY[7].cla_unit ( CLA_logic_WIDTH4_3996 ) 
                    7 COMPUTE_DETAILED_CARRY[8].cla_unit ( CLA_logic_WIDTH4_3995 ) 
                    7 COMPUTE_DETAILED_CARRY[9].cla_unit ( CLA_logic_WIDTH4_3994 ) 
                    7 MULTI_GROUP.next_level ( cla_logic_tree_level_WIDTH12_FANIN4_7827 ) 
                       8 COMPUTE_DETAILED_CARRY[0].cla_unit ( CLA_logic_WIDTH4_4006 ) 
                       8 COMPUTE_DETAILED_CARRY[1].cla_unit ( CLA_logic_WIDTH4_4005 ) 
                       8 COMPUTE_DETAILED_CARRY[2].cla_unit ( CLA_logic_WIDTH4_4004 ) 
                       8 MULTI_GROUP.next_level ( cla_logic_tree_level_WIDTH3_FANIN4_7874 ) 
                          9 COMPUTE_DETAILED_CARRY[0].cla_unit ( CLA_logic_WIDTH3_3791 ) 
              5 u_merge ( wallace_final_merge_WIDTH48_9729 ) 
                 6 csa_row[10].u_fa ( FA_1bit_5111 ) 
                 6 csa_row[11].u_fa ( FA_1bit_5110 ) 
                 6 csa_row[12].u_fa ( FA_1bit_5109 ) 
                 6 csa_row[13].u_fa ( FA_1bit_5108 ) 
                 6 csa_row[14].u_fa ( FA_1bit_5107 ) 
                 6 csa_row[15].u_fa ( FA_1bit_5106 ) 
                 6 csa_row[16].u_fa ( FA_1bit_5105 ) 
                 6 csa_row[17].u_fa ( FA_1bit_5104 ) 
                 6 csa_row[18].u_fa ( FA_1bit_5103 ) 
                 6 csa_row[19].u_fa ( FA_1bit_5102 ) 
                 6 csa_row[20].u_fa ( FA_1bit_5101 ) 
                 6 csa_row[21].u_fa ( FA_1bit_5100 ) 
                 6 csa_row[22].u_fa ( FA_1bit_5099 ) 
                 6 csa_row[23].u_fa ( FA_1bit_5098 ) 
                 6 csa_row[24].u_fa ( FA_1bit_5097 ) 
                 6 csa_row[25].u_fa ( FA_1bit_4568 ) 
                 6 csa_row[26].u_fa ( FA_1bit_5095 ) 
                 6 csa_row[27].u_fa ( FA_1bit_5094 ) 
                 6 csa_row[28].u_fa ( FA_1bit_5093 ) 
                 6 csa_row[29].u_fa ( FA_1bit_4596 ) 
                 6 csa_row[30].u_fa ( FA_1bit_5091 ) 
                 6 csa_row[31].u_fa ( FA_1bit_5090 ) 
                 6 csa_row[32].u_fa ( FA_1bit_5089 ) 
                 6 csa_row[33].u_fa ( FA_1bit_5088 ) 
                 6 csa_row[34].u_fa ( FA_1bit_5087 ) 
                 6 csa_row[35].u_fa ( FA_1bit_5086 ) 
                 6 csa_row[36].u_fa ( FA_1bit_5085 ) 
                 6 csa_row[37].u_fa ( FA_1bit_5084 ) 
                 6 csa_row[38].u_fa ( FA_1bit_5083 ) 
                 6 csa_row[39].u_fa ( FA_1bit_5082 ) 
                 6 csa_row[40].u_fa ( FA_1bit_5081 ) 
                 6 csa_row[41].u_fa ( FA_1bit_5080 ) 
                 6 csa_row[42].u_fa ( FA_1bit_5079 ) 
                 6 csa_row[43].u_fa ( FA_1bit_5078 ) 
                 6 csa_row[44].u_fa ( FA_1bit_5077 ) 
                 6 csa_row[45].u_fa ( FA_1bit_5076 ) 
                 6 csa_row[46].u_fa ( FA_1bit_5075 ) 
                 6 csa_row[47].u_fa ( FA_1bit_4546 ) 
                 6 csa_row[6].u_fa ( FA_1bit_5115 ) 
                 6 csa_row[7].u_fa ( FA_1bit_5114 ) 
                 6 csa_row[8].u_fa ( FA_1bit_5113 ) 
                 6 csa_row[9].u_fa ( FA_1bit_5112 ) 
              5 u_wallace ( wallace_tree_N24_NUM_PP13_NUM_CZ12_10058 ) 
                 6 STAGE_GEN[0].u_stage ( wallace_stage_NUM_COLS48_COL_HEIGHTSx000000020000000200000003000000030000000400000004000000050000000500000006000000060000000700000007000000080000000800000009000000090000000a0000000a0000000b0000000b0000000c0000000c0000000d0000000d0000000d0000000c0000000c0000000b0000000b0000000a0000000a0000000900000009000000080000000800000007000000070000000600000006000000050000000500000004000000040000000300000003000000020000000200000001_MAX_H_IN32_MAX_H_OUT32_10011 ) 
                 6 STAGE_GEN[1].u_stage ( wallace_stage_NUM_COLS48_COL_HEIGHTSx000000010000000200000002000000020000000300000003000000030000000400000004000000040000000500000005000000050000000600000006000000060000000700000007000000070000000800000008000000080000000900000009000000090000000800000008000000080000000800000008000000070000000600000006000000060000000600000006000000050000000400000004000000040000000400000004000000030000000200000002000000020000000200000002_MAX_H_IN32_MAX_H_OUT32_9964 ) 
                 6 STAGE_GEN[2].u_stage ( wallace_stage_NUM_COLS48_COL_HEIGHTSx000000010000000100000002000000020000000200000002000000020000000300000003000000030000000300000004000000040000000400000004000000040000000500000005000000050000000500000006000000060000000600000006000000060000000600000006000000060000000600000006000000060000000400000004000000040000000400000004000000040000000400000003000000030000000300000003000000020000000200000002000000020000000200000002_MAX_H_IN32_MAX_H_OUT32_9917 ) 
                 6 STAGE_GEN[3].u_stage ( wallace_stage_NUM_COLS48_COL_HEIGHTSx000000010000000100000001000000020000000200000002000000020000000200000002000000020000000200000003000000030000000300000003000000030000000300000004000000040000000400000004000000040000000400000004000000040000000400000004000000040000000400000004000000040000000400000003000000030000000300000003000000030000000300000002000000020000000200000002000000020000000200000002000000020000000200000002_MAX_H_IN32_MAX_H_OUT32_9870 ) 
                 6 STAGE_GEN[4].u_stage ( wallace_stage_NUM_COLS48_COL_HEIGHTSx000000010000000100000001000000010000000200000002000000020000000200000002000000020000000200000002000000020000000200000002000000020000000200000003000000030000000300000003000000030000000300000003000000030000000300000003000000030000000300000003000000030000000300000002000000020000000200000002000000020000000200000002000000020000000200000002000000020000000200000002000000020000000200000002_MAX_H_IN32_MAX_H_OUT32_9823 ) 
                 6 STAGE_GEN[5].u_stage ( wallace_stage_NUM_COLS48_COL_HEIGHTSx000000010000000100000001000000010000000100000002000000020000000200000002000000020000000200000002000000020000000200000002000000020000000200000002000000020000000200000002000000020000000200000002000000020000000200000002000000020000000200000002000000020000000200000002000000020000000200000002000000020000000200000002000000020000000200000002000000020000000200000002000000020000000200000002_MAX_H_IN32_MAX_H_OUT32_9776 ) 
        3 MAN_ROUNDING_UNIT ( MUL_MAN_rounding_SIZE_MAN24_7498 ) 
        3 MUL_EXP_ADJUST_UNIT ( MUL_EXP_adjust_SIZE_DATA8_SIZE_LOPD8_7073 ) 
           4 CLA_8BIT_UNIT ( MUL_CLA_8bit_7026 ) 
              5 CLA_4BIT_UNIT_0 ( MUL_CLA_4bit_6943 ) 
              5 CLA_4BIT_UNIT_1 ( MUL_CLA_4bit_6920 ) 
        3 MUL_EXP_UNIT ( MUL_EXP_unit_SIZE_EXP8_7156 ) 
        3 NOR_UNIT ( MUL_NOR_unit_SIZE_LOPD5_SIZE_DATA24_7545 ) 
           4 SHF_left_unit ( MUL_SHF_left_SIZE_DATA32_SIZE_SHIFT5_7639 ) 
        3 PSC_UNIT ( MUL_PSC_unit_SIZE_EXP8_SIZE_MAN24_7581 ) 
     2 mul1 ( fpu_mul_SIZE_DATA32_8038 ) 
        3 EXP_ROUNDING_UNIT ( MUL_EXP_rounding_SIZE_DATA8_7119 ) 
        3 LOPD_UNIT ( MUL_LOPD_24bit_SIZE_DATA24_SIZE_LOPD5_7260 ) 
           4 LOPD_16bit_UNIT_MSB ( MUL_LOPD_16bit_7213 ) 
              5 LOPD_8bit_unit_0 ( MUL_LOPD_8bit_7329 ) 
              5 LOPD_8bit_unit_1 ( MUL_LOPD_8bit_7328 ) 
           4 LOPD_8bit_UNIT_LSB ( MUL_LOPD_8bit_7327 ) 
        3 MAN_MUL_UNIT ( MUL_MAN_mul_SIZE_DATA24_7450 ) 
           4 MUL_UNIT_MAN_UNIT ( Multiplier_7732 ) 
              5 u_booth ( Modified_booth_N24_NUM_PP13_7685 ) 
              5 u_cla ( CLA_adder_top_WIDTH48_FANIN4_3743 ) 
                 6 cla_tree ( cla_logic_tree_level_WIDTH48_FANIN4_7920 ) 
                    7 COMPUTE_DETAILED_CARRY[10].cla_unit ( CLA_logic_WIDTH4_3978 ) 
                    7 COMPUTE_DETAILED_CARRY[11].cla_unit ( CLA_logic_WIDTH4_3977 ) 
                    7 COMPUTE_DETAILED_CARRY[2].cla_unit ( CLA_logic_WIDTH4_3986 ) 
                    7 COMPUTE_DETAILED_CARRY[3].cla_unit ( CLA_logic_WIDTH4_3985 ) 
                    7 COMPUTE_DETAILED_CARRY[4].cla_unit ( CLA_logic_WIDTH4_3984 ) 
                    7 COMPUTE_DETAILED_CARRY[5].cla_unit ( CLA_logic_WIDTH4_3983 ) 
                    7 COMPUTE_DETAILED_CARRY[6].cla_unit ( CLA_logic_WIDTH4_3982 ) 
                    7 COMPUTE_DETAILED_CARRY[7].cla_unit ( CLA_logic_WIDTH4_3981 ) 
                    7 COMPUTE_DETAILED_CARRY[8].cla_unit ( CLA_logic_WIDTH4_3980 ) 
                    7 COMPUTE_DETAILED_CARRY[9].cla_unit ( CLA_logic_WIDTH4_3979 ) 
                    7 MULTI_GROUP.next_level ( cla_logic_tree_level_WIDTH12_FANIN4_7826 ) 
                       8 COMPUTE_DETAILED_CARRY[0].cla_unit ( CLA_logic_WIDTH4_3991 ) 
                       8 COMPUTE_DETAILED_CARRY[1].cla_unit ( CLA_logic_WIDTH4_3990 ) 
                       8 COMPUTE_DETAILED_CARRY[2].cla_unit ( CLA_logic_WIDTH4_3989 ) 
                       8 MULTI_GROUP.next_level ( cla_logic_tree_level_WIDTH3_FANIN4_7873 ) 
                          9 COMPUTE_DETAILED_CARRY[0].cla_unit ( CLA_logic_WIDTH3_3790 ) 
              5 u_merge ( wallace_final_merge_WIDTH48_9728 ) 
                 6 csa_row[10].u_fa ( FA_1bit_5063 ) 
                 6 csa_row[11].u_fa ( FA_1bit_5062 ) 
                 6 csa_row[12].u_fa ( FA_1bit_5061 ) 
                 6 csa_row[13].u_fa ( FA_1bit_5060 ) 
                 6 csa_row[14].u_fa ( FA_1bit_5059 ) 
                 6 csa_row[15].u_fa ( FA_1bit_5058 ) 
                 6 csa_row[16].u_fa ( FA_1bit_5057 ) 
                 6 csa_row[17].u_fa ( FA_1bit_5056 ) 
                 6 csa_row[18].u_fa ( FA_1bit_5055 ) 
                 6 csa_row[19].u_fa ( FA_1bit_5054 ) 
                 6 csa_row[20].u_fa ( FA_1bit_5053 ) 
                 6 csa_row[21].u_fa ( FA_1bit_5052 ) 
                 6 csa_row[22].u_fa ( FA_1bit_5051 ) 
                 6 csa_row[23].u_fa ( FA_1bit_5050 ) 
                 6 csa_row[24].u_fa ( FA_1bit_5049 ) 
                 6 csa_row[25].u_fa ( FA_1bit_5048 ) 
                 6 csa_row[26].u_fa ( FA_1bit_5047 ) 
                 6 csa_row[27].u_fa ( FA_1bit_5046 ) 
                 6 csa_row[28].u_fa ( FA_1bit_5045 ) 
                 6 csa_row[29].u_fa ( FA_1bit_5044 ) 
                 6 csa_row[30].u_fa ( FA_1bit_5043 ) 
                 6 csa_row[31].u_fa ( FA_1bit_5042 ) 
                 6 csa_row[32].u_fa ( FA_1bit_5041 ) 
                 6 csa_row[33].u_fa ( FA_1bit_5040 ) 
                 6 csa_row[34].u_fa ( FA_1bit_5039 ) 
                 6 csa_row[35].u_fa ( FA_1bit_5038 ) 
                 6 csa_row[36].u_fa ( FA_1bit_5037 ) 
                 6 csa_row[37].u_fa ( FA_1bit_5036 ) 
                 6 csa_row[38].u_fa ( FA_1bit_5035 ) 
                 6 csa_row[39].u_fa ( FA_1bit_5034 ) 
                 6 csa_row[40].u_fa ( FA_1bit_5033 ) 
                 6 csa_row[41].u_fa ( FA_1bit_5032 ) 
                 6 csa_row[42].u_fa ( FA_1bit_5031 ) 
                 6 csa_row[43].u_fa ( FA_1bit_5030 ) 
                 6 csa_row[44].u_fa ( FA_1bit_5029 ) 
                 6 csa_row[45].u_fa ( FA_1bit_5028 ) 
                 6 csa_row[46].u_fa ( FA_1bit_5027 ) 
                 6 csa_row[47].u_fa ( FA_1bit_5026 ) 
                 6 csa_row[6].u_fa ( FA_1bit_5067 ) 
                 6 csa_row[7].u_fa ( FA_1bit_5066 ) 
                 6 csa_row[8].u_fa ( FA_1bit_5065 ) 
                 6 csa_row[9].u_fa ( FA_1bit_5064 ) 
              5 u_wallace ( wallace_tree_N24_NUM_PP13_NUM_CZ12_10057 ) 
                 6 STAGE_GEN[0].u_stage ( wallace_stage_NUM_COLS48_COL_HEIGHTSx000000020000000200000003000000030000000400000004000000050000000500000006000000060000000700000007000000080000000800000009000000090000000a0000000a0000000b0000000b0000000c0000000c0000000d0000000d0000000d0000000c0000000c0000000b0000000b0000000a0000000a0000000900000009000000080000000800000007000000070000000600000006000000050000000500000004000000040000000300000003000000020000000200000001_MAX_H_IN32_MAX_H_OUT32_10010 ) 
                 6 STAGE_GEN[1].u_stage ( wallace_stage_NUM_COLS48_COL_HEIGHTSx000000010000000200000002000000020000000300000003000000030000000400000004000000040000000500000005000000050000000600000006000000060000000700000007000000070000000800000008000000080000000900000009000000090000000800000008000000080000000800000008000000070000000600000006000000060000000600000006000000050000000400000004000000040000000400000004000000030000000200000002000000020000000200000002_MAX_H_IN32_MAX_H_OUT32_9963 ) 
                 6 STAGE_GEN[2].u_stage ( wallace_stage_NUM_COLS48_COL_HEIGHTSx000000010000000100000002000000020000000200000002000000020000000300000003000000030000000300000004000000040000000400000004000000040000000500000005000000050000000500000006000000060000000600000006000000060000000600000006000000060000000600000006000000060000000400000004000000040000000400000004000000040000000400000003000000030000000300000003000000020000000200000002000000020000000200000002_MAX_H_IN32_MAX_H_OUT32_9916 ) 
                 6 STAGE_GEN[3].u_stage ( wallace_stage_NUM_COLS48_COL_HEIGHTSx000000010000000100000001000000020000000200000002000000020000000200000002000000020000000200000003000000030000000300000003000000030000000300000004000000040000000400000004000000040000000400000004000000040000000400000004000000040000000400000004000000040000000400000003000000030000000300000003000000030000000300000002000000020000000200000002000000020000000200000002000000020000000200000002_MAX_H_IN32_MAX_H_OUT32_9869 ) 
                 6 STAGE_GEN[4].u_stage ( wallace_stage_NUM_COLS48_COL_HEIGHTSx000000010000000100000001000000010000000200000002000000020000000200000002000000020000000200000002000000020000000200000002000000020000000200000003000000030000000300000003000000030000000300000003000000030000000300000003000000030000000300000003000000030000000300000002000000020000000200000002000000020000000200000002000000020000000200000002000000020000000200000002000000020000000200000002_MAX_H_IN32_MAX_H_OUT32_9822 ) 
                 6 STAGE_GEN[5].u_stage ( wallace_stage_NUM_COLS48_COL_HEIGHTSx000000010000000100000001000000010000000100000002000000020000000200000002000000020000000200000002000000020000000200000002000000020000000200000002000000020000000200000002000000020000000200000002000000020000000200000002000000020000000200000002000000020000000200000002000000020000000200000002000000020000000200000002000000020000000200000002000000020000000200000002000000020000000200000002_MAX_H_IN32_MAX_H_OUT32_9775 ) 
        3 MAN_ROUNDING_UNIT ( MUL_MAN_rounding_SIZE_MAN24_7497 ) 
        3 MUL_EXP_ADJUST_UNIT ( MUL_EXP_adjust_SIZE_DATA8_SIZE_LOPD8_7072 ) 
           4 CLA_8BIT_UNIT ( MUL_CLA_8bit_7025 ) 
              5 CLA_4BIT_UNIT_0 ( MUL_CLA_4bit_6941 ) 
              5 CLA_4BIT_UNIT_1 ( MUL_CLA_4bit_6940 ) 
        3 MUL_EXP_UNIT ( MUL_EXP_unit_SIZE_EXP8_7166 ) 
        3 NOR_UNIT ( MUL_NOR_unit_SIZE_LOPD5_SIZE_DATA24_7544 ) 
           4 SHF_left_unit ( MUL_SHF_left_SIZE_DATA32_SIZE_SHIFT5_7638 ) 
        3 PSC_UNIT ( MUL_PSC_unit_SIZE_EXP8_SIZE_MAN24_7591 ) 
     2 mul2 ( fpu_mul_SIZE_DATA32_8037 ) 
        3 EXP_ROUNDING_UNIT ( MUL_EXP_rounding_SIZE_DATA8_7118 ) 
        3 LOPD_UNIT ( MUL_LOPD_24bit_SIZE_DATA24_SIZE_LOPD5_7259 ) 
           4 LOPD_16bit_UNIT_MSB ( MUL_LOPD_16bit_7212 ) 
              5 LOPD_8bit_unit_0 ( MUL_LOPD_8bit_7326 ) 
              5 LOPD_8bit_unit_1 ( MUL_LOPD_8bit_7325 ) 
           4 LOPD_8bit_UNIT_LSB ( MUL_LOPD_8bit_7324 ) 
        3 MAN_MUL_UNIT ( MUL_MAN_mul_SIZE_DATA24_7449 ) 
           4 MUL_UNIT_MAN_UNIT ( Multiplier_7731 ) 
              5 u_booth ( Modified_booth_N24_NUM_PP13_7684 ) 
              5 u_cla ( CLA_adder_top_WIDTH48_FANIN4_3742 ) 
                 6 cla_tree ( cla_logic_tree_level_WIDTH48_FANIN4_7919 ) 
                    7 COMPUTE_DETAILED_CARRY[10].cla_unit ( CLA_logic_WIDTH4_3963 ) 
                    7 COMPUTE_DETAILED_CARRY[11].cla_unit ( CLA_logic_WIDTH4_3962 ) 
                    7 COMPUTE_DETAILED_CARRY[2].cla_unit ( CLA_logic_WIDTH4_3971 ) 
                    7 COMPUTE_DETAILED_CARRY[3].cla_unit ( CLA_logic_WIDTH4_3970 ) 
                    7 COMPUTE_DETAILED_CARRY[4].cla_unit ( CLA_logic_WIDTH4_3969 ) 
                    7 COMPUTE_DETAILED_CARRY[5].cla_unit ( CLA_logic_WIDTH4_3968 ) 
                    7 COMPUTE_DETAILED_CARRY[6].cla_unit ( CLA_logic_WIDTH4_3967 ) 
                    7 COMPUTE_DETAILED_CARRY[7].cla_unit ( CLA_logic_WIDTH4_3966 ) 
                    7 COMPUTE_DETAILED_CARRY[8].cla_unit ( CLA_logic_WIDTH4_3965 ) 
                    7 COMPUTE_DETAILED_CARRY[9].cla_unit ( CLA_logic_WIDTH4_3964 ) 
                    7 MULTI_GROUP.next_level ( cla_logic_tree_level_WIDTH12_FANIN4_7825 ) 
                       8 COMPUTE_DETAILED_CARRY[0].cla_unit ( CLA_logic_WIDTH4_3976 ) 
                       8 COMPUTE_DETAILED_CARRY[1].cla_unit ( CLA_logic_WIDTH4_3975 ) 
                       8 COMPUTE_DETAILED_CARRY[2].cla_unit ( CLA_logic_WIDTH4_3974 ) 
                       8 MULTI_GROUP.next_level ( cla_logic_tree_level_WIDTH3_FANIN4_7872 ) 
                          9 COMPUTE_DETAILED_CARRY[0].cla_unit ( CLA_logic_WIDTH3_3789 ) 
              5 u_merge ( wallace_final_merge_WIDTH48_9727 ) 
                 6 csa_row[10].u_fa ( FA_1bit_5015 ) 
                 6 csa_row[11].u_fa ( FA_1bit_5014 ) 
                 6 csa_row[12].u_fa ( FA_1bit_5013 ) 
                 6 csa_row[13].u_fa ( FA_1bit_5012 ) 
                 6 csa_row[14].u_fa ( FA_1bit_5011 ) 
                 6 csa_row[15].u_fa ( FA_1bit_5010 ) 
                 6 csa_row[16].u_fa ( FA_1bit_5009 ) 
                 6 csa_row[17].u_fa ( FA_1bit_5008 ) 
                 6 csa_row[18].u_fa ( FA_1bit_5007 ) 
                 6 csa_row[19].u_fa ( FA_1bit_5006 ) 
                 6 csa_row[20].u_fa ( FA_1bit_5005 ) 
                 6 csa_row[21].u_fa ( FA_1bit_5004 ) 
                 6 csa_row[22].u_fa ( FA_1bit_5003 ) 
                 6 csa_row[23].u_fa ( FA_1bit_5002 ) 
                 6 csa_row[24].u_fa ( FA_1bit_5001 ) 
                 6 csa_row[25].u_fa ( FA_1bit_5000 ) 
                 6 csa_row[26].u_fa ( FA_1bit_4999 ) 
                 6 csa_row[27].u_fa ( FA_1bit_4998 ) 
                 6 csa_row[28].u_fa ( FA_1bit_4997 ) 
                 6 csa_row[29].u_fa ( FA_1bit_4996 ) 
                 6 csa_row[30].u_fa ( FA_1bit_4995 ) 
                 6 csa_row[31].u_fa ( FA_1bit_4994 ) 
                 6 csa_row[32].u_fa ( FA_1bit_4993 ) 
                 6 csa_row[33].u_fa ( FA_1bit_4992 ) 
                 6 csa_row[34].u_fa ( FA_1bit_4991 ) 
                 6 csa_row[35].u_fa ( FA_1bit_4990 ) 
                 6 csa_row[36].u_fa ( FA_1bit_4989 ) 
                 6 csa_row[37].u_fa ( FA_1bit_4988 ) 
                 6 csa_row[38].u_fa ( FA_1bit_4987 ) 
                 6 csa_row[39].u_fa ( FA_1bit_4986 ) 
                 6 csa_row[40].u_fa ( FA_1bit_4985 ) 
                 6 csa_row[41].u_fa ( FA_1bit_4984 ) 
                 6 csa_row[42].u_fa ( FA_1bit_4983 ) 
                 6 csa_row[43].u_fa ( FA_1bit_4982 ) 
                 6 csa_row[44].u_fa ( FA_1bit_4981 ) 
                 6 csa_row[45].u_fa ( FA_1bit_4980 ) 
                 6 csa_row[46].u_fa ( FA_1bit_4979 ) 
                 6 csa_row[47].u_fa ( FA_1bit_4978 ) 
                 6 csa_row[6].u_fa ( FA_1bit_5019 ) 
                 6 csa_row[7].u_fa ( FA_1bit_5018 ) 
                 6 csa_row[8].u_fa ( FA_1bit_5017 ) 
                 6 csa_row[9].u_fa ( FA_1bit_5016 ) 
              5 u_wallace ( wallace_tree_N24_NUM_PP13_NUM_CZ12_10056 ) 
                 6 STAGE_GEN[0].u_stage ( wallace_stage_NUM_COLS48_COL_HEIGHTSx000000020000000200000003000000030000000400000004000000050000000500000006000000060000000700000007000000080000000800000009000000090000000a0000000a0000000b0000000b0000000c0000000c0000000d0000000d0000000d0000000c0000000c0000000b0000000b0000000a0000000a0000000900000009000000080000000800000007000000070000000600000006000000050000000500000004000000040000000300000003000000020000000200000001_MAX_H_IN32_MAX_H_OUT32_10009 ) 
                 6 STAGE_GEN[1].u_stage ( wallace_stage_NUM_COLS48_COL_HEIGHTSx000000010000000200000002000000020000000300000003000000030000000400000004000000040000000500000005000000050000000600000006000000060000000700000007000000070000000800000008000000080000000900000009000000090000000800000008000000080000000800000008000000070000000600000006000000060000000600000006000000050000000400000004000000040000000400000004000000030000000200000002000000020000000200000002_MAX_H_IN32_MAX_H_OUT32_9962 ) 
                 6 STAGE_GEN[2].u_stage ( wallace_stage_NUM_COLS48_COL_HEIGHTSx000000010000000100000002000000020000000200000002000000020000000300000003000000030000000300000004000000040000000400000004000000040000000500000005000000050000000500000006000000060000000600000006000000060000000600000006000000060000000600000006000000060000000400000004000000040000000400000004000000040000000400000003000000030000000300000003000000020000000200000002000000020000000200000002_MAX_H_IN32_MAX_H_OUT32_9915 ) 
                 6 STAGE_GEN[3].u_stage ( wallace_stage_NUM_COLS48_COL_HEIGHTSx000000010000000100000001000000020000000200000002000000020000000200000002000000020000000200000003000000030000000300000003000000030000000300000004000000040000000400000004000000040000000400000004000000040000000400000004000000040000000400000004000000040000000400000003000000030000000300000003000000030000000300000002000000020000000200000002000000020000000200000002000000020000000200000002_MAX_H_IN32_MAX_H_OUT32_9868 ) 
                 6 STAGE_GEN[4].u_stage ( wallace_stage_NUM_COLS48_COL_HEIGHTSx000000010000000100000001000000010000000200000002000000020000000200000002000000020000000200000002000000020000000200000002000000020000000200000003000000030000000300000003000000030000000300000003000000030000000300000003000000030000000300000003000000030000000300000002000000020000000200000002000000020000000200000002000000020000000200000002000000020000000200000002000000020000000200000002_MAX_H_IN32_MAX_H_OUT32_9821 ) 
                 6 STAGE_GEN[5].u_stage ( wallace_stage_NUM_COLS48_COL_HEIGHTSx000000010000000100000001000000010000000100000002000000020000000200000002000000020000000200000002000000020000000200000002000000020000000200000002000000020000000200000002000000020000000200000002000000020000000200000002000000020000000200000002000000020000000200000002000000020000000200000002000000020000000200000002000000020000000200000002000000020000000200000002000000020000000200000002_MAX_H_IN32_MAX_H_OUT32_9774 ) 
        3 MAN_ROUNDING_UNIT ( MUL_MAN_rounding_SIZE_MAN24_7496 ) 
        3 MUL_EXP_ADJUST_UNIT ( MUL_EXP_adjust_SIZE_DATA8_SIZE_LOPD8_7071 ) 
           4 CLA_8BIT_UNIT ( MUL_CLA_8bit_7024 ) 
              5 CLA_4BIT_UNIT_0 ( MUL_CLA_4bit_6939 ) 
              5 CLA_4BIT_UNIT_1 ( MUL_CLA_4bit_6938 ) 
        3 MUL_EXP_UNIT ( MUL_EXP_unit_SIZE_EXP8_7165 ) 
        3 NOR_UNIT ( MUL_NOR_unit_SIZE_LOPD5_SIZE_DATA24_7543 ) 
           4 SHF_left_unit ( MUL_SHF_left_SIZE_DATA32_SIZE_SHIFT5_7637 ) 
        3 PSC_UNIT ( MUL_PSC_unit_SIZE_EXP8_SIZE_MAN24_7590 ) 
     2 mul3 ( fpu_mul_SIZE_DATA32_8036 ) 
        3 EXP_ROUNDING_UNIT ( MUL_EXP_rounding_SIZE_DATA8_7117 ) 
        3 LOPD_UNIT ( MUL_LOPD_24bit_SIZE_DATA24_SIZE_LOPD5_7258 ) 
           4 LOPD_16bit_UNIT_MSB ( MUL_LOPD_16bit_7211 ) 
              5 LOPD_8bit_unit_0 ( MUL_LOPD_8bit_7323 ) 
              5 LOPD_8bit_unit_1 ( MUL_LOPD_8bit_7322 ) 
           4 LOPD_8bit_UNIT_LSB ( MUL_LOPD_8bit_7321 ) 
        3 MAN_MUL_UNIT ( MUL_MAN_mul_SIZE_DATA24_7448 ) 
           4 MUL_UNIT_MAN_UNIT ( Multiplier_7730 ) 
              5 u_booth ( Modified_booth_N24_NUM_PP13_7683 ) 
              5 u_cla ( CLA_adder_top_WIDTH48_FANIN4_3741 ) 
                 6 cla_tree ( cla_logic_tree_level_WIDTH48_FANIN4_7918 ) 
                    7 COMPUTE_DETAILED_CARRY[10].cla_unit ( CLA_logic_WIDTH4_3948 ) 
                    7 COMPUTE_DETAILED_CARRY[11].cla_unit ( CLA_logic_WIDTH4_3947 ) 
                    7 COMPUTE_DETAILED_CARRY[2].cla_unit ( CLA_logic_WIDTH4_3956 ) 
                    7 COMPUTE_DETAILED_CARRY[3].cla_unit ( CLA_logic_WIDTH4_3955 ) 
                    7 COMPUTE_DETAILED_CARRY[4].cla_unit ( CLA_logic_WIDTH4_3954 ) 
                    7 COMPUTE_DETAILED_CARRY[5].cla_unit ( CLA_logic_WIDTH4_3953 ) 
                    7 COMPUTE_DETAILED_CARRY[6].cla_unit ( CLA_logic_WIDTH4_3952 ) 
                    7 COMPUTE_DETAILED_CARRY[7].cla_unit ( CLA_logic_WIDTH4_3951 ) 
                    7 COMPUTE_DETAILED_CARRY[8].cla_unit ( CLA_logic_WIDTH4_3950 ) 
                    7 COMPUTE_DETAILED_CARRY[9].cla_unit ( CLA_logic_WIDTH4_3949 ) 
                    7 MULTI_GROUP.next_level ( cla_logic_tree_level_WIDTH12_FANIN4_7824 ) 
                       8 COMPUTE_DETAILED_CARRY[0].cla_unit ( CLA_logic_WIDTH4_3961 ) 
                       8 COMPUTE_DETAILED_CARRY[1].cla_unit ( CLA_logic_WIDTH4_3960 ) 
                       8 COMPUTE_DETAILED_CARRY[2].cla_unit ( CLA_logic_WIDTH4_3959 ) 
                       8 MULTI_GROUP.next_level ( cla_logic_tree_level_WIDTH3_FANIN4_7871 ) 
                          9 COMPUTE_DETAILED_CARRY[0].cla_unit ( CLA_logic_WIDTH3_3788 ) 
              5 u_merge ( wallace_final_merge_WIDTH48_9726 ) 
                 6 csa_row[10].u_fa ( FA_1bit_4967 ) 
                 6 csa_row[11].u_fa ( FA_1bit_4966 ) 
                 6 csa_row[12].u_fa ( FA_1bit_4965 ) 
                 6 csa_row[13].u_fa ( FA_1bit_4964 ) 
                 6 csa_row[14].u_fa ( FA_1bit_4963 ) 
                 6 csa_row[15].u_fa ( FA_1bit_4962 ) 
                 6 csa_row[16].u_fa ( FA_1bit_4961 ) 
                 6 csa_row[17].u_fa ( FA_1bit_4960 ) 
                 6 csa_row[18].u_fa ( FA_1bit_4959 ) 
                 6 csa_row[19].u_fa ( FA_1bit_4958 ) 
                 6 csa_row[20].u_fa ( FA_1bit_4957 ) 
                 6 csa_row[21].u_fa ( FA_1bit_4956 ) 
                 6 csa_row[22].u_fa ( FA_1bit_4955 ) 
                 6 csa_row[23].u_fa ( FA_1bit_4954 ) 
                 6 csa_row[24].u_fa ( FA_1bit_4953 ) 
                 6 csa_row[25].u_fa ( FA_1bit_4952 ) 
                 6 csa_row[26].u_fa ( FA_1bit_4951 ) 
                 6 csa_row[27].u_fa ( FA_1bit_4950 ) 
                 6 csa_row[28].u_fa ( FA_1bit_4949 ) 
                 6 csa_row[29].u_fa ( FA_1bit_4948 ) 
                 6 csa_row[30].u_fa ( FA_1bit_4947 ) 
                 6 csa_row[31].u_fa ( FA_1bit_4946 ) 
                 6 csa_row[32].u_fa ( FA_1bit_4945 ) 
                 6 csa_row[33].u_fa ( FA_1bit_4944 ) 
                 6 csa_row[34].u_fa ( FA_1bit_4943 ) 
                 6 csa_row[35].u_fa ( FA_1bit_4942 ) 
                 6 csa_row[36].u_fa ( FA_1bit_4941 ) 
                 6 csa_row[37].u_fa ( FA_1bit_4940 ) 
                 6 csa_row[38].u_fa ( FA_1bit_4939 ) 
                 6 csa_row[39].u_fa ( FA_1bit_4938 ) 
                 6 csa_row[40].u_fa ( FA_1bit_4937 ) 
                 6 csa_row[41].u_fa ( FA_1bit_4936 ) 
                 6 csa_row[42].u_fa ( FA_1bit_4935 ) 
                 6 csa_row[43].u_fa ( FA_1bit_4934 ) 
                 6 csa_row[44].u_fa ( FA_1bit_4933 ) 
                 6 csa_row[45].u_fa ( FA_1bit_4932 ) 
                 6 csa_row[46].u_fa ( FA_1bit_4931 ) 
                 6 csa_row[47].u_fa ( FA_1bit_4930 ) 
                 6 csa_row[6].u_fa ( FA_1bit_4971 ) 
                 6 csa_row[7].u_fa ( FA_1bit_4970 ) 
                 6 csa_row[8].u_fa ( FA_1bit_4969 ) 
                 6 csa_row[9].u_fa ( FA_1bit_4968 ) 
              5 u_wallace ( wallace_tree_N24_NUM_PP13_NUM_CZ12_10055 ) 
                 6 STAGE_GEN[0].u_stage ( wallace_stage_NUM_COLS48_COL_HEIGHTSx000000020000000200000003000000030000000400000004000000050000000500000006000000060000000700000007000000080000000800000009000000090000000a0000000a0000000b0000000b0000000c0000000c0000000d0000000d0000000d0000000c0000000c0000000b0000000b0000000a0000000a0000000900000009000000080000000800000007000000070000000600000006000000050000000500000004000000040000000300000003000000020000000200000001_MAX_H_IN32_MAX_H_OUT32_10008 ) 
                 6 STAGE_GEN[1].u_stage ( wallace_stage_NUM_COLS48_COL_HEIGHTSx000000010000000200000002000000020000000300000003000000030000000400000004000000040000000500000005000000050000000600000006000000060000000700000007000000070000000800000008000000080000000900000009000000090000000800000008000000080000000800000008000000070000000600000006000000060000000600000006000000050000000400000004000000040000000400000004000000030000000200000002000000020000000200000002_MAX_H_IN32_MAX_H_OUT32_9961 ) 
                 6 STAGE_GEN[2].u_stage ( wallace_stage_NUM_COLS48_COL_HEIGHTSx000000010000000100000002000000020000000200000002000000020000000300000003000000030000000300000004000000040000000400000004000000040000000500000005000000050000000500000006000000060000000600000006000000060000000600000006000000060000000600000006000000060000000400000004000000040000000400000004000000040000000400000003000000030000000300000003000000020000000200000002000000020000000200000002_MAX_H_IN32_MAX_H_OUT32_9914 ) 
                 6 STAGE_GEN[3].u_stage ( wallace_stage_NUM_COLS48_COL_HEIGHTSx000000010000000100000001000000020000000200000002000000020000000200000002000000020000000200000003000000030000000300000003000000030000000300000004000000040000000400000004000000040000000400000004000000040000000400000004000000040000000400000004000000040000000400000003000000030000000300000003000000030000000300000002000000020000000200000002000000020000000200000002000000020000000200000002_MAX_H_IN32_MAX_H_OUT32_9867 ) 
                 6 STAGE_GEN[4].u_stage ( wallace_stage_NUM_COLS48_COL_HEIGHTSx000000010000000100000001000000010000000200000002000000020000000200000002000000020000000200000002000000020000000200000002000000020000000200000003000000030000000300000003000000030000000300000003000000030000000300000003000000030000000300000003000000030000000300000002000000020000000200000002000000020000000200000002000000020000000200000002000000020000000200000002000000020000000200000002_MAX_H_IN32_MAX_H_OUT32_9820 ) 
                 6 STAGE_GEN[5].u_stage ( wallace_stage_NUM_COLS48_COL_HEIGHTSx000000010000000100000001000000010000000100000002000000020000000200000002000000020000000200000002000000020000000200000002000000020000000200000002000000020000000200000002000000020000000200000002000000020000000200000002000000020000000200000002000000020000000200000002000000020000000200000002000000020000000200000002000000020000000200000002000000020000000200000002000000020000000200000002_MAX_H_IN32_MAX_H_OUT32_9773 ) 
        3 MAN_ROUNDING_UNIT ( MUL_MAN_rounding_SIZE_MAN24_7495 ) 
        3 MUL_EXP_ADJUST_UNIT ( MUL_EXP_adjust_SIZE_DATA8_SIZE_LOPD8_7070 ) 
           4 CLA_8BIT_UNIT ( MUL_CLA_8bit_7023 ) 
              5 CLA_4BIT_UNIT_0 ( MUL_CLA_4bit_6937 ) 
              5 CLA_4BIT_UNIT_1 ( MUL_CLA_4bit_6936 ) 
        3 MUL_EXP_UNIT ( MUL_EXP_unit_SIZE_EXP8_7164 ) 
        3 NOR_UNIT ( MUL_NOR_unit_SIZE_LOPD5_SIZE_DATA24_7542 ) 
           4 SHF_left_unit ( MUL_SHF_left_SIZE_DATA32_SIZE_SHIFT5_7636 ) 
        3 PSC_UNIT ( MUL_PSC_unit_SIZE_EXP8_SIZE_MAN24_7589 ) 
     2 sub0 ( FPU_add_sub_NUM_OP1_6866 ) 
        3 EXP_ADJUST ( ADD_SUB_EXP_adjust_SIZE_EXP8_SIZE_LOPD8_2387 ) 
           4 CLA_8BIT_UNIT ( ADD_SUB_CLA_8bit_1473 ) 
              5 CLA_4BIT_UNIT_0 ( ADD_SUB_CLA_4bit_891 ) 
              5 CLA_4BIT_UNIT_1 ( ADD_SUB_CLA_4bit_890 ) 
        3 EXP_COM_8BIT ( ADD_SUB_EXP_comp_SIZE_DATA8_2458 ) 
           4 COMP_LESS_UNIT ( ADD_SUB_COMP_8bit_SIZE_DATA8_2316 ) 
              5 u_high ( ADD_SUB_COMP_4bit_1866 ) 
              5 u_low ( ADD_SUB_COMP_4bit_1867 ) 
        3 EXP_RND ( ADD_SUB_EXP_rounding_SIZE_DATA8_2529 ) 
        3 EXP_SUB ( ADD_SUB_EXP_sub_SIZE_EXP_SUB8_2600 ) 
           4 CLA_8BIT_UNIT ( ADD_SUB_CLA_8bit_1474 ) 
              5 CLA_4BIT_UNIT_0 ( ADD_SUB_CLA_4bit_899 ) 
              5 CLA_4BIT_UNIT_1 ( ADD_SUB_CLA_4bit_898 ) 
        3 EXP_SWAP ( ADD_SUB_EXP_swap_SIZE_DATA8_2671 ) 
        3 LOPD_24BIT ( ADD_SUB_LOPD_24bit_SIZE_DATA24_SIZE_LOPD5_2813 ) 
           4 LOPD_16bit_UNIT_MSB ( ADD_SUB_LOPD_16bit_2742 ) 
              5 LOPD_8bit_unit_0 ( ADD_SUB_LOPD_8bit_2920 ) 
              5 LOPD_8bit_unit_1 ( ADD_SUB_LOPD_8bit_2919 ) 
           4 LOPD_8bit_UNIT_LSB ( ADD_SUB_LOPD_8bit_2918 ) 
        3 MAN_ALU ( ADD_SUB_MAN_ALU_NUM_OP1_SIZE_MAN24_3099 ) 
           4 ALU_SUB_UNIT ( ADD_SUB_CLA_24bit_295 ) 
              5 CLA_BLOCK_GEN[0].CLA_4BIT_UNIT ( ADD_SUB_CLA_4bit_897 ) 
              5 CLA_BLOCK_GEN[1].CLA_4BIT_UNIT ( ADD_SUB_CLA_4bit_896 ) 
              5 CLA_BLOCK_GEN[2].CLA_4BIT_UNIT ( ADD_SUB_CLA_4bit_895 ) 
              5 CLA_BLOCK_GEN[3].CLA_4BIT_UNIT ( ADD_SUB_CLA_4bit_894 ) 
              5 CLA_BLOCK_GEN[4].CLA_4BIT_UNIT ( ADD_SUB_CLA_4bit_893 ) 
              5 CLA_BLOCK_GEN[5].CLA_4BIT_UNIT ( ADD_SUB_CLA_4bit_892 ) 
        3 MAN_ALU_PROC_RND ( ADD_SUB_CLS_4bit_1599 ) 
        3 MAN_COMP_24BIT ( ADD_SUB_COMP_24bit_SIZE_DATA24_1670 ) 
           4 u_i_data_0 ( ADD_SUB_COMP_4bit_1865 ) 
           4 u_i_data_1 ( ADD_SUB_COMP_4bit_1864 ) 
           4 u_i_data_2 ( ADD_SUB_COMP_4bit_1863 ) 
           4 u_i_data_3 ( ADD_SUB_COMP_4bit_1862 ) 
           4 u_i_data_4 ( ADD_SUB_COMP_4bit_1861 ) 
           4 u_i_data_5 ( ADD_SUB_COMP_4bit_1860 ) 
        3 MAN_RND ( ADD_SUB_MAN_rounding_SIZE_MAN32_SIZE_MAN_RESULT24_3170 ) 
        3 MAN_SWAP ( ADD_SUB_MAN_swap_SIZE_MAN24_3258 ) 
        3 MAN_SWAP_PRE ( ADD_SUB_MAN_swap_SIZE_MAN24_3259 ) 
        3 NOR_UNIT ( ADD_SUB_NOR_unit_SIZE_LOPD5_SIZE_DATA32_3384 ) 
           4 SHF_left_unit ( ADD_SUB_SHF_left_SIZE_DATA32_SIZE_SHIFT5_3526 ) 
        3 PSC_UNIT ( ADD_SUB_PSC_unit_3455 ) 
        3 SHF_RIGHT_MAN ( ADD_SUB_SHF_right_SIZE_DATA32_SIZE_SHIFT5_3597 ) 
        3 SIGN_UNIT ( ADD_SUB_SIGN_unit_3668 ) 
     2 sub1 ( FPU_add_sub_NUM_OP1_6862 ) 
        3 EXP_ADJUST ( ADD_SUB_EXP_adjust_SIZE_EXP8_SIZE_LOPD8_2383 ) 
           4 CLA_8BIT_UNIT ( ADD_SUB_CLA_8bit_1465 ) 
              5 CLA_4BIT_UNIT_0 ( ADD_SUB_CLA_4bit_851 ) 
              5 CLA_4BIT_UNIT_1 ( ADD_SUB_CLA_4bit_850 ) 
        3 EXP_COM_8BIT ( ADD_SUB_EXP_comp_SIZE_DATA8_2454 ) 
           4 COMP_LESS_UNIT ( ADD_SUB_COMP_8bit_SIZE_DATA8_2312 ) 
              5 u_high ( ADD_SUB_COMP_4bit_1834 ) 
              5 u_low ( ADD_SUB_COMP_4bit_1835 ) 
        3 EXP_RND ( ADD_SUB_EXP_rounding_SIZE_DATA8_2525 ) 
        3 EXP_SUB ( ADD_SUB_EXP_sub_SIZE_EXP_SUB8_2596 ) 
           4 CLA_8BIT_UNIT ( ADD_SUB_CLA_8bit_1466 ) 
              5 CLA_4BIT_UNIT_0 ( ADD_SUB_CLA_4bit_859 ) 
              5 CLA_4BIT_UNIT_1 ( ADD_SUB_CLA_4bit_858 ) 
        3 EXP_SWAP ( ADD_SUB_EXP_swap_SIZE_DATA8_2667 ) 
        3 LOPD_24BIT ( ADD_SUB_LOPD_24bit_SIZE_DATA24_SIZE_LOPD5_2809 ) 
           4 LOPD_16bit_UNIT_MSB ( ADD_SUB_LOPD_16bit_2738 ) 
              5 LOPD_8bit_unit_0 ( ADD_SUB_LOPD_8bit_2908 ) 
              5 LOPD_8bit_unit_1 ( ADD_SUB_LOPD_8bit_2907 ) 
           4 LOPD_8bit_UNIT_LSB ( ADD_SUB_LOPD_8bit_2906 ) 
        3 MAN_ALU ( ADD_SUB_MAN_ALU_NUM_OP1_SIZE_MAN24_3095 ) 
           4 ALU_SUB_UNIT ( ADD_SUB_CLA_24bit_291 ) 
              5 CLA_BLOCK_GEN[0].CLA_4BIT_UNIT ( ADD_SUB_CLA_4bit_857 ) 
              5 CLA_BLOCK_GEN[1].CLA_4BIT_UNIT ( ADD_SUB_CLA_4bit_856 ) 
              5 CLA_BLOCK_GEN[2].CLA_4BIT_UNIT ( ADD_SUB_CLA_4bit_855 ) 
              5 CLA_BLOCK_GEN[3].CLA_4BIT_UNIT ( ADD_SUB_CLA_4bit_854 ) 
              5 CLA_BLOCK_GEN[4].CLA_4BIT_UNIT ( ADD_SUB_CLA_4bit_853 ) 
              5 CLA_BLOCK_GEN[5].CLA_4BIT_UNIT ( ADD_SUB_CLA_4bit_852 ) 
        3 MAN_ALU_PROC_RND ( ADD_SUB_CLS_4bit_1595 ) 
        3 MAN_COMP_24BIT ( ADD_SUB_COMP_24bit_SIZE_DATA24_1666 ) 
           4 u_i_data_0 ( ADD_SUB_COMP_4bit_1833 ) 
           4 u_i_data_1 ( ADD_SUB_COMP_4bit_1832 ) 
           4 u_i_data_2 ( ADD_SUB_COMP_4bit_1831 ) 
           4 u_i_data_3 ( ADD_SUB_COMP_4bit_1830 ) 
           4 u_i_data_4 ( ADD_SUB_COMP_4bit_1829 ) 
           4 u_i_data_5 ( ADD_SUB_COMP_4bit_1828 ) 
        3 MAN_RND ( ADD_SUB_MAN_rounding_SIZE_MAN32_SIZE_MAN_RESULT24_3166 ) 
        3 MAN_SWAP ( ADD_SUB_MAN_swap_SIZE_MAN24_3250 ) 
        3 MAN_SWAP_PRE ( ADD_SUB_MAN_swap_SIZE_MAN24_3251 ) 
        3 NOR_UNIT ( ADD_SUB_NOR_unit_SIZE_LOPD5_SIZE_DATA32_3380 ) 
           4 SHF_left_unit ( ADD_SUB_SHF_left_SIZE_DATA32_SIZE_SHIFT5_3522 ) 
        3 PSC_UNIT ( ADD_SUB_PSC_unit_3438 ) 
        3 SHF_RIGHT_MAN ( ADD_SUB_SHF_right_SIZE_DATA32_SIZE_SHIFT5_3593 ) 
        3 SIGN_UNIT ( ADD_SUB_SIGN_unit_3651 ) 
     2 sub2 ( FPU_add_sub_NUM_OP1_6861 ) 
        3 EXP_ADJUST ( ADD_SUB_EXP_adjust_SIZE_EXP8_SIZE_LOPD8_2382 ) 
           4 CLA_8BIT_UNIT ( ADD_SUB_CLA_8bit_1463 ) 
              5 CLA_4BIT_UNIT_0 ( ADD_SUB_CLA_4bit_841 ) 
              5 CLA_4BIT_UNIT_1 ( ADD_SUB_CLA_4bit_840 ) 
        3 EXP_COM_8BIT ( ADD_SUB_EXP_comp_SIZE_DATA8_2453 ) 
           4 COMP_LESS_UNIT ( ADD_SUB_COMP_8bit_SIZE_DATA8_2311 ) 
              5 u_high ( ADD_SUB_COMP_4bit_1826 ) 
              5 u_low ( ADD_SUB_COMP_4bit_1827 ) 
        3 EXP_RND ( ADD_SUB_EXP_rounding_SIZE_DATA8_2524 ) 
        3 EXP_SUB ( ADD_SUB_EXP_sub_SIZE_EXP_SUB8_2595 ) 
           4 CLA_8BIT_UNIT ( ADD_SUB_CLA_8bit_1464 ) 
              5 CLA_4BIT_UNIT_0 ( ADD_SUB_CLA_4bit_849 ) 
              5 CLA_4BIT_UNIT_1 ( ADD_SUB_CLA_4bit_848 ) 
        3 EXP_SWAP ( ADD_SUB_EXP_swap_SIZE_DATA8_2666 ) 
        3 LOPD_24BIT ( ADD_SUB_LOPD_24bit_SIZE_DATA24_SIZE_LOPD5_2808 ) 
           4 LOPD_16bit_UNIT_MSB ( ADD_SUB_LOPD_16bit_2737 ) 
              5 LOPD_8bit_unit_0 ( ADD_SUB_LOPD_8bit_2905 ) 
              5 LOPD_8bit_unit_1 ( ADD_SUB_LOPD_8bit_2904 ) 
           4 LOPD_8bit_UNIT_LSB ( ADD_SUB_LOPD_8bit_2903 ) 
        3 MAN_ALU ( ADD_SUB_MAN_ALU_NUM_OP1_SIZE_MAN24_3094 ) 
           4 ALU_SUB_UNIT ( ADD_SUB_CLA_24bit_290 ) 
              5 CLA_BLOCK_GEN[0].CLA_4BIT_UNIT ( ADD_SUB_CLA_4bit_847 ) 
              5 CLA_BLOCK_GEN[1].CLA_4BIT_UNIT ( ADD_SUB_CLA_4bit_846 ) 
              5 CLA_BLOCK_GEN[2].CLA_4BIT_UNIT ( ADD_SUB_CLA_4bit_845 ) 
              5 CLA_BLOCK_GEN[3].CLA_4BIT_UNIT ( ADD_SUB_CLA_4bit_844 ) 
              5 CLA_BLOCK_GEN[4].CLA_4BIT_UNIT ( ADD_SUB_CLA_4bit_843 ) 
              5 CLA_BLOCK_GEN[5].CLA_4BIT_UNIT ( ADD_SUB_CLA_4bit_842 ) 
        3 MAN_ALU_PROC_RND ( ADD_SUB_CLS_4bit_1594 ) 
        3 MAN_COMP_24BIT ( ADD_SUB_COMP_24bit_SIZE_DATA24_1665 ) 
           4 u_i_data_0 ( ADD_SUB_COMP_4bit_1825 ) 
           4 u_i_data_1 ( ADD_SUB_COMP_4bit_1824 ) 
           4 u_i_data_2 ( ADD_SUB_COMP_4bit_1823 ) 
           4 u_i_data_3 ( ADD_SUB_COMP_4bit_1822 ) 
           4 u_i_data_4 ( ADD_SUB_COMP_4bit_1821 ) 
           4 u_i_data_5 ( ADD_SUB_COMP_4bit_1820 ) 
        3 MAN_RND ( ADD_SUB_MAN_rounding_SIZE_MAN32_SIZE_MAN_RESULT24_3165 ) 
        3 MAN_SWAP ( ADD_SUB_MAN_swap_SIZE_MAN24_3248 ) 
        3 MAN_SWAP_PRE ( ADD_SUB_MAN_swap_SIZE_MAN24_3249 ) 
        3 NOR_UNIT ( ADD_SUB_NOR_unit_SIZE_LOPD5_SIZE_DATA32_3379 ) 
           4 SHF_left_unit ( ADD_SUB_SHF_left_SIZE_DATA32_SIZE_SHIFT5_3521 ) 
        3 PSC_UNIT ( ADD_SUB_PSC_unit_3450 ) 
        3 SHF_RIGHT_MAN ( ADD_SUB_SHF_right_SIZE_DATA32_SIZE_SHIFT5_3592 ) 
        3 SIGN_UNIT ( ADD_SUB_SIGN_unit_3663 ) 
  1 BFLY3_2 ( Butterfly_Unit_SIZE_DATA32_3723 ) 
     2 add0 ( FPU_add_sub_NUM_OP1_6859 ) 
        3 EXP_ADJUST ( ADD_SUB_EXP_adjust_SIZE_EXP8_SIZE_LOPD8_2380 ) 
           4 CLA_8BIT_UNIT ( ADD_SUB_CLA_8bit_1459 ) 
              5 CLA_4BIT_UNIT_0 ( ADD_SUB_CLA_4bit_821 ) 
              5 CLA_4BIT_UNIT_1 ( ADD_SUB_CLA_4bit_820 ) 
        3 EXP_COM_8BIT ( ADD_SUB_EXP_comp_SIZE_DATA8_2451 ) 
           4 COMP_LESS_UNIT ( ADD_SUB_COMP_8bit_SIZE_DATA8_2309 ) 
              5 u_high ( ADD_SUB_COMP_4bit_1810 ) 
              5 u_low ( ADD_SUB_COMP_4bit_1811 ) 
        3 EXP_RND ( ADD_SUB_EXP_rounding_SIZE_DATA8_2522 ) 
        3 EXP_SUB ( ADD_SUB_EXP_sub_SIZE_EXP_SUB8_2593 ) 
           4 CLA_8BIT_UNIT ( ADD_SUB_CLA_8bit_1460 ) 
              5 CLA_4BIT_UNIT_0 ( ADD_SUB_CLA_4bit_829 ) 
              5 CLA_4BIT_UNIT_1 ( ADD_SUB_CLA_4bit_828 ) 
        3 EXP_SWAP ( ADD_SUB_EXP_swap_SIZE_DATA8_2664 ) 
        3 LOPD_24BIT ( ADD_SUB_LOPD_24bit_SIZE_DATA24_SIZE_LOPD5_2806 ) 
           4 LOPD_16bit_UNIT_MSB ( ADD_SUB_LOPD_16bit_2735 ) 
              5 LOPD_8bit_unit_0 ( ADD_SUB_LOPD_8bit_2899 ) 
              5 LOPD_8bit_unit_1 ( ADD_SUB_LOPD_8bit_2898 ) 
           4 LOPD_8bit_UNIT_LSB ( ADD_SUB_LOPD_8bit_2897 ) 
        3 MAN_ALU ( ADD_SUB_MAN_ALU_NUM_OP1_SIZE_MAN24_3092 ) 
           4 ALU_SUB_UNIT ( ADD_SUB_CLA_24bit_288 ) 
              5 CLA_BLOCK_GEN[0].CLA_4BIT_UNIT ( ADD_SUB_CLA_4bit_827 ) 
              5 CLA_BLOCK_GEN[1].CLA_4BIT_UNIT ( ADD_SUB_CLA_4bit_826 ) 
              5 CLA_BLOCK_GEN[2].CLA_4BIT_UNIT ( ADD_SUB_CLA_4bit_825 ) 
              5 CLA_BLOCK_GEN[3].CLA_4BIT_UNIT ( ADD_SUB_CLA_4bit_824 ) 
              5 CLA_BLOCK_GEN[4].CLA_4BIT_UNIT ( ADD_SUB_CLA_4bit_823 ) 
              5 CLA_BLOCK_GEN[5].CLA_4BIT_UNIT ( ADD_SUB_CLA_4bit_822 ) 
        3 MAN_ALU_PROC_RND ( ADD_SUB_CLS_4bit_1592 ) 
        3 MAN_COMP_24BIT ( ADD_SUB_COMP_24bit_SIZE_DATA24_1663 ) 
           4 u_i_data_0 ( ADD_SUB_COMP_4bit_1809 ) 
           4 u_i_data_1 ( ADD_SUB_COMP_4bit_1808 ) 
           4 u_i_data_2 ( ADD_SUB_COMP_4bit_1807 ) 
           4 u_i_data_3 ( ADD_SUB_COMP_4bit_1806 ) 
           4 u_i_data_4 ( ADD_SUB_COMP_4bit_1805 ) 
           4 u_i_data_5 ( ADD_SUB_COMP_4bit_1804 ) 
        3 MAN_RND ( ADD_SUB_MAN_rounding_SIZE_MAN32_SIZE_MAN_RESULT24_3163 ) 
        3 MAN_SWAP ( ADD_SUB_MAN_swap_SIZE_MAN24_3244 ) 
        3 MAN_SWAP_PRE ( ADD_SUB_MAN_swap_SIZE_MAN24_3245 ) 
        3 NOR_UNIT ( ADD_SUB_NOR_unit_SIZE_LOPD5_SIZE_DATA32_3377 ) 
           4 SHF_left_unit ( ADD_SUB_SHF_left_SIZE_DATA32_SIZE_SHIFT5_3519 ) 
        3 PSC_UNIT ( ADD_SUB_PSC_unit_3448 ) 
        3 SHF_RIGHT_MAN ( ADD_SUB_SHF_right_SIZE_DATA32_SIZE_SHIFT5_3590 ) 
        3 SIGN_UNIT ( ADD_SUB_SIGN_unit_3661 ) 
     2 add1 ( FPU_add_sub_NUM_OP1_6858 ) 
        3 EXP_ADJUST ( ADD_SUB_EXP_adjust_SIZE_EXP8_SIZE_LOPD8_2379 ) 
           4 CLA_8BIT_UNIT ( ADD_SUB_CLA_8bit_1457 ) 
              5 CLA_4BIT_UNIT_0 ( ADD_SUB_CLA_4bit_811 ) 
              5 CLA_4BIT_UNIT_1 ( ADD_SUB_CLA_4bit_810 ) 
        3 EXP_COM_8BIT ( ADD_SUB_EXP_comp_SIZE_DATA8_2450 ) 
           4 COMP_LESS_UNIT ( ADD_SUB_COMP_8bit_SIZE_DATA8_2308 ) 
              5 u_high ( ADD_SUB_COMP_4bit_1802 ) 
              5 u_low ( ADD_SUB_COMP_4bit_1803 ) 
        3 EXP_RND ( ADD_SUB_EXP_rounding_SIZE_DATA8_2521 ) 
        3 EXP_SUB ( ADD_SUB_EXP_sub_SIZE_EXP_SUB8_2592 ) 
           4 CLA_8BIT_UNIT ( ADD_SUB_CLA_8bit_1458 ) 
              5 CLA_4BIT_UNIT_0 ( ADD_SUB_CLA_4bit_819 ) 
              5 CLA_4BIT_UNIT_1 ( ADD_SUB_CLA_4bit_818 ) 
        3 EXP_SWAP ( ADD_SUB_EXP_swap_SIZE_DATA8_2663 ) 
        3 LOPD_24BIT ( ADD_SUB_LOPD_24bit_SIZE_DATA24_SIZE_LOPD5_2805 ) 
           4 LOPD_16bit_UNIT_MSB ( ADD_SUB_LOPD_16bit_2734 ) 
              5 LOPD_8bit_unit_0 ( ADD_SUB_LOPD_8bit_2896 ) 
              5 LOPD_8bit_unit_1 ( ADD_SUB_LOPD_8bit_2895 ) 
           4 LOPD_8bit_UNIT_LSB ( ADD_SUB_LOPD_8bit_2894 ) 
        3 MAN_ALU ( ADD_SUB_MAN_ALU_NUM_OP1_SIZE_MAN24_3091 ) 
           4 ALU_SUB_UNIT ( ADD_SUB_CLA_24bit_287 ) 
              5 CLA_BLOCK_GEN[0].CLA_4BIT_UNIT ( ADD_SUB_CLA_4bit_817 ) 
              5 CLA_BLOCK_GEN[1].CLA_4BIT_UNIT ( ADD_SUB_CLA_4bit_816 ) 
              5 CLA_BLOCK_GEN[2].CLA_4BIT_UNIT ( ADD_SUB_CLA_4bit_815 ) 
              5 CLA_BLOCK_GEN[3].CLA_4BIT_UNIT ( ADD_SUB_CLA_4bit_814 ) 
              5 CLA_BLOCK_GEN[4].CLA_4BIT_UNIT ( ADD_SUB_CLA_4bit_813 ) 
              5 CLA_BLOCK_GEN[5].CLA_4BIT_UNIT ( ADD_SUB_CLA_4bit_812 ) 
        3 MAN_ALU_PROC_RND ( ADD_SUB_CLS_4bit_1591 ) 
        3 MAN_COMP_24BIT ( ADD_SUB_COMP_24bit_SIZE_DATA24_1662 ) 
           4 u_i_data_0 ( ADD_SUB_COMP_4bit_1801 ) 
           4 u_i_data_1 ( ADD_SUB_COMP_4bit_1800 ) 
           4 u_i_data_2 ( ADD_SUB_COMP_4bit_1799 ) 
           4 u_i_data_3 ( ADD_SUB_COMP_4bit_1798 ) 
           4 u_i_data_4 ( ADD_SUB_COMP_4bit_1797 ) 
           4 u_i_data_5 ( ADD_SUB_COMP_4bit_1796 ) 
        3 MAN_RND ( ADD_SUB_MAN_rounding_SIZE_MAN32_SIZE_MAN_RESULT24_3162 ) 
        3 MAN_SWAP ( ADD_SUB_MAN_swap_SIZE_MAN24_3242 ) 
        3 MAN_SWAP_PRE ( ADD_SUB_MAN_swap_SIZE_MAN24_3243 ) 
        3 NOR_UNIT ( ADD_SUB_NOR_unit_SIZE_LOPD5_SIZE_DATA32_3376 ) 
           4 SHF_left_unit ( ADD_SUB_SHF_left_SIZE_DATA32_SIZE_SHIFT5_3518 ) 
        3 PSC_UNIT ( ADD_SUB_PSC_unit_3447 ) 
        3 SHF_RIGHT_MAN ( ADD_SUB_SHF_right_SIZE_DATA32_SIZE_SHIFT5_3589 ) 
        3 SIGN_UNIT ( ADD_SUB_SIGN_unit_3660 ) 
     2 add2 ( FPU_add_sub_NUM_OP1_6857 ) 
        3 EXP_ADJUST ( ADD_SUB_EXP_adjust_SIZE_EXP8_SIZE_LOPD8_2378 ) 
           4 CLA_8BIT_UNIT ( ADD_SUB_CLA_8bit_1455 ) 
              5 CLA_4BIT_UNIT_0 ( ADD_SUB_CLA_4bit_801 ) 
              5 CLA_4BIT_UNIT_1 ( ADD_SUB_CLA_4bit_800 ) 
        3 EXP_COM_8BIT ( ADD_SUB_EXP_comp_SIZE_DATA8_2449 ) 
           4 COMP_LESS_UNIT ( ADD_SUB_COMP_8bit_SIZE_DATA8_2307 ) 
              5 u_high ( ADD_SUB_COMP_4bit_1794 ) 
              5 u_low ( ADD_SUB_COMP_4bit_1795 ) 
        3 EXP_RND ( ADD_SUB_EXP_rounding_SIZE_DATA8_2520 ) 
        3 EXP_SUB ( ADD_SUB_EXP_sub_SIZE_EXP_SUB8_2591 ) 
           4 CLA_8BIT_UNIT ( ADD_SUB_CLA_8bit_1456 ) 
              5 CLA_4BIT_UNIT_0 ( ADD_SUB_CLA_4bit_809 ) 
              5 CLA_4BIT_UNIT_1 ( ADD_SUB_CLA_4bit_808 ) 
        3 EXP_SWAP ( ADD_SUB_EXP_swap_SIZE_DATA8_2662 ) 
        3 LOPD_24BIT ( ADD_SUB_LOPD_24bit_SIZE_DATA24_SIZE_LOPD5_2804 ) 
           4 LOPD_16bit_UNIT_MSB ( ADD_SUB_LOPD_16bit_2733 ) 
              5 LOPD_8bit_unit_0 ( ADD_SUB_LOPD_8bit_2893 ) 
              5 LOPD_8bit_unit_1 ( ADD_SUB_LOPD_8bit_2892 ) 
           4 LOPD_8bit_UNIT_LSB ( ADD_SUB_LOPD_8bit_2891 ) 
        3 MAN_ALU ( ADD_SUB_MAN_ALU_NUM_OP1_SIZE_MAN24_3090 ) 
           4 ALU_SUB_UNIT ( ADD_SUB_CLA_24bit_286 ) 
              5 CLA_BLOCK_GEN[0].CLA_4BIT_UNIT ( ADD_SUB_CLA_4bit_807 ) 
              5 CLA_BLOCK_GEN[1].CLA_4BIT_UNIT ( ADD_SUB_CLA_4bit_806 ) 
              5 CLA_BLOCK_GEN[2].CLA_4BIT_UNIT ( ADD_SUB_CLA_4bit_805 ) 
              5 CLA_BLOCK_GEN[3].CLA_4BIT_UNIT ( ADD_SUB_CLA_4bit_804 ) 
              5 CLA_BLOCK_GEN[4].CLA_4BIT_UNIT ( ADD_SUB_CLA_4bit_803 ) 
              5 CLA_BLOCK_GEN[5].CLA_4BIT_UNIT ( ADD_SUB_CLA_4bit_802 ) 
        3 MAN_ALU_PROC_RND ( ADD_SUB_CLS_4bit_1590 ) 
        3 MAN_COMP_24BIT ( ADD_SUB_COMP_24bit_SIZE_DATA24_1661 ) 
           4 u_i_data_0 ( ADD_SUB_COMP_4bit_1793 ) 
           4 u_i_data_1 ( ADD_SUB_COMP_4bit_1792 ) 
           4 u_i_data_2 ( ADD_SUB_COMP_4bit_1791 ) 
           4 u_i_data_3 ( ADD_SUB_COMP_4bit_1790 ) 
           4 u_i_data_4 ( ADD_SUB_COMP_4bit_1789 ) 
           4 u_i_data_5 ( ADD_SUB_COMP_4bit_1788 ) 
        3 MAN_RND ( ADD_SUB_MAN_rounding_SIZE_MAN32_SIZE_MAN_RESULT24_3161 ) 
        3 MAN_SWAP ( ADD_SUB_MAN_swap_SIZE_MAN24_3240 ) 
        3 MAN_SWAP_PRE ( ADD_SUB_MAN_swap_SIZE_MAN24_3241 ) 
        3 NOR_UNIT ( ADD_SUB_NOR_unit_SIZE_LOPD5_SIZE_DATA32_3375 ) 
           4 SHF_left_unit ( ADD_SUB_SHF_left_SIZE_DATA32_SIZE_SHIFT5_3517 ) 
        3 PSC_UNIT ( ADD_SUB_PSC_unit_3446 ) 
        3 SHF_RIGHT_MAN ( ADD_SUB_SHF_right_SIZE_DATA32_SIZE_SHIFT5_3588 ) 
        3 SIGN_UNIT ( ADD_SUB_SIGN_unit_3720 ) 
     2 mul0 ( fpu_mul_SIZE_DATA32_8035 ) 
        3 PSC_UNIT ( MUL_PSC_unit_SIZE_EXP8_SIZE_MAN24_7588 ) 
     2 mul1 ( fpu_mul_SIZE_DATA32_8034 ) 
        3 EXP_ROUNDING_UNIT ( MUL_EXP_rounding_SIZE_DATA8_7115 ) 
        3 LOPD_UNIT ( MUL_LOPD_24bit_SIZE_DATA24_SIZE_LOPD5_7256 ) 
           4 LOPD_16bit_UNIT_MSB ( MUL_LOPD_16bit_7209 ) 
              5 LOPD_8bit_unit_0 ( MUL_LOPD_8bit_7317 ) 
              5 LOPD_8bit_unit_1 ( MUL_LOPD_8bit_7316 ) 
           4 LOPD_8bit_UNIT_LSB ( MUL_LOPD_8bit_7315 ) 
        3 MAN_MUL_UNIT ( MUL_MAN_mul_SIZE_DATA24_7446 ) 
           4 MUL_UNIT_MAN_UNIT ( Multiplier_7728 ) 
              5 u_booth ( Modified_booth_N24_NUM_PP13_7681 ) 
              5 u_cla ( CLA_adder_top_WIDTH48_FANIN4_3739 ) 
                 6 cla_tree ( cla_logic_tree_level_WIDTH48_FANIN4_7916 ) 
                    7 COMPUTE_DETAILED_CARRY[10].cla_unit ( CLA_logic_WIDTH4_3918 ) 
                    7 COMPUTE_DETAILED_CARRY[11].cla_unit ( CLA_logic_WIDTH4_3917 ) 
                    7 COMPUTE_DETAILED_CARRY[2].cla_unit ( CLA_logic_WIDTH4_3926 ) 
                    7 COMPUTE_DETAILED_CARRY[3].cla_unit ( CLA_logic_WIDTH4_3925 ) 
                    7 COMPUTE_DETAILED_CARRY[4].cla_unit ( CLA_logic_WIDTH4_3924 ) 
                    7 COMPUTE_DETAILED_CARRY[5].cla_unit ( CLA_logic_WIDTH4_3923 ) 
                    7 COMPUTE_DETAILED_CARRY[6].cla_unit ( CLA_logic_WIDTH4_3922 ) 
                    7 COMPUTE_DETAILED_CARRY[7].cla_unit ( CLA_logic_WIDTH4_3921 ) 
                    7 COMPUTE_DETAILED_CARRY[8].cla_unit ( CLA_logic_WIDTH4_3920 ) 
                    7 COMPUTE_DETAILED_CARRY[9].cla_unit ( CLA_logic_WIDTH4_3919 ) 
                    7 MULTI_GROUP.next_level ( cla_logic_tree_level_WIDTH12_FANIN4_7822 ) 
                       8 COMPUTE_DETAILED_CARRY[0].cla_unit ( CLA_logic_WIDTH4_3931 ) 
                       8 COMPUTE_DETAILED_CARRY[1].cla_unit ( CLA_logic_WIDTH4_3930 ) 
                       8 COMPUTE_DETAILED_CARRY[2].cla_unit ( CLA_logic_WIDTH4_3929 ) 
                       8 MULTI_GROUP.next_level ( cla_logic_tree_level_WIDTH3_FANIN4_7869 ) 
                          9 COMPUTE_DETAILED_CARRY[0].cla_unit ( CLA_logic_WIDTH3_3786 ) 
              5 u_merge ( wallace_final_merge_WIDTH48_9724 ) 
                 6 csa_row[10].u_fa ( FA_1bit_4871 ) 
                 6 csa_row[11].u_fa ( FA_1bit_4870 ) 
                 6 csa_row[12].u_fa ( FA_1bit_4869 ) 
                 6 csa_row[13].u_fa ( FA_1bit_4868 ) 
                 6 csa_row[14].u_fa ( FA_1bit_4867 ) 
                 6 csa_row[15].u_fa ( FA_1bit_4866 ) 
                 6 csa_row[16].u_fa ( FA_1bit_4865 ) 
                 6 csa_row[17].u_fa ( FA_1bit_4864 ) 
                 6 csa_row[18].u_fa ( FA_1bit_4863 ) 
                 6 csa_row[19].u_fa ( FA_1bit_4862 ) 
                 6 csa_row[20].u_fa ( FA_1bit_4861 ) 
                 6 csa_row[21].u_fa ( FA_1bit_4860 ) 
                 6 csa_row[22].u_fa ( FA_1bit_4859 ) 
                 6 csa_row[23].u_fa ( FA_1bit_4858 ) 
                 6 csa_row[24].u_fa ( FA_1bit_4857 ) 
                 6 csa_row[25].u_fa ( FA_1bit_4856 ) 
                 6 csa_row[26].u_fa ( FA_1bit_4855 ) 
                 6 csa_row[27].u_fa ( FA_1bit_4854 ) 
                 6 csa_row[28].u_fa ( FA_1bit_4853 ) 
                 6 csa_row[29].u_fa ( FA_1bit_4852 ) 
                 6 csa_row[30].u_fa ( FA_1bit_4851 ) 
                 6 csa_row[31].u_fa ( FA_1bit_4850 ) 
                 6 csa_row[32].u_fa ( FA_1bit_4849 ) 
                 6 csa_row[33].u_fa ( FA_1bit_4848 ) 
                 6 csa_row[34].u_fa ( FA_1bit_4847 ) 
                 6 csa_row[35].u_fa ( FA_1bit_4846 ) 
                 6 csa_row[36].u_fa ( FA_1bit_4845 ) 
                 6 csa_row[37].u_fa ( FA_1bit_4844 ) 
                 6 csa_row[38].u_fa ( FA_1bit_4843 ) 
                 6 csa_row[39].u_fa ( FA_1bit_4842 ) 
                 6 csa_row[40].u_fa ( FA_1bit_4841 ) 
                 6 csa_row[41].u_fa ( FA_1bit_4840 ) 
                 6 csa_row[42].u_fa ( FA_1bit_4839 ) 
                 6 csa_row[43].u_fa ( FA_1bit_4838 ) 
                 6 csa_row[44].u_fa ( FA_1bit_4837 ) 
                 6 csa_row[45].u_fa ( FA_1bit_4836 ) 
                 6 csa_row[46].u_fa ( FA_1bit_4835 ) 
                 6 csa_row[47].u_fa ( FA_1bit_4834 ) 
                 6 csa_row[6].u_fa ( FA_1bit_4875 ) 
                 6 csa_row[7].u_fa ( FA_1bit_4874 ) 
                 6 csa_row[8].u_fa ( FA_1bit_4873 ) 
                 6 csa_row[9].u_fa ( FA_1bit_4872 ) 
              5 u_wallace ( wallace_tree_N24_NUM_PP13_NUM_CZ12_10053 ) 
                 6 STAGE_GEN[0].u_stage ( wallace_stage_NUM_COLS48_COL_HEIGHTSx000000020000000200000003000000030000000400000004000000050000000500000006000000060000000700000007000000080000000800000009000000090000000a0000000a0000000b0000000b0000000c0000000c0000000d0000000d0000000d0000000c0000000c0000000b0000000b0000000a0000000a0000000900000009000000080000000800000007000000070000000600000006000000050000000500000004000000040000000300000003000000020000000200000001_MAX_H_IN32_MAX_H_OUT32_10006 ) 
                 6 STAGE_GEN[1].u_stage ( wallace_stage_NUM_COLS48_COL_HEIGHTSx000000010000000200000002000000020000000300000003000000030000000400000004000000040000000500000005000000050000000600000006000000060000000700000007000000070000000800000008000000080000000900000009000000090000000800000008000000080000000800000008000000070000000600000006000000060000000600000006000000050000000400000004000000040000000400000004000000030000000200000002000000020000000200000002_MAX_H_IN32_MAX_H_OUT32_9959 ) 
                 6 STAGE_GEN[2].u_stage ( wallace_stage_NUM_COLS48_COL_HEIGHTSx000000010000000100000002000000020000000200000002000000020000000300000003000000030000000300000004000000040000000400000004000000040000000500000005000000050000000500000006000000060000000600000006000000060000000600000006000000060000000600000006000000060000000400000004000000040000000400000004000000040000000400000003000000030000000300000003000000020000000200000002000000020000000200000002_MAX_H_IN32_MAX_H_OUT32_9912 ) 
                 6 STAGE_GEN[3].u_stage ( wallace_stage_NUM_COLS48_COL_HEIGHTSx000000010000000100000001000000020000000200000002000000020000000200000002000000020000000200000003000000030000000300000003000000030000000300000004000000040000000400000004000000040000000400000004000000040000000400000004000000040000000400000004000000040000000400000003000000030000000300000003000000030000000300000002000000020000000200000002000000020000000200000002000000020000000200000002_MAX_H_IN32_MAX_H_OUT32_9865 ) 
                 6 STAGE_GEN[4].u_stage ( wallace_stage_NUM_COLS48_COL_HEIGHTSx000000010000000100000001000000010000000200000002000000020000000200000002000000020000000200000002000000020000000200000002000000020000000200000003000000030000000300000003000000030000000300000003000000030000000300000003000000030000000300000003000000030000000300000002000000020000000200000002000000020000000200000002000000020000000200000002000000020000000200000002000000020000000200000002_MAX_H_IN32_MAX_H_OUT32_9818 ) 
                 6 STAGE_GEN[5].u_stage ( wallace_stage_NUM_COLS48_COL_HEIGHTSx000000010000000100000001000000010000000100000002000000020000000200000002000000020000000200000002000000020000000200000002000000020000000200000002000000020000000200000002000000020000000200000002000000020000000200000002000000020000000200000002000000020000000200000002000000020000000200000002000000020000000200000002000000020000000200000002000000020000000200000002000000020000000200000002_MAX_H_IN32_MAX_H_OUT32_9771 ) 
        3 MAN_ROUNDING_UNIT ( MUL_MAN_rounding_SIZE_MAN24_7493 ) 
        3 MUL_EXP_ADJUST_UNIT ( MUL_EXP_adjust_SIZE_DATA8_SIZE_LOPD8_7068 ) 
           4 CLA_8BIT_UNIT ( MUL_CLA_8bit_7021 ) 
              5 CLA_4BIT_UNIT_0 ( MUL_CLA_4bit_6933 ) 
              5 CLA_4BIT_UNIT_1 ( MUL_CLA_4bit_6932 ) 
        3 NOR_UNIT ( MUL_NOR_unit_SIZE_LOPD5_SIZE_DATA24_7540 ) 
           4 SHF_left_unit ( MUL_SHF_left_SIZE_DATA32_SIZE_SHIFT5_7634 ) 
        3 PSC_UNIT ( MUL_PSC_unit_SIZE_EXP8_SIZE_MAN24_7587 ) 
     2 mul2 ( fpu_mul_SIZE_DATA32_8033 ) 
        3 EXP_ROUNDING_UNIT ( MUL_EXP_rounding_SIZE_DATA8_7114 ) 
        3 LOPD_UNIT ( MUL_LOPD_24bit_SIZE_DATA24_SIZE_LOPD5_7255 ) 
           4 LOPD_16bit_UNIT_MSB ( MUL_LOPD_16bit_7208 ) 
              5 LOPD_8bit_unit_0 ( MUL_LOPD_8bit_7314 ) 
              5 LOPD_8bit_unit_1 ( MUL_LOPD_8bit_7313 ) 
           4 LOPD_8bit_UNIT_LSB ( MUL_LOPD_8bit_7312 ) 
        3 MAN_MUL_UNIT ( MUL_MAN_mul_SIZE_DATA24_7445 ) 
           4 MUL_UNIT_MAN_UNIT ( Multiplier_7727 ) 
              5 u_booth ( Modified_booth_N24_NUM_PP13_7680 ) 
              5 u_cla ( CLA_adder_top_WIDTH48_FANIN4_3738 ) 
                 6 cla_tree ( cla_logic_tree_level_WIDTH48_FANIN4_7915 ) 
                    7 COMPUTE_DETAILED_CARRY[10].cla_unit ( CLA_logic_WIDTH4_3903 ) 
                    7 COMPUTE_DETAILED_CARRY[11].cla_unit ( CLA_logic_WIDTH4_3902 ) 
                    7 COMPUTE_DETAILED_CARRY[2].cla_unit ( CLA_logic_WIDTH4_3911 ) 
                    7 COMPUTE_DETAILED_CARRY[3].cla_unit ( CLA_logic_WIDTH4_3910 ) 
                    7 COMPUTE_DETAILED_CARRY[4].cla_unit ( CLA_logic_WIDTH4_3909 ) 
                    7 COMPUTE_DETAILED_CARRY[5].cla_unit ( CLA_logic_WIDTH4_3908 ) 
                    7 COMPUTE_DETAILED_CARRY[6].cla_unit ( CLA_logic_WIDTH4_3907 ) 
                    7 COMPUTE_DETAILED_CARRY[7].cla_unit ( CLA_logic_WIDTH4_3906 ) 
                    7 COMPUTE_DETAILED_CARRY[8].cla_unit ( CLA_logic_WIDTH4_3905 ) 
                    7 COMPUTE_DETAILED_CARRY[9].cla_unit ( CLA_logic_WIDTH4_3904 ) 
                    7 MULTI_GROUP.next_level ( cla_logic_tree_level_WIDTH12_FANIN4_7821 ) 
                       8 COMPUTE_DETAILED_CARRY[0].cla_unit ( CLA_logic_WIDTH4_3916 ) 
                       8 COMPUTE_DETAILED_CARRY[1].cla_unit ( CLA_logic_WIDTH4_3915 ) 
                       8 COMPUTE_DETAILED_CARRY[2].cla_unit ( CLA_logic_WIDTH4_3914 ) 
                       8 MULTI_GROUP.next_level ( cla_logic_tree_level_WIDTH3_FANIN4_7868 ) 
                          9 COMPUTE_DETAILED_CARRY[0].cla_unit ( CLA_logic_WIDTH3_3785 ) 
              5 u_merge ( wallace_final_merge_WIDTH48_9723 ) 
                 6 csa_row[10].u_fa ( FA_1bit_4823 ) 
                 6 csa_row[11].u_fa ( FA_1bit_4822 ) 
                 6 csa_row[12].u_fa ( FA_1bit_4821 ) 
                 6 csa_row[13].u_fa ( FA_1bit_4820 ) 
                 6 csa_row[14].u_fa ( FA_1bit_4819 ) 
                 6 csa_row[15].u_fa ( FA_1bit_4818 ) 
                 6 csa_row[16].u_fa ( FA_1bit_4817 ) 
                 6 csa_row[17].u_fa ( FA_1bit_4816 ) 
                 6 csa_row[18].u_fa ( FA_1bit_4815 ) 
                 6 csa_row[19].u_fa ( FA_1bit_4814 ) 
                 6 csa_row[20].u_fa ( FA_1bit_4813 ) 
                 6 csa_row[21].u_fa ( FA_1bit_4812 ) 
                 6 csa_row[22].u_fa ( FA_1bit_4811 ) 
                 6 csa_row[23].u_fa ( FA_1bit_4810 ) 
                 6 csa_row[24].u_fa ( FA_1bit_4809 ) 
                 6 csa_row[25].u_fa ( FA_1bit_4808 ) 
                 6 csa_row[26].u_fa ( FA_1bit_4807 ) 
                 6 csa_row[27].u_fa ( FA_1bit_4806 ) 
                 6 csa_row[28].u_fa ( FA_1bit_4805 ) 
                 6 csa_row[29].u_fa ( FA_1bit_4804 ) 
                 6 csa_row[30].u_fa ( FA_1bit_4803 ) 
                 6 csa_row[31].u_fa ( FA_1bit_4802 ) 
                 6 csa_row[32].u_fa ( FA_1bit_4801 ) 
                 6 csa_row[33].u_fa ( FA_1bit_4800 ) 
                 6 csa_row[34].u_fa ( FA_1bit_4799 ) 
                 6 csa_row[35].u_fa ( FA_1bit_4798 ) 
                 6 csa_row[36].u_fa ( FA_1bit_4797 ) 
                 6 csa_row[37].u_fa ( FA_1bit_4796 ) 
                 6 csa_row[38].u_fa ( FA_1bit_4795 ) 
                 6 csa_row[39].u_fa ( FA_1bit_4794 ) 
                 6 csa_row[40].u_fa ( FA_1bit_4793 ) 
                 6 csa_row[41].u_fa ( FA_1bit_4792 ) 
                 6 csa_row[42].u_fa ( FA_1bit_4791 ) 
                 6 csa_row[43].u_fa ( FA_1bit_4790 ) 
                 6 csa_row[44].u_fa ( FA_1bit_4789 ) 
                 6 csa_row[45].u_fa ( FA_1bit_4788 ) 
                 6 csa_row[46].u_fa ( FA_1bit_4787 ) 
                 6 csa_row[47].u_fa ( FA_1bit_4786 ) 
                 6 csa_row[6].u_fa ( FA_1bit_4827 ) 
                 6 csa_row[7].u_fa ( FA_1bit_4826 ) 
                 6 csa_row[8].u_fa ( FA_1bit_4825 ) 
                 6 csa_row[9].u_fa ( FA_1bit_4824 ) 
              5 u_wallace ( wallace_tree_N24_NUM_PP13_NUM_CZ12_10052 ) 
                 6 STAGE_GEN[0].u_stage ( wallace_stage_NUM_COLS48_COL_HEIGHTSx000000020000000200000003000000030000000400000004000000050000000500000006000000060000000700000007000000080000000800000009000000090000000a0000000a0000000b0000000b0000000c0000000c0000000d0000000d0000000d0000000c0000000c0000000b0000000b0000000a0000000a0000000900000009000000080000000800000007000000070000000600000006000000050000000500000004000000040000000300000003000000020000000200000001_MAX_H_IN32_MAX_H_OUT32_10005 ) 
                 6 STAGE_GEN[1].u_stage ( wallace_stage_NUM_COLS48_COL_HEIGHTSx000000010000000200000002000000020000000300000003000000030000000400000004000000040000000500000005000000050000000600000006000000060000000700000007000000070000000800000008000000080000000900000009000000090000000800000008000000080000000800000008000000070000000600000006000000060000000600000006000000050000000400000004000000040000000400000004000000030000000200000002000000020000000200000002_MAX_H_IN32_MAX_H_OUT32_9958 ) 
                 6 STAGE_GEN[2].u_stage ( wallace_stage_NUM_COLS48_COL_HEIGHTSx000000010000000100000002000000020000000200000002000000020000000300000003000000030000000300000004000000040000000400000004000000040000000500000005000000050000000500000006000000060000000600000006000000060000000600000006000000060000000600000006000000060000000400000004000000040000000400000004000000040000000400000003000000030000000300000003000000020000000200000002000000020000000200000002_MAX_H_IN32_MAX_H_OUT32_9911 ) 
                 6 STAGE_GEN[3].u_stage ( wallace_stage_NUM_COLS48_COL_HEIGHTSx000000010000000100000001000000020000000200000002000000020000000200000002000000020000000200000003000000030000000300000003000000030000000300000004000000040000000400000004000000040000000400000004000000040000000400000004000000040000000400000004000000040000000400000003000000030000000300000003000000030000000300000002000000020000000200000002000000020000000200000002000000020000000200000002_MAX_H_IN32_MAX_H_OUT32_9864 ) 
                 6 STAGE_GEN[4].u_stage ( wallace_stage_NUM_COLS48_COL_HEIGHTSx000000010000000100000001000000010000000200000002000000020000000200000002000000020000000200000002000000020000000200000002000000020000000200000003000000030000000300000003000000030000000300000003000000030000000300000003000000030000000300000003000000030000000300000002000000020000000200000002000000020000000200000002000000020000000200000002000000020000000200000002000000020000000200000002_MAX_H_IN32_MAX_H_OUT32_9817 ) 
                 6 STAGE_GEN[5].u_stage ( wallace_stage_NUM_COLS48_COL_HEIGHTSx000000010000000100000001000000010000000100000002000000020000000200000002000000020000000200000002000000020000000200000002000000020000000200000002000000020000000200000002000000020000000200000002000000020000000200000002000000020000000200000002000000020000000200000002000000020000000200000002000000020000000200000002000000020000000200000002000000020000000200000002000000020000000200000002_MAX_H_IN32_MAX_H_OUT32_9770 ) 
        3 MAN_ROUNDING_UNIT ( MUL_MAN_rounding_SIZE_MAN24_7492 ) 
        3 MUL_EXP_ADJUST_UNIT ( MUL_EXP_adjust_SIZE_DATA8_SIZE_LOPD8_7067 ) 
           4 CLA_8BIT_UNIT ( MUL_CLA_8bit_7020 ) 
              5 CLA_4BIT_UNIT_0 ( MUL_CLA_4bit_6931 ) 
              5 CLA_4BIT_UNIT_1 ( MUL_CLA_4bit_6930 ) 
        3 NOR_UNIT ( MUL_NOR_unit_SIZE_LOPD5_SIZE_DATA24_7539 ) 
           4 SHF_left_unit ( MUL_SHF_left_SIZE_DATA32_SIZE_SHIFT5_7633 ) 
        3 PSC_UNIT ( MUL_PSC_unit_SIZE_EXP8_SIZE_MAN24_7586 ) 
     2 mul3 ( fpu_mul_SIZE_DATA32_8032 ) 
        3 PSC_UNIT ( MUL_PSC_unit_SIZE_EXP8_SIZE_MAN24_7585 ) 
     2 sub0 ( FPU_add_sub_NUM_OP1_6860 ) 
        3 EXP_ADJUST ( ADD_SUB_EXP_adjust_SIZE_EXP8_SIZE_LOPD8_2381 ) 
           4 CLA_8BIT_UNIT ( ADD_SUB_CLA_8bit_1461 ) 
              5 CLA_4BIT_UNIT_0 ( ADD_SUB_CLA_4bit_831 ) 
              5 CLA_4BIT_UNIT_1 ( ADD_SUB_CLA_4bit_830 ) 
        3 EXP_COM_8BIT ( ADD_SUB_EXP_comp_SIZE_DATA8_2452 ) 
           4 COMP_LESS_UNIT ( ADD_SUB_COMP_8bit_SIZE_DATA8_2310 ) 
              5 u_high ( ADD_SUB_COMP_4bit_1818 ) 
              5 u_low ( ADD_SUB_COMP_4bit_1819 ) 
        3 EXP_RND ( ADD_SUB_EXP_rounding_SIZE_DATA8_2523 ) 
        3 EXP_SUB ( ADD_SUB_EXP_sub_SIZE_EXP_SUB8_2594 ) 
           4 CLA_8BIT_UNIT ( ADD_SUB_CLA_8bit_1462 ) 
              5 CLA_4BIT_UNIT_0 ( ADD_SUB_CLA_4bit_839 ) 
              5 CLA_4BIT_UNIT_1 ( ADD_SUB_CLA_4bit_838 ) 
        3 EXP_SWAP ( ADD_SUB_EXP_swap_SIZE_DATA8_2665 ) 
        3 LOPD_24BIT ( ADD_SUB_LOPD_24bit_SIZE_DATA24_SIZE_LOPD5_2807 ) 
           4 LOPD_16bit_UNIT_MSB ( ADD_SUB_LOPD_16bit_2736 ) 
              5 LOPD_8bit_unit_0 ( ADD_SUB_LOPD_8bit_2902 ) 
              5 LOPD_8bit_unit_1 ( ADD_SUB_LOPD_8bit_2901 ) 
           4 LOPD_8bit_UNIT_LSB ( ADD_SUB_LOPD_8bit_2900 ) 
        3 MAN_ALU ( ADD_SUB_MAN_ALU_NUM_OP1_SIZE_MAN24_3093 ) 
           4 ALU_SUB_UNIT ( ADD_SUB_CLA_24bit_289 ) 
              5 CLA_BLOCK_GEN[0].CLA_4BIT_UNIT ( ADD_SUB_CLA_4bit_837 ) 
              5 CLA_BLOCK_GEN[1].CLA_4BIT_UNIT ( ADD_SUB_CLA_4bit_836 ) 
              5 CLA_BLOCK_GEN[2].CLA_4BIT_UNIT ( ADD_SUB_CLA_4bit_835 ) 
              5 CLA_BLOCK_GEN[3].CLA_4BIT_UNIT ( ADD_SUB_CLA_4bit_834 ) 
              5 CLA_BLOCK_GEN[4].CLA_4BIT_UNIT ( ADD_SUB_CLA_4bit_833 ) 
              5 CLA_BLOCK_GEN[5].CLA_4BIT_UNIT ( ADD_SUB_CLA_4bit_832 ) 
        3 MAN_ALU_PROC_RND ( ADD_SUB_CLS_4bit_1593 ) 
        3 MAN_COMP_24BIT ( ADD_SUB_COMP_24bit_SIZE_DATA24_1664 ) 
           4 u_i_data_0 ( ADD_SUB_COMP_4bit_1817 ) 
           4 u_i_data_1 ( ADD_SUB_COMP_4bit_1816 ) 
           4 u_i_data_2 ( ADD_SUB_COMP_4bit_1815 ) 
           4 u_i_data_3 ( ADD_SUB_COMP_4bit_1814 ) 
           4 u_i_data_4 ( ADD_SUB_COMP_4bit_1813 ) 
           4 u_i_data_5 ( ADD_SUB_COMP_4bit_1812 ) 
        3 MAN_RND ( ADD_SUB_MAN_rounding_SIZE_MAN32_SIZE_MAN_RESULT24_3164 ) 
        3 MAN_SWAP ( ADD_SUB_MAN_swap_SIZE_MAN24_3246 ) 
        3 MAN_SWAP_PRE ( ADD_SUB_MAN_swap_SIZE_MAN24_3247 ) 
        3 NOR_UNIT ( ADD_SUB_NOR_unit_SIZE_LOPD5_SIZE_DATA32_3378 ) 
           4 SHF_left_unit ( ADD_SUB_SHF_left_SIZE_DATA32_SIZE_SHIFT5_3520 ) 
        3 PSC_UNIT ( ADD_SUB_PSC_unit_3449 ) 
        3 SHF_RIGHT_MAN ( ADD_SUB_SHF_right_SIZE_DATA32_SIZE_SHIFT5_3591 ) 
        3 SIGN_UNIT ( ADD_SUB_SIGN_unit_3662 ) 
     2 sub1 ( FPU_add_sub_NUM_OP1_6856 ) 
        3 EXP_ADJUST ( ADD_SUB_EXP_adjust_SIZE_EXP8_SIZE_LOPD8_2377 ) 
           4 CLA_8BIT_UNIT ( ADD_SUB_CLA_8bit_1453 ) 
              5 CLA_4BIT_UNIT_0 ( ADD_SUB_CLA_4bit_791 ) 
              5 CLA_4BIT_UNIT_1 ( ADD_SUB_CLA_4bit_790 ) 
        3 EXP_COM_8BIT ( ADD_SUB_EXP_comp_SIZE_DATA8_2448 ) 
           4 COMP_LESS_UNIT ( ADD_SUB_COMP_8bit_SIZE_DATA8_2306 ) 
              5 u_high ( ADD_SUB_COMP_4bit_1786 ) 
              5 u_low ( ADD_SUB_COMP_4bit_1787 ) 
        3 EXP_RND ( ADD_SUB_EXP_rounding_SIZE_DATA8_2519 ) 
        3 EXP_SUB ( ADD_SUB_EXP_sub_SIZE_EXP_SUB8_2590 ) 
           4 CLA_8BIT_UNIT ( ADD_SUB_CLA_8bit_1454 ) 
              5 CLA_4BIT_UNIT_0 ( ADD_SUB_CLA_4bit_799 ) 
              5 CLA_4BIT_UNIT_1 ( ADD_SUB_CLA_4bit_798 ) 
        3 EXP_SWAP ( ADD_SUB_EXP_swap_SIZE_DATA8_2661 ) 
        3 LOPD_24BIT ( ADD_SUB_LOPD_24bit_SIZE_DATA24_SIZE_LOPD5_2803 ) 
           4 LOPD_16bit_UNIT_MSB ( ADD_SUB_LOPD_16bit_2732 ) 
              5 LOPD_8bit_unit_0 ( ADD_SUB_LOPD_8bit_2890 ) 
              5 LOPD_8bit_unit_1 ( ADD_SUB_LOPD_8bit_2889 ) 
           4 LOPD_8bit_UNIT_LSB ( ADD_SUB_LOPD_8bit_2888 ) 
        3 MAN_ALU ( ADD_SUB_MAN_ALU_NUM_OP1_SIZE_MAN24_3089 ) 
           4 ALU_SUB_UNIT ( ADD_SUB_CLA_24bit_285 ) 
              5 CLA_BLOCK_GEN[0].CLA_4BIT_UNIT ( ADD_SUB_CLA_4bit_797 ) 
              5 CLA_BLOCK_GEN[1].CLA_4BIT_UNIT ( ADD_SUB_CLA_4bit_796 ) 
              5 CLA_BLOCK_GEN[2].CLA_4BIT_UNIT ( ADD_SUB_CLA_4bit_795 ) 
              5 CLA_BLOCK_GEN[3].CLA_4BIT_UNIT ( ADD_SUB_CLA_4bit_794 ) 
              5 CLA_BLOCK_GEN[4].CLA_4BIT_UNIT ( ADD_SUB_CLA_4bit_793 ) 
              5 CLA_BLOCK_GEN[5].CLA_4BIT_UNIT ( ADD_SUB_CLA_4bit_792 ) 
        3 MAN_ALU_PROC_RND ( ADD_SUB_CLS_4bit_1589 ) 
        3 MAN_COMP_24BIT ( ADD_SUB_COMP_24bit_SIZE_DATA24_1660 ) 
           4 u_i_data_0 ( ADD_SUB_COMP_4bit_1785 ) 
           4 u_i_data_1 ( ADD_SUB_COMP_4bit_1784 ) 
           4 u_i_data_2 ( ADD_SUB_COMP_4bit_1783 ) 
           4 u_i_data_3 ( ADD_SUB_COMP_4bit_1782 ) 
           4 u_i_data_4 ( ADD_SUB_COMP_4bit_1781 ) 
           4 u_i_data_5 ( ADD_SUB_COMP_4bit_1780 ) 
        3 MAN_RND ( ADD_SUB_MAN_rounding_SIZE_MAN32_SIZE_MAN_RESULT24_3160 ) 
        3 MAN_SWAP ( ADD_SUB_MAN_swap_SIZE_MAN24_3238 ) 
        3 MAN_SWAP_PRE ( ADD_SUB_MAN_swap_SIZE_MAN24_3239 ) 
        3 NOR_UNIT ( ADD_SUB_NOR_unit_SIZE_LOPD5_SIZE_DATA32_3374 ) 
           4 SHF_left_unit ( ADD_SUB_SHF_left_SIZE_DATA32_SIZE_SHIFT5_3516 ) 
        3 PSC_UNIT ( ADD_SUB_PSC_unit_3445 ) 
        3 SHF_RIGHT_MAN ( ADD_SUB_SHF_right_SIZE_DATA32_SIZE_SHIFT5_3587 ) 
        3 SIGN_UNIT ( ADD_SUB_SIGN_unit_3658 ) 
     2 sub2 ( FPU_add_sub_NUM_OP1_6855 ) 
        3 EXP_ADJUST ( ADD_SUB_EXP_adjust_SIZE_EXP8_SIZE_LOPD8_2376 ) 
           4 CLA_8BIT_UNIT ( ADD_SUB_CLA_8bit_1451 ) 
              5 CLA_4BIT_UNIT_0 ( ADD_SUB_CLA_4bit_781 ) 
              5 CLA_4BIT_UNIT_1 ( ADD_SUB_CLA_4bit_1410 ) 
        3 EXP_COM_8BIT ( ADD_SUB_EXP_comp_SIZE_DATA8_2447 ) 
           4 COMP_LESS_UNIT ( ADD_SUB_COMP_8bit_SIZE_DATA8_2305 ) 
              5 u_high ( ADD_SUB_COMP_4bit_1778 ) 
              5 u_low ( ADD_SUB_COMP_4bit_1779 ) 
        3 EXP_RND ( ADD_SUB_EXP_rounding_SIZE_DATA8_2581 ) 
        3 EXP_SUB ( ADD_SUB_EXP_sub_SIZE_EXP_SUB8_2589 ) 
           4 CLA_8BIT_UNIT ( ADD_SUB_CLA_8bit_1452 ) 
              5 CLA_4BIT_UNIT_0 ( ADD_SUB_CLA_4bit_789 ) 
              5 CLA_4BIT_UNIT_1 ( ADD_SUB_CLA_4bit_788 ) 
        3 EXP_SWAP ( ADD_SUB_EXP_swap_SIZE_DATA8_2660 ) 
        3 LOPD_24BIT ( ADD_SUB_LOPD_24bit_SIZE_DATA24_SIZE_LOPD5_2802 ) 
           4 LOPD_16bit_UNIT_MSB ( ADD_SUB_LOPD_16bit_2731 ) 
              5 LOPD_8bit_unit_0 ( ADD_SUB_LOPD_8bit_2887 ) 
              5 LOPD_8bit_unit_1 ( ADD_SUB_LOPD_8bit_2886 ) 
           4 LOPD_8bit_UNIT_LSB ( ADD_SUB_LOPD_8bit_2885 ) 
        3 MAN_ALU ( ADD_SUB_MAN_ALU_NUM_OP1_SIZE_MAN24_3088 ) 
           4 ALU_SUB_UNIT ( ADD_SUB_CLA_24bit_284 ) 
              5 CLA_BLOCK_GEN[0].CLA_4BIT_UNIT ( ADD_SUB_CLA_4bit_787 ) 
              5 CLA_BLOCK_GEN[1].CLA_4BIT_UNIT ( ADD_SUB_CLA_4bit_786 ) 
              5 CLA_BLOCK_GEN[2].CLA_4BIT_UNIT ( ADD_SUB_CLA_4bit_785 ) 
              5 CLA_BLOCK_GEN[3].CLA_4BIT_UNIT ( ADD_SUB_CLA_4bit_784 ) 
              5 CLA_BLOCK_GEN[4].CLA_4BIT_UNIT ( ADD_SUB_CLA_4bit_783 ) 
              5 CLA_BLOCK_GEN[5].CLA_4BIT_UNIT ( ADD_SUB_CLA_4bit_782 ) 
        3 MAN_ALU_PROC_RND ( ADD_SUB_CLS_4bit_1588 ) 
        3 MAN_COMP_24BIT ( ADD_SUB_COMP_24bit_SIZE_DATA24_1659 ) 
           4 u_i_data_0 ( ADD_SUB_COMP_4bit_1777 ) 
           4 u_i_data_1 ( ADD_SUB_COMP_4bit_1776 ) 
           4 u_i_data_2 ( ADD_SUB_COMP_4bit_1775 ) 
           4 u_i_data_3 ( ADD_SUB_COMP_4bit_1774 ) 
           4 u_i_data_4 ( ADD_SUB_COMP_4bit_1773 ) 
           4 u_i_data_5 ( ADD_SUB_COMP_4bit_1772 ) 
        3 MAN_RND ( ADD_SUB_MAN_rounding_SIZE_MAN32_SIZE_MAN_RESULT24_3159 ) 
        3 MAN_SWAP ( ADD_SUB_MAN_swap_SIZE_MAN24_3236 ) 
        3 MAN_SWAP_PRE ( ADD_SUB_MAN_swap_SIZE_MAN24_3237 ) 
        3 NOR_UNIT ( ADD_SUB_NOR_unit_SIZE_LOPD5_SIZE_DATA32_3373 ) 
           4 SHF_left_unit ( ADD_SUB_SHF_left_SIZE_DATA32_SIZE_SHIFT5_3515 ) 
        3 PSC_UNIT ( ADD_SUB_PSC_unit_3505 ) 
        3 SHF_RIGHT_MAN ( ADD_SUB_SHF_right_SIZE_DATA32_SIZE_SHIFT5_3586 ) 
        3 SIGN_UNIT ( ADD_SUB_SIGN_unit_3718 ) 
  1 BFLY3_3 ( Butterfly_Unit_SIZE_DATA32_3722 ) 
     2 add0 ( FPU_add_sub_NUM_OP1_6853 ) 
        3 EXP_ADJUST ( ADD_SUB_EXP_adjust_SIZE_EXP8_SIZE_LOPD8_2374 ) 
           4 CLA_8BIT_UNIT ( ADD_SUB_CLA_8bit_1447 ) 
              5 CLA_4BIT_UNIT_0 ( ADD_SUB_CLA_4bit_761 ) 
              5 CLA_4BIT_UNIT_1 ( ADD_SUB_CLA_4bit_760 ) 
        3 EXP_COM_8BIT ( ADD_SUB_EXP_comp_SIZE_DATA8_2445 ) 
           4 COMP_LESS_UNIT ( ADD_SUB_COMP_8bit_SIZE_DATA8_2303 ) 
              5 u_high ( ADD_SUB_COMP_4bit_1762 ) 
              5 u_low ( ADD_SUB_COMP_4bit_1763 ) 
        3 EXP_RND ( ADD_SUB_EXP_rounding_SIZE_DATA8_2516 ) 
        3 EXP_SUB ( ADD_SUB_EXP_sub_SIZE_EXP_SUB8_2587 ) 
           4 CLA_8BIT_UNIT ( ADD_SUB_CLA_8bit_1448 ) 
              5 CLA_4BIT_UNIT_0 ( ADD_SUB_CLA_4bit_769 ) 
              5 CLA_4BIT_UNIT_1 ( ADD_SUB_CLA_4bit_768 ) 
        3 EXP_SWAP ( ADD_SUB_EXP_swap_SIZE_DATA8_2658 ) 
        3 LOPD_24BIT ( ADD_SUB_LOPD_24bit_SIZE_DATA24_SIZE_LOPD5_2800 ) 
           4 LOPD_16bit_UNIT_MSB ( ADD_SUB_LOPD_16bit_2729 ) 
              5 LOPD_8bit_unit_0 ( ADD_SUB_LOPD_8bit_2881 ) 
              5 LOPD_8bit_unit_1 ( ADD_SUB_LOPD_8bit_2880 ) 
           4 LOPD_8bit_UNIT_LSB ( ADD_SUB_LOPD_8bit_2879 ) 
        3 MAN_ALU ( ADD_SUB_MAN_ALU_NUM_OP1_SIZE_MAN24_3086 ) 
           4 ALU_SUB_UNIT ( ADD_SUB_CLA_24bit_282 ) 
              5 CLA_BLOCK_GEN[0].CLA_4BIT_UNIT ( ADD_SUB_CLA_4bit_767 ) 
              5 CLA_BLOCK_GEN[1].CLA_4BIT_UNIT ( ADD_SUB_CLA_4bit_766 ) 
              5 CLA_BLOCK_GEN[2].CLA_4BIT_UNIT ( ADD_SUB_CLA_4bit_765 ) 
              5 CLA_BLOCK_GEN[3].CLA_4BIT_UNIT ( ADD_SUB_CLA_4bit_764 ) 
              5 CLA_BLOCK_GEN[4].CLA_4BIT_UNIT ( ADD_SUB_CLA_4bit_763 ) 
              5 CLA_BLOCK_GEN[5].CLA_4BIT_UNIT ( ADD_SUB_CLA_4bit_762 ) 
        3 MAN_ALU_PROC_RND ( ADD_SUB_CLS_4bit_1586 ) 
        3 MAN_COMP_24BIT ( ADD_SUB_COMP_24bit_SIZE_DATA24_1657 ) 
           4 u_i_data_0 ( ADD_SUB_COMP_4bit_1761 ) 
           4 u_i_data_1 ( ADD_SUB_COMP_4bit_1760 ) 
           4 u_i_data_2 ( ADD_SUB_COMP_4bit_1759 ) 
           4 u_i_data_3 ( ADD_SUB_COMP_4bit_1758 ) 
           4 u_i_data_4 ( ADD_SUB_COMP_4bit_1757 ) 
           4 u_i_data_5 ( ADD_SUB_COMP_4bit_1756 ) 
        3 MAN_RND ( ADD_SUB_MAN_rounding_SIZE_MAN32_SIZE_MAN_RESULT24_3157 ) 
        3 MAN_SWAP ( ADD_SUB_MAN_swap_SIZE_MAN24_3232 ) 
        3 MAN_SWAP_PRE ( ADD_SUB_MAN_swap_SIZE_MAN24_3233 ) 
        3 NOR_UNIT ( ADD_SUB_NOR_unit_SIZE_LOPD5_SIZE_DATA32_3371 ) 
           4 SHF_left_unit ( ADD_SUB_SHF_left_SIZE_DATA32_SIZE_SHIFT5_3513 ) 
        3 PSC_UNIT ( ADD_SUB_PSC_unit_3442 ) 
        3 SHF_RIGHT_MAN ( ADD_SUB_SHF_right_SIZE_DATA32_SIZE_SHIFT5_3584 ) 
        3 SIGN_UNIT ( ADD_SUB_SIGN_unit_3655 ) 
     2 add1 ( FPU_add_sub_NUM_OP1_6852 ) 
        3 EXP_ADJUST ( ADD_SUB_EXP_adjust_SIZE_EXP8_SIZE_LOPD8_2373 ) 
           4 CLA_8BIT_UNIT ( ADD_SUB_CLA_8bit_1445 ) 
              5 CLA_4BIT_UNIT_0 ( ADD_SUB_CLA_4bit_751 ) 
              5 CLA_4BIT_UNIT_1 ( ADD_SUB_CLA_4bit_750 ) 
        3 EXP_COM_8BIT ( ADD_SUB_EXP_comp_SIZE_DATA8_2444 ) 
           4 COMP_LESS_UNIT ( ADD_SUB_COMP_8bit_SIZE_DATA8_2302 ) 
              5 u_high ( ADD_SUB_COMP_4bit_1754 ) 
              5 u_low ( ADD_SUB_COMP_4bit_1755 ) 
        3 EXP_RND ( ADD_SUB_EXP_rounding_SIZE_DATA8_2515 ) 
        3 EXP_SUB ( ADD_SUB_EXP_sub_SIZE_EXP_SUB8_2586 ) 
           4 CLA_8BIT_UNIT ( ADD_SUB_CLA_8bit_1446 ) 
              5 CLA_4BIT_UNIT_0 ( ADD_SUB_CLA_4bit_759 ) 
              5 CLA_4BIT_UNIT_1 ( ADD_SUB_CLA_4bit_758 ) 
        3 EXP_SWAP ( ADD_SUB_EXP_swap_SIZE_DATA8_2657 ) 
        3 LOPD_24BIT ( ADD_SUB_LOPD_24bit_SIZE_DATA24_SIZE_LOPD5_2799 ) 
           4 LOPD_16bit_UNIT_MSB ( ADD_SUB_LOPD_16bit_2728 ) 
              5 LOPD_8bit_unit_0 ( ADD_SUB_LOPD_8bit_2878 ) 
              5 LOPD_8bit_unit_1 ( ADD_SUB_LOPD_8bit_2877 ) 
           4 LOPD_8bit_UNIT_LSB ( ADD_SUB_LOPD_8bit_2876 ) 
        3 MAN_ALU ( ADD_SUB_MAN_ALU_NUM_OP1_SIZE_MAN24_3085 ) 
           4 ALU_SUB_UNIT ( ADD_SUB_CLA_24bit_281 ) 
              5 CLA_BLOCK_GEN[0].CLA_4BIT_UNIT ( ADD_SUB_CLA_4bit_757 ) 
              5 CLA_BLOCK_GEN[1].CLA_4BIT_UNIT ( ADD_SUB_CLA_4bit_756 ) 
              5 CLA_BLOCK_GEN[2].CLA_4BIT_UNIT ( ADD_SUB_CLA_4bit_755 ) 
              5 CLA_BLOCK_GEN[3].CLA_4BIT_UNIT ( ADD_SUB_CLA_4bit_754 ) 
              5 CLA_BLOCK_GEN[4].CLA_4BIT_UNIT ( ADD_SUB_CLA_4bit_753 ) 
              5 CLA_BLOCK_GEN[5].CLA_4BIT_UNIT ( ADD_SUB_CLA_4bit_752 ) 
        3 MAN_ALU_PROC_RND ( ADD_SUB_CLS_4bit_1585 ) 
        3 MAN_COMP_24BIT ( ADD_SUB_COMP_24bit_SIZE_DATA24_1656 ) 
           4 u_i_data_0 ( ADD_SUB_COMP_4bit_1753 ) 
           4 u_i_data_1 ( ADD_SUB_COMP_4bit_1752 ) 
           4 u_i_data_2 ( ADD_SUB_COMP_4bit_1751 ) 
           4 u_i_data_3 ( ADD_SUB_COMP_4bit_1750 ) 
           4 u_i_data_4 ( ADD_SUB_COMP_4bit_1749 ) 
           4 u_i_data_5 ( ADD_SUB_COMP_4bit_1748 ) 
        3 MAN_RND ( ADD_SUB_MAN_rounding_SIZE_MAN32_SIZE_MAN_RESULT24_3156 ) 
        3 MAN_SWAP ( ADD_SUB_MAN_swap_SIZE_MAN24_3230 ) 
        3 MAN_SWAP_PRE ( ADD_SUB_MAN_swap_SIZE_MAN24_3231 ) 
        3 NOR_UNIT ( ADD_SUB_NOR_unit_SIZE_LOPD5_SIZE_DATA32_3370 ) 
           4 SHF_left_unit ( ADD_SUB_SHF_left_SIZE_DATA32_SIZE_SHIFT5_3512 ) 
        3 PSC_UNIT ( ADD_SUB_PSC_unit_3441 ) 
        3 SHF_RIGHT_MAN ( ADD_SUB_SHF_right_SIZE_DATA32_SIZE_SHIFT5_3583 ) 
        3 SIGN_UNIT ( ADD_SUB_SIGN_unit_3654 ) 
     2 add2 ( FPU_add_sub_NUM_OP1_6851 ) 
        3 EXP_ADJUST ( ADD_SUB_EXP_adjust_SIZE_EXP8_SIZE_LOPD8_2372 ) 
           4 CLA_8BIT_UNIT ( ADD_SUB_CLA_8bit_1443 ) 
              5 CLA_4BIT_UNIT_0 ( ADD_SUB_CLA_4bit_741 ) 
              5 CLA_4BIT_UNIT_1 ( ADD_SUB_CLA_4bit_740 ) 
        3 EXP_COM_8BIT ( ADD_SUB_EXP_comp_SIZE_DATA8_2443 ) 
           4 COMP_LESS_UNIT ( ADD_SUB_COMP_8bit_SIZE_DATA8_2301 ) 
              5 u_high ( ADD_SUB_COMP_4bit_1746 ) 
              5 u_low ( ADD_SUB_COMP_4bit_1747 ) 
        3 EXP_RND ( ADD_SUB_EXP_rounding_SIZE_DATA8_2514 ) 
        3 EXP_SUB ( ADD_SUB_EXP_sub_SIZE_EXP_SUB8_2585 ) 
           4 CLA_8BIT_UNIT ( ADD_SUB_CLA_8bit_1444 ) 
              5 CLA_4BIT_UNIT_0 ( ADD_SUB_CLA_4bit_749 ) 
              5 CLA_4BIT_UNIT_1 ( ADD_SUB_CLA_4bit_748 ) 
        3 EXP_SWAP ( ADD_SUB_EXP_swap_SIZE_DATA8_2656 ) 
        3 LOPD_24BIT ( ADD_SUB_LOPD_24bit_SIZE_DATA24_SIZE_LOPD5_2798 ) 
           4 LOPD_16bit_UNIT_MSB ( ADD_SUB_LOPD_16bit_2727 ) 
              5 LOPD_8bit_unit_0 ( ADD_SUB_LOPD_8bit_2875 ) 
              5 LOPD_8bit_unit_1 ( ADD_SUB_LOPD_8bit_2874 ) 
           4 LOPD_8bit_UNIT_LSB ( ADD_SUB_LOPD_8bit_2873 ) 
        3 MAN_ALU ( ADD_SUB_MAN_ALU_NUM_OP1_SIZE_MAN24_3084 ) 
           4 ALU_SUB_UNIT ( ADD_SUB_CLA_24bit_280 ) 
              5 CLA_BLOCK_GEN[0].CLA_4BIT_UNIT ( ADD_SUB_CLA_4bit_747 ) 
              5 CLA_BLOCK_GEN[1].CLA_4BIT_UNIT ( ADD_SUB_CLA_4bit_746 ) 
              5 CLA_BLOCK_GEN[2].CLA_4BIT_UNIT ( ADD_SUB_CLA_4bit_745 ) 
              5 CLA_BLOCK_GEN[3].CLA_4BIT_UNIT ( ADD_SUB_CLA_4bit_744 ) 
              5 CLA_BLOCK_GEN[4].CLA_4BIT_UNIT ( ADD_SUB_CLA_4bit_743 ) 
              5 CLA_BLOCK_GEN[5].CLA_4BIT_UNIT ( ADD_SUB_CLA_4bit_742 ) 
        3 MAN_ALU_PROC_RND ( ADD_SUB_CLS_4bit_1584 ) 
        3 MAN_COMP_24BIT ( ADD_SUB_COMP_24bit_SIZE_DATA24_1655 ) 
           4 u_i_data_0 ( ADD_SUB_COMP_4bit_1745 ) 
           4 u_i_data_1 ( ADD_SUB_COMP_4bit_1744 ) 
           4 u_i_data_2 ( ADD_SUB_COMP_4bit_1743 ) 
           4 u_i_data_3 ( ADD_SUB_COMP_4bit_1742 ) 
           4 u_i_data_4 ( ADD_SUB_COMP_4bit_1741 ) 
           4 u_i_data_5 ( ADD_SUB_COMP_4bit_1740 ) 
        3 MAN_RND ( ADD_SUB_MAN_rounding_SIZE_MAN32_SIZE_MAN_RESULT24_3155 ) 
        3 MAN_SWAP ( ADD_SUB_MAN_swap_SIZE_MAN24_3228 ) 
        3 MAN_SWAP_PRE ( ADD_SUB_MAN_swap_SIZE_MAN24_3229 ) 
        3 NOR_UNIT ( ADD_SUB_NOR_unit_SIZE_LOPD5_SIZE_DATA32_3369 ) 
           4 SHF_left_unit ( ADD_SUB_SHF_left_SIZE_DATA32_SIZE_SHIFT5_3511 ) 
        3 PSC_UNIT ( ADD_SUB_PSC_unit_3453 ) 
        3 SHF_RIGHT_MAN ( ADD_SUB_SHF_right_SIZE_DATA32_SIZE_SHIFT5_3582 ) 
        3 SIGN_UNIT ( ADD_SUB_SIGN_unit_3666 ) 
     2 mul0 ( fpu_mul_SIZE_DATA32_8031 ) 
        3 EXP_ROUNDING_UNIT ( MUL_EXP_rounding_SIZE_DATA8_7112 ) 
        3 LOPD_UNIT ( MUL_LOPD_24bit_SIZE_DATA24_SIZE_LOPD5_7253 ) 
           4 LOPD_16bit_UNIT_MSB ( MUL_LOPD_16bit_7206 ) 
              5 LOPD_8bit_unit_0 ( MUL_LOPD_8bit_7308 ) 
              5 LOPD_8bit_unit_1 ( MUL_LOPD_8bit_7307 ) 
           4 LOPD_8bit_UNIT_LSB ( MUL_LOPD_8bit_7306 ) 
        3 MAN_MUL_UNIT ( MUL_MAN_mul_SIZE_DATA24_7443 ) 
           4 MUL_UNIT_MAN_UNIT ( Multiplier_7725 ) 
              5 u_booth ( Modified_booth_N24_NUM_PP13_7678 ) 
              5 u_cla ( CLA_adder_top_WIDTH48_FANIN4_3736 ) 
                 6 cla_tree ( cla_logic_tree_level_WIDTH48_FANIN4_7913 ) 
                    7 COMPUTE_DETAILED_CARRY[10].cla_unit ( CLA_logic_WIDTH4_3873 ) 
                    7 COMPUTE_DETAILED_CARRY[11].cla_unit ( CLA_logic_WIDTH4_3872 ) 
                    7 COMPUTE_DETAILED_CARRY[2].cla_unit ( CLA_logic_WIDTH4_3881 ) 
                    7 COMPUTE_DETAILED_CARRY[3].cla_unit ( CLA_logic_WIDTH4_3880 ) 
                    7 COMPUTE_DETAILED_CARRY[4].cla_unit ( CLA_logic_WIDTH4_3879 ) 
                    7 COMPUTE_DETAILED_CARRY[5].cla_unit ( CLA_logic_WIDTH4_3878 ) 
                    7 COMPUTE_DETAILED_CARRY[6].cla_unit ( CLA_logic_WIDTH4_3877 ) 
                    7 COMPUTE_DETAILED_CARRY[7].cla_unit ( CLA_logic_WIDTH4_3876 ) 
                    7 COMPUTE_DETAILED_CARRY[8].cla_unit ( CLA_logic_WIDTH4_3875 ) 
                    7 COMPUTE_DETAILED_CARRY[9].cla_unit ( CLA_logic_WIDTH4_3874 ) 
                    7 MULTI_GROUP.next_level ( cla_logic_tree_level_WIDTH12_FANIN4_7819 ) 
                       8 COMPUTE_DETAILED_CARRY[0].cla_unit ( CLA_logic_WIDTH4_3886 ) 
                       8 COMPUTE_DETAILED_CARRY[1].cla_unit ( CLA_logic_WIDTH4_3885 ) 
                       8 COMPUTE_DETAILED_CARRY[2].cla_unit ( CLA_logic_WIDTH4_3884 ) 
                       8 MULTI_GROUP.next_level ( cla_logic_tree_level_WIDTH3_FANIN4_7866 ) 
                          9 COMPUTE_DETAILED_CARRY[0].cla_unit ( CLA_logic_WIDTH3_3783 ) 
              5 u_merge ( wallace_final_merge_WIDTH48_9721 ) 
                 6 csa_row[10].u_fa ( FA_1bit_4727 ) 
                 6 csa_row[11].u_fa ( FA_1bit_4726 ) 
                 6 csa_row[12].u_fa ( FA_1bit_4725 ) 
                 6 csa_row[13].u_fa ( FA_1bit_4724 ) 
                 6 csa_row[14].u_fa ( FA_1bit_4723 ) 
                 6 csa_row[15].u_fa ( FA_1bit_4722 ) 
                 6 csa_row[16].u_fa ( FA_1bit_4721 ) 
                 6 csa_row[17].u_fa ( FA_1bit_4720 ) 
                 6 csa_row[18].u_fa ( FA_1bit_4719 ) 
                 6 csa_row[19].u_fa ( FA_1bit_4718 ) 
                 6 csa_row[20].u_fa ( FA_1bit_4717 ) 
                 6 csa_row[21].u_fa ( FA_1bit_4716 ) 
                 6 csa_row[22].u_fa ( FA_1bit_4715 ) 
                 6 csa_row[23].u_fa ( FA_1bit_4714 ) 
                 6 csa_row[24].u_fa ( FA_1bit_4713 ) 
                 6 csa_row[25].u_fa ( FA_1bit_4712 ) 
                 6 csa_row[26].u_fa ( FA_1bit_4711 ) 
                 6 csa_row[27].u_fa ( FA_1bit_4710 ) 
                 6 csa_row[28].u_fa ( FA_1bit_4709 ) 
                 6 csa_row[29].u_fa ( FA_1bit_4708 ) 
                 6 csa_row[30].u_fa ( FA_1bit_4707 ) 
                 6 csa_row[31].u_fa ( FA_1bit_4706 ) 
                 6 csa_row[32].u_fa ( FA_1bit_4705 ) 
                 6 csa_row[33].u_fa ( FA_1bit_4704 ) 
                 6 csa_row[34].u_fa ( FA_1bit_4703 ) 
                 6 csa_row[35].u_fa ( FA_1bit_4702 ) 
                 6 csa_row[36].u_fa ( FA_1bit_4701 ) 
                 6 csa_row[37].u_fa ( FA_1bit_4700 ) 
                 6 csa_row[38].u_fa ( FA_1bit_4699 ) 
                 6 csa_row[39].u_fa ( FA_1bit_4698 ) 
                 6 csa_row[40].u_fa ( FA_1bit_4697 ) 
                 6 csa_row[41].u_fa ( FA_1bit_4696 ) 
                 6 csa_row[42].u_fa ( FA_1bit_4695 ) 
                 6 csa_row[43].u_fa ( FA_1bit_4694 ) 
                 6 csa_row[44].u_fa ( FA_1bit_4693 ) 
                 6 csa_row[45].u_fa ( FA_1bit_4692 ) 
                 6 csa_row[46].u_fa ( FA_1bit_4691 ) 
                 6 csa_row[47].u_fa ( FA_1bit_4690 ) 
                 6 csa_row[6].u_fa ( FA_1bit_4731 ) 
                 6 csa_row[7].u_fa ( FA_1bit_4730 ) 
                 6 csa_row[8].u_fa ( FA_1bit_4729 ) 
                 6 csa_row[9].u_fa ( FA_1bit_4728 ) 
              5 u_wallace ( wallace_tree_N24_NUM_PP13_NUM_CZ12_10050 ) 
                 6 STAGE_GEN[0].u_stage ( wallace_stage_NUM_COLS48_COL_HEIGHTSx000000020000000200000003000000030000000400000004000000050000000500000006000000060000000700000007000000080000000800000009000000090000000a0000000a0000000b0000000b0000000c0000000c0000000d0000000d0000000d0000000c0000000c0000000b0000000b0000000a0000000a0000000900000009000000080000000800000007000000070000000600000006000000050000000500000004000000040000000300000003000000020000000200000001_MAX_H_IN32_MAX_H_OUT32_10003 ) 
                 6 STAGE_GEN[1].u_stage ( wallace_stage_NUM_COLS48_COL_HEIGHTSx000000010000000200000002000000020000000300000003000000030000000400000004000000040000000500000005000000050000000600000006000000060000000700000007000000070000000800000008000000080000000900000009000000090000000800000008000000080000000800000008000000070000000600000006000000060000000600000006000000050000000400000004000000040000000400000004000000030000000200000002000000020000000200000002_MAX_H_IN32_MAX_H_OUT32_9956 ) 
                 6 STAGE_GEN[2].u_stage ( wallace_stage_NUM_COLS48_COL_HEIGHTSx000000010000000100000002000000020000000200000002000000020000000300000003000000030000000300000004000000040000000400000004000000040000000500000005000000050000000500000006000000060000000600000006000000060000000600000006000000060000000600000006000000060000000400000004000000040000000400000004000000040000000400000003000000030000000300000003000000020000000200000002000000020000000200000002_MAX_H_IN32_MAX_H_OUT32_9909 ) 
                 6 STAGE_GEN[3].u_stage ( wallace_stage_NUM_COLS48_COL_HEIGHTSx000000010000000100000001000000020000000200000002000000020000000200000002000000020000000200000003000000030000000300000003000000030000000300000004000000040000000400000004000000040000000400000004000000040000000400000004000000040000000400000004000000040000000400000003000000030000000300000003000000030000000300000002000000020000000200000002000000020000000200000002000000020000000200000002_MAX_H_IN32_MAX_H_OUT32_9862 ) 
                 6 STAGE_GEN[4].u_stage ( wallace_stage_NUM_COLS48_COL_HEIGHTSx000000010000000100000001000000010000000200000002000000020000000200000002000000020000000200000002000000020000000200000002000000020000000200000003000000030000000300000003000000030000000300000003000000030000000300000003000000030000000300000003000000030000000300000002000000020000000200000002000000020000000200000002000000020000000200000002000000020000000200000002000000020000000200000002_MAX_H_IN32_MAX_H_OUT32_9815 ) 
                 6 STAGE_GEN[5].u_stage ( wallace_stage_NUM_COLS48_COL_HEIGHTSx000000010000000100000001000000010000000100000002000000020000000200000002000000020000000200000002000000020000000200000002000000020000000200000002000000020000000200000002000000020000000200000002000000020000000200000002000000020000000200000002000000020000000200000002000000020000000200000002000000020000000200000002000000020000000200000002000000020000000200000002000000020000000200000002_MAX_H_IN32_MAX_H_OUT32_9768 ) 
        3 MAN_ROUNDING_UNIT ( MUL_MAN_rounding_SIZE_MAN24_7490 ) 
        3 MUL_EXP_ADJUST_UNIT ( MUL_EXP_adjust_SIZE_DATA8_SIZE_LOPD8_7065 ) 
           4 CLA_8BIT_UNIT ( MUL_CLA_8bit_7018 ) 
              5 CLA_4BIT_UNIT_0 ( MUL_CLA_4bit_6927 ) 
              5 CLA_4BIT_UNIT_1 ( MUL_CLA_4bit_6926 ) 
        3 MUL_EXP_UNIT ( MUL_EXP_unit_SIZE_EXP8_7159 ) 
        3 NOR_UNIT ( MUL_NOR_unit_SIZE_LOPD5_SIZE_DATA24_7537 ) 
           4 SHF_left_unit ( MUL_SHF_left_SIZE_DATA32_SIZE_SHIFT5_7631 ) 
        3 PSC_UNIT ( MUL_PSC_unit_SIZE_EXP8_SIZE_MAN24_7584 ) 
     2 mul1 ( fpu_mul_SIZE_DATA32_8030 ) 
        3 EXP_ROUNDING_UNIT ( MUL_EXP_rounding_SIZE_DATA8_7111 ) 
        3 LOPD_UNIT ( MUL_LOPD_24bit_SIZE_DATA24_SIZE_LOPD5_7252 ) 
           4 LOPD_16bit_UNIT_MSB ( MUL_LOPD_16bit_7205 ) 
              5 LOPD_8bit_unit_0 ( MUL_LOPD_8bit_7305 ) 
              5 LOPD_8bit_unit_1 ( MUL_LOPD_8bit_7304 ) 
           4 LOPD_8bit_UNIT_LSB ( MUL_LOPD_8bit_7303 ) 
        3 MAN_MUL_UNIT ( MUL_MAN_mul_SIZE_DATA24_7442 ) 
           4 MUL_UNIT_MAN_UNIT ( Multiplier_7724 ) 
              5 u_booth ( Modified_booth_N24_NUM_PP13_7677 ) 
              5 u_cla ( CLA_adder_top_WIDTH48_FANIN4_3735 ) 
                 6 cla_tree ( cla_logic_tree_level_WIDTH48_FANIN4_7912 ) 
                    7 COMPUTE_DETAILED_CARRY[10].cla_unit ( CLA_logic_WIDTH4_3858 ) 
                    7 COMPUTE_DETAILED_CARRY[11].cla_unit ( CLA_logic_WIDTH4_3857 ) 
                    7 COMPUTE_DETAILED_CARRY[2].cla_unit ( CLA_logic_WIDTH4_3866 ) 
                    7 COMPUTE_DETAILED_CARRY[3].cla_unit ( CLA_logic_WIDTH4_3865 ) 
                    7 COMPUTE_DETAILED_CARRY[4].cla_unit ( CLA_logic_WIDTH4_3864 ) 
                    7 COMPUTE_DETAILED_CARRY[5].cla_unit ( CLA_logic_WIDTH4_3863 ) 
                    7 COMPUTE_DETAILED_CARRY[6].cla_unit ( CLA_logic_WIDTH4_3862 ) 
                    7 COMPUTE_DETAILED_CARRY[7].cla_unit ( CLA_logic_WIDTH4_3861 ) 
                    7 COMPUTE_DETAILED_CARRY[8].cla_unit ( CLA_logic_WIDTH4_3860 ) 
                    7 COMPUTE_DETAILED_CARRY[9].cla_unit ( CLA_logic_WIDTH4_3859 ) 
                    7 MULTI_GROUP.next_level ( cla_logic_tree_level_WIDTH12_FANIN4_7818 ) 
                       8 COMPUTE_DETAILED_CARRY[0].cla_unit ( CLA_logic_WIDTH4_3871 ) 
                       8 COMPUTE_DETAILED_CARRY[1].cla_unit ( CLA_logic_WIDTH4_3870 ) 
                       8 COMPUTE_DETAILED_CARRY[2].cla_unit ( CLA_logic_WIDTH4_3869 ) 
                       8 MULTI_GROUP.next_level ( cla_logic_tree_level_WIDTH3_FANIN4_7865 ) 
                          9 COMPUTE_DETAILED_CARRY[0].cla_unit ( CLA_logic_WIDTH3_3782 ) 
              5 u_merge ( wallace_final_merge_WIDTH48_9720 ) 
                 6 csa_row[10].u_fa ( FA_1bit_4679 ) 
                 6 csa_row[11].u_fa ( FA_1bit_4678 ) 
                 6 csa_row[12].u_fa ( FA_1bit_4677 ) 
                 6 csa_row[13].u_fa ( FA_1bit_4676 ) 
                 6 csa_row[14].u_fa ( FA_1bit_4675 ) 
                 6 csa_row[15].u_fa ( FA_1bit_4674 ) 
                 6 csa_row[16].u_fa ( FA_1bit_4673 ) 
                 6 csa_row[17].u_fa ( FA_1bit_4672 ) 
                 6 csa_row[18].u_fa ( FA_1bit_4671 ) 
                 6 csa_row[19].u_fa ( FA_1bit_4670 ) 
                 6 csa_row[20].u_fa ( FA_1bit_4669 ) 
                 6 csa_row[21].u_fa ( FA_1bit_4668 ) 
                 6 csa_row[22].u_fa ( FA_1bit_4667 ) 
                 6 csa_row[23].u_fa ( FA_1bit_4666 ) 
                 6 csa_row[24].u_fa ( FA_1bit_4665 ) 
                 6 csa_row[25].u_fa ( FA_1bit_4664 ) 
                 6 csa_row[26].u_fa ( FA_1bit_4663 ) 
                 6 csa_row[27].u_fa ( FA_1bit_4662 ) 
                 6 csa_row[28].u_fa ( FA_1bit_4661 ) 
                 6 csa_row[29].u_fa ( FA_1bit_4660 ) 
                 6 csa_row[30].u_fa ( FA_1bit_4659 ) 
                 6 csa_row[31].u_fa ( FA_1bit_4658 ) 
                 6 csa_row[32].u_fa ( FA_1bit_4657 ) 
                 6 csa_row[33].u_fa ( FA_1bit_4656 ) 
                 6 csa_row[34].u_fa ( FA_1bit_4655 ) 
                 6 csa_row[35].u_fa ( FA_1bit_4654 ) 
                 6 csa_row[36].u_fa ( FA_1bit_4653 ) 
                 6 csa_row[37].u_fa ( FA_1bit_4652 ) 
                 6 csa_row[38].u_fa ( FA_1bit_4651 ) 
                 6 csa_row[39].u_fa ( FA_1bit_4650 ) 
                 6 csa_row[40].u_fa ( FA_1bit_4649 ) 
                 6 csa_row[41].u_fa ( FA_1bit_4648 ) 
                 6 csa_row[42].u_fa ( FA_1bit_4647 ) 
                 6 csa_row[43].u_fa ( FA_1bit_4646 ) 
                 6 csa_row[44].u_fa ( FA_1bit_4645 ) 
                 6 csa_row[45].u_fa ( FA_1bit_4644 ) 
                 6 csa_row[46].u_fa ( FA_1bit_4643 ) 
                 6 csa_row[47].u_fa ( FA_1bit_4642 ) 
                 6 csa_row[6].u_fa ( FA_1bit_4683 ) 
                 6 csa_row[7].u_fa ( FA_1bit_4682 ) 
                 6 csa_row[8].u_fa ( FA_1bit_4681 ) 
                 6 csa_row[9].u_fa ( FA_1bit_4680 ) 
              5 u_wallace ( wallace_tree_N24_NUM_PP13_NUM_CZ12_10049 ) 
                 6 STAGE_GEN[0].u_stage ( wallace_stage_NUM_COLS48_COL_HEIGHTSx000000020000000200000003000000030000000400000004000000050000000500000006000000060000000700000007000000080000000800000009000000090000000a0000000a0000000b0000000b0000000c0000000c0000000d0000000d0000000d0000000c0000000c0000000b0000000b0000000a0000000a0000000900000009000000080000000800000007000000070000000600000006000000050000000500000004000000040000000300000003000000020000000200000001_MAX_H_IN32_MAX_H_OUT32_10002 ) 
                 6 STAGE_GEN[1].u_stage ( wallace_stage_NUM_COLS48_COL_HEIGHTSx000000010000000200000002000000020000000300000003000000030000000400000004000000040000000500000005000000050000000600000006000000060000000700000007000000070000000800000008000000080000000900000009000000090000000800000008000000080000000800000008000000070000000600000006000000060000000600000006000000050000000400000004000000040000000400000004000000030000000200000002000000020000000200000002_MAX_H_IN32_MAX_H_OUT32_9955 ) 
                 6 STAGE_GEN[2].u_stage ( wallace_stage_NUM_COLS48_COL_HEIGHTSx000000010000000100000002000000020000000200000002000000020000000300000003000000030000000300000004000000040000000400000004000000040000000500000005000000050000000500000006000000060000000600000006000000060000000600000006000000060000000600000006000000060000000400000004000000040000000400000004000000040000000400000003000000030000000300000003000000020000000200000002000000020000000200000002_MAX_H_IN32_MAX_H_OUT32_9908 ) 
                 6 STAGE_GEN[3].u_stage ( wallace_stage_NUM_COLS48_COL_HEIGHTSx000000010000000100000001000000020000000200000002000000020000000200000002000000020000000200000003000000030000000300000003000000030000000300000004000000040000000400000004000000040000000400000004000000040000000400000004000000040000000400000004000000040000000400000003000000030000000300000003000000030000000300000002000000020000000200000002000000020000000200000002000000020000000200000002_MAX_H_IN32_MAX_H_OUT32_9861 ) 
                 6 STAGE_GEN[4].u_stage ( wallace_stage_NUM_COLS48_COL_HEIGHTSx000000010000000100000001000000010000000200000002000000020000000200000002000000020000000200000002000000020000000200000002000000020000000200000003000000030000000300000003000000030000000300000003000000030000000300000003000000030000000300000003000000030000000300000002000000020000000200000002000000020000000200000002000000020000000200000002000000020000000200000002000000020000000200000002_MAX_H_IN32_MAX_H_OUT32_9814 ) 
                 6 STAGE_GEN[5].u_stage ( wallace_stage_NUM_COLS48_COL_HEIGHTSx000000010000000100000001000000010000000100000002000000020000000200000002000000020000000200000002000000020000000200000002000000020000000200000002000000020000000200000002000000020000000200000002000000020000000200000002000000020000000200000002000000020000000200000002000000020000000200000002000000020000000200000002000000020000000200000002000000020000000200000002000000020000000200000002_MAX_H_IN32_MAX_H_OUT32_9767 ) 
        3 MAN_ROUNDING_UNIT ( MUL_MAN_rounding_SIZE_MAN24_7489 ) 
        3 MUL_EXP_ADJUST_UNIT ( MUL_EXP_adjust_SIZE_DATA8_SIZE_LOPD8_7064 ) 
           4 CLA_8BIT_UNIT ( MUL_CLA_8bit_7017 ) 
              5 CLA_4BIT_UNIT_0 ( MUL_CLA_4bit_6925 ) 
              5 CLA_4BIT_UNIT_1 ( MUL_CLA_4bit_6924 ) 
        3 MUL_EXP_UNIT ( MUL_EXP_unit_SIZE_EXP8_7158 ) 
        3 NOR_UNIT ( MUL_NOR_unit_SIZE_LOPD5_SIZE_DATA24_7536 ) 
           4 SHF_left_unit ( MUL_SHF_left_SIZE_DATA32_SIZE_SHIFT5_7630 ) 
        3 PSC_UNIT ( MUL_PSC_unit_SIZE_EXP8_SIZE_MAN24_7583 ) 
     2 mul2 ( fpu_mul_SIZE_DATA32_8029 ) 
        3 EXP_ROUNDING_UNIT ( MUL_EXP_rounding_SIZE_DATA8_7110 ) 
        3 LOPD_UNIT ( MUL_LOPD_24bit_SIZE_DATA24_SIZE_LOPD5_7251 ) 
           4 LOPD_16bit_UNIT_MSB ( MUL_LOPD_16bit_7204 ) 
              5 LOPD_8bit_unit_0 ( MUL_LOPD_8bit_7302 ) 
              5 LOPD_8bit_unit_1 ( MUL_LOPD_8bit_7301 ) 
           4 LOPD_8bit_UNIT_LSB ( MUL_LOPD_8bit_7300 ) 
        3 MAN_MUL_UNIT ( MUL_MAN_mul_SIZE_DATA24_7441 ) 
           4 MUL_UNIT_MAN_UNIT ( Multiplier_7723 ) 
              5 u_booth ( Modified_booth_N24_NUM_PP13_7676 ) 
              5 u_cla ( CLA_adder_top_WIDTH48_FANIN4_3734 ) 
                 6 cla_tree ( cla_logic_tree_level_WIDTH48_FANIN4_7911 ) 
                    7 COMPUTE_DETAILED_CARRY[10].cla_unit ( CLA_logic_WIDTH4_3843 ) 
                    7 COMPUTE_DETAILED_CARRY[11].cla_unit ( CLA_logic_WIDTH4_3842 ) 
                    7 COMPUTE_DETAILED_CARRY[2].cla_unit ( CLA_logic_WIDTH4_3851 ) 
                    7 COMPUTE_DETAILED_CARRY[3].cla_unit ( CLA_logic_WIDTH4_3850 ) 
                    7 COMPUTE_DETAILED_CARRY[4].cla_unit ( CLA_logic_WIDTH4_3849 ) 
                    7 COMPUTE_DETAILED_CARRY[5].cla_unit ( CLA_logic_WIDTH4_3848 ) 
                    7 COMPUTE_DETAILED_CARRY[6].cla_unit ( CLA_logic_WIDTH4_3847 ) 
                    7 COMPUTE_DETAILED_CARRY[7].cla_unit ( CLA_logic_WIDTH4_3846 ) 
                    7 COMPUTE_DETAILED_CARRY[8].cla_unit ( CLA_logic_WIDTH4_3845 ) 
                    7 COMPUTE_DETAILED_CARRY[9].cla_unit ( CLA_logic_WIDTH4_3844 ) 
                    7 MULTI_GROUP.next_level ( cla_logic_tree_level_WIDTH12_FANIN4_7817 ) 
                       8 COMPUTE_DETAILED_CARRY[0].cla_unit ( CLA_logic_WIDTH4_3856 ) 
                       8 COMPUTE_DETAILED_CARRY[1].cla_unit ( CLA_logic_WIDTH4_3855 ) 
                       8 COMPUTE_DETAILED_CARRY[2].cla_unit ( CLA_logic_WIDTH4_3854 ) 
                       8 MULTI_GROUP.next_level ( cla_logic_tree_level_WIDTH3_FANIN4_7864 ) 
                          9 COMPUTE_DETAILED_CARRY[0].cla_unit ( CLA_logic_WIDTH3_3781 ) 
              5 u_merge ( wallace_final_merge_WIDTH48_9719 ) 
                 6 csa_row[10].u_fa ( FA_1bit_4631 ) 
                 6 csa_row[11].u_fa ( FA_1bit_4630 ) 
                 6 csa_row[12].u_fa ( FA_1bit_4629 ) 
                 6 csa_row[13].u_fa ( FA_1bit_4628 ) 
                 6 csa_row[14].u_fa ( FA_1bit_4627 ) 
                 6 csa_row[15].u_fa ( FA_1bit_4626 ) 
                 6 csa_row[16].u_fa ( FA_1bit_4625 ) 
                 6 csa_row[17].u_fa ( FA_1bit_4624 ) 
                 6 csa_row[18].u_fa ( FA_1bit_4623 ) 
                 6 csa_row[19].u_fa ( FA_1bit_4622 ) 
                 6 csa_row[20].u_fa ( FA_1bit_4621 ) 
                 6 csa_row[21].u_fa ( FA_1bit_4620 ) 
                 6 csa_row[22].u_fa ( FA_1bit_4619 ) 
                 6 csa_row[23].u_fa ( FA_1bit_4618 ) 
                 6 csa_row[24].u_fa ( FA_1bit_4617 ) 
                 6 csa_row[25].u_fa ( FA_1bit_4616 ) 
                 6 csa_row[26].u_fa ( FA_1bit_4615 ) 
                 6 csa_row[27].u_fa ( FA_1bit_4614 ) 
                 6 csa_row[28].u_fa ( FA_1bit_4613 ) 
                 6 csa_row[29].u_fa ( FA_1bit_4612 ) 
                 6 csa_row[30].u_fa ( FA_1bit_4611 ) 
                 6 csa_row[31].u_fa ( FA_1bit_4610 ) 
                 6 csa_row[32].u_fa ( FA_1bit_4609 ) 
                 6 csa_row[33].u_fa ( FA_1bit_4608 ) 
                 6 csa_row[34].u_fa ( FA_1bit_4607 ) 
                 6 csa_row[35].u_fa ( FA_1bit_4606 ) 
                 6 csa_row[36].u_fa ( FA_1bit_4605 ) 
                 6 csa_row[37].u_fa ( FA_1bit_4604 ) 
                 6 csa_row[38].u_fa ( FA_1bit_4603 ) 
                 6 csa_row[39].u_fa ( FA_1bit_4602 ) 
                 6 csa_row[40].u_fa ( FA_1bit_4601 ) 
                 6 csa_row[41].u_fa ( FA_1bit_4600 ) 
                 6 csa_row[42].u_fa ( FA_1bit_4599 ) 
                 6 csa_row[43].u_fa ( FA_1bit_4598 ) 
                 6 csa_row[44].u_fa ( FA_1bit_4597 ) 
                 6 csa_row[45].u_fa ( FA_1bit_5092 ) 
                 6 csa_row[46].u_fa ( FA_1bit_5096 ) 
                 6 csa_row[47].u_fa ( FA_1bit_4594 ) 
                 6 csa_row[6].u_fa ( FA_1bit_4635 ) 
                 6 csa_row[7].u_fa ( FA_1bit_4634 ) 
                 6 csa_row[8].u_fa ( FA_1bit_4633 ) 
                 6 csa_row[9].u_fa ( FA_1bit_4632 ) 
              5 u_wallace ( wallace_tree_N24_NUM_PP13_NUM_CZ12_10048 ) 
                 6 STAGE_GEN[0].u_stage ( wallace_stage_NUM_COLS48_COL_HEIGHTSx000000020000000200000003000000030000000400000004000000050000000500000006000000060000000700000007000000080000000800000009000000090000000a0000000a0000000b0000000b0000000c0000000c0000000d0000000d0000000d0000000c0000000c0000000b0000000b0000000a0000000a0000000900000009000000080000000800000007000000070000000600000006000000050000000500000004000000040000000300000003000000020000000200000001_MAX_H_IN32_MAX_H_OUT32_10001 ) 
                 6 STAGE_GEN[1].u_stage ( wallace_stage_NUM_COLS48_COL_HEIGHTSx000000010000000200000002000000020000000300000003000000030000000400000004000000040000000500000005000000050000000600000006000000060000000700000007000000070000000800000008000000080000000900000009000000090000000800000008000000080000000800000008000000070000000600000006000000060000000600000006000000050000000400000004000000040000000400000004000000030000000200000002000000020000000200000002_MAX_H_IN32_MAX_H_OUT32_9954 ) 
                 6 STAGE_GEN[2].u_stage ( wallace_stage_NUM_COLS48_COL_HEIGHTSx000000010000000100000002000000020000000200000002000000020000000300000003000000030000000300000004000000040000000400000004000000040000000500000005000000050000000500000006000000060000000600000006000000060000000600000006000000060000000600000006000000060000000400000004000000040000000400000004000000040000000400000003000000030000000300000003000000020000000200000002000000020000000200000002_MAX_H_IN32_MAX_H_OUT32_9907 ) 
                 6 STAGE_GEN[3].u_stage ( wallace_stage_NUM_COLS48_COL_HEIGHTSx000000010000000100000001000000020000000200000002000000020000000200000002000000020000000200000003000000030000000300000003000000030000000300000004000000040000000400000004000000040000000400000004000000040000000400000004000000040000000400000004000000040000000400000003000000030000000300000003000000030000000300000002000000020000000200000002000000020000000200000002000000020000000200000002_MAX_H_IN32_MAX_H_OUT32_9860 ) 
                 6 STAGE_GEN[4].u_stage ( wallace_stage_NUM_COLS48_COL_HEIGHTSx000000010000000100000001000000010000000200000002000000020000000200000002000000020000000200000002000000020000000200000002000000020000000200000003000000030000000300000003000000030000000300000003000000030000000300000003000000030000000300000003000000030000000300000002000000020000000200000002000000020000000200000002000000020000000200000002000000020000000200000002000000020000000200000002_MAX_H_IN32_MAX_H_OUT32_9813 ) 
                 6 STAGE_GEN[5].u_stage ( wallace_stage_NUM_COLS48_COL_HEIGHTSx000000010000000100000001000000010000000100000002000000020000000200000002000000020000000200000002000000020000000200000002000000020000000200000002000000020000000200000002000000020000000200000002000000020000000200000002000000020000000200000002000000020000000200000002000000020000000200000002000000020000000200000002000000020000000200000002000000020000000200000002000000020000000200000002_MAX_H_IN32_MAX_H_OUT32_9766 ) 
        3 MAN_ROUNDING_UNIT ( MUL_MAN_rounding_SIZE_MAN24_7488 ) 
        3 MUL_EXP_ADJUST_UNIT ( MUL_EXP_adjust_SIZE_DATA8_SIZE_LOPD8_7063 ) 
           4 CLA_8BIT_UNIT ( MUL_CLA_8bit_7016 ) 
              5 CLA_4BIT_UNIT_0 ( MUL_CLA_4bit_6923 ) 
              5 CLA_4BIT_UNIT_1 ( MUL_CLA_4bit_6922 ) 
        3 MUL_EXP_UNIT ( MUL_EXP_unit_SIZE_EXP8_7157 ) 
        3 NOR_UNIT ( MUL_NOR_unit_SIZE_LOPD5_SIZE_DATA24_7535 ) 
           4 SHF_left_unit ( MUL_SHF_left_SIZE_DATA32_SIZE_SHIFT5_7629 ) 
        3 PSC_UNIT ( MUL_PSC_unit_SIZE_EXP8_SIZE_MAN24_7582 ) 
     2 mul3 ( fpu_mul_SIZE_DATA32_8028 ) 
        3 EXP_ROUNDING_UNIT ( MUL_EXP_rounding_SIZE_DATA8_7109 ) 
        3 LOPD_UNIT ( MUL_LOPD_24bit_SIZE_DATA24_SIZE_LOPD5_7250 ) 
           4 LOPD_16bit_UNIT_MSB ( MUL_LOPD_16bit_7203 ) 
              5 LOPD_8bit_unit_0 ( MUL_LOPD_8bit_7299 ) 
              5 LOPD_8bit_unit_1 ( MUL_LOPD_8bit_7298 ) 
           4 LOPD_8bit_UNIT_LSB ( MUL_LOPD_8bit_7297 ) 
        3 MAN_MUL_UNIT ( MUL_MAN_mul_SIZE_DATA24_7440 ) 
           4 MUL_UNIT_MAN_UNIT ( Multiplier_7722 ) 
              5 u_booth ( Modified_booth_N24_NUM_PP13_7675 ) 
              5 u_cla ( CLA_adder_top_WIDTH48_FANIN4_3733 ) 
                 6 cla_tree ( cla_logic_tree_level_WIDTH48_FANIN4_7910 ) 
                    7 COMPUTE_DETAILED_CARRY[10].cla_unit ( CLA_logic_WIDTH4_3828 ) 
                    7 COMPUTE_DETAILED_CARRY[11].cla_unit ( CLA_logic_WIDTH4_3827 ) 
                    7 COMPUTE_DETAILED_CARRY[2].cla_unit ( CLA_logic_WIDTH4_3836 ) 
                    7 COMPUTE_DETAILED_CARRY[3].cla_unit ( CLA_logic_WIDTH4_3835 ) 
                    7 COMPUTE_DETAILED_CARRY[4].cla_unit ( CLA_logic_WIDTH4_3834 ) 
                    7 COMPUTE_DETAILED_CARRY[5].cla_unit ( CLA_logic_WIDTH4_3833 ) 
                    7 COMPUTE_DETAILED_CARRY[6].cla_unit ( CLA_logic_WIDTH4_3832 ) 
                    7 COMPUTE_DETAILED_CARRY[7].cla_unit ( CLA_logic_WIDTH4_3831 ) 
                    7 COMPUTE_DETAILED_CARRY[8].cla_unit ( CLA_logic_WIDTH4_3830 ) 
                    7 COMPUTE_DETAILED_CARRY[9].cla_unit ( CLA_logic_WIDTH4_3829 ) 
                    7 MULTI_GROUP.next_level ( cla_logic_tree_level_WIDTH12_FANIN4_7816 ) 
                       8 COMPUTE_DETAILED_CARRY[0].cla_unit ( CLA_logic_WIDTH4_3841 ) 
                       8 COMPUTE_DETAILED_CARRY[1].cla_unit ( CLA_logic_WIDTH4_3840 ) 
                       8 COMPUTE_DETAILED_CARRY[2].cla_unit ( CLA_logic_WIDTH4_3839 ) 
                       8 MULTI_GROUP.next_level ( cla_logic_tree_level_WIDTH3_FANIN4_7863 ) 
                          9 COMPUTE_DETAILED_CARRY[0].cla_unit ( CLA_logic_WIDTH3_3780 ) 
              5 u_merge ( wallace_final_merge_WIDTH48_9718 ) 
                 6 csa_row[10].u_fa ( FA_1bit_4583 ) 
                 6 csa_row[11].u_fa ( FA_1bit_4582 ) 
                 6 csa_row[12].u_fa ( FA_1bit_4581 ) 
                 6 csa_row[13].u_fa ( FA_1bit_4580 ) 
                 6 csa_row[14].u_fa ( FA_1bit_4579 ) 
                 6 csa_row[15].u_fa ( FA_1bit_4578 ) 
                 6 csa_row[16].u_fa ( FA_1bit_4577 ) 
                 6 csa_row[17].u_fa ( FA_1bit_4576 ) 
                 6 csa_row[18].u_fa ( FA_1bit_4575 ) 
                 6 csa_row[19].u_fa ( FA_1bit_4574 ) 
                 6 csa_row[20].u_fa ( FA_1bit_4573 ) 
                 6 csa_row[21].u_fa ( FA_1bit_4572 ) 
                 6 csa_row[22].u_fa ( FA_1bit_4571 ) 
                 6 csa_row[23].u_fa ( FA_1bit_4570 ) 
                 6 csa_row[24].u_fa ( FA_1bit_4569 ) 
                 6 csa_row[25].u_fa ( FA_1bit_4595 ) 
                 6 csa_row[26].u_fa ( FA_1bit_4567 ) 
                 6 csa_row[27].u_fa ( FA_1bit_4566 ) 
                 6 csa_row[28].u_fa ( FA_1bit_4565 ) 
                 6 csa_row[29].u_fa ( FA_1bit_4564 ) 
                 6 csa_row[30].u_fa ( FA_1bit_4563 ) 
                 6 csa_row[31].u_fa ( FA_1bit_4562 ) 
                 6 csa_row[32].u_fa ( FA_1bit_4561 ) 
                 6 csa_row[33].u_fa ( FA_1bit_4560 ) 
                 6 csa_row[34].u_fa ( FA_1bit_4559 ) 
                 6 csa_row[35].u_fa ( FA_1bit_4558 ) 
                 6 csa_row[36].u_fa ( FA_1bit_4557 ) 
                 6 csa_row[37].u_fa ( FA_1bit_4556 ) 
                 6 csa_row[38].u_fa ( FA_1bit_4555 ) 
                 6 csa_row[39].u_fa ( FA_1bit_4554 ) 
                 6 csa_row[40].u_fa ( FA_1bit_4553 ) 
                 6 csa_row[41].u_fa ( FA_1bit_4552 ) 
                 6 csa_row[42].u_fa ( FA_1bit_4551 ) 
                 6 csa_row[43].u_fa ( FA_1bit_4550 ) 
                 6 csa_row[44].u_fa ( FA_1bit_4549 ) 
                 6 csa_row[45].u_fa ( FA_1bit_4548 ) 
                 6 csa_row[46].u_fa ( FA_1bit_4547 ) 
                 6 csa_row[47].u_fa ( FA_1bit_5074 ) 
                 6 csa_row[6].u_fa ( FA_1bit_4587 ) 
                 6 csa_row[7].u_fa ( FA_1bit_4586 ) 
                 6 csa_row[8].u_fa ( FA_1bit_4585 ) 
                 6 csa_row[9].u_fa ( FA_1bit_4584 ) 
              5 u_wallace ( wallace_tree_N24_NUM_PP13_NUM_CZ12_10047 ) 
                 6 STAGE_GEN[0].u_stage ( wallace_stage_NUM_COLS48_COL_HEIGHTSx000000020000000200000003000000030000000400000004000000050000000500000006000000060000000700000007000000080000000800000009000000090000000a0000000a0000000b0000000b0000000c0000000c0000000d0000000d0000000d0000000c0000000c0000000b0000000b0000000a0000000a0000000900000009000000080000000800000007000000070000000600000006000000050000000500000004000000040000000300000003000000020000000200000001_MAX_H_IN32_MAX_H_OUT32_10000 ) 
                 6 STAGE_GEN[1].u_stage ( wallace_stage_NUM_COLS48_COL_HEIGHTSx000000010000000200000002000000020000000300000003000000030000000400000004000000040000000500000005000000050000000600000006000000060000000700000007000000070000000800000008000000080000000900000009000000090000000800000008000000080000000800000008000000070000000600000006000000060000000600000006000000050000000400000004000000040000000400000004000000030000000200000002000000020000000200000002_MAX_H_IN32_MAX_H_OUT32_9953 ) 
                 6 STAGE_GEN[2].u_stage ( wallace_stage_NUM_COLS48_COL_HEIGHTSx000000010000000100000002000000020000000200000002000000020000000300000003000000030000000300000004000000040000000400000004000000040000000500000005000000050000000500000006000000060000000600000006000000060000000600000006000000060000000600000006000000060000000400000004000000040000000400000004000000040000000400000003000000030000000300000003000000020000000200000002000000020000000200000002_MAX_H_IN32_MAX_H_OUT32_9906 ) 
                 6 STAGE_GEN[3].u_stage ( wallace_stage_NUM_COLS48_COL_HEIGHTSx000000010000000100000001000000020000000200000002000000020000000200000002000000020000000200000003000000030000000300000003000000030000000300000004000000040000000400000004000000040000000400000004000000040000000400000004000000040000000400000004000000040000000400000003000000030000000300000003000000030000000300000002000000020000000200000002000000020000000200000002000000020000000200000002_MAX_H_IN32_MAX_H_OUT32_9859 ) 
                 6 STAGE_GEN[4].u_stage ( wallace_stage_NUM_COLS48_COL_HEIGHTSx000000010000000100000001000000010000000200000002000000020000000200000002000000020000000200000002000000020000000200000002000000020000000200000003000000030000000300000003000000030000000300000003000000030000000300000003000000030000000300000003000000030000000300000002000000020000000200000002000000020000000200000002000000020000000200000002000000020000000200000002000000020000000200000002_MAX_H_IN32_MAX_H_OUT32_9812 ) 
                 6 STAGE_GEN[5].u_stage ( wallace_stage_NUM_COLS48_COL_HEIGHTSx000000010000000100000001000000010000000100000002000000020000000200000002000000020000000200000002000000020000000200000002000000020000000200000002000000020000000200000002000000020000000200000002000000020000000200000002000000020000000200000002000000020000000200000002000000020000000200000002000000020000000200000002000000020000000200000002000000020000000200000002000000020000000200000002_MAX_H_IN32_MAX_H_OUT32_9765 ) 
        3 MAN_ROUNDING_UNIT ( MUL_MAN_rounding_SIZE_MAN24_7487 ) 
        3 MUL_EXP_ADJUST_UNIT ( MUL_EXP_adjust_SIZE_DATA8_SIZE_LOPD8_7062 ) 
           4 CLA_8BIT_UNIT ( MUL_CLA_8bit_7015 ) 
              5 CLA_4BIT_UNIT_0 ( MUL_CLA_4bit_6921 ) 
              5 CLA_4BIT_UNIT_1 ( MUL_CLA_4bit_6942 ) 
        3 MUL_EXP_UNIT ( MUL_EXP_unit_SIZE_EXP8_7167 ) 
        3 NOR_UNIT ( MUL_NOR_unit_SIZE_LOPD5_SIZE_DATA24_7534 ) 
           4 SHF_left_unit ( MUL_SHF_left_SIZE_DATA32_SIZE_SHIFT5_7628 ) 
        3 PSC_UNIT ( MUL_PSC_unit_SIZE_EXP8_SIZE_MAN24_7592 ) 
     2 sub0 ( FPU_add_sub_NUM_OP1_6854 ) 
        3 EXP_ADJUST ( ADD_SUB_EXP_adjust_SIZE_EXP8_SIZE_LOPD8_2375 ) 
           4 CLA_8BIT_UNIT ( ADD_SUB_CLA_8bit_1449 ) 
              5 CLA_4BIT_UNIT_0 ( ADD_SUB_CLA_4bit_771 ) 
              5 CLA_4BIT_UNIT_1 ( ADD_SUB_CLA_4bit_770 ) 
        3 EXP_COM_8BIT ( ADD_SUB_EXP_comp_SIZE_DATA8_2446 ) 
           4 COMP_LESS_UNIT ( ADD_SUB_COMP_8bit_SIZE_DATA8_2304 ) 
              5 u_high ( ADD_SUB_COMP_4bit_1770 ) 
              5 u_low ( ADD_SUB_COMP_4bit_1771 ) 
        3 EXP_RND ( ADD_SUB_EXP_rounding_SIZE_DATA8_2517 ) 
        3 EXP_SUB ( ADD_SUB_EXP_sub_SIZE_EXP_SUB8_2588 ) 
           4 CLA_8BIT_UNIT ( ADD_SUB_CLA_8bit_1450 ) 
              5 CLA_4BIT_UNIT_0 ( ADD_SUB_CLA_4bit_779 ) 
              5 CLA_4BIT_UNIT_1 ( ADD_SUB_CLA_4bit_778 ) 
        3 EXP_SWAP ( ADD_SUB_EXP_swap_SIZE_DATA8_2659 ) 
        3 LOPD_24BIT ( ADD_SUB_LOPD_24bit_SIZE_DATA24_SIZE_LOPD5_2801 ) 
           4 LOPD_16bit_UNIT_MSB ( ADD_SUB_LOPD_16bit_2730 ) 
              5 LOPD_8bit_unit_0 ( ADD_SUB_LOPD_8bit_2884 ) 
              5 LOPD_8bit_unit_1 ( ADD_SUB_LOPD_8bit_2883 ) 
           4 LOPD_8bit_UNIT_LSB ( ADD_SUB_LOPD_8bit_2882 ) 
        3 MAN_ALU ( ADD_SUB_MAN_ALU_NUM_OP1_SIZE_MAN24_3087 ) 
           4 ALU_SUB_UNIT ( ADD_SUB_CLA_24bit_283 ) 
              5 CLA_BLOCK_GEN[0].CLA_4BIT_UNIT ( ADD_SUB_CLA_4bit_777 ) 
              5 CLA_BLOCK_GEN[1].CLA_4BIT_UNIT ( ADD_SUB_CLA_4bit_776 ) 
              5 CLA_BLOCK_GEN[2].CLA_4BIT_UNIT ( ADD_SUB_CLA_4bit_775 ) 
              5 CLA_BLOCK_GEN[3].CLA_4BIT_UNIT ( ADD_SUB_CLA_4bit_774 ) 
              5 CLA_BLOCK_GEN[4].CLA_4BIT_UNIT ( ADD_SUB_CLA_4bit_773 ) 
              5 CLA_BLOCK_GEN[5].CLA_4BIT_UNIT ( ADD_SUB_CLA_4bit_772 ) 
        3 MAN_ALU_PROC_RND ( ADD_SUB_CLS_4bit_1587 ) 
        3 MAN_COMP_24BIT ( ADD_SUB_COMP_24bit_SIZE_DATA24_1658 ) 
           4 u_i_data_0 ( ADD_SUB_COMP_4bit_1769 ) 
           4 u_i_data_1 ( ADD_SUB_COMP_4bit_1768 ) 
           4 u_i_data_2 ( ADD_SUB_COMP_4bit_1767 ) 
           4 u_i_data_3 ( ADD_SUB_COMP_4bit_1766 ) 
           4 u_i_data_4 ( ADD_SUB_COMP_4bit_1765 ) 
           4 u_i_data_5 ( ADD_SUB_COMP_4bit_1764 ) 
        3 MAN_RND ( ADD_SUB_MAN_rounding_SIZE_MAN32_SIZE_MAN_RESULT24_3158 ) 
        3 MAN_SWAP ( ADD_SUB_MAN_swap_SIZE_MAN24_3234 ) 
        3 MAN_SWAP_PRE ( ADD_SUB_MAN_swap_SIZE_MAN24_3235 ) 
        3 NOR_UNIT ( ADD_SUB_NOR_unit_SIZE_LOPD5_SIZE_DATA32_3372 ) 
           4 SHF_left_unit ( ADD_SUB_SHF_left_SIZE_DATA32_SIZE_SHIFT5_3514 ) 
        3 PSC_UNIT ( ADD_SUB_PSC_unit_3443 ) 
        3 SHF_RIGHT_MAN ( ADD_SUB_SHF_right_SIZE_DATA32_SIZE_SHIFT5_3585 ) 
        3 SIGN_UNIT ( ADD_SUB_SIGN_unit_3656 ) 
     2 sub1 ( FPU_add_sub_NUM_OP1_6850 ) 
        3 EXP_ADJUST ( ADD_SUB_EXP_adjust_SIZE_EXP8_SIZE_LOPD8_2371 ) 
           4 CLA_8BIT_UNIT ( ADD_SUB_CLA_8bit_1441 ) 
              5 CLA_4BIT_UNIT_0 ( ADD_SUB_CLA_4bit_731 ) 
              5 CLA_4BIT_UNIT_1 ( ADD_SUB_CLA_4bit_730 ) 
        3 EXP_COM_8BIT ( ADD_SUB_EXP_comp_SIZE_DATA8_2442 ) 
           4 COMP_LESS_UNIT ( ADD_SUB_COMP_8bit_SIZE_DATA8_2300 ) 
              5 u_high ( ADD_SUB_COMP_4bit_1738 ) 
              5 u_low ( ADD_SUB_COMP_4bit_1739 ) 
        3 EXP_RND ( ADD_SUB_EXP_rounding_SIZE_DATA8_2513 ) 
        3 EXP_SUB ( ADD_SUB_EXP_sub_SIZE_EXP_SUB8_2584 ) 
           4 CLA_8BIT_UNIT ( ADD_SUB_CLA_8bit_1442 ) 
              5 CLA_4BIT_UNIT_0 ( ADD_SUB_CLA_4bit_739 ) 
              5 CLA_4BIT_UNIT_1 ( ADD_SUB_CLA_4bit_738 ) 
        3 EXP_SWAP ( ADD_SUB_EXP_swap_SIZE_DATA8_2655 ) 
        3 LOPD_24BIT ( ADD_SUB_LOPD_24bit_SIZE_DATA24_SIZE_LOPD5_2797 ) 
           4 LOPD_16bit_UNIT_MSB ( ADD_SUB_LOPD_16bit_2726 ) 
              5 LOPD_8bit_unit_0 ( ADD_SUB_LOPD_8bit_2872 ) 
              5 LOPD_8bit_unit_1 ( ADD_SUB_LOPD_8bit_2871 ) 
           4 LOPD_8bit_UNIT_LSB ( ADD_SUB_LOPD_8bit_2870 ) 
        3 MAN_ALU ( ADD_SUB_MAN_ALU_NUM_OP1_SIZE_MAN24_3083 ) 
           4 ALU_SUB_UNIT ( ADD_SUB_CLA_24bit_279 ) 
              5 CLA_BLOCK_GEN[0].CLA_4BIT_UNIT ( ADD_SUB_CLA_4bit_737 ) 
              5 CLA_BLOCK_GEN[1].CLA_4BIT_UNIT ( ADD_SUB_CLA_4bit_736 ) 
              5 CLA_BLOCK_GEN[2].CLA_4BIT_UNIT ( ADD_SUB_CLA_4bit_735 ) 
              5 CLA_BLOCK_GEN[3].CLA_4BIT_UNIT ( ADD_SUB_CLA_4bit_734 ) 
              5 CLA_BLOCK_GEN[4].CLA_4BIT_UNIT ( ADD_SUB_CLA_4bit_733 ) 
              5 CLA_BLOCK_GEN[5].CLA_4BIT_UNIT ( ADD_SUB_CLA_4bit_732 ) 
        3 MAN_ALU_PROC_RND ( ADD_SUB_CLS_4bit_1583 ) 
        3 MAN_COMP_24BIT ( ADD_SUB_COMP_24bit_SIZE_DATA24_1654 ) 
           4 u_i_data_0 ( ADD_SUB_COMP_4bit_1737 ) 
           4 u_i_data_1 ( ADD_SUB_COMP_4bit_1736 ) 
           4 u_i_data_2 ( ADD_SUB_COMP_4bit_1735 ) 
           4 u_i_data_3 ( ADD_SUB_COMP_4bit_1734 ) 
           4 u_i_data_4 ( ADD_SUB_COMP_4bit_1733 ) 
           4 u_i_data_5 ( ADD_SUB_COMP_4bit_1732 ) 
        3 MAN_RND ( ADD_SUB_MAN_rounding_SIZE_MAN32_SIZE_MAN_RESULT24_3154 ) 
        3 MAN_SWAP ( ADD_SUB_MAN_swap_SIZE_MAN24_3226 ) 
        3 MAN_SWAP_PRE ( ADD_SUB_MAN_swap_SIZE_MAN24_3227 ) 
        3 NOR_UNIT ( ADD_SUB_NOR_unit_SIZE_LOPD5_SIZE_DATA32_3368 ) 
           4 SHF_left_unit ( ADD_SUB_SHF_left_SIZE_DATA32_SIZE_SHIFT5_3510 ) 
        3 PSC_UNIT ( ADD_SUB_PSC_unit_3439 ) 
        3 SHF_RIGHT_MAN ( ADD_SUB_SHF_right_SIZE_DATA32_SIZE_SHIFT5_3581 ) 
        3 SIGN_UNIT ( ADD_SUB_SIGN_unit_3652 ) 
     2 sub2 ( FPU_add_sub_NUM_OP1_6849 ) 
        3 EXP_ADJUST ( ADD_SUB_EXP_adjust_SIZE_EXP8_SIZE_LOPD8_2370 ) 
           4 CLA_8BIT_UNIT ( ADD_SUB_CLA_8bit_1439 ) 
              5 CLA_4BIT_UNIT_0 ( ADD_SUB_CLA_4bit_721 ) 
              5 CLA_4BIT_UNIT_1 ( ADD_SUB_CLA_4bit_870 ) 
        3 EXP_COM_8BIT ( ADD_SUB_EXP_comp_SIZE_DATA8_2441 ) 
           4 COMP_LESS_UNIT ( ADD_SUB_COMP_8bit_SIZE_DATA8_2299 ) 
              5 u_high ( ADD_SUB_COMP_4bit_1730 ) 
              5 u_low ( ADD_SUB_COMP_4bit_1731 ) 
        3 EXP_RND ( ADD_SUB_EXP_rounding_SIZE_DATA8_2527 ) 
        3 EXP_SUB ( ADD_SUB_EXP_sub_SIZE_EXP_SUB8_2583 ) 
           4 CLA_8BIT_UNIT ( ADD_SUB_CLA_8bit_1440 ) 
              5 CLA_4BIT_UNIT_0 ( ADD_SUB_CLA_4bit_729 ) 
              5 CLA_4BIT_UNIT_1 ( ADD_SUB_CLA_4bit_728 ) 
        3 EXP_SWAP ( ADD_SUB_EXP_swap_SIZE_DATA8_2654 ) 
        3 LOPD_24BIT ( ADD_SUB_LOPD_24bit_SIZE_DATA24_SIZE_LOPD5_2796 ) 
           4 LOPD_16bit_UNIT_MSB ( ADD_SUB_LOPD_16bit_2725 ) 
              5 LOPD_8bit_unit_0 ( ADD_SUB_LOPD_8bit_2869 ) 
              5 LOPD_8bit_unit_1 ( ADD_SUB_LOPD_8bit_2868 ) 
           4 LOPD_8bit_UNIT_LSB ( ADD_SUB_LOPD_8bit_2867 ) 
        3 MAN_ALU ( ADD_SUB_MAN_ALU_NUM_OP1_SIZE_MAN24_3082 ) 
           4 ALU_SUB_UNIT ( ADD_SUB_CLA_24bit_278 ) 
              5 CLA_BLOCK_GEN[0].CLA_4BIT_UNIT ( ADD_SUB_CLA_4bit_727 ) 
              5 CLA_BLOCK_GEN[1].CLA_4BIT_UNIT ( ADD_SUB_CLA_4bit_726 ) 
              5 CLA_BLOCK_GEN[2].CLA_4BIT_UNIT ( ADD_SUB_CLA_4bit_725 ) 
              5 CLA_BLOCK_GEN[3].CLA_4BIT_UNIT ( ADD_SUB_CLA_4bit_724 ) 
              5 CLA_BLOCK_GEN[4].CLA_4BIT_UNIT ( ADD_SUB_CLA_4bit_723 ) 
              5 CLA_BLOCK_GEN[5].CLA_4BIT_UNIT ( ADD_SUB_CLA_4bit_722 ) 
        3 MAN_ALU_PROC_RND ( ADD_SUB_CLS_4bit_1582 ) 
        3 MAN_COMP_24BIT ( ADD_SUB_COMP_24bit_SIZE_DATA24_1653 ) 
           4 u_i_data_0 ( ADD_SUB_COMP_4bit_1729 ) 
           4 u_i_data_1 ( ADD_SUB_COMP_4bit_1728 ) 
           4 u_i_data_2 ( ADD_SUB_COMP_4bit_1727 ) 
           4 u_i_data_3 ( ADD_SUB_COMP_4bit_1726 ) 
           4 u_i_data_4 ( ADD_SUB_COMP_4bit_1725 ) 
           4 u_i_data_5 ( ADD_SUB_COMP_4bit_1724 ) 
        3 MAN_RND ( ADD_SUB_MAN_rounding_SIZE_MAN32_SIZE_MAN_RESULT24_3153 ) 
        3 MAN_SWAP ( ADD_SUB_MAN_swap_SIZE_MAN24_3224 ) 
        3 MAN_SWAP_PRE ( ADD_SUB_MAN_swap_SIZE_MAN24_3225 ) 
        3 NOR_UNIT ( ADD_SUB_NOR_unit_SIZE_LOPD5_SIZE_DATA32_3367 ) 
           4 SHF_left_unit ( ADD_SUB_SHF_left_SIZE_DATA32_SIZE_SHIFT5_3509 ) 
        3 PSC_UNIT ( ADD_SUB_PSC_unit_3451 ) 
        3 SHF_RIGHT_MAN ( ADD_SUB_SHF_right_SIZE_DATA32_SIZE_SHIFT5_3580 ) 
        3 SIGN_UNIT ( ADD_SUB_SIGN_unit_3664 ) 
  1 DETECT_START_STAGE1 ( Detect_edge_POS_EDGE1 ) 
