============================================================
  Generated by:           Genus(TM) Synthesis Solution GENUS15.20 - 15.20-p004_1
  Generated on:           Jan 04 2026  05:31:25 am
  Module:                 FFT_8Points
  Wireload mode:          enclosed
  Area mode:              timing library
============================================================

                                                    Leakage    Dynamic     Total   
                  Instance                   Cells Power(nW)  Power(nW)  Power(nW) 
-----------------------------------------------------------------------------------
FFT_8Points                                 124968  7560.619 185893.852 193454.471 
  BFLY3_3                                    13214   944.496  18713.538  19658.034 
    mul1                                      1582   180.984   3161.055   3342.039 
      MAN_MUL_UNIT                            1186   169.976   2999.196   3169.173 
        MUL_UNIT_MAN_UNIT                     1178   169.646   2997.720   3167.366 
          u_booth                              440   122.807   2924.102   3046.909 
          u_wallace                            394    35.682      0.000     35.682 
            STAGE_GEN[0].u_stage               116    11.746      0.000     11.746 
            STAGE_GEN[1].u_stage                85     8.192      0.000      8.192 
            STAGE_GEN[2].u_stage                61     5.842      0.000      5.842 
            STAGE_GEN[3].u_stage                45     3.976      0.000      3.976 
            STAGE_GEN[4].u_stage                44     3.348      0.000      3.348 
            STAGE_GEN[5].u_stage                43     2.578      0.000      2.578 
          u_cla                                282     8.612     58.641     67.253 
            cla_tree                           201     4.529     15.082     19.611 
              MULTI_GROUP.next_level            32     0.770      0.949      1.719 
                COMPUTE_DE..Y[1].cla_unit       11     0.267      0.000      0.267 
                COMPUTE_DE..Y[2].cla_unit        8     0.175      0.949      1.124 
                COMPUTE_DE..Y[0].cla_unit        2     0.066      0.000      0.066 
                MULTI_GROUP.next_level           1     0.033      0.000      0.033 
                  COMPUTE_DE..Y[0].cla_unit      1     0.033      0.000      0.033 
              COMPUTE_DE..Y[6].cla_unit         11     0.278      0.000      0.278 
              COMPUTE_DE..Y[3].cla_unit         11     0.270      0.000      0.270 
              COMPUTE_DE..Y[4].cla_unit         11     0.266      0.000      0.266 
              COMPUTE_DE..Y[8].cla_unit         11     0.260      3.164      3.424 
              COMPUTE_DE..Y[2].cla_unit         11     0.260      0.000      0.260 
              COMPUTE_DE..Y[5].cla_unit         11     0.260      0.000      0.260 
              COMPUTE_DE..Y[9].cla_unit         11     0.252      0.844      1.096 
              COMPUTE_DE..[10].cla_unit         11     0.243      1.793      2.036 
              COMPUTE_DE..Y[7].cla_unit         11     0.237      1.898      2.135 
              COMPUTE_DE..[11].cla_unit          7     0.152      1.582      1.734 
          u_merge                               62     2.546     14.977     17.522 
            csa_row[25].u_fa                     2     0.064      0.000      0.064 
            csa_row[27].u_fa                     2     0.064      0.000      0.064 
            csa_row[28].u_fa                     2     0.064      0.000      0.064 
            csa_row[30].u_fa                     2     0.064      0.000      0.064 
            csa_row[32].u_fa                     2     0.064      0.000      0.064 
            csa_row[33].u_fa                     2     0.064      0.000      0.064 
            csa_row[34].u_fa                     2     0.064      0.000      0.064 
            csa_row[35].u_fa                     2     0.064      0.000      0.064 
            csa_row[38].u_fa                     2     0.064      0.000      0.064 
            csa_row[39].u_fa                     2     0.064      0.000      0.064 
            csa_row[43].u_fa                     2     0.064      0.000      0.064 
            csa_row[10].u_fa                     1     0.060      0.527      0.588 
            csa_row[11].u_fa                     1     0.060      0.527      0.588 
            csa_row[12].u_fa                     1     0.060      0.000      0.060 
            csa_row[13].u_fa                     1     0.060      0.000      0.060 
            csa_row[14].u_fa                     1     0.060      0.000      0.060 
            csa_row[15].u_fa                     1     0.060      0.527      0.588 
            csa_row[16].u_fa                     1     0.060      0.000      0.060 
            csa_row[17].u_fa                     1     0.060      0.000      0.060 
            csa_row[18].u_fa                     1     0.060      0.527      0.588 
            csa_row[19].u_fa                     1     0.060      0.527      0.588 
            csa_row[20].u_fa                     1     0.060      0.527      0.588 
            csa_row[21].u_fa                     1     0.060      0.000      0.060 
            csa_row[22].u_fa                     1     0.060      0.527      0.588 
            csa_row[23].u_fa                     1     0.060      0.000      0.060 
            csa_row[24].u_fa                     1     0.060      0.000      0.060 
            csa_row[29].u_fa                     1     0.060      0.527      0.588 
            csa_row[45].u_fa                     1     0.060      0.527      0.588 
            csa_row[6].u_fa                      1     0.060      0.000      0.060 
            csa_row[7].u_fa                      1     0.060      0.000      0.060 
            csa_row[8].u_fa                      1     0.060      0.527      0.588 
            csa_row[9].u_fa                      1     0.060      0.527      0.588 
            csa_row[31].u_fa                     2     0.060      1.160      1.220 
            csa_row[36].u_fa                     2     0.060      1.160      1.220 
            csa_row[40].u_fa                     2     0.060      1.160      1.220 
            csa_row[42].u_fa                     2     0.060      1.160      1.220 
            csa_row[46].u_fa                     2     0.060      1.055      1.115 
            csa_row[37].u_fa                     2     0.060      1.160      1.220 
            csa_row[41].u_fa                     2     0.060      1.160      1.220 
            csa_row[44].u_fa                     2     0.060      1.160      1.220 
            csa_row[26].u_fa                     2     0.056      0.000      0.056 
            csa_row[47].u_fa                     1     0.038      0.000      0.038 
      NOR_UNIT                                 178     4.712     32.484     37.196 
        SHF_left_unit                          124     3.359     15.188     18.547 
      MAN_ROUNDING_UNIT                         24     1.384      2.320      3.705 
      MUL_EXP_ADJUST_UNIT                       45     1.341     39.264     40.605 
        CLA_8BIT_UNIT                           30     0.986     23.287     24.273 
          CLA_4BIT_UNIT_0                       18     0.500      9.997     10.497 
          CLA_4BIT_UNIT_1                       11     0.453     13.291     13.743 
      LOPD_UNIT                                 58     1.119      3.691      4.811 
        LOPD_16bit_UNIT_MSB                     34     0.661      2.637      3.298 
          LOPD_8bit_unit_0                      14     0.259      1.160      1.419 
          LOPD_8bit_unit_1                      14     0.254      1.477      1.730 
        LOPD_8bit_UNIT_LSB                      14     0.296      1.055      1.351 
      EXP_ROUNDING_UNIT                         15     0.517     10.741     11.258 
      MUL_EXP_UNIT                              21     0.500     19.823     20.323 
      PSC_UNIT                                  12     0.335      8.385      8.720 
    mul3                                      1582   180.984   3161.266   3342.250 
      MAN_MUL_UNIT                            1186   169.976   2999.196   3169.173 
        MUL_UNIT_MAN_UNIT                     1178   169.646   2997.720   3167.366 
          u_booth                              440   122.807   2924.102   3046.909 
          u_wallace                            394    35.682      0.000     35.682 
            STAGE_GEN[0].u_stage               116    11.746      0.000     11.746 
            STAGE_GEN[1].u_stage                85     8.192      0.000      8.192 
            STAGE_GEN[2].u_stage                61     5.842      0.000      5.842 
            STAGE_GEN[3].u_stage                45     3.976      0.000      3.976 
            STAGE_GEN[4].u_stage                44     3.348      0.000      3.348 
            STAGE_GEN[5].u_stage                43     2.578      0.000      2.578 
          u_cla                                282     8.612     58.641     67.253 
            cla_tree                           201     4.529     15.082     19.611 
              MULTI_GROUP.next_level            32     0.770      0.949      1.719 
                COMPUTE_DE..Y[1].cla_unit       11     0.267      0.000      0.267 
                COMPUTE_DE..Y[2].cla_unit        8     0.175      0.949      1.124 
                COMPUTE_DE..Y[0].cla_unit        2     0.066      0.000      0.066 
                MULTI_GROUP.next_level           1     0.033      0.000      0.033 
                  COMPUTE_DE..Y[0].cla_unit      1     0.033      0.000      0.033 
              COMPUTE_DE..Y[6].cla_unit         11     0.278      0.000      0.278 
              COMPUTE_DE..Y[3].cla_unit         11     0.270      0.000      0.270 
              COMPUTE_DE..Y[4].cla_unit         11     0.266      0.000      0.266 
              COMPUTE_DE..Y[8].cla_unit         11     0.260      3.164      3.424 
              COMPUTE_DE..Y[2].cla_unit         11     0.260      0.000      0.260 
              COMPUTE_DE..Y[5].cla_unit         11     0.260      0.000      0.260 
              COMPUTE_DE..Y[9].cla_unit         11     0.252      0.844      1.096 
              COMPUTE_DE..[10].cla_unit         11     0.243      1.793      2.036 
              COMPUTE_DE..Y[7].cla_unit         11     0.237      1.898      2.135 
              COMPUTE_DE..[11].cla_unit          7     0.152      1.582      1.734 
          u_merge                               62     2.546     14.977     17.522 
            csa_row[25].u_fa                     2     0.064      0.000      0.064 
            csa_row[27].u_fa                     2     0.064      0.000      0.064 
            csa_row[28].u_fa                     2     0.064      0.000      0.064 
            csa_row[30].u_fa                     2     0.064      0.000      0.064 
            csa_row[32].u_fa                     2     0.064      0.000      0.064 
            csa_row[33].u_fa                     2     0.064      0.000      0.064 
            csa_row[34].u_fa                     2     0.064      0.000      0.064 
            csa_row[35].u_fa                     2     0.064      0.000      0.064 
            csa_row[38].u_fa                     2     0.064      0.000      0.064 
            csa_row[39].u_fa                     2     0.064      0.000      0.064 
            csa_row[43].u_fa                     2     0.064      0.000      0.064 
            csa_row[10].u_fa                     1     0.060      0.527      0.588 
            csa_row[11].u_fa                     1     0.060      0.527      0.588 
            csa_row[12].u_fa                     1     0.060      0.000      0.060 
            csa_row[13].u_fa                     1     0.060      0.000      0.060 
            csa_row[14].u_fa                     1     0.060      0.000      0.060 
            csa_row[15].u_fa                     1     0.060      0.527      0.588 
            csa_row[16].u_fa                     1     0.060      0.000      0.060 
            csa_row[17].u_fa                     1     0.060      0.000      0.060 
            csa_row[18].u_fa                     1     0.060      0.527      0.588 
            csa_row[19].u_fa                     1     0.060      0.527      0.588 
            csa_row[20].u_fa                     1     0.060      0.527      0.588 
            csa_row[21].u_fa                     1     0.060      0.000      0.060 
            csa_row[22].u_fa                     1     0.060      0.527      0.588 
            csa_row[23].u_fa                     1     0.060      0.000      0.060 
            csa_row[24].u_fa                     1     0.060      0.000      0.060 
            csa_row[29].u_fa                     1     0.060      0.527      0.588 
            csa_row[45].u_fa                     1     0.060      0.527      0.588 
            csa_row[6].u_fa                      1     0.060      0.000      0.060 
            csa_row[7].u_fa                      1     0.060      0.000      0.060 
            csa_row[8].u_fa                      1     0.060      0.527      0.588 
            csa_row[9].u_fa                      1     0.060      0.527      0.588 
            csa_row[31].u_fa                     2     0.060      1.160      1.220 
            csa_row[36].u_fa                     2     0.060      1.160      1.220 
            csa_row[40].u_fa                     2     0.060      1.160      1.220 
            csa_row[42].u_fa                     2     0.060      1.160      1.220 
            csa_row[46].u_fa                     2     0.060      1.055      1.115 
            csa_row[37].u_fa                     2     0.060      1.160      1.220 
            csa_row[41].u_fa                     2     0.060      1.160      1.220 
            csa_row[44].u_fa                     2     0.060      1.160      1.220 
            csa_row[26].u_fa                     2     0.056      0.000      0.056 
            csa_row[47].u_fa                     1     0.038      0.000      0.038 
      NOR_UNIT                                 178     4.712     32.484     37.196 
        SHF_left_unit                          124     3.359     15.188     18.547 
      MAN_ROUNDING_UNIT                         24     1.384      2.320      3.705 
      MUL_EXP_ADJUST_UNIT                       45     1.341     39.264     40.605 
        CLA_8BIT_UNIT                           30     0.986     23.287     24.273 
          CLA_4BIT_UNIT_0                       18     0.500      9.997     10.497 
          CLA_4BIT_UNIT_1                       11     0.453     13.291     13.743 
      LOPD_UNIT                                 58     1.119      3.691      4.811 
        LOPD_16bit_UNIT_MSB                     34     0.661      2.637      3.298 
          LOPD_8bit_unit_0                      14     0.259      1.160      1.419 
          LOPD_8bit_unit_1                      14     0.254      1.477      1.730 
        LOPD_8bit_UNIT_LSB                      14     0.296      1.055      1.351 
      EXP_ROUNDING_UNIT                         15     0.517     10.741     11.258 
      MUL_EXP_UNIT                              21     0.500     19.823     20.323 
      PSC_UNIT                                  12     0.335      8.385      8.720 
    mul0                                      1584   180.512   2525.880   2706.392 
      MAN_MUL_UNIT                            1186   169.436   2338.279   2507.715 
        MUL_UNIT_MAN_UNIT                     1178   169.110   2337.224   2506.335 
          u_booth                              440   122.230   2249.896   2372.127 
          u_wallace                            394    35.682      0.000     35.682 
            STAGE_GEN[0].u_stage               116    11.746      0.000     11.746 
            STAGE_GEN[1].u_stage                85     8.192      0.000      8.192 
            STAGE_GEN[2].u_stage                61     5.842      0.000      5.842 
            STAGE_GEN[3].u_stage                45     3.976      0.000      3.976 
            STAGE_GEN[4].u_stage                44     3.348      0.000      3.348 
            STAGE_GEN[5].u_stage                43     2.578      0.000      2.578 
          u_cla                                282     8.649     71.086     79.735 
            cla_tree                           201     4.535     22.992     27.527 
              MULTI_GROUP.next_level            32     0.771      3.164      3.935 
                COMPUTE_DE..Y[1].cla_unit       11     0.273      0.633      0.906 
                COMPUTE_DE..Y[2].cla_unit        8     0.181      1.371      1.552 
                COMPUTE_DE..Y[0].cla_unit        2     0.066      0.000      0.066 
                MULTI_GROUP.next_level           1     0.036      0.633      0.669 
                  COMPUTE_DE..Y[0].cla_unit      1     0.036      0.633      0.669 
              COMPUTE_DE..Y[3].cla_unit         11     0.270      0.000      0.270 
              COMPUTE_DE..Y[5].cla_unit         11     0.269      0.000      0.269 
              COMPUTE_DE..Y[6].cla_unit         11     0.267      0.000      0.267 
              COMPUTE_DE..Y[4].cla_unit         11     0.266      0.000      0.266 
              COMPUTE_DE..Y[2].cla_unit         11     0.260      0.000      0.260 
              COMPUTE_DE..Y[9].cla_unit         11     0.257      0.949      1.206 
              COMPUTE_DE..Y[7].cla_unit         11     0.252      3.164      3.417 
              COMPUTE_DE..Y[8].cla_unit         11     0.249      1.898      2.148 
              COMPUTE_DE..[10].cla_unit         11     0.240      3.375      3.615 
              COMPUTE_DE..[11].cla_unit          7     0.162      1.477      1.639 
          u_merge                               62     2.549     16.242     18.791 
            csa_row[25].u_fa                     2     0.064      0.000      0.064 
            csa_row[26].u_fa                     2     0.064      0.000      0.064 
            csa_row[28].u_fa                     2     0.064      0.000      0.064 
            csa_row[30].u_fa                     2     0.064      0.000      0.064 
            csa_row[31].u_fa                     2     0.064      0.000      0.064 
            csa_row[32].u_fa                     2     0.064      0.000      0.064 
            csa_row[33].u_fa                     2     0.064      0.000      0.064 
            csa_row[36].u_fa                     2     0.064      0.000      0.064 
            csa_row[39].u_fa                     2     0.064      0.000      0.064 
            csa_row[40].u_fa                     2     0.064      0.000      0.064 
            csa_row[46].u_fa                     2     0.064      0.000      0.064 
            csa_row[10].u_fa                     1     0.060      0.527      0.588 
            csa_row[11].u_fa                     1     0.060      0.000      0.060 
            csa_row[12].u_fa                     1     0.060      0.000      0.060 
            csa_row[13].u_fa                     1     0.060      0.000      0.060 
            csa_row[14].u_fa                     1     0.060      0.000      0.060 
            csa_row[15].u_fa                     1     0.060      0.527      0.588 
            csa_row[16].u_fa                     1     0.060      0.000      0.060 
            csa_row[17].u_fa                     1     0.060      0.000      0.060 
            csa_row[18].u_fa                     1     0.060      0.527      0.588 
            csa_row[19].u_fa                     1     0.060      0.527      0.588 
            csa_row[20].u_fa                     1     0.060      0.000      0.060 
            csa_row[21].u_fa                     1     0.060      0.527      0.588 
            csa_row[22].u_fa                     1     0.060      0.527      0.588 
            csa_row[23].u_fa                     1     0.060      0.527      0.588 
            csa_row[24].u_fa                     1     0.060      0.000      0.060 
            csa_row[29].u_fa                     1     0.060      0.527      0.588 
            csa_row[45].u_fa                     1     0.060      0.527      0.588 
            csa_row[6].u_fa                      1     0.060      0.000      0.060 
            csa_row[7].u_fa                      1     0.060      0.527      0.588 
            csa_row[8].u_fa                      1     0.060      0.527      0.588 
            csa_row[9].u_fa                      1     0.060      0.000      0.060 
            csa_row[27].u_fa                     2     0.060      1.160      1.220 
            csa_row[34].u_fa                     2     0.060      1.160      1.220 
            csa_row[35].u_fa                     2     0.060      1.160      1.220 
            csa_row[37].u_fa                     2     0.060      1.160      1.220 
            csa_row[38].u_fa                     2     0.060      1.160      1.220 
            csa_row[44].u_fa                     2     0.060      1.160      1.220 
            csa_row[41].u_fa                     2     0.060      1.160      1.220 
            csa_row[42].u_fa                     2     0.060      1.160      1.220 
            csa_row[43].u_fa                     2     0.060      1.160      1.220 
            csa_row[47].u_fa                     1     0.038      0.000      0.038 
      NOR_UNIT                                 178     4.485     51.680     56.164 
        SHF_left_unit                          124     3.184     29.953     33.137 
      MAN_ROUNDING_UNIT                         24     1.381      2.953      4.334 
      MUL_EXP_ADJUST_UNIT                       45     1.339     33.571     34.910 
        CLA_8BIT_UNIT                           30     0.963     14.944     15.907 
          CLA_4BIT_UNIT_0                       18     0.499      6.595      7.094 
          CLA_4BIT_UNIT_1                       11     0.431      7.687      8.118 
      LOPD_UNIT                                 58     1.060      7.594      8.653 
        LOPD_16bit_UNIT_MSB                     34     0.651      3.270      3.920 
          LOPD_8bit_unit_1                      14     0.270      2.426      2.696 
          LOPD_8bit_unit_0                      14     0.221      0.633      0.853 
        LOPD_8bit_UNIT_LSB                      14     0.253      2.320      2.573 
      MUL_EXP_UNIT                              21     0.679     11.178     11.858 
      EXP_ROUNDING_UNIT                         15     0.498     12.477     12.975 
      PSC_UNIT                                  12     0.347      7.723      8.070 
    mul2                                      1583   180.440   2523.982   2704.422 
      MAN_MUL_UNIT                            1186   169.436   2338.279   2507.715 
        MUL_UNIT_MAN_UNIT                     1178   169.110   2337.224   2506.335 
          u_booth                              440   122.230   2249.896   2372.127 
          u_wallace                            394    35.682      0.000     35.682 
            STAGE_GEN[0].u_stage               116    11.746      0.000     11.746 
            STAGE_GEN[1].u_stage                85     8.192      0.000      8.192 
            STAGE_GEN[2].u_stage                61     5.842      0.000      5.842 
            STAGE_GEN[3].u_stage                45     3.976      0.000      3.976 
            STAGE_GEN[4].u_stage                44     3.348      0.000      3.348 
            STAGE_GEN[5].u_stage                43     2.578      0.000      2.578 
          u_cla                                282     8.649     71.086     79.735 
            cla_tree                           201     4.535     22.992     27.527 
              MULTI_GROUP.next_level            32     0.771      3.164      3.935 
                COMPUTE_DE..Y[1].cla_unit       11     0.273      0.633      0.906 
                COMPUTE_DE..Y[2].cla_unit        8     0.181      1.371      1.552 
                COMPUTE_DE..Y[0].cla_unit        2     0.066      0.000      0.066 
                MULTI_GROUP.next_level           1     0.036      0.633      0.669 
                  COMPUTE_DE..Y[0].cla_unit      1     0.036      0.633      0.669 
              COMPUTE_DE..Y[3].cla_unit         11     0.270      0.000      0.270 
              COMPUTE_DE..Y[5].cla_unit         11     0.269      0.000      0.269 
              COMPUTE_DE..Y[6].cla_unit         11     0.267      0.000      0.267 
              COMPUTE_DE..Y[4].cla_unit         11     0.266      0.000      0.266 
              COMPUTE_DE..Y[2].cla_unit         11     0.260      0.000      0.260 
              COMPUTE_DE..Y[9].cla_unit         11     0.257      0.949      1.206 
              COMPUTE_DE..Y[7].cla_unit         11     0.252      3.164      3.417 
              COMPUTE_DE..Y[8].cla_unit         11     0.249      1.898      2.148 
              COMPUTE_DE..[10].cla_unit         11     0.240      3.375      3.615 
              COMPUTE_DE..[11].cla_unit          7     0.162      1.477      1.639 
          u_merge                               62     2.549     16.242     18.791 
            csa_row[25].u_fa                     2     0.064      0.000      0.064 
            csa_row[26].u_fa                     2     0.064      0.000      0.064 
            csa_row[28].u_fa                     2     0.064      0.000      0.064 
            csa_row[30].u_fa                     2     0.064      0.000      0.064 
            csa_row[31].u_fa                     2     0.064      0.000      0.064 
            csa_row[32].u_fa                     2     0.064      0.000      0.064 
            csa_row[33].u_fa                     2     0.064      0.000      0.064 
            csa_row[36].u_fa                     2     0.064      0.000      0.064 
            csa_row[39].u_fa                     2     0.064      0.000      0.064 
            csa_row[40].u_fa                     2     0.064      0.000      0.064 
            csa_row[46].u_fa                     2     0.064      0.000      0.064 
            csa_row[10].u_fa                     1     0.060      0.527      0.588 
            csa_row[11].u_fa                     1     0.060      0.000      0.060 
            csa_row[12].u_fa                     1     0.060      0.000      0.060 
            csa_row[13].u_fa                     1     0.060      0.000      0.060 
            csa_row[14].u_fa                     1     0.060      0.000      0.060 
            csa_row[15].u_fa                     1     0.060      0.527      0.588 
            csa_row[16].u_fa                     1     0.060      0.000      0.060 
            csa_row[17].u_fa                     1     0.060      0.000      0.060 
            csa_row[18].u_fa                     1     0.060      0.527      0.588 
            csa_row[19].u_fa                     1     0.060      0.527      0.588 
            csa_row[20].u_fa                     1     0.060      0.000      0.060 
            csa_row[21].u_fa                     1     0.060      0.527      0.588 
            csa_row[22].u_fa                     1     0.060      0.527      0.588 
            csa_row[23].u_fa                     1     0.060      0.527      0.588 
            csa_row[24].u_fa                     1     0.060      0.000      0.060 
            csa_row[29].u_fa                     1     0.060      0.527      0.588 
            csa_row[45].u_fa                     1     0.060      0.527      0.588 
            csa_row[6].u_fa                      1     0.060      0.000      0.060 
            csa_row[7].u_fa                      1     0.060      0.527      0.588 
            csa_row[8].u_fa                      1     0.060      0.527      0.588 
            csa_row[9].u_fa                      1     0.060      0.000      0.060 
            csa_row[27].u_fa                     2     0.060      1.160      1.220 
            csa_row[34].u_fa                     2     0.060      1.160      1.220 
            csa_row[35].u_fa                     2     0.060      1.160      1.220 
            csa_row[37].u_fa                     2     0.060      1.160      1.220 
            csa_row[38].u_fa                     2     0.060      1.160      1.220 
            csa_row[44].u_fa                     2     0.060      1.160      1.220 
            csa_row[41].u_fa                     2     0.060      1.160      1.220 
            csa_row[42].u_fa                     2     0.060      1.160      1.220 
            csa_row[43].u_fa                     2     0.060      1.160      1.220 
            csa_row[47].u_fa                     1     0.038      0.000      0.038 
      NOR_UNIT                                 178     4.485     51.680     56.164 
        SHF_left_unit                          124     3.184     29.953     33.137 
      MAN_ROUNDING_UNIT                         24     1.381      2.953      4.334 
      MUL_EXP_ADJUST_UNIT                       45     1.339     33.571     34.910 
        CLA_8BIT_UNIT                           30     0.963     14.944     15.907 
          CLA_4BIT_UNIT_0                       18     0.499      6.595      7.094 
          CLA_4BIT_UNIT_1                       11     0.431      7.687      8.118 
      LOPD_UNIT                                 58     1.060      7.594      8.653 
        LOPD_16bit_UNIT_MSB                     34     0.651      3.270      3.920 
          LOPD_8bit_unit_1                      14     0.270      2.426      2.696 
          LOPD_8bit_unit_0                      14     0.221      0.633      0.853 
        LOPD_8bit_UNIT_LSB                      14     0.253      2.320      2.573 
      MUL_EXP_UNIT                              21     0.679     11.178     11.858 
      EXP_ROUNDING_UNIT                         15     0.498     12.477     12.975 
      PSC_UNIT                                  12     0.347      7.723      8.070 
    sub1                                      1136    37.251   1284.962   1322.213 
      MAN_ALU                                  217     7.074    210.342    217.416 
        ALU_SUB_UNIT                           120     3.889    106.037    109.925 
          CLA_BLOCK_..CLA_4BIT_UNIT             18     0.668     13.688     14.357 
          CLA_BLOCK_..CLA_4BIT_UNIT             18     0.573     20.213     20.786 
          CLA_BLOCK_..CLA_4BIT_UNIT             18     0.564      9.211      9.775 
          CLA_BLOCK_..CLA_4BIT_UNIT             18     0.540     18.156     18.696 
          CLA_BLOCK_..CLA_4BIT_UNIT             18     0.529     19.202     19.731 
          CLA_BLOCK_..CLA_4BIT_UNIT             15     0.518     16.240     16.758 
      NOR_UNIT                                 208     6.576    349.259    355.835 
        SHF_left_unit                          143     4.461    219.082    223.543 
      SHF_RIGHT_MAN                            138     4.465    186.476    190.941 
      PSC_UNIT                                  88     2.718     47.667     50.384 
      MAN_COMP_24BIT                            78     2.313     82.806     85.119 
        u_i_data_3                              13     0.413     14.150     14.563 
        u_i_data_2                              13     0.393     20.085     20.479 
        u_i_data_1                              13     0.384     18.025     18.409 
        u_i_data_4                              13     0.363     12.497     12.860 
        u_i_data_5                              10     0.306      2.437      2.743 
        u_i_data_0                              10     0.237     12.788     13.025 
      MAN_SWAP_PRE                              46     1.847     67.208     69.055 
      MAN_SWAP                                  50     1.803     65.605     67.408 
      MAN_RND                                   26     1.485     40.786     42.271 
      LOPD_24BIT                                58     1.352     29.948     31.300 
        LOPD_16bit_UNIT_MSB                     34     0.788     17.743     18.531 
          LOPD_8bit_unit_0                      14     0.325      8.551      8.877 
          LOPD_8bit_unit_1                      14     0.306      7.405      7.711 
        LOPD_8bit_UNIT_LSB                      14     0.299      8.611      8.910 
      EXP_ADJUST                                37     1.221     57.670     58.892 
        CLA_8BIT_UNIT                           30     1.033     41.080     42.113 
          CLA_4BIT_UNIT_0                       18     0.570     16.487     17.057 
          CLA_4BIT_UNIT_1                       11     0.437     22.951     23.388 
      EXP_SUB                                   25     0.819     19.319     20.138 
        CLA_8BIT_UNIT                           20     0.751     16.229     16.980 
          CLA_4BIT_UNIT_0                       17     0.658     16.229     16.887 
          CLA_4BIT_UNIT_1                        2     0.072      0.000      0.072 
      EXP_COM_8BIT                              24     0.671     10.682     11.353 
        COMP_LESS_UNIT                          24     0.671     10.682     11.353 
          u_high                                13     0.360      8.256      8.616 
          u_low                                 10     0.235      2.371      2.606 
      EXP_SWAP                                  13     0.493     14.679     15.172 
      EXP_RND                                   15     0.484     12.094     12.578 
      MAN_ALU_PROC_RND                           7     0.250      5.937      6.188 
      SIGN_UNIT                                  2     0.044      1.986      2.030 
    add2                                      1137    37.078   1263.603   1300.681 
      MAN_ALU                                  219     7.120    283.085    290.205 
        ALU_SUB_UNIT                           120     3.651    151.764    155.415 
          CLA_BLOCK_..CLA_4BIT_UNIT             18     0.613     22.874     23.487 
          CLA_BLOCK_..CLA_4BIT_UNIT             18     0.532     23.666     24.198 
          CLA_BLOCK_..CLA_4BIT_UNIT             18     0.524     23.427     23.952 
          CLA_BLOCK_..CLA_4BIT_UNIT             18     0.520     19.974     20.494 
          CLA_BLOCK_..CLA_4BIT_UNIT             18     0.506     24.867     25.374 
          CLA_BLOCK_..CLA_4BIT_UNIT             15     0.497     19.761     20.258 
      NOR_UNIT                                 208     6.542    224.780    231.322 
        SHF_left_unit                          143     4.372    161.878    166.250 
      SHF_RIGHT_MAN                            137     4.193    145.917    150.111 
      PSC_UNIT                                  87     2.921     67.480     70.402 
      MAN_COMP_24BIT                            78     2.353     69.153     71.506 
        u_i_data_4                              13     0.393     10.581     10.974 
        u_i_data_3                              13     0.392     10.281     10.673 
        u_i_data_1                              13     0.391     13.931     14.323 
        u_i_data_2                              13     0.377     20.643     21.020 
        u_i_data_5                              10     0.306      2.437      2.743 
        u_i_data_0                              10     0.259      8.462      8.721 
      MAN_SWAP                                  52     1.871     56.791     58.661 
      MAN_SWAP_PRE                              46     1.723     82.956     84.679 
      MAN_RND                                   26     1.488     34.546     36.035 
      LOPD_24BIT                                58     1.416     30.175     31.592 
        LOPD_16bit_UNIT_MSB                     34     0.844     19.791     20.636 
          LOPD_8bit_unit_1                      14     0.358      5.702      6.061 
          LOPD_8bit_unit_0                      14     0.337     14.068     14.405 
        LOPD_8bit_UNIT_LSB                      14     0.296     10.249     10.545 
      EXP_ADJUST                                37     1.197     33.046     34.243 
        CLA_8BIT_UNIT                           30     1.097     33.046     34.143 
          CLA_4BIT_UNIT_0                       18     0.586     18.574     19.160 
          CLA_4BIT_UNIT_1                       11     0.484     14.443     14.927 
      EXP_SUB                                   25     0.783     54.075     54.858 
        CLA_8BIT_UNIT                           20     0.736     51.839     52.576 
          CLA_4BIT_UNIT_0                       17     0.626     48.181     48.806 
          CLA_4BIT_UNIT_1                        2     0.088      2.395      2.482 
      EXP_COM_8BIT                              24     0.639     40.391     41.030 
        COMP_LESS_UNIT                          24     0.639     40.391     41.030 
          u_high                                13     0.337     14.425     14.762 
          u_low                                 10     0.205      2.298      2.502 
      EXP_RND                                   15     0.486     14.598     15.084 
      EXP_SWAP                                  13     0.418     27.686     28.104 
      MAN_ALU_PROC_RND                           7     0.250      5.992      6.242 
      SIGN_UNIT                                  1     0.027      0.470      0.497 
    add1                                      1137    37.038   1026.657   1063.695 
      MAN_ALU                                  219     7.029    222.446    229.475 
        ALU_SUB_UNIT                           120     3.664    132.520    136.184 
          CLA_BLOCK_..CLA_4BIT_UNIT             18     0.579     24.763     25.342 
          CLA_BLOCK_..CLA_4BIT_UNIT             18     0.575     11.817     12.392 
          CLA_BLOCK_..CLA_4BIT_UNIT             18     0.521     19.313     19.834 
          CLA_BLOCK_..CLA_4BIT_UNIT             18     0.520     23.075     23.595 
          CLA_BLOCK_..CLA_4BIT_UNIT             18     0.507     22.829     23.336 
          CLA_BLOCK_..CLA_4BIT_UNIT             15     0.497     15.680     16.178 
      NOR_UNIT                                 208     6.421    166.615    173.036 
        SHF_left_unit                          143     4.391    115.244    119.635 
      SHF_RIGHT_MAN                            137     4.417    185.025    189.443 
      PSC_UNIT                                  87     2.716     54.243     56.959 
      MAN_COMP_24BIT                            78     2.313     82.802     85.115 
        u_i_data_3                              13     0.413     14.151     14.564 
        u_i_data_2                              13     0.393     20.085     20.479 
        u_i_data_1                              13     0.384     18.020     18.404 
        u_i_data_4                              13     0.363     12.497     12.860 
        u_i_data_5                              10     0.306      2.437      2.743 
        u_i_data_0                              10     0.237     12.788     13.025 
      MAN_SWAP_PRE                              46     1.847     67.208     69.055 
      MAN_SWAP                                  52     1.830     68.150     69.980 
      MAN_RND                                   26     1.489     37.773     39.262 
      LOPD_24BIT                                58     1.405     23.592     24.997 
        LOPD_16bit_UNIT_MSB                     34     0.877     16.023     16.900 
          LOPD_8bit_unit_0                      14     0.369     10.060     10.429 
          LOPD_8bit_unit_1                      14     0.358      5.963      6.322 
        LOPD_8bit_UNIT_LSB                      14     0.252      7.433      7.685 
      EXP_ADJUST                                37     1.183     14.164     15.347 
        CLA_8BIT_UNIT                           30     1.083     14.164     15.248 
          CLA_4BIT_UNIT_0                       18     0.575      5.562      6.138 
          CLA_4BIT_UNIT_1                       11     0.478      8.602      9.080 
      EXP_SUB                                   25     0.817     19.244     20.061 
        CLA_8BIT_UNIT                           20     0.749     16.154     16.903 
          CLA_4BIT_UNIT_0                       17     0.656     16.154     16.810 
          CLA_4BIT_UNIT_1                        2     0.072      0.000      0.072 
      EXP_COM_8BIT                              24     0.671     10.682     11.353 
        COMP_LESS_UNIT                          24     0.671     10.682     11.353 
          u_high                                13     0.360      8.256      8.616 
          u_low                                 10     0.235      2.371      2.606 
      EXP_SWAP                                  13     0.493     14.679     15.172 
      EXP_RND                                   15     0.491      7.511      8.002 
      MAN_ALU_PROC_RND                           7     0.250      5.937      6.187 
      SIGN_UNIT                                  1     0.037      1.775      1.813 
    add0                                      1170    36.834   1458.815   1495.648 
      MAN_ALU                                  219     7.029    277.006    284.035 
        ALU_SUB_UNIT                           120     3.753    147.211    150.964 
          CLA_BLOCK_..CLA_4BIT_UNIT             18     0.620     29.014     29.634 
          CLA_BLOCK_..CLA_4BIT_UNIT             18     0.569     17.115     17.684 
          CLA_BLOCK_..CLA_4BIT_UNIT             18     0.547     19.523     20.070 
          CLA_BLOCK_..CLA_4BIT_UNIT             18     0.530     25.123     25.653 
          CLA_BLOCK_..CLA_4BIT_UNIT             18     0.511     25.436     25.947 
          CLA_BLOCK_..CLA_4BIT_UNIT             15     0.503     16.861     17.364 
      NOR_UNIT                                 208     6.547    290.243    296.790 
        SHF_left_unit                          143     4.400    194.600    199.000 
      SHF_RIGHT_MAN                            136     4.165    217.589    221.754 
      PSC_UNIT                                  90     2.580     66.189     68.769 
      MAN_COMP_24BIT                            78     2.251     71.706     73.958 
        u_i_data_4                              13     0.400     16.029     16.430 
        u_i_data_1                              13     0.386     15.621     16.007 
        u_i_data_3                              13     0.379     13.355     13.734 
        u_i_data_2                              13     0.367      6.122      6.489 
        u_i_data_5                              10     0.258      6.071      6.329 
        u_i_data_0                              10     0.217      9.378      9.595 
      MAN_SWAP                                  52     1.793     68.132     69.924 
      MAN_RND                                   26     1.488     33.955     35.442 
      MAN_SWAP_PRE                              46     1.444     54.794     56.238 
      LOPD_24BIT                                58     1.389     51.267     52.656 
        LOPD_16bit_UNIT_MSB                     34     0.844     29.228     30.071 
          LOPD_8bit_unit_1                      14     0.350     14.995     15.345 
          LOPD_8bit_unit_0                      14     0.346     10.651     10.997 
        LOPD_8bit_UNIT_LSB                      14     0.298     14.851     15.149 
      EXP_ADJUST                                37     1.193     34.936     36.129 
        CLA_8BIT_UNIT                           30     1.070     32.266     33.335 
          CLA_4BIT_UNIT_0                       18     0.556     17.827     18.383 
          CLA_4BIT_UNIT_1                       11     0.484     14.439     14.923 
      EXP_SUB                                   25     0.807     51.342     52.149 
        CLA_8BIT_UNIT                           20     0.739     45.700     46.439 
          CLA_4BIT_UNIT_0                       17     0.634     39.222     39.856 
          CLA_4BIT_UNIT_1                        2     0.082      5.213      5.296 
      EXP_COM_8BIT                              24     0.700     34.977     35.677 
        COMP_LESS_UNIT                          24     0.700     34.977     35.677 
          u_high                                13     0.359     20.427     20.785 
          u_low                                 10     0.223     14.497     14.719 
      EXP_RND                                   15     0.488     12.094     12.582 
      EXP_SWAP                                  13     0.381     23.667     24.048 
      MAN_ALU_PROC_RND                           7     0.255      7.516      7.771 
      SIGN_UNIT                                  1     0.030      0.000      0.030 
    sub2                                      1136    36.771   1063.081   1099.851 
      MAN_ALU                                  217     7.097    198.203    205.300 
        ALU_SUB_UNIT                           120     3.789     96.358    100.148 
          CLA_BLOCK_..CLA_4BIT_UNIT             18     0.612     15.964     16.576 
          CLA_BLOCK_..CLA_4BIT_UNIT             18     0.569     11.621     12.190 
          CLA_BLOCK_..CLA_4BIT_UNIT             18     0.555     17.217     17.772 
          CLA_BLOCK_..CLA_4BIT_UNIT             18     0.540     19.936     20.476 
          CLA_BLOCK_..CLA_4BIT_UNIT             18     0.529      9.136      9.665 
          CLA_BLOCK_..CLA_4BIT_UNIT             15     0.507     11.429     11.936 
      NOR_UNIT                                 208     6.376    130.786    137.163 
        SHF_left_unit                          143     4.348     91.974     96.323 
      SHF_RIGHT_MAN                            138     4.234    148.245    152.479 
      PSC_UNIT                                  88     2.847     68.985     71.832 
      MAN_COMP_24BIT                            78     2.353     69.158     71.511 
        u_i_data_4                              13     0.393     10.581     10.974 
        u_i_data_3                              13     0.392     10.281     10.673 
        u_i_data_1                              13     0.391     13.936     14.328 
        u_i_data_2                              13     0.377     20.643     21.020 
        u_i_data_5                              10     0.306      2.437      2.743 
        u_i_data_0                              10     0.259      8.462      8.721 
      MAN_SWAP                                  50     1.843     54.246     56.089 
      MAN_SWAP_PRE                              46     1.721     82.956     84.677 
      MAN_RND                                   26     1.500     20.373     21.873 
      LOPD_24BIT                                58     1.341     17.885     19.226 
        LOPD_16bit_UNIT_MSB                     34     0.760      9.031      9.791 
          LOPD_8bit_unit_0                      14     0.322      4.832      5.154 
          LOPD_8bit_unit_1                      14     0.292      4.188      4.480 
        LOPD_8bit_UNIT_LSB                      14     0.310      8.584      8.894 
      EXP_ADJUST                                37     1.197     33.046     34.243 
        CLA_8BIT_UNIT                           30     1.097     33.046     34.143 
          CLA_4BIT_UNIT_0                       18     0.586     18.574     19.160 
          CLA_4BIT_UNIT_1                       11     0.484     14.443     14.927 
      EXP_SUB                                   25     0.785     54.211     54.996 
        CLA_8BIT_UNIT                           20     0.738     51.975     52.714 
          CLA_4BIT_UNIT_0                       17     0.628     48.317     48.944 
          CLA_4BIT_UNIT_1                        2     0.088      2.395      2.482 
      EXP_COM_8BIT                              24     0.639     40.391     41.030 
        COMP_LESS_UNIT                          24     0.639     40.391     41.030 
          u_high                                13     0.337     14.425     14.762 
          u_low                                 10     0.205      2.298      2.502 
      EXP_RND                                   15     0.486     14.598     15.084 
      EXP_SWAP                                  13     0.418     27.686     28.104 
      MAN_ALU_PROC_RND                           7     0.250      5.992      6.242 
      SIGN_UNIT                                  2     0.032      2.629      2.661 
    sub0                                      1165    36.562   1244.238   1280.800 
      MAN_ALU                                  217     6.835    234.792    241.626 
        ALU_SUB_UNIT                           120     3.684    130.502    134.186 
          CLA_BLOCK_..CLA_4BIT_UNIT             18     0.614     20.763     21.377 
          CLA_BLOCK_..CLA_4BIT_UNIT             18     0.584     16.417     17.001 
          CLA_BLOCK_..CLA_4BIT_UNIT             18     0.548     20.847     21.395 
          CLA_BLOCK_..CLA_4BIT_UNIT             18     0.500     21.689     22.189 
          CLA_BLOCK_..CLA_4BIT_UNIT             18     0.496     13.624     14.120 
          CLA_BLOCK_..CLA_4BIT_UNIT             15     0.485     19.442     19.927 
      NOR_UNIT                                 208     6.461    186.110    192.571 
        SHF_left_unit                          143     4.358    132.767    137.125 
      SHF_RIGHT_MAN                            137     4.201    220.504    224.705 
      PSC_UNIT                                  87     2.594     47.451     50.045 
      MAN_COMP_24BIT                            78     2.264     71.586     73.850 
        u_i_data_4                              13     0.400     16.030     16.430 
        u_i_data_1                              13     0.386     15.621     16.007 
        u_i_data_3                              13     0.379     13.354     13.733 
        u_i_data_2                              13     0.367      6.122      6.489 
        u_i_data_5                              10     0.270      5.951      6.222 
        u_i_data_0                              10     0.217      9.378      9.595 
      MAN_SWAP                                  50     1.765     67.289     69.054 
      MAN_RND                                   26     1.496     34.035     35.531 
      MAN_SWAP_PRE                              46     1.434     53.962     55.396 
      LOPD_24BIT                                58     1.395     34.175     35.571 
        LOPD_16bit_UNIT_MSB                     34     0.806     19.328     20.134 
          LOPD_8bit_unit_0                      14     0.346     10.650     10.996 
          LOPD_8bit_unit_1                      14     0.314      8.668      8.982 
        LOPD_8bit_UNIT_LSB                      14     0.307     14.847     15.154 
      EXP_ADJUST                                37     1.177     26.240     27.417 
        CLA_8BIT_UNIT                           30     1.077     26.240     27.317 
          CLA_4BIT_UNIT_0                       18     0.563     11.801     12.365 
          CLA_4BIT_UNIT_1                       11     0.484     14.439     14.923 
      EXP_SUB                                   25     0.807     51.658     52.465 
        CLA_8BIT_UNIT                           20     0.739     46.016     46.755 
          CLA_4BIT_UNIT_0                       17     0.634     39.222     39.856 
          CLA_4BIT_UNIT_1                        2     0.082      5.530      5.612 
      EXP_COM_8BIT                              24     0.700     34.969     35.668 
        COMP_LESS_UNIT                          24     0.700     34.969     35.668 
          u_high                                13     0.359     20.427     20.786 
          u_low                                 10     0.223     14.488     14.710 
      EXP_RND                                   15     0.485     12.522     13.007 
      EXP_SWAP                                  13     0.381     23.662     24.043 
      MAN_ALU_PROC_RND                           7     0.255      7.516      7.771 
      SIGN_UNIT                                  2     0.037      0.000      0.037 
  BFLY3_1                                    13218   939.340  16846.505  17785.845 
    mul2                                      1583   180.131   2746.007   2926.137 
      MAN_MUL_UNIT                            1186   168.887   2557.149   2726.035 
        MUL_UNIT_MAN_UNIT                     1178   168.536   2556.621   2725.157 
          u_booth                              440   121.652   2474.883   2596.535 
          u_wallace                            394    35.682      0.000     35.682 
            STAGE_GEN[0].u_stage               116    11.746      0.000     11.746 
            STAGE_GEN[1].u_stage                85     8.192      0.000      8.192 
            STAGE_GEN[2].u_stage                61     5.842      0.000      5.842 
            STAGE_GEN[3].u_stage                45     3.976      0.000      3.976 
            STAGE_GEN[4].u_stage                44     3.348      0.000      3.348 
            STAGE_GEN[5].u_stage                43     2.578      0.000      2.578 
          u_cla                                282     8.653     67.289     75.942 
            cla_tree                           201     4.566     18.563     23.129 
              MULTI_GROUP.next_level            32     0.767      2.848      3.614 
                COMPUTE_DE..Y[1].cla_unit       11     0.273      0.633      0.906 
                COMPUTE_DE..Y[2].cla_unit        8     0.176      1.055      1.231 
                COMPUTE_DE..Y[0].cla_unit        2     0.066      0.000      0.066 
                MULTI_GROUP.next_level           1     0.036      0.633      0.669 
                  COMPUTE_DE..Y[0].cla_unit      1     0.036      0.633      0.669 
              COMPUTE_DE..Y[3].cla_unit         11     0.275      0.000      0.275 
              COMPUTE_DE..Y[9].cla_unit         11     0.267      2.004      2.271 
              COMPUTE_DE..Y[2].cla_unit         11     0.267      0.000      0.267 
              COMPUTE_DE..Y[5].cla_unit         11     0.264      0.000      0.264 
              COMPUTE_DE..Y[4].cla_unit         11     0.264      0.000      0.264 
              COMPUTE_DE..Y[6].cla_unit         11     0.261      0.000      0.261 
              COMPUTE_DE..[10].cla_unit         11     0.260      1.688      1.948 
              COMPUTE_DE..Y[7].cla_unit         11     0.253      0.949      1.202 
              COMPUTE_DE..Y[8].cla_unit         11     0.246      2.742      2.988 
              COMPUTE_DE..[11].cla_unit          7     0.162      1.477      1.639 
          u_merge                               62     2.549     14.449     16.999 
            csa_row[25].u_fa                     2     0.064      0.000      0.064 
            csa_row[28].u_fa                     2     0.064      0.000      0.064 
            csa_row[31].u_fa                     2     0.064      0.000      0.064 
            csa_row[32].u_fa                     2     0.064      0.000      0.064 
            csa_row[33].u_fa                     2     0.064      0.000      0.064 
            csa_row[34].u_fa                     2     0.064      0.000      0.064 
            csa_row[37].u_fa                     2     0.064      0.000      0.064 
            csa_row[38].u_fa                     2     0.064      0.000      0.064 
            csa_row[40].u_fa                     2     0.064      0.000      0.064 
            csa_row[41].u_fa                     2     0.064      0.000      0.064 
            csa_row[46].u_fa                     2     0.064      0.000      0.064 
            csa_row[10].u_fa                     1     0.060      0.000      0.060 
            csa_row[11].u_fa                     1     0.060      0.000      0.060 
            csa_row[12].u_fa                     1     0.060      0.000      0.060 
            csa_row[13].u_fa                     1     0.060      0.527      0.588 
            csa_row[14].u_fa                     1     0.060      0.000      0.060 
            csa_row[15].u_fa                     1     0.060      0.000      0.060 
            csa_row[16].u_fa                     1     0.060      0.527      0.588 
            csa_row[17].u_fa                     1     0.060      0.000      0.060 
            csa_row[18].u_fa                     1     0.060      0.000      0.060 
            csa_row[19].u_fa                     1     0.060      0.000      0.060 
            csa_row[20].u_fa                     1     0.060      0.000      0.060 
            csa_row[21].u_fa                     1     0.060      0.000      0.060 
            csa_row[22].u_fa                     1     0.060      0.000      0.060 
            csa_row[23].u_fa                     1     0.060      0.000      0.060 
            csa_row[24].u_fa                     1     0.060      0.527      0.588 
            csa_row[29].u_fa                     1     0.060      0.000      0.060 
            csa_row[45].u_fa                     1     0.060      0.527      0.588 
            csa_row[6].u_fa                      1     0.060      0.316      0.377 
            csa_row[7].u_fa                      1     0.060      0.527      0.588 
            csa_row[8].u_fa                      1     0.060      0.527      0.588 
            csa_row[9].u_fa                      1     0.060      0.527      0.588 
            csa_row[26].u_fa                     2     0.060      1.160      1.220 
            csa_row[27].u_fa                     2     0.060      1.160      1.220 
            csa_row[30].u_fa                     2     0.060      1.160      1.220 
            csa_row[35].u_fa                     2     0.060      1.160      1.220 
            csa_row[39].u_fa                     2     0.060      1.160      1.220 
            csa_row[44].u_fa                     2     0.060      1.160      1.220 
            csa_row[36].u_fa                     2     0.060      1.160      1.220 
            csa_row[42].u_fa                     2     0.060      1.160      1.220 
            csa_row[43].u_fa                     2     0.060      1.160      1.220 
            csa_row[47].u_fa                     1     0.038      0.000      0.038 
      NOR_UNIT                                 178     4.602     52.734     57.336 
        SHF_left_unit                          124     3.277     31.324     34.602 
      MAN_ROUNDING_UNIT                         24     1.388      2.953      4.342 
      MUL_EXP_ADJUST_UNIT                       45     1.339     33.571     34.910 
        CLA_8BIT_UNIT                           30     0.963     14.944     15.907 
          CLA_4BIT_UNIT_0                       18     0.499      6.595      7.094 
          CLA_4BIT_UNIT_1                       11     0.431      7.687      8.118 
      LOPD_UNIT                                 58     1.110      7.277      8.387 
        LOPD_16bit_UNIT_MSB                     34     0.710      4.219      4.929 
          LOPD_8bit_unit_0                      14     0.295      1.371      1.666 
          LOPD_8bit_unit_1                      14     0.269      2.637      2.906 
        LOPD_8bit_UNIT_LSB                      14     0.243      1.055      1.298 
      MUL_EXP_UNIT                              21     0.679     11.178     11.858 
      EXP_ROUNDING_UNIT                         15     0.498     12.477     12.975 
      PSC_UNIT                                  12     0.412      9.875     10.287 
    mul0                                      1582   180.055   2743.101   2923.156 
      MAN_MUL_UNIT                            1186   168.887   2557.149   2726.035 
        MUL_UNIT_MAN_UNIT                     1178   168.536   2556.621   2725.157 
          u_booth                              440   121.652   2474.883   2596.535 
          u_wallace                            394    35.682      0.000     35.682 
            STAGE_GEN[0].u_stage               116    11.746      0.000     11.746 
            STAGE_GEN[1].u_stage                85     8.192      0.000      8.192 
            STAGE_GEN[2].u_stage                61     5.842      0.000      5.842 
            STAGE_GEN[3].u_stage                45     3.976      0.000      3.976 
            STAGE_GEN[4].u_stage                44     3.348      0.000      3.348 
            STAGE_GEN[5].u_stage                43     2.578      0.000      2.578 
          u_cla                                282     8.653     67.289     75.942 
            cla_tree                           201     4.566     18.563     23.129 
              MULTI_GROUP.next_level            32     0.767      2.848      3.614 
                COMPUTE_DE..Y[1].cla_unit       11     0.273      0.633      0.906 
                COMPUTE_DE..Y[2].cla_unit        8     0.176      1.055      1.231 
                COMPUTE_DE..Y[0].cla_unit        2     0.066      0.000      0.066 
                MULTI_GROUP.next_level           1     0.036      0.633      0.669 
                  COMPUTE_DE..Y[0].cla_unit      1     0.036      0.633      0.669 
              COMPUTE_DE..Y[3].cla_unit         11     0.275      0.000      0.275 
              COMPUTE_DE..Y[9].cla_unit         11     0.267      2.004      2.271 
              COMPUTE_DE..Y[2].cla_unit         11     0.267      0.000      0.267 
              COMPUTE_DE..Y[5].cla_unit         11     0.264      0.000      0.264 
              COMPUTE_DE..Y[4].cla_unit         11     0.264      0.000      0.264 
              COMPUTE_DE..Y[6].cla_unit         11     0.261      0.000      0.261 
              COMPUTE_DE..[10].cla_unit         11     0.260      1.688      1.948 
              COMPUTE_DE..Y[7].cla_unit         11     0.253      0.949      1.202 
              COMPUTE_DE..Y[8].cla_unit         11     0.246      2.742      2.988 
              COMPUTE_DE..[11].cla_unit          7     0.162      1.477      1.639 
          u_merge                               62     2.549     14.449     16.999 
            csa_row[25].u_fa                     2     0.064      0.000      0.064 
            csa_row[28].u_fa                     2     0.064      0.000      0.064 
            csa_row[31].u_fa                     2     0.064      0.000      0.064 
            csa_row[32].u_fa                     2     0.064      0.000      0.064 
            csa_row[33].u_fa                     2     0.064      0.000      0.064 
            csa_row[34].u_fa                     2     0.064      0.000      0.064 
            csa_row[37].u_fa                     2     0.064      0.000      0.064 
            csa_row[38].u_fa                     2     0.064      0.000      0.064 
            csa_row[40].u_fa                     2     0.064      0.000      0.064 
            csa_row[41].u_fa                     2     0.064      0.000      0.064 
            csa_row[46].u_fa                     2     0.064      0.000      0.064 
            csa_row[10].u_fa                     1     0.060      0.000      0.060 
            csa_row[11].u_fa                     1     0.060      0.000      0.060 
            csa_row[12].u_fa                     1     0.060      0.000      0.060 
            csa_row[13].u_fa                     1     0.060      0.527      0.588 
            csa_row[14].u_fa                     1     0.060      0.000      0.060 
            csa_row[15].u_fa                     1     0.060      0.000      0.060 
            csa_row[16].u_fa                     1     0.060      0.527      0.588 
            csa_row[17].u_fa                     1     0.060      0.000      0.060 
            csa_row[18].u_fa                     1     0.060      0.000      0.060 
            csa_row[19].u_fa                     1     0.060      0.000      0.060 
            csa_row[20].u_fa                     1     0.060      0.000      0.060 
            csa_row[21].u_fa                     1     0.060      0.000      0.060 
            csa_row[22].u_fa                     1     0.060      0.000      0.060 
            csa_row[23].u_fa                     1     0.060      0.000      0.060 
            csa_row[24].u_fa                     1     0.060      0.527      0.588 
            csa_row[29].u_fa                     1     0.060      0.000      0.060 
            csa_row[45].u_fa                     1     0.060      0.527      0.588 
            csa_row[6].u_fa                      1     0.060      0.316      0.377 
            csa_row[7].u_fa                      1     0.060      0.527      0.588 
            csa_row[8].u_fa                      1     0.060      0.527      0.588 
            csa_row[9].u_fa                      1     0.060      0.527      0.588 
            csa_row[26].u_fa                     2     0.060      1.160      1.220 
            csa_row[27].u_fa                     2     0.060      1.160      1.220 
            csa_row[30].u_fa                     2     0.060      1.160      1.220 
            csa_row[35].u_fa                     2     0.060      1.160      1.220 
            csa_row[39].u_fa                     2     0.060      1.160      1.220 
            csa_row[44].u_fa                     2     0.060      1.160      1.220 
            csa_row[36].u_fa                     2     0.060      1.160      1.220 
            csa_row[42].u_fa                     2     0.060      1.160      1.220 
            csa_row[43].u_fa                     2     0.060      1.160      1.220 
            csa_row[47].u_fa                     1     0.038      0.000      0.038 
      NOR_UNIT                                 178     4.602     52.734     57.336 
        SHF_left_unit                          124     3.277     31.324     34.602 
      MAN_ROUNDING_UNIT                         24     1.388      2.953      4.342 
      MUL_EXP_ADJUST_UNIT                       45     1.339     33.571     34.910 
        CLA_8BIT_UNIT                           30     0.963     14.944     15.907 
          CLA_4BIT_UNIT_0                       18     0.499      6.595      7.094 
          CLA_4BIT_UNIT_1                       11     0.431      7.687      8.118 
      LOPD_UNIT                                 58     1.110      7.277      8.387 
        LOPD_16bit_UNIT_MSB                     34     0.710      4.219      4.929 
          LOPD_8bit_unit_0                      14     0.295      1.371      1.666 
          LOPD_8bit_unit_1                      14     0.269      2.637      2.906 
        LOPD_8bit_UNIT_LSB                      14     0.243      1.055      1.298 
      MUL_EXP_UNIT                              21     0.679     11.178     11.858 
      EXP_ROUNDING_UNIT                         15     0.498     12.477     12.975 
      PSC_UNIT                                  12     0.412      9.875     10.287 
    mul3                                      1585   179.948   2234.430   2414.378 
      MAN_MUL_UNIT                            1186   168.481   2093.811   2262.292 
        MUL_UNIT_MAN_UNIT                     1178   168.134   2092.545   2260.679 
          u_booth                              440   121.267   2024.413   2145.680 
          u_wallace                            394    35.682      0.000     35.682 
            STAGE_GEN[0].u_stage               116    11.746      0.000     11.746 
            STAGE_GEN[1].u_stage                85     8.192      0.000      8.192 
            STAGE_GEN[2].u_stage                61     5.842      0.000      5.842 
            STAGE_GEN[3].u_stage                45     3.976      0.000      3.976 
            STAGE_GEN[4].u_stage                44     3.348      0.000      3.348 
            STAGE_GEN[5].u_stage                43     2.578      0.000      2.578 
          u_cla                                282     8.632     54.633     63.265 
            cla_tree                           201     4.538     14.133     18.671 
              MULTI_GROUP.next_level            32     0.764      0.316      1.081 
                COMPUTE_DE..Y[1].cla_unit       11     0.268      0.000      0.268 
                COMPUTE_DE..Y[2].cla_unit        8     0.184      0.316      0.501 
                COMPUTE_DE..Y[0].cla_unit        2     0.066      0.000      0.066 
                MULTI_GROUP.next_level           1     0.033      0.000      0.033 
                  COMPUTE_DE..Y[0].cla_unit      1     0.033      0.000      0.033 
              COMPUTE_DE..Y[3].cla_unit         11     0.270      0.000      0.270 
              COMPUTE_DE..Y[4].cla_unit         11     0.270      0.000      0.270 
              COMPUTE_DE..Y[5].cla_unit         11     0.266      0.000      0.266 
              COMPUTE_DE..Y[2].cla_unit         11     0.262      0.000      0.262 
              COMPUTE_DE..Y[8].cla_unit         11     0.261      2.215      2.476 
              COMPUTE_DE..Y[6].cla_unit         11     0.254      0.000      0.254 
              COMPUTE_DE..Y[9].cla_unit         11     0.250      1.687      1.937 
              COMPUTE_DE..Y[7].cla_unit         11     0.249      0.633      0.881 
              COMPUTE_DE..[10].cla_unit         11     0.245      1.582      1.827 
              COMPUTE_DE..[11].cla_unit          7     0.156      0.000      0.156 
          u_merge                               62     2.553     13.500     16.053 
            csa_row[28].u_fa                     2     0.064      0.000      0.064 
            csa_row[30].u_fa                     2     0.064      0.000      0.064 
            csa_row[32].u_fa                     2     0.064      0.000      0.064 
            csa_row[34].u_fa                     2     0.064      0.000      0.064 
            csa_row[35].u_fa                     2     0.064      0.000      0.064 
            csa_row[36].u_fa                     2     0.064      0.000      0.064 
            csa_row[39].u_fa                     2     0.064      0.000      0.064 
            csa_row[40].u_fa                     2     0.064      0.000      0.064 
            csa_row[42].u_fa                     2     0.064      0.000      0.064 
            csa_row[43].u_fa                     2     0.064      0.000      0.064 
            csa_row[44].u_fa                     2     0.064      0.000      0.064 
            csa_row[46].u_fa                     2     0.064      0.000      0.064 
            csa_row[10].u_fa                     1     0.060      0.527      0.588 
            csa_row[11].u_fa                     1     0.060      0.000      0.060 
            csa_row[12].u_fa                     1     0.060      0.000      0.060 
            csa_row[13].u_fa                     1     0.060      0.000      0.060 
            csa_row[14].u_fa                     1     0.060      0.000      0.060 
            csa_row[15].u_fa                     1     0.060      0.527      0.588 
            csa_row[16].u_fa                     1     0.060      0.000      0.060 
            csa_row[17].u_fa                     1     0.060      0.000      0.060 
            csa_row[18].u_fa                     1     0.060      0.000      0.060 
            csa_row[19].u_fa                     1     0.060      0.527      0.588 
            csa_row[20].u_fa                     1     0.060      0.000      0.060 
            csa_row[21].u_fa                     1     0.060      0.000      0.060 
            csa_row[22].u_fa                     1     0.060      0.527      0.588 
            csa_row[23].u_fa                     1     0.060      0.527      0.588 
            csa_row[24].u_fa                     1     0.060      0.527      0.588 
            csa_row[29].u_fa                     1     0.060      0.000      0.060 
            csa_row[45].u_fa                     1     0.060      0.000      0.060 
            csa_row[6].u_fa                      1     0.060      0.000      0.060 
            csa_row[7].u_fa                      1     0.060      0.000      0.060 
            csa_row[8].u_fa                      1     0.060      0.527      0.588 
            csa_row[9].u_fa                      1     0.060      0.527      0.588 
            csa_row[25].u_fa                     2     0.060      1.160      1.220 
            csa_row[26].u_fa                     2     0.060      1.160      1.220 
            csa_row[27].u_fa                     2     0.060      1.160      1.220 
            csa_row[31].u_fa                     2     0.060      1.160      1.220 
            csa_row[37].u_fa                     2     0.060      1.160      1.220 
            csa_row[41].u_fa                     2     0.060      1.160      1.220 
            csa_row[33].u_fa                     2     0.060      1.160      1.220 
            csa_row[38].u_fa                     2     0.060      1.160      1.220 
            csa_row[47].u_fa                     1     0.038      0.000      0.038 
      NOR_UNIT                                 178     4.746     22.570     27.316 
        SHF_left_unit                          124     3.440     16.137     19.576 
      MAN_ROUNDING_UNIT                         24     1.388      2.109      3.498 
      MUL_EXP_ADJUST_UNIT                       45     1.380     26.222     27.601 
        CLA_8BIT_UNIT                           30     0.956     17.323     18.279 
          CLA_4BIT_UNIT_0                       18     0.488     12.878     13.367 
          CLA_4BIT_UNIT_1                       11     0.437      4.416      4.854 
      LOPD_UNIT                                 58     1.106      3.480      4.587 
        LOPD_16bit_UNIT_MSB                     34     0.717      3.059      3.775 
          LOPD_8bit_unit_0                      14     0.295      1.477      1.771 
          LOPD_8bit_unit_1                      14     0.270      1.582      1.852 
        LOPD_8bit_UNIT_LSB                      14     0.221      0.422      0.643 
      MUL_EXP_UNIT                              21     0.604     23.576     24.180 
      EXP_ROUNDING_UNIT                         15     0.477      6.447      6.925 
      PSC_UNIT                                  12     0.426     10.924     11.350 
    mul1                                      1582   179.781   2226.703   2406.484 
      MAN_MUL_UNIT                            1186   168.481   2093.811   2262.292 
        MUL_UNIT_MAN_UNIT                     1178   168.134   2092.545   2260.679 
          u_booth                              440   121.267   2024.413   2145.680 
          u_wallace                            394    35.682      0.000     35.682 
            STAGE_GEN[0].u_stage               116    11.746      0.000     11.746 
            STAGE_GEN[1].u_stage                85     8.192      0.000      8.192 
            STAGE_GEN[2].u_stage                61     5.842      0.000      5.842 
            STAGE_GEN[3].u_stage                45     3.976      0.000      3.976 
            STAGE_GEN[4].u_stage                44     3.348      0.000      3.348 
            STAGE_GEN[5].u_stage                43     2.578      0.000      2.578 
          u_cla                                282     8.632     54.633     63.265 
            cla_tree                           201     4.538     14.133     18.671 
              MULTI_GROUP.next_level            32     0.764      0.316      1.081 
                COMPUTE_DE..Y[1].cla_unit       11     0.268      0.000      0.268 
                COMPUTE_DE..Y[2].cla_unit        8     0.184      0.316      0.501 
                COMPUTE_DE..Y[0].cla_unit        2     0.066      0.000      0.066 
                MULTI_GROUP.next_level           1     0.033      0.000      0.033 
                  COMPUTE_DE..Y[0].cla_unit      1     0.033      0.000      0.033 
              COMPUTE_DE..Y[3].cla_unit         11     0.270      0.000      0.270 
              COMPUTE_DE..Y[4].cla_unit         11     0.270      0.000      0.270 
              COMPUTE_DE..Y[5].cla_unit         11     0.266      0.000      0.266 
              COMPUTE_DE..Y[2].cla_unit         11     0.262      0.000      0.262 
              COMPUTE_DE..Y[8].cla_unit         11     0.261      2.215      2.476 
              COMPUTE_DE..Y[6].cla_unit         11     0.254      0.000      0.254 
              COMPUTE_DE..Y[9].cla_unit         11     0.250      1.687      1.937 
              COMPUTE_DE..Y[7].cla_unit         11     0.249      0.633      0.881 
              COMPUTE_DE..[10].cla_unit         11     0.245      1.582      1.827 
              COMPUTE_DE..[11].cla_unit          7     0.156      0.000      0.156 
          u_merge                               62     2.553     13.500     16.053 
            csa_row[28].u_fa                     2     0.064      0.000      0.064 
            csa_row[30].u_fa                     2     0.064      0.000      0.064 
            csa_row[32].u_fa                     2     0.064      0.000      0.064 
            csa_row[34].u_fa                     2     0.064      0.000      0.064 
            csa_row[35].u_fa                     2     0.064      0.000      0.064 
            csa_row[36].u_fa                     2     0.064      0.000      0.064 
            csa_row[39].u_fa                     2     0.064      0.000      0.064 
            csa_row[40].u_fa                     2     0.064      0.000      0.064 
            csa_row[42].u_fa                     2     0.064      0.000      0.064 
            csa_row[43].u_fa                     2     0.064      0.000      0.064 
            csa_row[44].u_fa                     2     0.064      0.000      0.064 
            csa_row[46].u_fa                     2     0.064      0.000      0.064 
            csa_row[10].u_fa                     1     0.060      0.527      0.588 
            csa_row[11].u_fa                     1     0.060      0.000      0.060 
            csa_row[12].u_fa                     1     0.060      0.000      0.060 
            csa_row[13].u_fa                     1     0.060      0.000      0.060 
            csa_row[14].u_fa                     1     0.060      0.000      0.060 
            csa_row[15].u_fa                     1     0.060      0.527      0.588 
            csa_row[16].u_fa                     1     0.060      0.000      0.060 
            csa_row[17].u_fa                     1     0.060      0.000      0.060 
            csa_row[18].u_fa                     1     0.060      0.000      0.060 
            csa_row[19].u_fa                     1     0.060      0.527      0.588 
            csa_row[20].u_fa                     1     0.060      0.000      0.060 
            csa_row[21].u_fa                     1     0.060      0.000      0.060 
            csa_row[22].u_fa                     1     0.060      0.527      0.588 
            csa_row[23].u_fa                     1     0.060      0.527      0.588 
            csa_row[24].u_fa                     1     0.060      0.527      0.588 
            csa_row[29].u_fa                     1     0.060      0.000      0.060 
            csa_row[45].u_fa                     1     0.060      0.000      0.060 
            csa_row[6].u_fa                      1     0.060      0.000      0.060 
            csa_row[7].u_fa                      1     0.060      0.000      0.060 
            csa_row[8].u_fa                      1     0.060      0.527      0.588 
            csa_row[9].u_fa                      1     0.060      0.527      0.588 
            csa_row[25].u_fa                     2     0.060      1.160      1.220 
            csa_row[26].u_fa                     2     0.060      1.160      1.220 
            csa_row[27].u_fa                     2     0.060      1.160      1.220 
            csa_row[31].u_fa                     2     0.060      1.160      1.220 
            csa_row[37].u_fa                     2     0.060      1.160      1.220 
            csa_row[41].u_fa                     2     0.060      1.160      1.220 
            csa_row[33].u_fa                     2     0.060      1.160      1.220 
            csa_row[38].u_fa                     2     0.060      1.160      1.220 
            csa_row[47].u_fa                     1     0.038      0.000      0.038 
      NOR_UNIT                                 178     4.746     22.570     27.316 
        SHF_left_unit                          124     3.440     16.137     19.576 
      MAN_ROUNDING_UNIT                         24     1.388      2.109      3.498 
      MUL_EXP_ADJUST_UNIT                       45     1.380     26.222     27.601 
        CLA_8BIT_UNIT                           30     0.956     17.323     18.279 
          CLA_4BIT_UNIT_0                       18     0.488     12.878     13.367 
          CLA_4BIT_UNIT_1                       11     0.437      4.416      4.854 
      LOPD_UNIT                                 58     1.106      3.480      4.587 
        LOPD_16bit_UNIT_MSB                     34     0.717      3.059      3.775 
          LOPD_8bit_unit_0                      14     0.295      1.477      1.771 
          LOPD_8bit_unit_1                      14     0.270      1.582      1.852 
        LOPD_8bit_UNIT_LSB                      14     0.221      0.422      0.643 
      MUL_EXP_UNIT                              21     0.604     23.576     24.180 
      EXP_ROUNDING_UNIT                         15     0.477      6.447      6.925 
      PSC_UNIT                                  12     0.426     10.924     11.350 
    add0                                      1169    37.029   1351.380   1388.409 
      MAN_ALU                                  219     6.985    242.015    249.000 
        ALU_SUB_UNIT                           120     3.515    137.821    141.337 
          CLA_BLOCK_..CLA_4BIT_UNIT             18     0.589     26.493     27.082 
          CLA_BLOCK_..CLA_4BIT_UNIT             18     0.527     20.783     21.310 
          CLA_BLOCK_..CLA_4BIT_UNIT             18     0.514     24.365     24.879 
          CLA_BLOCK_..CLA_4BIT_UNIT             18     0.485     16.910     17.396 
          CLA_BLOCK_..CLA_4BIT_UNIT             18     0.481     18.267     18.748 
          CLA_BLOCK_..CLA_4BIT_UNIT             15     0.474     18.263     18.738 
      NOR_UNIT                                 208     6.604    290.739    297.343 
        SHF_left_unit                          143     4.440    175.659    180.099 
      SHF_RIGHT_MAN                            136     3.954    150.674    154.628 
      PSC_UNIT                                  90     2.666     48.487     51.153 
      MAN_COMP_24BIT                            78     2.307     59.564     61.870 
        u_i_data_3                              13     0.416     11.470     11.885 
        u_i_data_4                              13     0.407      7.320      7.727 
        u_i_data_2                              13     0.388     12.050     12.438 
        u_i_data_1                              13     0.364      8.869      9.233 
        u_i_data_5                              10     0.286      6.124      6.410 
        u_i_data_0                              10     0.205     11.294     11.499 
      MAN_SWAP                                  52     1.823     60.786     62.609 
      MAN_SWAP_PRE                              46     1.617     76.142     77.760 
      MAN_RND                                   26     1.503     35.568     37.070 
      LOPD_24BIT                                58     1.355     40.943     42.298 
        LOPD_16bit_UNIT_MSB                     34     0.865     30.149     31.014 
          LOPD_8bit_unit_1                      14     0.357     12.818     13.176 
          LOPD_8bit_unit_0                      14     0.353     13.749     14.102 
        LOPD_8bit_UNIT_LSB                      14     0.242      3.606      3.848 
      EXP_ADJUST                                37     1.158     50.630     51.788 
        CLA_8BIT_UNIT                           30     0.974     36.447     37.421 
          CLA_4BIT_UNIT_0                       18     0.538     20.396     20.934 
          CLA_4BIT_UNIT_1                       11     0.410     14.409     14.819 
      EXP_COM_8BIT                              23     0.824     73.197     74.021 
        COMP_LESS_UNIT                          23     0.824     73.197     74.021 
          u_low                                  9     0.396     35.288     35.684 
          u_high                                13     0.332     14.080     14.412 
      EXP_SUB                                   25     0.752     44.157     44.909 
        CLA_8BIT_UNIT                           20     0.684     38.515     39.199 
          CLA_4BIT_UNIT_0                       17     0.590     30.897     31.487 
          CLA_4BIT_UNIT_1                        2     0.076      7.615      7.692 
      EXP_RND                                   15     0.478      7.087      7.565 
      EXP_SWAP                                  13     0.402     23.418     23.820 
      MAN_ALU_PROC_RND                           7     0.250     11.295     11.544 
      SIGN_UNIT                                  1     0.037      0.473      0.510 
    sub0                                      1169    36.908   1176.317   1213.226 
      MAN_ALU                                  217     7.029    220.028    227.057 
        ALU_SUB_UNIT                           120     3.796    128.910    132.706 
          CLA_BLOCK_..CLA_4BIT_UNIT             18     0.623     15.967     16.589 
          CLA_BLOCK_..CLA_4BIT_UNIT             18     0.548     27.481     28.028 
          CLA_BLOCK_..CLA_4BIT_UNIT             18     0.545     20.071     20.616 
          CLA_BLOCK_..CLA_4BIT_UNIT             18     0.544     18.778     19.323 
          CLA_BLOCK_..CLA_4BIT_UNIT             15     0.537     10.449     10.986 
          CLA_BLOCK_..CLA_4BIT_UNIT             18     0.518     25.224     25.742 
      NOR_UNIT                                 208     6.563    222.148    228.711 
        SHF_left_unit                          143     4.382    141.922    146.304 
      SHF_RIGHT_MAN                            137     3.975    153.031    157.006 
      PSC_UNIT                                  91     2.724     48.418     51.141 
      MAN_COMP_24BIT                            78     2.312     59.624     61.937 
        u_i_data_3                              13     0.416     11.469     11.885 
        u_i_data_4                              13     0.407      7.320      7.727 
        u_i_data_2                              13     0.388     12.050     12.438 
        u_i_data_1                              13     0.364      8.874      9.238 
        u_i_data_5                              10     0.292      6.180      6.471 
        u_i_data_0                              10     0.205     11.294     11.499 
      MAN_SWAP                                  50     1.796     58.453     60.249 
      MAN_SWAP_PRE                              46     1.608     75.738     77.346 
      MAN_RND                                   26     1.484     20.321     21.805 
      LOPD_24BIT                                58     1.398     22.158     23.555 
        LOPD_16bit_UNIT_MSB                     34     0.857     19.068     19.925 
          LOPD_8bit_unit_0                      14     0.368     10.944     11.313 
          LOPD_8bit_unit_1                      14     0.336      8.113      8.450 
        LOPD_8bit_UNIT_LSB                      14     0.264      2.955      3.219 
      EXP_ADJUST                                37     1.133     48.498     49.631 
        CLA_8BIT_UNIT                           30     1.028     46.066     47.094 
          CLA_4BIT_UNIT_0                       18     0.557     23.782     24.339 
          CLA_4BIT_UNIT_1                       11     0.442     20.649     21.090 
      EXP_SUB                                   25     0.752     44.684     45.436 
        CLA_8BIT_UNIT                           20     0.684     39.042     39.726 
          CLA_4BIT_UNIT_0                       17     0.590     31.108     31.698 
          CLA_4BIT_UNIT_1                        2     0.076      7.932      8.008 
      EXP_COM_8BIT                              24     0.635     46.346     46.980 
        COMP_LESS_UNIT                          24     0.635     46.346     46.980 
          u_high                                13     0.336     14.062     14.398 
          u_low                                 10     0.204      8.455      8.659 
      EXP_RND                                   15     0.492     12.094     12.585 
      EXP_SWAP                                  13     0.402     23.390     23.792 
      MAN_ALU_PROC_RND                           7     0.250     11.295     11.544 
      SIGN_UNIT                                  2     0.051      5.256      5.307 
    add1                                      1137    36.865   1066.978   1103.843 
      MAN_ALU                                  219     7.135    303.322    310.457 
        ALU_SUB_UNIT                           120     3.630    138.255    141.885 
          CLA_BLOCK_..CLA_4BIT_UNIT             18     0.616     10.240     10.856 
          CLA_BLOCK_..CLA_4BIT_UNIT             18     0.538     22.018     22.556 
          CLA_BLOCK_..CLA_4BIT_UNIT             18     0.533     23.479     24.012 
          CLA_BLOCK_..CLA_4BIT_UNIT             18     0.516     25.907     26.423 
          CLA_BLOCK_..CLA_4BIT_UNIT             18     0.503     23.856     24.359 
          CLA_BLOCK_..CLA_4BIT_UNIT             15     0.484     20.821     21.305 
      NOR_UNIT                                 208     6.499    158.649    165.148 
        SHF_left_unit                          143     4.385    113.563    117.948 
      SHF_RIGHT_MAN                            137     4.075    139.578    143.653 
      PSC_UNIT                                  87     2.829     62.667     65.497 
      MAN_COMP_24BIT                            78     2.334     30.221     32.555 
        u_i_data_3                              13     0.421      1.973      2.394 
        u_i_data_4                              13     0.413      3.270      3.683 
        u_i_data_2                              13     0.395      3.706      4.101 
        u_i_data_1                              13     0.339     11.364     11.702 
        u_i_data_5                              10     0.279      0.850      1.129 
        u_i_data_0                              10     0.230      8.427      8.658 
      MAN_SWAP                                  52     1.869     29.018     30.887 
      MAN_SWAP_PRE                              46     1.526     46.251     47.777 
      MAN_RND                                   26     1.492     20.441     21.933 
      LOPD_24BIT                                58     1.434     24.266     25.701 
        LOPD_16bit_UNIT_MSB                     34     0.884      9.381     10.265 
          LOPD_8bit_unit_0                      14     0.395      4.366      4.761 
          LOPD_8bit_unit_1                      14     0.339      5.015      5.354 
        LOPD_8bit_UNIT_LSB                      14     0.274     14.750     15.024 
      EXP_ADJUST                                37     1.192     25.565     26.757 
        CLA_8BIT_UNIT                           30     1.092     25.565     26.657 
          CLA_4BIT_UNIT_0                       18     0.579     11.122     11.701 
          CLA_4BIT_UNIT_1                       11     0.484     14.443     14.927 
      EXP_COM_8BIT                              24     0.757     26.509     27.266 
        COMP_LESS_UNIT                          24     0.757     26.509     27.266 
          u_high                                13     0.381     16.772     17.153 
          u_low                                 10     0.258      9.718      9.976 
      EXP_SUB                                   25     0.753     24.683     25.437 
        CLA_8BIT_UNIT                           20     0.657     23.513     24.169 
          CLA_4BIT_UNIT_0                       17     0.570     15.657     16.227 
          CLA_4BIT_UNIT_1                        2     0.070      7.853      7.923 
      EXP_RND                                   15     0.492     12.094     12.585 
      EXP_SWAP                                  13     0.434     16.553     16.986 
      MAN_ALU_PROC_RND                           7     0.251     10.963     11.214 
      SIGN_UNIT                                  1     0.023      1.769      1.792 
    sub1                                      1136    36.824   1073.968   1110.791 
      MAN_ALU                                  217     7.017    302.882    309.899 
        ALU_SUB_UNIT                           120     3.652    143.925    147.577 
          CLA_BLOCK_..CLA_4BIT_UNIT             18     0.592     15.502     16.094 
          CLA_BLOCK_..CLA_4BIT_UNIT             18     0.544     23.764     24.308 
          CLA_BLOCK_..CLA_4BIT_UNIT             18     0.536     24.508     25.044 
          CLA_BLOCK_..CLA_4BIT_UNIT             18     0.511     22.161     22.672 
          CLA_BLOCK_..CLA_4BIT_UNIT             15     0.505     19.597     20.102 
          CLA_BLOCK_..CLA_4BIT_UNIT             18     0.504     20.670     21.175 
      NOR_UNIT                                 208     6.517    140.424    146.942 
        SHF_left_unit                          143     4.404     98.684    103.088 
      SHF_RIGHT_MAN                            138     4.104    139.885    143.989 
      PSC_UNIT                                  88     2.880     70.887     73.767 
      MAN_COMP_24BIT                            78     2.334     30.221     32.555 
        u_i_data_3                              13     0.421      1.973      2.394 
        u_i_data_4                              13     0.413      3.270      3.683 
        u_i_data_2                              13     0.395      3.706      4.101 
        u_i_data_1                              13     0.339     11.363     11.702 
        u_i_data_5                              10     0.279      0.850      1.129 
        u_i_data_0                              10     0.230      8.427      8.658 
      MAN_SWAP                                  50     1.842     28.808     30.650 
      MAN_SWAP_PRE                              46     1.522     45.839     47.361 
      MAN_RND                                   26     1.492     27.701     29.193 
      LOPD_24BIT                                58     1.429     30.323     31.752 
        LOPD_16bit_UNIT_MSB                     34     0.882     23.412     24.294 
          LOPD_8bit_unit_0                      14     0.393     18.397     18.791 
          LOPD_8bit_unit_1                      14     0.339      5.014      5.354 
        LOPD_8bit_UNIT_LSB                      14     0.271      6.776      7.047 
      EXP_ADJUST                                37     1.192     25.565     26.757 
        CLA_8BIT_UNIT                           30     1.092     25.565     26.657 
          CLA_4BIT_UNIT_0                       18     0.579     11.122     11.701 
          CLA_4BIT_UNIT_1                       11     0.484     14.443     14.927 
      EXP_SUB                                   25     0.762     24.548     25.310 
        CLA_8BIT_UNIT                           20     0.665     23.378     24.043 
          CLA_4BIT_UNIT_0                       17     0.578     15.205     15.784 
          CLA_4BIT_UNIT_1                        2     0.070      8.169      8.239 
      EXP_COM_8BIT                              24     0.757     26.509     27.266 
        COMP_LESS_UNIT                          24     0.757     26.509     27.266 
          u_high                                13     0.381     16.772     17.153 
          u_low                                 10     0.258      9.718      9.976 
      EXP_RND                                   15     0.492     12.094     12.585 
      EXP_SWAP                                  13     0.434     16.553     16.986 
      MAN_ALU_PROC_RND                           7     0.251     10.963     11.214 
      SIGN_UNIT                                  2     0.030      1.233      1.263 
    sub2                                      1136    36.084   1221.431   1257.515 
      MAN_ALU                                  217     6.987    219.064    226.051 
        ALU_SUB_UNIT                           120     3.850    113.383    117.233 
          CLA_BLOCK_..CLA_4BIT_UNIT             18     0.645     13.165     13.810 
          CLA_BLOCK_..CLA_4BIT_UNIT             18     0.600      8.227      8.827 
          CLA_BLOCK_..CLA_4BIT_UNIT             18     0.562     22.715     23.276 
          CLA_BLOCK_..CLA_4BIT_UNIT             18     0.543     17.986     18.528 
          CLA_BLOCK_..CLA_4BIT_UNIT             18     0.535     20.812     21.348 
          CLA_BLOCK_..CLA_4BIT_UNIT             15     0.488     16.979     17.467 
      NOR_UNIT                                 208     6.458    285.888    292.345 
        SHF_left_unit                          143     4.358    173.178    177.536 
      SHF_RIGHT_MAN                            138     4.205    139.903    144.107 
      PSC_UNIT                                  88     2.642     76.446     79.088 
      MAN_COMP_24BIT                            78     2.318     22.283     24.601 
        u_i_data_4                              13     0.390      3.243      3.633 
        u_i_data_1                              13     0.385      4.984      5.369 
        u_i_data_3                              13     0.379      7.272      7.651 
        u_i_data_2                              13     0.377      2.274      2.650 
        u_i_data_5                              10     0.294      2.073      2.367 
        u_i_data_0                              10     0.241      2.437      2.678 
      MAN_SWAP                                  50     1.759     34.735     36.494 
      MAN_SWAP_PRE                              46     1.636     60.003     61.638 
      MAN_RND                                   26     1.491     44.854     46.345 
      LOPD_24BIT                                58     1.329     43.177     44.507 
        LOPD_16bit_UNIT_MSB                     34     0.834     31.992     32.826 
          LOPD_8bit_unit_1                      14     0.345     16.289     16.634 
          LOPD_8bit_unit_0                      14     0.337     12.110     12.448 
        LOPD_8bit_UNIT_LSB                      14     0.248      3.997      4.246 
      EXP_ADJUST                                37     1.154     44.325     45.479 
        CLA_8BIT_UNIT                           30     1.026     41.669     42.695 
          CLA_4BIT_UNIT_0                       18     0.554     19.386     19.941 
          CLA_4BIT_UNIT_1                       11     0.442     20.649     21.090 
      EXP_SUB                                   25     0.750     42.257     43.007 
        CLA_8BIT_UNIT                           20     0.696     41.086     41.783 
          CLA_4BIT_UNIT_0                       17     0.600     41.086     41.686 
          CLA_4BIT_UNIT_1                        2     0.075      0.000      0.075 
      EXP_COM_8BIT                              24     0.667     46.204     46.871 
        COMP_LESS_UNIT                          24     0.667     46.204     46.871 
          u_high                                13     0.328     14.761     15.089 
          u_low                                 10     0.244      7.615      7.859 
      EXP_RND                                   15     0.487     12.521     13.007 
      EXP_SWAP                                  13     0.410     15.949     16.359 
      MAN_ALU_PROC_RND                           7     0.240     14.606     14.846 
      SIGN_UNIT                                  2     0.033      0.465      0.499 
    add2                                      1137    35.687   1002.799   1038.486 
      MAN_ALU                                  219     6.753    111.895    118.648 
        ALU_SUB_UNIT                           120     3.417     42.164     45.582 
          CLA_BLOCK_..CLA_4BIT_UNIT             18     0.585     14.106     14.691 
          CLA_BLOCK_..CLA_4BIT_UNIT             18     0.498      5.346      5.844 
          CLA_BLOCK_..CLA_4BIT_UNIT             18     0.488      4.243      4.732 
          CLA_BLOCK_..CLA_4BIT_UNIT             18     0.486      6.892      7.378 
          CLA_BLOCK_..CLA_4BIT_UNIT             15     0.472      0.310      0.781 
          CLA_BLOCK_..CLA_4BIT_UNIT             18     0.470     11.240     11.709 
      NOR_UNIT                                 208     6.486    256.073    262.559 
        SHF_left_unit                          143     4.421    137.516    141.937 
      SHF_RIGHT_MAN                            137     4.167    139.851    144.018 
      PSC_UNIT                                  87     2.685     65.620     68.305 
      MAN_COMP_24BIT                            78     2.318     22.282     24.600 
        u_i_data_4                              13     0.390      3.242      3.632 
        u_i_data_1                              13     0.385      4.984      5.369 
        u_i_data_3                              13     0.379      7.272      7.651 
        u_i_data_2                              13     0.377      2.274      2.650 
        u_i_data_5                              10     0.294      2.073      2.367 
        u_i_data_0                              10     0.241      2.437      2.677 
      MAN_SWAP                                  52     1.786     35.153     36.940 
      MAN_SWAP_PRE                              46     1.639     60.003     61.643 
      MAN_RND                                   26     1.482     23.032     24.514 
      LOPD_24BIT                                58     1.230     16.891     18.121 
        LOPD_16bit_UNIT_MSB                     34     0.709      6.782      7.491 
          LOPD_8bit_unit_1                      14     0.280      1.308      1.588 
          LOPD_8bit_unit_0                      14     0.273      3.687      3.960 
        LOPD_8bit_UNIT_LSB                      14     0.256      6.515      6.771 
      EXP_ADJUST                                37     1.193     50.661     51.854 
        CLA_8BIT_UNIT                           30     1.005     34.071     35.076 
          CLA_4BIT_UNIT_0                       18     0.573     17.905     18.478 
          CLA_4BIT_UNIT_1                       11     0.410     14.409     14.819 
      EXP_SUB                                   25     0.751     42.332     43.083 
        CLA_8BIT_UNIT                           20     0.697     41.161     41.858 
          CLA_4BIT_UNIT_0                       17     0.601     41.161     41.762 
          CLA_4BIT_UNIT_1                        2     0.075      0.000      0.075 
      EXP_COM_8BIT                              24     0.667     46.204     46.871 
        COMP_LESS_UNIT                          24     0.667     46.204     46.871 
          u_high                                13     0.328     14.761     15.089 
          u_low                                 10     0.244      7.615      7.859 
      EXP_RND                                   15     0.469      5.009      5.479 
      EXP_SWAP                                  13     0.410     15.949     16.359 
      MAN_ALU_PROC_RND                           7     0.240     14.606     14.846 
      SIGN_UNIT                                  1     0.031      2.405      2.436 
  BFLY2_0                                     9594   524.558   2814.575   3339.133 
    mul0                                      1449   147.242     76.634    223.876 
      MAN_MUL_UNIT                            1074   135.720     27.672    163.392 
        MUL_UNIT_MAN_UNIT                     1066   135.228     27.672    162.901 
          u_booth                              348    88.297     22.188    110.485 
          u_wallace                            394    35.682      0.000     35.682 
            STAGE_GEN[0].u_stage               116    11.746      0.000     11.746 
            STAGE_GEN[1].u_stage                85     8.192      0.000      8.192 
            STAGE_GEN[2].u_stage                61     5.842      0.000      5.842 
            STAGE_GEN[3].u_stage                45     3.976      0.000      3.976 
            STAGE_GEN[4].u_stage                44     3.348      0.000      3.348 
            STAGE_GEN[5].u_stage                43     2.578      0.000      2.578 
          u_cla                                282     8.720      4.430     13.150 
            cla_tree                           201     4.745      0.000      4.745 
              MULTI_GROUP.next_level            32     0.785      0.000      0.785 
                COMPUTE_DE..Y[1].cla_unit       11     0.273      0.000      0.273 
                COMPUTE_DE..Y[2].cla_unit        8     0.194      0.000      0.194 
                COMPUTE_DE..Y[0].cla_unit        2     0.066      0.000      0.066 
                MULTI_GROUP.next_level           1     0.033      0.000      0.033 
                  COMPUTE_DE..Y[0].cla_unit      1     0.033      0.000      0.033 
              COMPUTE_DE..[10].cla_unit         11     0.273      0.000      0.273 
              COMPUTE_DE..Y[2].cla_unit         11     0.273      0.000      0.273 
              COMPUTE_DE..Y[3].cla_unit         11     0.273      0.000      0.273 
              COMPUTE_DE..Y[4].cla_unit         11     0.273      0.000      0.273 
              COMPUTE_DE..Y[5].cla_unit         11     0.273      0.000      0.273 
              COMPUTE_DE..Y[6].cla_unit         11     0.273      0.000      0.273 
              COMPUTE_DE..Y[7].cla_unit         11     0.273      0.000      0.273 
              COMPUTE_DE..Y[8].cla_unit         11     0.273      0.000      0.273 
              COMPUTE_DE..Y[9].cla_unit         11     0.273      0.000      0.273 
              COMPUTE_DE..[11].cla_unit          7     0.167      0.000      0.167 
          u_merge                               42     2.530      1.055      3.584 
            csa_row[10].u_fa                     1     0.060      0.000      0.060 
            csa_row[11].u_fa                     1     0.060      0.000      0.060 
            csa_row[12].u_fa                     1     0.060      0.000      0.060 
            csa_row[13].u_fa                     1     0.060      0.000      0.060 
            csa_row[14].u_fa                     1     0.060      0.000      0.060 
            csa_row[15].u_fa                     1     0.060      0.000      0.060 
            csa_row[16].u_fa                     1     0.060      0.000      0.060 
            csa_row[17].u_fa                     1     0.060      0.000      0.060 
            csa_row[18].u_fa                     1     0.060      0.000      0.060 
            csa_row[19].u_fa                     1     0.060      0.000      0.060 
            csa_row[20].u_fa                     1     0.060      0.000      0.060 
            csa_row[21].u_fa                     1     0.060      0.000      0.060 
            csa_row[22].u_fa                     1     0.060      0.000      0.060 
            csa_row[23].u_fa                     1     0.060      0.000      0.060 
            csa_row[24].u_fa                     1     0.060      0.000      0.060 
            csa_row[25].u_fa                     1     0.060      0.000      0.060 
            csa_row[26].u_fa                     1     0.060      0.000      0.060 
            csa_row[27].u_fa                     1     0.060      0.000      0.060 
            csa_row[28].u_fa                     1     0.060      0.000      0.060 
            csa_row[29].u_fa                     1     0.060      0.000      0.060 
            csa_row[30].u_fa                     1     0.060      0.000      0.060 
            csa_row[31].u_fa                     1     0.060      0.000      0.060 
            csa_row[32].u_fa                     1     0.060      0.000      0.060 
            csa_row[33].u_fa                     1     0.060      0.000      0.060 
            csa_row[34].u_fa                     1     0.060      0.000      0.060 
            csa_row[35].u_fa                     1     0.060      0.000      0.060 
            csa_row[36].u_fa                     1     0.060      0.000      0.060 
            csa_row[37].u_fa                     1     0.060      0.000      0.060 
            csa_row[38].u_fa                     1     0.060      0.000      0.060 
            csa_row[39].u_fa                     1     0.060      0.000      0.060 
            csa_row[40].u_fa                     1     0.060      0.000      0.060 
            csa_row[41].u_fa                     1     0.060      0.000      0.060 
            csa_row[42].u_fa                     1     0.060      0.000      0.060 
            csa_row[43].u_fa                     1     0.060      0.000      0.060 
            csa_row[44].u_fa                     1     0.060      0.000      0.060 
            csa_row[45].u_fa                     1     0.060      0.527      0.588 
            csa_row[46].u_fa                     1     0.060      0.527      0.588 
            csa_row[6].u_fa                      1     0.060      0.000      0.060 
            csa_row[7].u_fa                      1     0.060      0.000      0.060 
            csa_row[8].u_fa                      1     0.060      0.000      0.060 
            csa_row[9].u_fa                      1     0.060      0.000      0.060 
            csa_row[47].u_fa                     1     0.050      0.000      0.050 
      NOR_UNIT                                 178     5.055     12.973     18.027 
        SHF_left_unit                          124     3.597     10.652     14.249 
      MAN_ROUNDING_UNIT                         24     1.389      0.422      1.810 
      MUL_EXP_ADJUST_UNIT                       45     1.233      0.000      1.233 
        CLA_8BIT_UNIT                           30     0.990      0.000      0.990 
          CLA_4BIT_UNIT_1                       11     0.483      0.000      0.483 
          CLA_4BIT_UNIT_0                       18     0.474      0.000      0.474 
      LOPD_UNIT                                 58     1.221      2.531      3.752 
        LOPD_16bit_UNIT_MSB                     34     0.753      0.422      1.175 
          LOPD_8bit_unit_0                      14     0.315      0.000      0.315 
          LOPD_8bit_unit_1                      14     0.292      0.211      0.503 
        LOPD_8bit_UNIT_LSB                      14     0.315      0.000      0.315 
      PSC_UNIT                                  12     0.617      5.255      5.871 
      EXP_ROUNDING_UNIT                         15     0.578      0.000      0.578 
    mul3                                      1449   147.242     76.529    223.770 
      MAN_MUL_UNIT                            1074   135.720     27.672    163.392 
        MUL_UNIT_MAN_UNIT                     1066   135.228     27.672    162.901 
          u_booth                              348    88.297     22.188    110.485 
          u_wallace                            394    35.682      0.000     35.682 
            STAGE_GEN[0].u_stage               116    11.746      0.000     11.746 
            STAGE_GEN[1].u_stage                85     8.192      0.000      8.192 
            STAGE_GEN[2].u_stage                61     5.842      0.000      5.842 
            STAGE_GEN[3].u_stage                45     3.976      0.000      3.976 
            STAGE_GEN[4].u_stage                44     3.348      0.000      3.348 
            STAGE_GEN[5].u_stage                43     2.578      0.000      2.578 
          u_cla                                282     8.720      4.430     13.150 
            cla_tree                           201     4.745      0.000      4.745 
              MULTI_GROUP.next_level            32     0.785      0.000      0.785 
                COMPUTE_DE..Y[1].cla_unit       11     0.273      0.000      0.273 
                COMPUTE_DE..Y[2].cla_unit        8     0.194      0.000      0.194 
                COMPUTE_DE..Y[0].cla_unit        2     0.066      0.000      0.066 
                MULTI_GROUP.next_level           1     0.033      0.000      0.033 
                  COMPUTE_DE..Y[0].cla_unit      1     0.033      0.000      0.033 
              COMPUTE_DE..[10].cla_unit         11     0.273      0.000      0.273 
              COMPUTE_DE..Y[2].cla_unit         11     0.273      0.000      0.273 
              COMPUTE_DE..Y[3].cla_unit         11     0.273      0.000      0.273 
              COMPUTE_DE..Y[4].cla_unit         11     0.273      0.000      0.273 
              COMPUTE_DE..Y[5].cla_unit         11     0.273      0.000      0.273 
              COMPUTE_DE..Y[6].cla_unit         11     0.273      0.000      0.273 
              COMPUTE_DE..Y[7].cla_unit         11     0.273      0.000      0.273 
              COMPUTE_DE..Y[8].cla_unit         11     0.273      0.000      0.273 
              COMPUTE_DE..Y[9].cla_unit         11     0.273      0.000      0.273 
              COMPUTE_DE..[11].cla_unit          7     0.167      0.000      0.167 
          u_merge                               42     2.530      1.055      3.584 
            csa_row[10].u_fa                     1     0.060      0.000      0.060 
            csa_row[11].u_fa                     1     0.060      0.000      0.060 
            csa_row[12].u_fa                     1     0.060      0.000      0.060 
            csa_row[13].u_fa                     1     0.060      0.000      0.060 
            csa_row[14].u_fa                     1     0.060      0.000      0.060 
            csa_row[15].u_fa                     1     0.060      0.000      0.060 
            csa_row[16].u_fa                     1     0.060      0.000      0.060 
            csa_row[17].u_fa                     1     0.060      0.000      0.060 
            csa_row[18].u_fa                     1     0.060      0.000      0.060 
            csa_row[19].u_fa                     1     0.060      0.000      0.060 
            csa_row[20].u_fa                     1     0.060      0.000      0.060 
            csa_row[21].u_fa                     1     0.060      0.000      0.060 
            csa_row[22].u_fa                     1     0.060      0.000      0.060 
            csa_row[23].u_fa                     1     0.060      0.000      0.060 
            csa_row[24].u_fa                     1     0.060      0.000      0.060 
            csa_row[25].u_fa                     1     0.060      0.000      0.060 
            csa_row[26].u_fa                     1     0.060      0.000      0.060 
            csa_row[27].u_fa                     1     0.060      0.000      0.060 
            csa_row[28].u_fa                     1     0.060      0.000      0.060 
            csa_row[29].u_fa                     1     0.060      0.000      0.060 
            csa_row[30].u_fa                     1     0.060      0.000      0.060 
            csa_row[31].u_fa                     1     0.060      0.000      0.060 
            csa_row[32].u_fa                     1     0.060      0.000      0.060 
            csa_row[33].u_fa                     1     0.060      0.000      0.060 
            csa_row[34].u_fa                     1     0.060      0.000      0.060 
            csa_row[35].u_fa                     1     0.060      0.000      0.060 
            csa_row[36].u_fa                     1     0.060      0.000      0.060 
            csa_row[37].u_fa                     1     0.060      0.000      0.060 
            csa_row[38].u_fa                     1     0.060      0.000      0.060 
            csa_row[39].u_fa                     1     0.060      0.000      0.060 
            csa_row[40].u_fa                     1     0.060      0.000      0.060 
            csa_row[41].u_fa                     1     0.060      0.000      0.060 
            csa_row[42].u_fa                     1     0.060      0.000      0.060 
            csa_row[43].u_fa                     1     0.060      0.000      0.060 
            csa_row[44].u_fa                     1     0.060      0.000      0.060 
            csa_row[45].u_fa                     1     0.060      0.527      0.588 
            csa_row[46].u_fa                     1     0.060      0.527      0.588 
            csa_row[6].u_fa                      1     0.060      0.000      0.060 
            csa_row[7].u_fa                      1     0.060      0.000      0.060 
            csa_row[8].u_fa                      1     0.060      0.000      0.060 
            csa_row[9].u_fa                      1     0.060      0.000      0.060 
            csa_row[47].u_fa                     1     0.050      0.000      0.050 
      NOR_UNIT                                 178     5.055     12.973     18.027 
        SHF_left_unit                          124     3.597     10.652     14.249 
      MAN_ROUNDING_UNIT                         24     1.389      0.422      1.810 
      MUL_EXP_ADJUST_UNIT                       45     1.233      0.000      1.233 
        CLA_8BIT_UNIT                           30     0.990      0.000      0.990 
          CLA_4BIT_UNIT_1                       11     0.483      0.000      0.483 
          CLA_4BIT_UNIT_0                       18     0.474      0.000      0.474 
      LOPD_UNIT                                 58     1.221      2.531      3.752 
        LOPD_16bit_UNIT_MSB                     34     0.753      0.422      1.175 
          LOPD_8bit_unit_0                      14     0.315      0.000      0.315 
          LOPD_8bit_unit_1                      14     0.292      0.211      0.503 
        LOPD_8bit_UNIT_LSB                      14     0.315      0.000      0.315 
      PSC_UNIT                                  12     0.617      5.255      5.871 
      EXP_ROUNDING_UNIT                         15     0.578      0.000      0.578 
    add1                                      1137    40.327    476.054    516.381 
      MAN_ALU                                  219     7.809     95.985    103.794 
        ALU_SUB_UNIT                           120     4.074     12.477     16.551 
          CLA_BLOCK_..CLA_4BIT_UNIT             18     0.683      0.000      0.683 
          CLA_BLOCK_..CLA_4BIT_UNIT             18     0.602      0.000      0.602 
          CLA_BLOCK_..CLA_4BIT_UNIT             18     0.599      0.000      0.599 
          CLA_BLOCK_..CLA_4BIT_UNIT             18     0.579      0.000      0.579 
          CLA_BLOCK_..CLA_4BIT_UNIT             18     0.552     12.477     13.030 
          CLA_BLOCK_..CLA_4BIT_UNIT             15     0.550      0.000      0.550 
      NOR_UNIT                                 208     7.212     67.083     74.296 
        SHF_left_unit                          143     4.755     25.553     30.307 
      SHF_RIGHT_MAN                            137     4.071     33.849     37.920 
      PSC_UNIT                                  87     3.478     38.453     41.931 
      MAN_COMP_24BIT                            78     2.444     10.610     13.054 
        u_i_data_3                              13     0.430      0.000      0.430 
        u_i_data_1                              13     0.415      0.000      0.415 
        u_i_data_2                              13     0.415      0.000      0.415 
        u_i_data_4                              13     0.415      0.000      0.415 
        u_i_data_5                              10     0.291     10.589     10.880 
        u_i_data_0                              10     0.245      0.000      0.245 
      MAN_SWAP                                  52     1.993     11.205     13.198 
      MAN_SWAP_PRE                              46     1.792     25.403     27.196 
      LOPD_24BIT                                58     1.632     11.307     12.938 
        LOPD_16bit_UNIT_MSB                     34     0.960      7.712      8.673 
          LOPD_8bit_unit_0                      14     0.432      0.000      0.432 
          LOPD_8bit_unit_1                      14     0.394      5.928      6.322 
        LOPD_8bit_UNIT_LSB                      14     0.418      0.000      0.418 
      MAN_RND                                   26     1.484      2.390      3.875 
      EXP_ADJUST                                37     1.237     10.817     12.054 
        CLA_8BIT_UNIT                           30     1.108      8.166      9.274 
          CLA_4BIT_UNIT_0                       18     0.571      8.166      8.737 
          CLA_4BIT_UNIT_1                       11     0.507      0.000      0.507 
      EXP_COM_8BIT                              24     0.757     32.269     33.026 
        COMP_LESS_UNIT                          24     0.757     32.269     33.026 
          u_high                                13     0.415      0.000      0.415 
          u_low                                 10     0.258      8.172      8.430 
      EXP_SUB                                   25     0.754     15.353     16.107 
        CLA_8BIT_UNIT                           20     0.650     15.353     16.004 
          CLA_4BIT_UNIT_0                       17     0.571     15.351     15.922 
          CLA_4BIT_UNIT_1                        2     0.062      0.000      0.062 
      EXP_RND                                   15     0.494      2.506      3.000 
      EXP_SWAP                                  13     0.490      8.152      8.642 
      MAN_ALU_PROC_RND                           7     0.246      0.000      0.246 
      SIGN_UNIT                                  1     0.030      2.192      2.223 
    add2                                      1137    40.120    526.154    566.273 
      MAN_ALU                                  219     7.830     84.620     92.450 
        ALU_SUB_UNIT                           120     4.087     15.341     19.428 
          CLA_BLOCK_..CLA_4BIT_UNIT             18     0.683      0.000      0.683 
          CLA_BLOCK_..CLA_4BIT_UNIT             18     0.602      0.000      0.602 
          CLA_BLOCK_..CLA_4BIT_UNIT             18     0.599      0.000      0.599 
          CLA_BLOCK_..CLA_4BIT_UNIT             18     0.579      0.000      0.579 
          CLA_BLOCK_..CLA_4BIT_UNIT             18     0.566     12.757     13.323 
          CLA_BLOCK_..CLA_4BIT_UNIT             15     0.550      0.000      0.550 
      NOR_UNIT                                 208     7.285      7.605     14.889 
        SHF_left_unit                          143     4.769      4.371      9.140 
      SHF_RIGHT_MAN                            137     4.064     60.805     64.869 
      PSC_UNIT                                  87     3.312     77.387     80.699 
      MAN_COMP_24BIT                            78     2.454      5.141      7.595 
        u_i_data_3                              13     0.430      0.000      0.430 
        u_i_data_1                              13     0.415      0.000      0.415 
        u_i_data_2                              13     0.415      0.000      0.415 
        u_i_data_4                              13     0.415      0.000      0.415 
        u_i_data_5                              10     0.301      5.121      5.421 
        u_i_data_0                              10     0.245      0.000      0.245 
      MAN_SWAP                                  52     1.998      5.667      7.665 
      MAN_SWAP_PRE                              46     1.949      5.222      7.172 
      LOPD_24BIT                                58     1.637      0.676      2.313 
        LOPD_16bit_UNIT_MSB                     34     0.948      0.676      1.624 
          LOPD_8bit_unit_0                      14     0.432      0.000      0.432 
          LOPD_8bit_unit_1                      14     0.383      0.676      1.059 
        LOPD_8bit_UNIT_LSB                      14     0.418      0.000      0.418 
      MAN_RND                                   26     1.481      2.073      3.554 
      EXP_ADJUST                                37     1.187     44.371     45.558 
        CLA_8BIT_UNIT                           30     1.087     44.371     45.458 
          CLA_4BIT_UNIT_0                       18     0.576     25.106     25.682 
          CLA_4BIT_UNIT_1                       11     0.484     19.236     19.720 
      EXP_SUB                                   25     0.777     55.162     55.939 
        CLA_8BIT_UNIT                           20     0.680     53.780     54.461 
          CLA_4BIT_UNIT_0                       17     0.593     46.245     46.839 
          CLA_4BIT_UNIT_1                        2     0.070      7.532      7.602 
      EXP_COM_8BIT                              24     0.728     25.282     26.009 
        COMP_LESS_UNIT                          24     0.728     25.282     26.009 
          u_high                                13     0.390     15.917     16.308 
          u_low                                 10     0.261      9.309      9.570 
      EXP_SWAP                                  13     0.519     25.013     25.532 
      EXP_RND                                   15     0.484     19.609     20.093 
      MAN_ALU_PROC_RND                           7     0.246      0.000      0.246 
      SIGN_UNIT                                  1     0.034      1.672      1.706 
    sub1                                      1139    40.026    537.439    577.465 
      NOR_UNIT                                 208     7.322     78.039     85.361 
        SHF_left_unit                          143     4.775     26.946     31.721 
      MAN_ALU                                  217     7.276    104.978    112.254 
        ALU_SUB_UNIT                           120     3.559     20.552     24.111 
          CLA_BLOCK_..CLA_4BIT_UNIT             18     0.559      0.000      0.559 
          CLA_BLOCK_..CLA_4BIT_UNIT             18     0.552      0.000      0.552 
          CLA_BLOCK_..CLA_4BIT_UNIT             18     0.548      0.000      0.548 
          CLA_BLOCK_..CLA_4BIT_UNIT             18     0.523      0.000      0.523 
          CLA_BLOCK_..CLA_4BIT_UNIT             15     0.508      0.000      0.508 
          CLA_BLOCK_..CLA_4BIT_UNIT             18     0.502     19.084     19.586 
      SHF_RIGHT_MAN                            137     4.073     33.849     37.922 
      PSC_UNIT                                  88     3.555     44.016     47.571 
      MAN_COMP_24BIT                            78     2.444     10.610     13.054 
        u_i_data_3                              13     0.430      0.000      0.430 
        u_i_data_1                              13     0.415      0.000      0.415 
        u_i_data_2                              13     0.415      0.000      0.415 
        u_i_data_4                              13     0.415      0.000      0.415 
        u_i_data_5                              10     0.291     10.589     10.880 
        u_i_data_0                              10     0.245      0.000      0.245 
      MAN_SWAP                                  52     1.993     11.100     13.093 
      MAN_SWAP_PRE                              46     1.792     25.403     27.196 
      LOPD_24BIT                                58     1.617      9.842     11.459 
        LOPD_16bit_UNIT_MSB                     34     0.946      6.247      7.194 
          LOPD_8bit_unit_0                      14     0.432      0.000      0.432 
          LOPD_8bit_unit_1                      14     0.380      4.460      4.840 
        LOPD_8bit_UNIT_LSB                      14     0.418      0.000      0.418 
      MAN_RND                                   26     1.481      2.073      3.554 
      EXP_ADJUST                                37     1.255     58.027     59.282 
        CLA_8BIT_UNIT                           30     1.068     41.436     42.504 
          CLA_4BIT_UNIT_0                       18     0.566     23.124     23.689 
          CLA_4BIT_UNIT_1                       11     0.479     16.556     17.035 
      EXP_COM_8BIT                              24     0.757     32.269     33.026 
        COMP_LESS_UNIT                          24     0.757     32.269     33.026 
          u_high                                13     0.415      0.000      0.415 
          u_low                                 10     0.258      8.172      8.430 
      EXP_SUB                                   25     0.754     15.353     16.107 
        CLA_8BIT_UNIT                           20     0.650     15.353     16.004 
          CLA_4BIT_UNIT_0                       17     0.571     15.351     15.922 
          CLA_4BIT_UNIT_1                        2     0.062      0.000      0.062 
      EXP_RND                                   15     0.496      0.000      0.496 
      EXP_SWAP                                  13     0.490      8.152      8.642 
      MAN_ALU_PROC_RND                           7     0.246      0.000      0.246 
      SIGN_UNIT                                  2     0.037      1.216      1.253 
    sub2                                      1137    39.636    520.729    560.365 
      MAN_ALU                                  217     7.300     81.551     88.850 
        ALU_SUB_UNIT                           120     3.539     15.501     19.039 
          CLA_BLOCK_..CLA_4BIT_UNIT             18     0.559      0.000      0.559 
          CLA_BLOCK_..CLA_4BIT_UNIT             18     0.552      0.000      0.552 
          CLA_BLOCK_..CLA_4BIT_UNIT             18     0.548      0.000      0.548 
          CLA_BLOCK_..CLA_4BIT_UNIT             18     0.523      0.000      0.523 
          CLA_BLOCK_..CLA_4BIT_UNIT             15     0.508      0.000      0.508 
          CLA_BLOCK_..CLA_4BIT_UNIT             18     0.481     14.033     14.514 
      NOR_UNIT                                 208     7.285      7.605     14.889 
        SHF_left_unit                          143     4.769      4.371      9.140 
      SHF_RIGHT_MAN                            137     4.073     60.582     64.655 
      PSC_UNIT                                  88     3.342     75.045     78.387 
      MAN_COMP_24BIT                            78     2.454      5.141      7.595 
        u_i_data_3                              13     0.430      0.000      0.430 
        u_i_data_1                              13     0.415      0.000      0.415 
        u_i_data_2                              13     0.415      0.000      0.415 
        u_i_data_4                              13     0.415      0.000      0.415 
        u_i_data_5                              10     0.301      5.121      5.421 
        u_i_data_0                              10     0.245      0.000      0.245 
      MAN_SWAP                                  52     1.998      5.667      7.665 
      MAN_SWAP_PRE                              46     1.949      5.222      7.172 
      LOPD_24BIT                                58     1.637      0.676      2.313 
        LOPD_16bit_UNIT_MSB                     34     0.948      0.676      1.624 
          LOPD_8bit_unit_0                      14     0.432      0.000      0.432 
          LOPD_8bit_unit_1                      14     0.383      0.676      1.059 
        LOPD_8bit_UNIT_LSB                      14     0.418      0.000      0.418 
      MAN_RND                                   26     1.481      2.073      3.554 
      EXP_ADJUST                                37     1.187     44.371     45.558 
        CLA_8BIT_UNIT                           30     1.087     44.371     45.458 
          CLA_4BIT_UNIT_0                       18     0.576     25.106     25.682 
          CLA_4BIT_UNIT_1                       11     0.484     19.236     19.720 
      EXP_SUB                                   25     0.777     55.162     55.939 
        CLA_8BIT_UNIT                           20     0.680     53.780     54.461 
          CLA_4BIT_UNIT_0                       17     0.593     46.245     46.839 
          CLA_4BIT_UNIT_1                        2     0.070      7.532      7.602 
      EXP_COM_8BIT                              24     0.728     25.282     26.009 
        COMP_LESS_UNIT                          24     0.728     25.282     26.009 
          u_high                                13     0.390     15.917     16.308 
          u_low                                 10     0.261      9.309      9.570 
      EXP_SWAP                                  13     0.519     25.013     25.532 
      EXP_RND                                   15     0.484     19.609     20.093 
      MAN_ALU_PROC_RND                           7     0.246      0.000      0.246 
      SIGN_UNIT                                  2     0.041      1.882      1.923 
    sub0                                      1111    35.937    223.649    259.586 
      MAN_ALU                                  217     7.434     73.855     81.289 
        ALU_SUB_UNIT                           120     3.685      9.478     13.163 
          CLA_BLOCK_..CLA_4BIT_UNIT             18     0.583      0.000      0.583 
          CLA_BLOCK_..CLA_4BIT_UNIT             18     0.570      0.000      0.570 
          CLA_BLOCK_..CLA_4BIT_UNIT             18     0.562      0.000      0.562 
          CLA_BLOCK_..CLA_4BIT_UNIT             18     0.557      8.116      8.673 
          CLA_BLOCK_..CLA_4BIT_UNIT             18     0.552      0.000      0.552 
          CLA_BLOCK_..CLA_4BIT_UNIT             15     0.508      0.000      0.508 
      NOR_UNIT                                 208     7.314      0.000      7.314 
        SHF_left_unit                          143     4.789      0.000      4.789 
      SHF_RIGHT_MAN                            136     2.927     20.498     23.426 
      MAN_COMP_24BIT                            78     2.614      5.032      7.646 
        u_i_data_3                              13     0.465      0.000      0.465 
        u_i_data_2                              13     0.450      0.000      0.450 
        u_i_data_4                              13     0.450      0.000      0.450 
        u_i_data_1                              13     0.439      0.000      0.439 
        u_i_data_5                              10     0.305      5.011      5.316 
        u_i_data_0                              10     0.272      0.000      0.272 
      MAN_SWAP                                  50     1.986      8.486     10.473 
      LOPD_24BIT                                58     1.646      0.000      1.646 
        LOPD_16bit_UNIT_MSB                     34     0.957      0.000      0.957 
          LOPD_8bit_unit_0                      14     0.432      0.000      0.432 
          LOPD_8bit_unit_1                      14     0.392      0.000      0.392 
        LOPD_8bit_UNIT_LSB                      14     0.418      0.000      0.418 
      MAN_RND                                   26     1.483      0.000      1.483 
      EXP_ADJUST                                37     1.193      5.708      6.900 
        CLA_8BIT_UNIT                           30     1.093      5.708      6.800 
          CLA_4BIT_UNIT_0                       18     0.579      5.708      6.287 
          CLA_4BIT_UNIT_1                       11     0.484      0.000      0.484 
      MAN_SWAP_PRE                              46     0.922      2.727      3.649 
      PSC_UNIT                                  22     0.896      5.016      5.912 
      EXP_SUB                                   25     0.747     13.454     14.201 
        CLA_8BIT_UNIT                           20     0.643     13.454     14.097 
          CLA_4BIT_UNIT_0                       17     0.564     13.452     14.016 
          CLA_4BIT_UNIT_1                        2     0.062      0.000      0.062 
      EXP_RND                                   15     0.491      2.077      2.568 
      EXP_SWAP                                  16     0.440      4.409      4.848 
      EXP_COM_8BIT                               7     0.361     -0.002      0.359 
        COMP_LESS_UNIT                           7     0.361     -0.002      0.359 
          u_high                                 4     0.222      0.000      0.222 
          u_low                                  2     0.069     -0.002      0.067 
      MAN_ALU_PROC_RND                           7     0.246      0.000      0.246 
      SIGN_UNIT                                  2     0.054      4.727      4.781 
    add0                                      1019    33.355    377.386    410.741 
      MAN_ALU                                  219     7.858     81.793     89.651 
        ALU_SUB_UNIT                           120     4.148      6.390     10.538 
          CLA_BLOCK_..CLA_4BIT_UNIT             18     0.686      0.000      0.686 
          CLA_BLOCK_..CLA_4BIT_UNIT             18     0.608      0.000      0.608 
          CLA_BLOCK_..CLA_4BIT_UNIT             18     0.605      0.000      0.605 
          CLA_BLOCK_..CLA_4BIT_UNIT             18     0.602      0.000      0.602 
          CLA_BLOCK_..CLA_4BIT_UNIT             18     0.588      6.390      6.978 
          CLA_BLOCK_..CLA_4BIT_UNIT             15     0.550      0.000      0.550 
      NOR_UNIT                                 208     7.199     83.088     90.287 
        SHF_left_unit                          143     4.591     58.499     63.090 
      SHF_RIGHT_MAN                            134     2.858     19.100     21.958 
      MAN_COMP_24BIT                            78     2.611      4.913      7.524 
        u_i_data_3                              13     0.465      0.000      0.465 
        u_i_data_2                              13     0.450      0.000      0.450 
        u_i_data_4                              13     0.450      0.000      0.450 
        u_i_data_1                              13     0.439      0.000      0.439 
        u_i_data_5                              10     0.302      4.892      5.194 
        u_i_data_0                              10     0.272      0.000      0.272 
      MAN_SWAP                                  50     1.983      8.488     10.471 
      LOPD_24BIT                                58     1.685     22.097     23.782 
        LOPD_16bit_UNIT_MSB                     34     0.985      8.773      9.758 
          LOPD_8bit_unit_0                      14     0.432      0.000      0.432 
          LOPD_8bit_unit_1                      14     0.412      3.772      4.184 
        LOPD_8bit_UNIT_LSB                      14     0.418      0.000      0.418 
      MAN_RND                                   26     1.487     -0.000      1.487 
      EXP_ADJUST                                37     1.208     10.844     12.052 
        CLA_8BIT_UNIT                           30     1.085      8.162      9.246 
          CLA_4BIT_UNIT_0                       18     0.571      8.162      8.733 
          CLA_4BIT_UNIT_1                       11     0.484      0.000      0.484 
      PSC_UNIT                                  23     0.899      3.934      4.834 
      MAN_SWAP_PRE                              46     0.850      3.771      4.621 
      EXP_SUB                                   25     0.747     13.455     14.201 
        CLA_8BIT_UNIT                           20     0.643     13.455     14.098 
          CLA_4BIT_UNIT_0                       17     0.564     13.452     14.016 
          CLA_4BIT_UNIT_1                        2     0.062      0.000      0.062 
      EXP_RND                                   15     0.494      2.400      2.895 
      EXP_SWAP                                  16     0.435     15.906     16.341 
      EXP_COM_8BIT                               7     0.308     23.870     24.178 
        COMP_LESS_UNIT                           7     0.308     23.870     24.178 
          u_high                                 4     0.156      0.000      0.156 
          u_low                                  2     0.067      3.872      3.940 
      MAN_ALU_PROC_RND                           7     0.246      0.000      0.246 
      SIGN_UNIT                                  1     0.037      4.505      4.543 
    mul1                                         8     0.337      0.000      0.337 
      PSC_UNIT                                   7     0.313      0.000      0.313 
    mul2                                         8     0.337      0.000      0.337 
      PSC_UNIT                                   7     0.313      0.000      0.313 
  BFLY2_2                                     9594   522.750   3144.140   3666.890 
    mul0                                      1449   147.146    144.321    291.467 
      MAN_MUL_UNIT                            1074   135.720     27.672    163.392 
        MUL_UNIT_MAN_UNIT                     1066   135.228     27.672    162.901 
          u_booth                              348    88.297     22.188    110.485 
          u_wallace                            394    35.682      0.000     35.682 
            STAGE_GEN[0].u_stage               116    11.746      0.000     11.746 
            STAGE_GEN[1].u_stage                85     8.192      0.000      8.192 
            STAGE_GEN[2].u_stage                61     5.842      0.000      5.842 
            STAGE_GEN[3].u_stage                45     3.976      0.000      3.976 
            STAGE_GEN[4].u_stage                44     3.348      0.000      3.348 
            STAGE_GEN[5].u_stage                43     2.578      0.000      2.578 
          u_cla                                282     8.720      4.430     13.150 
            cla_tree                           201     4.745      0.000      4.745 
              MULTI_GROUP.next_level            32     0.785      0.000      0.785 
                COMPUTE_DE..Y[1].cla_unit       11     0.273      0.000      0.273 
                COMPUTE_DE..Y[2].cla_unit        8     0.194      0.000      0.194 
                COMPUTE_DE..Y[0].cla_unit        2     0.066      0.000      0.066 
                MULTI_GROUP.next_level           1     0.033      0.000      0.033 
                  COMPUTE_DE..Y[0].cla_unit      1     0.033      0.000      0.033 
              COMPUTE_DE..[10].cla_unit         11     0.273      0.000      0.273 
              COMPUTE_DE..Y[2].cla_unit         11     0.273      0.000      0.273 
              COMPUTE_DE..Y[3].cla_unit         11     0.273      0.000      0.273 
              COMPUTE_DE..Y[4].cla_unit         11     0.273      0.000      0.273 
              COMPUTE_DE..Y[5].cla_unit         11     0.273      0.000      0.273 
              COMPUTE_DE..Y[6].cla_unit         11     0.273      0.000      0.273 
              COMPUTE_DE..Y[7].cla_unit         11     0.273      0.000      0.273 
              COMPUTE_DE..Y[8].cla_unit         11     0.273      0.000      0.273 
              COMPUTE_DE..Y[9].cla_unit         11     0.273      0.000      0.273 
              COMPUTE_DE..[11].cla_unit          7     0.167      0.000      0.167 
          u_merge                               42     2.530      1.055      3.584 
            csa_row[10].u_fa                     1     0.060      0.000      0.060 
            csa_row[11].u_fa                     1     0.060      0.000      0.060 
            csa_row[12].u_fa                     1     0.060      0.000      0.060 
            csa_row[13].u_fa                     1     0.060      0.000      0.060 
            csa_row[14].u_fa                     1     0.060      0.000      0.060 
            csa_row[15].u_fa                     1     0.060      0.000      0.060 
            csa_row[16].u_fa                     1     0.060      0.000      0.060 
            csa_row[17].u_fa                     1     0.060      0.000      0.060 
            csa_row[18].u_fa                     1     0.060      0.000      0.060 
            csa_row[19].u_fa                     1     0.060      0.000      0.060 
            csa_row[20].u_fa                     1     0.060      0.000      0.060 
            csa_row[21].u_fa                     1     0.060      0.000      0.060 
            csa_row[22].u_fa                     1     0.060      0.000      0.060 
            csa_row[23].u_fa                     1     0.060      0.000      0.060 
            csa_row[24].u_fa                     1     0.060      0.000      0.060 
            csa_row[25].u_fa                     1     0.060      0.000      0.060 
            csa_row[26].u_fa                     1     0.060      0.000      0.060 
            csa_row[27].u_fa                     1     0.060      0.000      0.060 
            csa_row[28].u_fa                     1     0.060      0.000      0.060 
            csa_row[29].u_fa                     1     0.060      0.000      0.060 
            csa_row[30].u_fa                     1     0.060      0.000      0.060 
            csa_row[31].u_fa                     1     0.060      0.000      0.060 
            csa_row[32].u_fa                     1     0.060      0.000      0.060 
            csa_row[33].u_fa                     1     0.060      0.000      0.060 
            csa_row[34].u_fa                     1     0.060      0.000      0.060 
            csa_row[35].u_fa                     1     0.060      0.000      0.060 
            csa_row[36].u_fa                     1     0.060      0.000      0.060 
            csa_row[37].u_fa                     1     0.060      0.000      0.060 
            csa_row[38].u_fa                     1     0.060      0.000      0.060 
            csa_row[39].u_fa                     1     0.060      0.000      0.060 
            csa_row[40].u_fa                     1     0.060      0.000      0.060 
            csa_row[41].u_fa                     1     0.060      0.000      0.060 
            csa_row[42].u_fa                     1     0.060      0.000      0.060 
            csa_row[43].u_fa                     1     0.060      0.000      0.060 
            csa_row[44].u_fa                     1     0.060      0.000      0.060 
            csa_row[45].u_fa                     1     0.060      0.527      0.588 
            csa_row[46].u_fa                     1     0.060      0.527      0.588 
            csa_row[6].u_fa                      1     0.060      0.000      0.060 
            csa_row[7].u_fa                      1     0.060      0.000      0.060 
            csa_row[8].u_fa                      1     0.060      0.000      0.060 
            csa_row[9].u_fa                      1     0.060      0.000      0.060 
            csa_row[47].u_fa                     1     0.050      0.000      0.050 
      NOR_UNIT                                 178     5.055     12.973     18.027 
        SHF_left_unit                          124     3.597     10.652     14.249 
      MAN_ROUNDING_UNIT                         24     1.389      0.422      1.810 
      LOPD_UNIT                                 58     1.221      2.531      3.752 
        LOPD_16bit_UNIT_MSB                     34     0.753      0.422      1.175 
          LOPD_8bit_unit_0                      14     0.315      0.000      0.315 
          LOPD_8bit_unit_1                      14     0.292      0.211      0.503 
        LOPD_8bit_UNIT_LSB                      14     0.315      0.000      0.315 
      MUL_EXP_ADJUST_UNIT                       45     1.191     44.413     45.604 
        CLA_8BIT_UNIT                           30     0.963     41.552     42.515 
          CLA_4BIT_UNIT_0                       18     0.464     21.163     21.627 
          CLA_4BIT_UNIT_1                       11     0.463     18.331     18.794 
      PSC_UNIT                                  12     0.585     13.091     13.676 
      EXP_ROUNDING_UNIT                         15     0.577      0.211      0.788 
    mul3                                      1449   147.146    142.106    289.252 
      MAN_MUL_UNIT                            1074   135.720     27.672    163.392 
        MUL_UNIT_MAN_UNIT                     1066   135.228     27.672    162.901 
          u_booth                              348    88.297     22.188    110.485 
          u_wallace                            394    35.682      0.000     35.682 
            STAGE_GEN[0].u_stage               116    11.746      0.000     11.746 
            STAGE_GEN[1].u_stage                85     8.192      0.000      8.192 
            STAGE_GEN[2].u_stage                61     5.842      0.000      5.842 
            STAGE_GEN[3].u_stage                45     3.976      0.000      3.976 
            STAGE_GEN[4].u_stage                44     3.348      0.000      3.348 
            STAGE_GEN[5].u_stage                43     2.578      0.000      2.578 
          u_cla                                282     8.720      4.430     13.150 
            cla_tree                           201     4.745      0.000      4.745 
              MULTI_GROUP.next_level            32     0.785      0.000      0.785 
                COMPUTE_DE..Y[1].cla_unit       11     0.273      0.000      0.273 
                COMPUTE_DE..Y[2].cla_unit        8     0.194      0.000      0.194 
                COMPUTE_DE..Y[0].cla_unit        2     0.066      0.000      0.066 
                MULTI_GROUP.next_level           1     0.033      0.000      0.033 
                  COMPUTE_DE..Y[0].cla_unit      1     0.033      0.000      0.033 
              COMPUTE_DE..[10].cla_unit         11     0.273      0.000      0.273 
              COMPUTE_DE..Y[2].cla_unit         11     0.273      0.000      0.273 
              COMPUTE_DE..Y[3].cla_unit         11     0.273      0.000      0.273 
              COMPUTE_DE..Y[4].cla_unit         11     0.273      0.000      0.273 
              COMPUTE_DE..Y[5].cla_unit         11     0.273      0.000      0.273 
              COMPUTE_DE..Y[6].cla_unit         11     0.273      0.000      0.273 
              COMPUTE_DE..Y[7].cla_unit         11     0.273      0.000      0.273 
              COMPUTE_DE..Y[8].cla_unit         11     0.273      0.000      0.273 
              COMPUTE_DE..Y[9].cla_unit         11     0.273      0.000      0.273 
              COMPUTE_DE..[11].cla_unit          7     0.167      0.000      0.167 
          u_merge                               42     2.530      1.055      3.584 
            csa_row[10].u_fa                     1     0.060      0.000      0.060 
            csa_row[11].u_fa                     1     0.060      0.000      0.060 
            csa_row[12].u_fa                     1     0.060      0.000      0.060 
            csa_row[13].u_fa                     1     0.060      0.000      0.060 
            csa_row[14].u_fa                     1     0.060      0.000      0.060 
            csa_row[15].u_fa                     1     0.060      0.000      0.060 
            csa_row[16].u_fa                     1     0.060      0.000      0.060 
            csa_row[17].u_fa                     1     0.060      0.000      0.060 
            csa_row[18].u_fa                     1     0.060      0.000      0.060 
            csa_row[19].u_fa                     1     0.060      0.000      0.060 
            csa_row[20].u_fa                     1     0.060      0.000      0.060 
            csa_row[21].u_fa                     1     0.060      0.000      0.060 
            csa_row[22].u_fa                     1     0.060      0.000      0.060 
            csa_row[23].u_fa                     1     0.060      0.000      0.060 
            csa_row[24].u_fa                     1     0.060      0.000      0.060 
            csa_row[25].u_fa                     1     0.060      0.000      0.060 
            csa_row[26].u_fa                     1     0.060      0.000      0.060 
            csa_row[27].u_fa                     1     0.060      0.000      0.060 
            csa_row[28].u_fa                     1     0.060      0.000      0.060 
            csa_row[29].u_fa                     1     0.060      0.000      0.060 
            csa_row[30].u_fa                     1     0.060      0.000      0.060 
            csa_row[31].u_fa                     1     0.060      0.000      0.060 
            csa_row[32].u_fa                     1     0.060      0.000      0.060 
            csa_row[33].u_fa                     1     0.060      0.000      0.060 
            csa_row[34].u_fa                     1     0.060      0.000      0.060 
            csa_row[35].u_fa                     1     0.060      0.000      0.060 
            csa_row[36].u_fa                     1     0.060      0.000      0.060 
            csa_row[37].u_fa                     1     0.060      0.000      0.060 
            csa_row[38].u_fa                     1     0.060      0.000      0.060 
            csa_row[39].u_fa                     1     0.060      0.000      0.060 
            csa_row[40].u_fa                     1     0.060      0.000      0.060 
            csa_row[41].u_fa                     1     0.060      0.000      0.060 
            csa_row[42].u_fa                     1     0.060      0.000      0.060 
            csa_row[43].u_fa                     1     0.060      0.000      0.060 
            csa_row[44].u_fa                     1     0.060      0.000      0.060 
            csa_row[45].u_fa                     1     0.060      0.527      0.588 
            csa_row[46].u_fa                     1     0.060      0.527      0.588 
            csa_row[6].u_fa                      1     0.060      0.000      0.060 
            csa_row[7].u_fa                      1     0.060      0.000      0.060 
            csa_row[8].u_fa                      1     0.060      0.000      0.060 
            csa_row[9].u_fa                      1     0.060      0.000      0.060 
            csa_row[47].u_fa                     1     0.050      0.000      0.050 
      NOR_UNIT                                 178     5.055     12.973     18.027 
        SHF_left_unit                          124     3.597     10.652     14.249 
      MAN_ROUNDING_UNIT                         24     1.389      0.422      1.810 
      LOPD_UNIT                                 58     1.221      2.531      3.752 
        LOPD_16bit_UNIT_MSB                     34     0.753      0.422      1.175 
          LOPD_8bit_unit_0                      14     0.315      0.000      0.315 
          LOPD_8bit_unit_1                      14     0.292      0.211      0.503 
        LOPD_8bit_UNIT_LSB                      14     0.315      0.000      0.315 
      MUL_EXP_ADJUST_UNIT                       45     1.191     44.413     45.604 
        CLA_8BIT_UNIT                           30     0.963     41.552     42.515 
          CLA_4BIT_UNIT_0                       18     0.464     21.163     21.627 
          CLA_4BIT_UNIT_1                       11     0.463     18.331     18.794 
      PSC_UNIT                                  12     0.585     13.091     13.676 
      EXP_ROUNDING_UNIT                         15     0.577      0.211      0.788 
    add2                                      1137    40.131    545.926    586.057 
      MAN_ALU                                  219     7.830     84.620     92.450 
        ALU_SUB_UNIT                           120     4.087     15.341     19.428 
          CLA_BLOCK_..CLA_4BIT_UNIT             18     0.683      0.000      0.683 
          CLA_BLOCK_..CLA_4BIT_UNIT             18     0.602      0.000      0.602 
          CLA_BLOCK_..CLA_4BIT_UNIT             18     0.599      0.000      0.599 
          CLA_BLOCK_..CLA_4BIT_UNIT             18     0.579      0.000      0.579 
          CLA_BLOCK_..CLA_4BIT_UNIT             18     0.566     12.757     13.323 
          CLA_BLOCK_..CLA_4BIT_UNIT             15     0.550      0.000      0.550 
      NOR_UNIT                                 208     7.285      7.605     14.889 
        SHF_left_unit                          143     4.769      4.371      9.140 
      SHF_RIGHT_MAN                            137     4.006     73.338     77.343 
      PSC_UNIT                                  87     3.359     76.934     80.293 
      MAN_COMP_24BIT                            78     2.454      5.141      7.595 
        u_i_data_3                              13     0.430      0.000      0.430 
        u_i_data_1                              13     0.415      0.000      0.415 
        u_i_data_2                              13     0.415      0.000      0.415 
        u_i_data_4                              13     0.415      0.000      0.415 
        u_i_data_5                              10     0.301      5.121      5.421 
        u_i_data_0                              10     0.245      0.000      0.245 
      MAN_SWAP                                  52     1.998      5.667      7.665 
      MAN_SWAP_PRE                              46     1.949      5.222      7.172 
      LOPD_24BIT                                58     1.637      0.676      2.313 
        LOPD_16bit_UNIT_MSB                     34     0.948      0.676      1.624 
          LOPD_8bit_unit_0                      14     0.432      0.000      0.432 
          LOPD_8bit_unit_1                      14     0.383      0.676      1.059 
        LOPD_8bit_UNIT_LSB                      14     0.418      0.000      0.418 
      MAN_RND                                   26     1.481      2.073      3.554 
      EXP_ADJUST                                37     1.187     44.371     45.558 
        CLA_8BIT_UNIT                           30     1.087     44.371     45.458 
          CLA_4BIT_UNIT_0                       18     0.576     25.106     25.682 
          CLA_4BIT_UNIT_1                       11     0.484     19.236     19.720 
      EXP_SUB                                   25     0.779     65.607     66.385 
        CLA_8BIT_UNIT                           20     0.675     65.607     66.282 
          CLA_4BIT_UNIT_0                       17     0.588     58.072     58.660 
          CLA_4BIT_UNIT_1                        2     0.070      7.532      7.602 
      EXP_COM_8BIT                              24     0.728     24.348     25.076 
        COMP_LESS_UNIT                          24     0.728     24.348     25.076 
          u_high                                13     0.390     15.917     16.308 
          u_low                                 10     0.262      8.375      8.637 
      EXP_SWAP                                  13     0.526     23.239     23.765 
      EXP_RND                                   15     0.484     19.609     20.093 
      MAN_ALU_PROC_RND                           7     0.246      0.000      0.246 
      SIGN_UNIT                                  1     0.034      1.672      1.706 
    add1                                      1137    39.877    415.276    455.154 
      MAN_ALU                                  219     7.816     25.005     32.821 
        ALU_SUB_UNIT                           120     4.094     11.466     15.560 
          CLA_BLOCK_..CLA_4BIT_UNIT             18     0.683      0.000      0.683 
          CLA_BLOCK_..CLA_4BIT_UNIT             18     0.602      0.000      0.602 
          CLA_BLOCK_..CLA_4BIT_UNIT             18     0.599      0.000      0.599 
          CLA_BLOCK_..CLA_4BIT_UNIT             18     0.579      0.000      0.579 
          CLA_BLOCK_..CLA_4BIT_UNIT             18     0.573     11.466     12.039 
          CLA_BLOCK_..CLA_4BIT_UNIT             15     0.550      0.000      0.550 
      NOR_UNIT                                 208     7.250     16.956     24.206 
        SHF_left_unit                          143     4.743     10.493     15.236 
      SHF_RIGHT_MAN                            137     3.985     59.585     63.570 
      PSC_UNIT                                  87     3.331     64.914     68.246 
      MAN_COMP_24BIT                            78     2.453      8.521     10.974 
        u_i_data_3                              13     0.430      0.000      0.430 
        u_i_data_1                              13     0.415      0.000      0.415 
        u_i_data_2                              13     0.415      0.000      0.415 
        u_i_data_4                              13     0.415      0.000      0.415 
        u_i_data_5                              10     0.294      8.521      8.816 
        u_i_data_0                              10     0.245      0.000      0.245 
      MAN_SWAP                                  52     1.996      5.539      7.535 
      MAN_SWAP_PRE                              46     1.949      5.224      7.174 
      LOPD_24BIT                                58     1.621      2.922      4.543 
        LOPD_16bit_UNIT_MSB                     34     0.933      2.922      3.855 
          LOPD_8bit_unit_0                      14     0.432      0.000      0.432 
          LOPD_8bit_unit_1                      14     0.368      2.922      3.290 
        LOPD_8bit_UNIT_LSB                      14     0.418      0.000      0.418 
      MAN_RND                                   26     1.482      4.463      5.945 
      EXP_ADJUST                                37     1.197     37.839     39.036 
        CLA_8BIT_UNIT                           30     1.097     37.839     38.936 
          CLA_4BIT_UNIT_0                       18     0.586     18.574     19.160 
          CLA_4BIT_UNIT_1                       11     0.484     19.236     19.720 
      EXP_SUB                                   25     0.797     44.550     45.347 
        CLA_8BIT_UNIT                           20     0.693     44.550     45.243 
          CLA_4BIT_UNIT_0                       17     0.602     37.018     37.620 
          CLA_4BIT_UNIT_1                        2     0.070      7.532      7.602 
      EXP_COM_8BIT                              24     0.735     21.457     22.192 
        COMP_LESS_UNIT                          24     0.735     21.457     22.192 
          u_high                                13     0.390     15.917     16.308 
          u_low                                 10     0.268      5.485      5.753 
      EXP_SWAP                                  13     0.524     19.902     20.426 
      EXP_RND                                   15     0.482     17.103     17.585 
      MAN_ALU_PROC_RND                           7     0.246      0.000      0.246 
      SIGN_UNIT                                  1     0.034      1.672      1.706 
    sub2                                      1137    39.621    545.023    584.644 
      MAN_ALU                                  217     7.300     81.551     88.850 
        ALU_SUB_UNIT                           120     3.539     15.501     19.039 
          CLA_BLOCK_..CLA_4BIT_UNIT             18     0.559      0.000      0.559 
          CLA_BLOCK_..CLA_4BIT_UNIT             18     0.552      0.000      0.552 
          CLA_BLOCK_..CLA_4BIT_UNIT             18     0.548      0.000      0.548 
          CLA_BLOCK_..CLA_4BIT_UNIT             18     0.523      0.000      0.523 
          CLA_BLOCK_..CLA_4BIT_UNIT             15     0.508      0.000      0.508 
          CLA_BLOCK_..CLA_4BIT_UNIT             18     0.481     14.033     14.514 
      NOR_UNIT                                 208     7.285      7.605     14.889 
        SHF_left_unit                          143     4.769      4.371      9.140 
      SHF_RIGHT_MAN                            137     4.015     73.150     77.165 
      PSC_UNIT                                  88     3.364     79.078     82.442 
      MAN_COMP_24BIT                            78     2.454      5.141      7.595 
        u_i_data_3                              13     0.430      0.000      0.430 
        u_i_data_1                              13     0.415      0.000      0.415 
        u_i_data_2                              13     0.415      0.000      0.415 
        u_i_data_4                              13     0.415      0.000      0.415 
        u_i_data_5                              10     0.301      5.121      5.421 
        u_i_data_0                              10     0.245      0.000      0.245 
      MAN_SWAP                                  52     1.998      5.667      7.665 
      MAN_SWAP_PRE                              46     1.949      5.222      7.172 
      LOPD_24BIT                                58     1.637      0.676      2.313 
        LOPD_16bit_UNIT_MSB                     34     0.948      0.676      1.624 
          LOPD_8bit_unit_0                      14     0.432      0.000      0.432 
          LOPD_8bit_unit_1                      14     0.383      0.676      1.059 
        LOPD_8bit_UNIT_LSB                      14     0.418      0.000      0.418 
      MAN_RND                                   26     1.481      2.073      3.554 
      EXP_ADJUST                                37     1.187     44.371     45.558 
        CLA_8BIT_UNIT                           30     1.087     44.371     45.458 
          CLA_4BIT_UNIT_0                       18     0.576     25.106     25.682 
          CLA_4BIT_UNIT_1                       11     0.484     19.236     19.720 
      EXP_SUB                                   25     0.779     65.607     66.385 
        CLA_8BIT_UNIT                           20     0.675     65.607     66.282 
          CLA_4BIT_UNIT_0                       17     0.588     58.072     58.660 
          CLA_4BIT_UNIT_1                        2     0.070      7.532      7.602 
      EXP_COM_8BIT                              24     0.728     24.348     25.076 
        COMP_LESS_UNIT                          24     0.728     24.348     25.076 
          u_high                                13     0.390     15.917     16.308 
          u_low                                 10     0.262      8.375      8.637 
      EXP_SWAP                                  13     0.526     23.239     23.765 
      EXP_RND                                   15     0.484     19.609     20.093 
      MAN_ALU_PROC_RND                           7     0.246      0.000      0.246 
      SIGN_UNIT                                  2     0.041      1.882      1.923 
    sub1                                      1139    39.362    516.495    555.857 
      NOR_UNIT                                 208     7.287     76.523     83.810 
        SHF_left_unit                          143     4.756     28.052     32.809 
      MAN_ALU                                  217     7.267     32.834     40.101 
        ALU_SUB_UNIT                           120     3.532     16.180     19.712 
          CLA_BLOCK_..CLA_4BIT_UNIT             18     0.559      0.000      0.559 
          CLA_BLOCK_..CLA_4BIT_UNIT             18     0.552      0.000      0.552 
          CLA_BLOCK_..CLA_4BIT_UNIT             18     0.548      0.000      0.548 
          CLA_BLOCK_..CLA_4BIT_UNIT             18     0.523      0.000      0.523 
          CLA_BLOCK_..CLA_4BIT_UNIT             15     0.508      0.000      0.508 
          CLA_BLOCK_..CLA_4BIT_UNIT             18     0.476     16.180     16.655 
      SHF_RIGHT_MAN                            137     3.986     59.514     63.500 
      PSC_UNIT                                  88     3.310     60.002     63.313 
      MAN_COMP_24BIT                            78     2.453      8.521     10.974 
        u_i_data_3                              13     0.430      0.000      0.430 
        u_i_data_1                              13     0.415      0.000      0.415 
        u_i_data_2                              13     0.415      0.000      0.415 
        u_i_data_4                              13     0.415      0.000      0.415 
        u_i_data_5                              10     0.294      8.521      8.816 
        u_i_data_0                              10     0.245      0.000      0.245 
      MAN_SWAP                                  52     1.996      5.433      7.429 
      MAN_SWAP_PRE                              46     1.949      5.224      7.174 
      LOPD_24BIT                                58     1.615      8.935     10.549 
        LOPD_16bit_UNIT_MSB                     34     0.943      5.341      6.284 
          LOPD_8bit_unit_0                      14     0.432      0.000      0.432 
          LOPD_8bit_unit_1                      14     0.377      3.554      3.931 
        LOPD_8bit_UNIT_LSB                      14     0.418      0.000      0.418 
      MAN_RND                                   26     1.478      0.000      1.478 
      EXP_ADJUST                                37     1.186     64.045     65.231 
        CLA_8BIT_UNIT                           30     0.998     47.455     48.452 
          CLA_4BIT_UNIT_0                       18     0.535     22.951     23.485 
          CLA_4BIT_UNIT_1                       11     0.440     22.747     23.188 
      EXP_SUB                                   25     0.797     44.550     45.347 
        CLA_8BIT_UNIT                           20     0.693     44.550     45.243 
          CLA_4BIT_UNIT_0                       17     0.602     37.018     37.620 
          CLA_4BIT_UNIT_1                        2     0.070      7.532      7.602 
      EXP_COM_8BIT                              24     0.735     21.457     22.192 
        COMP_LESS_UNIT                          24     0.735     21.457     22.192 
          u_high                                13     0.390     15.917     16.308 
          u_low                                 10     0.268      5.485      5.753 
      EXP_SWAP                                  13     0.524     19.902     20.426 
      EXP_RND                                   15     0.479     17.531     18.010 
      MAN_ALU_PROC_RND                           7     0.246      0.000      0.246 
      SIGN_UNIT                                  2     0.041      1.882      1.923 
    sub0                                      1111    35.831    479.831    515.662 
      MAN_ALU                                  217     7.448     69.228     76.676 
        ALU_SUB_UNIT                           120     3.719      0.306      4.025 
          CLA_BLOCK_..CLA_4BIT_UNIT             18     0.592      0.306      0.898 
          CLA_BLOCK_..CLA_4BIT_UNIT             18     0.583      0.000      0.583 
          CLA_BLOCK_..CLA_4BIT_UNIT             18     0.570      0.000      0.570 
          CLA_BLOCK_..CLA_4BIT_UNIT             18     0.562      0.000      0.562 
          CLA_BLOCK_..CLA_4BIT_UNIT             18     0.552      0.000      0.552 
          CLA_BLOCK_..CLA_4BIT_UNIT             15     0.508      0.000      0.508 
      NOR_UNIT                                 208     7.248     84.934     92.181 
        SHF_left_unit                          143     4.591     58.499     63.090 
      SHF_RIGHT_MAN                            136     2.970      8.907     11.876 
      MAN_COMP_24BIT                            78     2.608      2.190      4.799 
        u_i_data_3                              13     0.465      0.000      0.465 
        u_i_data_2                              13     0.450      0.000      0.450 
        u_i_data_4                              13     0.450      0.000      0.450 
        u_i_data_1                              13     0.439      0.000      0.439 
        u_i_data_5                              10     0.304      2.190      2.495 
        u_i_data_0                              10     0.272      0.000      0.272 
      MAN_SWAP                                  50     1.987      5.641      7.628 
      LOPD_24BIT                                58     1.685     22.097     23.782 
        LOPD_16bit_UNIT_MSB                     34     0.985      8.773      9.758 
          LOPD_8bit_unit_0                      14     0.432      0.000      0.432 
          LOPD_8bit_unit_1                      14     0.412      3.772      4.184 
        LOPD_8bit_UNIT_LSB                      14     0.418      0.000      0.418 
      MAN_RND                                   26     1.487     -0.000      1.487 
      EXP_ADJUST                                37     1.199     49.146     50.344 
        CLA_8BIT_UNIT                           30     1.030     42.288     43.318 
          CLA_4BIT_UNIT_0                       18     0.566     23.920     24.486 
          CLA_4BIT_UNIT_1                       11     0.442     16.611     17.052 
      MAN_SWAP_PRE                              46     0.919      5.219      6.137 
      PSC_UNIT                                  22     0.841     21.634     22.475 
      EXP_SUB                                   25     0.757     12.466     13.223 
        CLA_8BIT_UNIT                           20     0.689      6.844      7.533 
          CLA_4BIT_UNIT_0                       17     0.604      6.844      7.448 
          CLA_4BIT_UNIT_1                        2     0.072      0.000      0.072 
      EXP_RND                                   15     0.497      7.411      7.908 
      EXP_SWAP                                  16     0.448     43.403     43.851 
      EXP_COM_8BIT                               7     0.264      7.851      8.115 
        COMP_LESS_UNIT                           7     0.264      7.851      8.115 
          u_high                                 4     0.143      6.074      6.217 
          u_low                                  2     0.051      1.778      1.829 
      MAN_ALU_PROC_RND                           7     0.246      0.000      0.246 
      SIGN_UNIT                                  2     0.054      4.727      4.781 
    add0                                      1019    33.186    314.540    347.725 
      MAN_ALU                                  219     7.855     69.112     76.967 
        ALU_SUB_UNIT                           120     4.141      4.243      8.384 
          CLA_BLOCK_..CLA_4BIT_UNIT             18     0.686      0.000      0.686 
          CLA_BLOCK_..CLA_4BIT_UNIT             18     0.608      0.000      0.608 
          CLA_BLOCK_..CLA_4BIT_UNIT             18     0.605      0.000      0.605 
          CLA_BLOCK_..CLA_4BIT_UNIT             18     0.602      0.000      0.602 
          CLA_BLOCK_..CLA_4BIT_UNIT             18     0.581      4.243      4.824 
          CLA_BLOCK_..CLA_4BIT_UNIT             15     0.550      0.000      0.550 
      NOR_UNIT                                 208     7.260     36.890     44.150 
        SHF_left_unit                          143     4.789      0.000      4.789 
      SHF_RIGHT_MAN                            134     2.900      7.509     10.409 
      MAN_COMP_24BIT                            78     2.606      2.071      4.677 
        u_i_data_3                              13     0.465      0.000      0.465 
        u_i_data_2                              13     0.450      0.000      0.450 
        u_i_data_4                              13     0.450      0.000      0.450 
        u_i_data_1                              13     0.439      0.000      0.439 
        u_i_data_5                              10     0.302      2.071      2.373 
        u_i_data_0                              10     0.272      0.000      0.272 
      MAN_SWAP                                  50     1.984      5.642      7.626 
      LOPD_24BIT                                58     1.646      0.000      1.646 
        LOPD_16bit_UNIT_MSB                     34     0.957      0.000      0.957 
          LOPD_8bit_unit_0                      14     0.432      0.000      0.432 
          LOPD_8bit_unit_1                      14     0.392      0.000      0.392 
        LOPD_8bit_UNIT_LSB                      14     0.418      0.000      0.418 
      MAN_RND                                   26     1.481      2.073      3.554 
      EXP_ADJUST                                37     1.148     43.655     44.803 
        CLA_8BIT_UNIT                           30     1.043     41.223     42.265 
          CLA_4BIT_UNIT_0                       18     0.557     22.032     22.589 
          CLA_4BIT_UNIT_1                       11     0.456     17.556     18.012 
      MAN_SWAP_PRE                              46     0.919      5.232      6.150 
      PSC_UNIT                                  23     0.842     22.091     22.933 
      EXP_SUB                                   25     0.757     12.466     13.223 
        CLA_8BIT_UNIT                           20     0.689      6.844      7.533 
          CLA_4BIT_UNIT_0                       17     0.604      6.844      7.448 
          CLA_4BIT_UNIT_1                        2     0.072      0.000      0.072 
      EXP_RND                                   15     0.496      0.000      0.496 
      EXP_SWAP                                  16     0.450     43.120     43.570 
      MAN_ALU_PROC_RND                           7     0.246      0.000      0.246 
      EXP_COM_8BIT                               7     0.225      7.365      7.590 
        COMP_LESS_UNIT                           7     0.225      7.365      7.590 
          u_high                                 4     0.115      5.256      5.371 
          u_low                                  2     0.040      2.109      2.149 
      SIGN_UNIT                                  1     0.041      3.984      4.025 
    mul1                                         8     0.226     22.736     22.962 
      PSC_UNIT                                   7     0.189     11.377     11.566 
    mul2                                         8     0.226     17.884     18.110 
      PSC_UNIT                                   7     0.189     11.377     11.566 
  BFLY2_3                                     9597   522.469   3673.328   4195.798 
    mul2                                      1450   147.188    147.197    294.385 
      MAN_MUL_UNIT                            1074   135.720     27.672    163.392 
        MUL_UNIT_MAN_UNIT                     1066   135.228     27.672    162.901 
          u_booth                              348    88.297     22.188    110.485 
          u_wallace                            394    35.682      0.000     35.682 
            STAGE_GEN[0].u_stage               116    11.746      0.000     11.746 
            STAGE_GEN[1].u_stage                85     8.192      0.000      8.192 
            STAGE_GEN[2].u_stage                61     5.842      0.000      5.842 
            STAGE_GEN[3].u_stage                45     3.976      0.000      3.976 
            STAGE_GEN[4].u_stage                44     3.348      0.000      3.348 
            STAGE_GEN[5].u_stage                43     2.578      0.000      2.578 
          u_cla                                282     8.720      4.430     13.150 
            cla_tree                           201     4.745      0.000      4.745 
              MULTI_GROUP.next_level            32     0.785      0.000      0.785 
                COMPUTE_DE..Y[1].cla_unit       11     0.273      0.000      0.273 
                COMPUTE_DE..Y[2].cla_unit        8     0.194      0.000      0.194 
                COMPUTE_DE..Y[0].cla_unit        2     0.066      0.000      0.066 
                MULTI_GROUP.next_level           1     0.033      0.000      0.033 
                  COMPUTE_DE..Y[0].cla_unit      1     0.033      0.000      0.033 
              COMPUTE_DE..[10].cla_unit         11     0.273      0.000      0.273 
              COMPUTE_DE..Y[2].cla_unit         11     0.273      0.000      0.273 
              COMPUTE_DE..Y[3].cla_unit         11     0.273      0.000      0.273 
              COMPUTE_DE..Y[4].cla_unit         11     0.273      0.000      0.273 
              COMPUTE_DE..Y[5].cla_unit         11     0.273      0.000      0.273 
              COMPUTE_DE..Y[6].cla_unit         11     0.273      0.000      0.273 
              COMPUTE_DE..Y[7].cla_unit         11     0.273      0.000      0.273 
              COMPUTE_DE..Y[8].cla_unit         11     0.273      0.000      0.273 
              COMPUTE_DE..Y[9].cla_unit         11     0.273      0.000      0.273 
              COMPUTE_DE..[11].cla_unit          7     0.167      0.000      0.167 
          u_merge                               42     2.530      1.055      3.584 
            csa_row[10].u_fa                     1     0.060      0.000      0.060 
            csa_row[11].u_fa                     1     0.060      0.000      0.060 
            csa_row[12].u_fa                     1     0.060      0.000      0.060 
            csa_row[13].u_fa                     1     0.060      0.000      0.060 
            csa_row[14].u_fa                     1     0.060      0.000      0.060 
            csa_row[15].u_fa                     1     0.060      0.000      0.060 
            csa_row[16].u_fa                     1     0.060      0.000      0.060 
            csa_row[17].u_fa                     1     0.060      0.000      0.060 
            csa_row[18].u_fa                     1     0.060      0.000      0.060 
            csa_row[19].u_fa                     1     0.060      0.000      0.060 
            csa_row[20].u_fa                     1     0.060      0.000      0.060 
            csa_row[21].u_fa                     1     0.060      0.000      0.060 
            csa_row[22].u_fa                     1     0.060      0.000      0.060 
            csa_row[23].u_fa                     1     0.060      0.000      0.060 
            csa_row[24].u_fa                     1     0.060      0.000      0.060 
            csa_row[25].u_fa                     1     0.060      0.000      0.060 
            csa_row[26].u_fa                     1     0.060      0.000      0.060 
            csa_row[27].u_fa                     1     0.060      0.000      0.060 
            csa_row[28].u_fa                     1     0.060      0.000      0.060 
            csa_row[29].u_fa                     1     0.060      0.000      0.060 
            csa_row[30].u_fa                     1     0.060      0.000      0.060 
            csa_row[31].u_fa                     1     0.060      0.000      0.060 
            csa_row[32].u_fa                     1     0.060      0.000      0.060 
            csa_row[33].u_fa                     1     0.060      0.000      0.060 
            csa_row[34].u_fa                     1     0.060      0.000      0.060 
            csa_row[35].u_fa                     1     0.060      0.000      0.060 
            csa_row[36].u_fa                     1     0.060      0.000      0.060 
            csa_row[37].u_fa                     1     0.060      0.000      0.060 
            csa_row[38].u_fa                     1     0.060      0.000      0.060 
            csa_row[39].u_fa                     1     0.060      0.000      0.060 
            csa_row[40].u_fa                     1     0.060      0.000      0.060 
            csa_row[41].u_fa                     1     0.060      0.000      0.060 
            csa_row[42].u_fa                     1     0.060      0.000      0.060 
            csa_row[43].u_fa                     1     0.060      0.000      0.060 
            csa_row[44].u_fa                     1     0.060      0.000      0.060 
            csa_row[45].u_fa                     1     0.060      0.527      0.588 
            csa_row[46].u_fa                     1     0.060      0.527      0.588 
            csa_row[6].u_fa                      1     0.060      0.000      0.060 
            csa_row[7].u_fa                      1     0.060      0.000      0.060 
            csa_row[8].u_fa                      1     0.060      0.000      0.060 
            csa_row[9].u_fa                      1     0.060      0.000      0.060 
            csa_row[47].u_fa                     1     0.050      0.000      0.050 
      NOR_UNIT                                 178     5.055     12.973     18.027 
        SHF_left_unit                          124     3.597     10.652     14.249 
      MAN_ROUNDING_UNIT                         24     1.389      0.422      1.810 
      LOPD_UNIT                                 58     1.221      2.531      3.752 
        LOPD_16bit_UNIT_MSB                     34     0.753      0.422      1.175 
          LOPD_8bit_unit_0                      14     0.315      0.000      0.315 
          LOPD_8bit_unit_1                      14     0.292      0.211      0.503 
        LOPD_8bit_UNIT_LSB                      14     0.315      0.000      0.315 
      MUL_EXP_ADJUST_UNIT                       45     1.191     44.413     45.604 
        CLA_8BIT_UNIT                           30     0.963     41.552     42.515 
          CLA_4BIT_UNIT_0                       18     0.464     21.163     21.627 
          CLA_4BIT_UNIT_1                       11     0.463     18.331     18.794 
      PSC_UNIT                                  12     0.585     12.779     13.364 
      EXP_ROUNDING_UNIT                         15     0.577      0.211      0.788 
    mul1                                      1449   147.131    141.264    288.396 
      MAN_MUL_UNIT                            1074   135.720     27.672    163.392 
        MUL_UNIT_MAN_UNIT                     1066   135.228     27.672    162.901 
          u_booth                              348    88.297     22.188    110.485 
          u_wallace                            394    35.682      0.000     35.682 
            STAGE_GEN[0].u_stage               116    11.746      0.000     11.746 
            STAGE_GEN[1].u_stage                85     8.192      0.000      8.192 
            STAGE_GEN[2].u_stage                61     5.842      0.000      5.842 
            STAGE_GEN[3].u_stage                45     3.976      0.000      3.976 
            STAGE_GEN[4].u_stage                44     3.348      0.000      3.348 
            STAGE_GEN[5].u_stage                43     2.578      0.000      2.578 
          u_cla                                282     8.720      4.430     13.150 
            cla_tree                           201     4.745      0.000      4.745 
              MULTI_GROUP.next_level            32     0.785      0.000      0.785 
                COMPUTE_DE..Y[1].cla_unit       11     0.273      0.000      0.273 
                COMPUTE_DE..Y[2].cla_unit        8     0.194      0.000      0.194 
                COMPUTE_DE..Y[0].cla_unit        2     0.066      0.000      0.066 
                MULTI_GROUP.next_level           1     0.033      0.000      0.033 
                  COMPUTE_DE..Y[0].cla_unit      1     0.033      0.000      0.033 
              COMPUTE_DE..[10].cla_unit         11     0.273      0.000      0.273 
              COMPUTE_DE..Y[2].cla_unit         11     0.273      0.000      0.273 
              COMPUTE_DE..Y[3].cla_unit         11     0.273      0.000      0.273 
              COMPUTE_DE..Y[4].cla_unit         11     0.273      0.000      0.273 
              COMPUTE_DE..Y[5].cla_unit         11     0.273      0.000      0.273 
              COMPUTE_DE..Y[6].cla_unit         11     0.273      0.000      0.273 
              COMPUTE_DE..Y[7].cla_unit         11     0.273      0.000      0.273 
              COMPUTE_DE..Y[8].cla_unit         11     0.273      0.000      0.273 
              COMPUTE_DE..Y[9].cla_unit         11     0.273      0.000      0.273 
              COMPUTE_DE..[11].cla_unit          7     0.167      0.000      0.167 
          u_merge                               42     2.530      1.055      3.584 
            csa_row[10].u_fa                     1     0.060      0.000      0.060 
            csa_row[11].u_fa                     1     0.060      0.000      0.060 
            csa_row[12].u_fa                     1     0.060      0.000      0.060 
            csa_row[13].u_fa                     1     0.060      0.000      0.060 
            csa_row[14].u_fa                     1     0.060      0.000      0.060 
            csa_row[15].u_fa                     1     0.060      0.000      0.060 
            csa_row[16].u_fa                     1     0.060      0.000      0.060 
            csa_row[17].u_fa                     1     0.060      0.000      0.060 
            csa_row[18].u_fa                     1     0.060      0.000      0.060 
            csa_row[19].u_fa                     1     0.060      0.000      0.060 
            csa_row[20].u_fa                     1     0.060      0.000      0.060 
            csa_row[21].u_fa                     1     0.060      0.000      0.060 
            csa_row[22].u_fa                     1     0.060      0.000      0.060 
            csa_row[23].u_fa                     1     0.060      0.000      0.060 
            csa_row[24].u_fa                     1     0.060      0.000      0.060 
            csa_row[25].u_fa                     1     0.060      0.000      0.060 
            csa_row[26].u_fa                     1     0.060      0.000      0.060 
            csa_row[27].u_fa                     1     0.060      0.000      0.060 
            csa_row[28].u_fa                     1     0.060      0.000      0.060 
            csa_row[29].u_fa                     1     0.060      0.000      0.060 
            csa_row[30].u_fa                     1     0.060      0.000      0.060 
            csa_row[31].u_fa                     1     0.060      0.000      0.060 
            csa_row[32].u_fa                     1     0.060      0.000      0.060 
            csa_row[33].u_fa                     1     0.060      0.000      0.060 
            csa_row[34].u_fa                     1     0.060      0.000      0.060 
            csa_row[35].u_fa                     1     0.060      0.000      0.060 
            csa_row[36].u_fa                     1     0.060      0.000      0.060 
            csa_row[37].u_fa                     1     0.060      0.000      0.060 
            csa_row[38].u_fa                     1     0.060      0.000      0.060 
            csa_row[39].u_fa                     1     0.060      0.000      0.060 
            csa_row[40].u_fa                     1     0.060      0.000      0.060 
            csa_row[41].u_fa                     1     0.060      0.000      0.060 
            csa_row[42].u_fa                     1     0.060      0.000      0.060 
            csa_row[43].u_fa                     1     0.060      0.000      0.060 
            csa_row[44].u_fa                     1     0.060      0.000      0.060 
            csa_row[45].u_fa                     1     0.060      0.527      0.588 
            csa_row[46].u_fa                     1     0.060      0.527      0.588 
            csa_row[6].u_fa                      1     0.060      0.000      0.060 
            csa_row[7].u_fa                      1     0.060      0.000      0.060 
            csa_row[8].u_fa                      1     0.060      0.000      0.060 
            csa_row[9].u_fa                      1     0.060      0.000      0.060 
            csa_row[47].u_fa                     1     0.050      0.000      0.050 
      NOR_UNIT                                 178     5.055     12.973     18.027 
        SHF_left_unit                          124     3.597     10.652     14.249 
      MAN_ROUNDING_UNIT                         24     1.389      0.422      1.810 
      LOPD_UNIT                                 58     1.221      2.531      3.752 
        LOPD_16bit_UNIT_MSB                     34     0.753      0.422      1.175 
          LOPD_8bit_unit_0                      14     0.315      0.000      0.315 
          LOPD_8bit_unit_1                      14     0.292      0.211      0.503 
        LOPD_8bit_UNIT_LSB                      14     0.315      0.000      0.315 
      MUL_EXP_ADJUST_UNIT                       45     1.191     44.413     45.604 
        CLA_8BIT_UNIT                           30     0.963     41.552     42.515 
          CLA_4BIT_UNIT_0                       18     0.464     21.163     21.627 
          CLA_4BIT_UNIT_1                       11     0.463     18.331     18.794 
      PSC_UNIT                                  12     0.585     12.779     13.364 
      EXP_ROUNDING_UNIT                         15     0.577      0.211      0.788 
    sub2                                      1139    39.999    542.492    582.491 
      MAN_ALU                                  217     7.674     81.393     89.067 
        ALU_SUB_UNIT                           120     4.087     15.341     19.428 
          CLA_BLOCK_..CLA_4BIT_UNIT             18     0.683      0.000      0.683 
          CLA_BLOCK_..CLA_4BIT_UNIT             18     0.602      0.000      0.602 
          CLA_BLOCK_..CLA_4BIT_UNIT             18     0.599      0.000      0.599 
          CLA_BLOCK_..CLA_4BIT_UNIT             18     0.579      0.000      0.579 
          CLA_BLOCK_..CLA_4BIT_UNIT             18     0.566     12.757     13.323 
          CLA_BLOCK_..CLA_4BIT_UNIT             15     0.550      0.000      0.550 
      NOR_UNIT                                 208     7.285      7.605     14.889 
        SHF_left_unit                          143     4.769      4.371      9.140 
      SHF_RIGHT_MAN                            137     4.015     73.150     77.165 
      PSC_UNIT                                  88     3.341     76.701     80.042 
      MAN_COMP_24BIT                            78     2.454      5.141      7.595 
        u_i_data_3                              13     0.430      0.000      0.430 
        u_i_data_1                              13     0.415      0.000      0.415 
        u_i_data_2                              13     0.415      0.000      0.415 
        u_i_data_4                              13     0.415      0.000      0.415 
        u_i_data_5                              10     0.301      5.121      5.421 
        u_i_data_0                              10     0.245      0.000      0.245 
      MAN_SWAP                                  52     1.998      5.667      7.665 
      MAN_SWAP_PRE                              46     1.949      5.224      7.174 
      LOPD_24BIT                                58     1.637      0.676      2.313 
        LOPD_16bit_UNIT_MSB                     34     0.948      0.676      1.624 
          LOPD_8bit_unit_0                      14     0.432      0.000      0.432 
          LOPD_8bit_unit_1                      14     0.383      0.676      1.059 
        LOPD_8bit_UNIT_LSB                      14     0.418      0.000      0.418 
      MAN_RND                                   26     1.481      2.073      3.554 
      EXP_ADJUST                                37     1.187     44.371     45.558 
        CLA_8BIT_UNIT                           30     1.087     44.371     45.458 
          CLA_4BIT_UNIT_0                       18     0.576     25.106     25.682 
          CLA_4BIT_UNIT_1                       11     0.484     19.236     19.720 
      EXP_SUB                                   25     0.779     65.607     66.385 
        CLA_8BIT_UNIT                           20     0.675     65.607     66.282 
          CLA_4BIT_UNIT_0                       17     0.588     58.072     58.660 
          CLA_4BIT_UNIT_1                        2     0.070      7.532      7.602 
      EXP_COM_8BIT                              24     0.728     24.348     25.076 
        COMP_LESS_UNIT                          24     0.728     24.348     25.076 
          u_high                                13     0.390     15.917     16.308 
          u_low                                 10     0.262      8.375      8.637 
      EXP_SWAP                                  13     0.526     23.239     23.765 
      EXP_RND                                   15     0.484     19.609     20.093 
      MAN_ALU_PROC_RND                           7     0.246      0.000      0.246 
      SIGN_UNIT                                  2     0.041      1.882      1.923 
    add2                                      1137    39.778    547.735    587.513 
      MAN_ALU                                  219     7.449     84.152     91.601 
        ALU_SUB_UNIT                           120     3.539     15.501     19.039 
          CLA_BLOCK_..CLA_4BIT_UNIT             18     0.559      0.000      0.559 
          CLA_BLOCK_..CLA_4BIT_UNIT             18     0.552      0.000      0.552 
          CLA_BLOCK_..CLA_4BIT_UNIT             18     0.548      0.000      0.548 
          CLA_BLOCK_..CLA_4BIT_UNIT             18     0.523      0.000      0.523 
          CLA_BLOCK_..CLA_4BIT_UNIT             15     0.508      0.000      0.508 
          CLA_BLOCK_..CLA_4BIT_UNIT             18     0.481     14.033     14.514 
      NOR_UNIT                                 208     7.285      7.605     14.889 
        SHF_left_unit                          143     4.769      4.371      9.140 
      SHF_RIGHT_MAN                            137     4.014     73.221     77.235 
      PSC_UNIT                                  87     3.379     79.325     82.704 
      MAN_COMP_24BIT                            78     2.454      5.141      7.595 
        u_i_data_3                              13     0.430      0.000      0.430 
        u_i_data_1                              13     0.415      0.000      0.415 
        u_i_data_2                              13     0.415      0.000      0.415 
        u_i_data_4                              13     0.415      0.000      0.415 
        u_i_data_5                              10     0.301      5.121      5.421 
        u_i_data_0                              10     0.245      0.000      0.245 
      MAN_SWAP                                  52     1.998      5.667      7.665 
      MAN_SWAP_PRE                              46     1.949      5.224      7.174 
      LOPD_24BIT                                58     1.637      0.676      2.313 
        LOPD_16bit_UNIT_MSB                     34     0.948      0.676      1.624 
          LOPD_8bit_unit_0                      14     0.432      0.000      0.432 
          LOPD_8bit_unit_1                      14     0.383      0.676      1.059 
        LOPD_8bit_UNIT_LSB                      14     0.418      0.000      0.418 
      MAN_RND                                   26     1.481      2.073      3.554 
      EXP_ADJUST                                37     1.187     44.371     45.558 
        CLA_8BIT_UNIT                           30     1.087     44.371     45.458 
          CLA_4BIT_UNIT_0                       18     0.576     25.106     25.682 
          CLA_4BIT_UNIT_1                       11     0.484     19.236     19.720 
      EXP_SUB                                   25     0.779     65.607     66.385 
        CLA_8BIT_UNIT                           20     0.675     65.607     66.282 
          CLA_4BIT_UNIT_0                       17     0.588     58.072     58.660 
          CLA_4BIT_UNIT_1                        2     0.070      7.532      7.602 
      EXP_COM_8BIT                              24     0.728     24.348     25.076 
        COMP_LESS_UNIT                          24     0.728     24.348     25.076 
          u_high                                13     0.390     15.917     16.308 
          u_low                                 10     0.262      8.375      8.637 
      EXP_SWAP                                  13     0.526     23.239     23.765 
      EXP_RND                                   15     0.484     19.609     20.093 
      MAN_ALU_PROC_RND                           7     0.246      0.000      0.246 
      SIGN_UNIT                                  1     0.034      1.672      1.706 
    sub1                                      1137    39.439    736.689    776.128 
      MAN_ALU                                  217     7.400    262.274    269.673 
        ALU_SUB_UNIT                           120     3.735    179.446    183.181 
          CLA_BLOCK_..CLA_4BIT_UNIT             18     0.621     24.408     25.029 
          CLA_BLOCK_..CLA_4BIT_UNIT             18     0.561     24.718     25.279 
          CLA_BLOCK_..CLA_4BIT_UNIT             18     0.558     25.035     25.593 
          CLA_BLOCK_..CLA_4BIT_UNIT             18     0.542     23.358     23.900 
          CLA_BLOCK_..CLA_4BIT_UNIT             18     0.528     26.631     27.159 
          CLA_BLOCK_..CLA_4BIT_UNIT             15     0.502     23.972     24.474 
      NOR_UNIT                                 208     7.215     94.527    101.742 
        SHF_left_unit                          143     4.570     64.952     69.522 
      SHF_RIGHT_MAN                            137     4.078     33.092     37.170 
      PSC_UNIT                                  88     3.270     72.586     75.856 
      MAN_COMP_24BIT                            78     2.444     10.611     13.055 
        u_i_data_3                              13     0.430      0.000      0.430 
        u_i_data_1                              13     0.415      0.000      0.415 
        u_i_data_2                              13     0.415      0.000      0.415 
        u_i_data_4                              13     0.415      0.000      0.415 
        u_i_data_5                              10     0.291     10.590     10.881 
        u_i_data_0                              10     0.245      0.000      0.245 
      MAN_SWAP                                  52     1.993     11.100     13.093 
      MAN_SWAP_PRE                              46     1.949      5.222      7.172 
      LOPD_24BIT                                58     1.667     25.054     26.721 
        LOPD_16bit_UNIT_MSB                     34     0.966     11.730     12.697 
          LOPD_8bit_unit_0                      14     0.432      0.000      0.432 
          LOPD_8bit_unit_1                      14     0.394      6.729      7.123 
        LOPD_8bit_UNIT_LSB                      14     0.418      0.000      0.418 
      MAN_RND                                   26     1.488      2.390      3.879 
      EXP_ADJUST                                37     1.223     48.326     49.549 
        CLA_8BIT_UNIT                           30     1.054     41.367     42.421 
          CLA_4BIT_UNIT_0                       18     0.576     22.380     22.956 
          CLA_4BIT_UNIT_1                       11     0.456     17.229     17.686 
      EXP_SUB                                   25     0.764     31.667     32.431 
        CLA_8BIT_UNIT                           20     0.696     26.024     26.720 
          CLA_4BIT_UNIT_0                       17     0.607     26.022     26.629 
          CLA_4BIT_UNIT_1                        2     0.072      0.000      0.072 
      EXP_COM_8BIT                              24     0.677     12.230     12.907 
        COMP_LESS_UNIT                          24     0.677     12.230     12.907 
          u_high                                13     0.367      6.066      6.433 
          u_low                                 10     0.239      6.165      6.404 
      EXP_RND                                   15     0.495     10.022     10.517 
      EXP_SWAP                                  13     0.477     28.746     29.223 
      MAN_ALU_PROC_RND                           7     0.246      0.000      0.246 
      SIGN_UNIT                                  2     0.040      0.002      0.042 
    add1                                      1137    39.410    650.638    690.048 
      MAN_ALU                                  219     7.543    258.522    266.064 
        ALU_SUB_UNIT                           120     3.716    171.293    175.009 
          CLA_BLOCK_..CLA_4BIT_UNIT             18     0.621     24.337     24.957 
          CLA_BLOCK_..CLA_4BIT_UNIT             18     0.561     24.718     25.279 
          CLA_BLOCK_..CLA_4BIT_UNIT             18     0.558     25.035     25.592 
          CLA_BLOCK_..CLA_4BIT_UNIT             18     0.528     26.631     27.159 
          CLA_BLOCK_..CLA_4BIT_UNIT             18     0.523     18.910     19.433 
          CLA_BLOCK_..CLA_4BIT_UNIT             15     0.502     23.972     24.473 
      NOR_UNIT                                 208     7.276     74.130     81.406 
        SHF_left_unit                          143     4.775     26.946     31.721 
      SHF_RIGHT_MAN                            137     4.075     33.092     37.167 
      PSC_UNIT                                  87     3.240     68.264     71.504 
      MAN_COMP_24BIT                            78     2.444     10.611     13.055 
        u_i_data_3                              13     0.430      0.000      0.430 
        u_i_data_1                              13     0.415      0.000      0.415 
        u_i_data_2                              13     0.415      0.000      0.415 
        u_i_data_4                              13     0.415      0.000      0.415 
        u_i_data_5                              10     0.291     10.590     10.881 
        u_i_data_0                              10     0.245      0.000      0.245 
      MAN_SWAP                                  52     1.993     11.205     13.198 
      MAN_SWAP_PRE                              46     1.949      5.222      7.172 
      LOPD_24BIT                                58     1.617      9.842     11.459 
        LOPD_16bit_UNIT_MSB                     34     0.946      6.248      7.194 
          LOPD_8bit_unit_0                      14     0.432      0.000      0.432 
          LOPD_8bit_unit_1                      14     0.380      4.461      4.840 
        LOPD_8bit_UNIT_LSB                      14     0.418      0.000      0.418 
      MAN_RND                                   26     1.478      0.000      1.478 
      EXP_ADJUST                                37     1.156     34.690     35.845 
        CLA_8BIT_UNIT                           30     0.973     15.779     16.752 
          CLA_4BIT_UNIT_0                       18     0.519     13.670     14.189 
          CLA_4BIT_UNIT_1                       11     0.429      2.101      2.530 
      EXP_SUB                                   25     0.764     31.667     32.431 
        CLA_8BIT_UNIT                           20     0.696     26.024     26.720 
          CLA_4BIT_UNIT_0                       17     0.607     26.022     26.629 
          CLA_4BIT_UNIT_1                        2     0.072      0.000      0.072 
      EXP_COM_8BIT                              24     0.677     12.230     12.907 
        COMP_LESS_UNIT                          24     0.677     12.230     12.907 
          u_high                                13     0.367      6.066      6.433 
          u_low                                 10     0.239      6.165      6.404 
      EXP_RND                                   15     0.491      2.077      2.568 
      EXP_SWAP                                  13     0.477     28.746     29.223 
      MAN_ALU_PROC_RND                           7     0.246      0.000      0.246 
      SIGN_UNIT                                  1     0.030      0.002      0.032 
    add0                                      1113    35.979    484.756    520.735 
      MAN_ALU                                  219     7.599     71.720     79.320 
        ALU_SUB_UNIT                           120     3.735      0.306      4.041 
          CLA_BLOCK_..CLA_4BIT_UNIT             18     0.592      0.306      0.898 
          CLA_BLOCK_..CLA_4BIT_UNIT             18     0.583      0.000      0.583 
          CLA_BLOCK_..CLA_4BIT_UNIT             18     0.570      0.000      0.570 
          CLA_BLOCK_..CLA_4BIT_UNIT             18     0.562      0.000      0.562 
          CLA_BLOCK_..CLA_4BIT_UNIT             18     0.552      0.000      0.552 
          CLA_BLOCK_..CLA_4BIT_UNIT             15     0.508      0.000      0.508 
      NOR_UNIT                                 208     7.248     84.934     92.181 
        SHF_left_unit                          143     4.591     58.499     63.090 
      SHF_RIGHT_MAN                            136     2.970      8.907     11.876 
      MAN_COMP_24BIT                            78     2.608      2.190      4.799 
        u_i_data_3                              13     0.465      0.000      0.465 
        u_i_data_2                              13     0.450      0.000      0.450 
        u_i_data_4                              13     0.450      0.000      0.450 
        u_i_data_1                              13     0.439      0.000      0.439 
        u_i_data_5                              10     0.304      2.190      2.495 
        u_i_data_0                              10     0.272      0.000      0.272 
      MAN_SWAP                                  50     1.984      5.641      7.625 
      LOPD_24BIT                                58     1.685     22.097     23.782 
        LOPD_16bit_UNIT_MSB                     34     0.985      8.773      9.758 
          LOPD_8bit_unit_0                      14     0.432      0.000      0.432 
          LOPD_8bit_unit_1                      14     0.412      3.772      4.184 
        LOPD_8bit_UNIT_LSB                      14     0.418      0.000      0.418 
      MAN_RND                                   26     1.487     -0.000      1.487 
      EXP_ADJUST                                37     1.199     49.146     50.344 
        CLA_8BIT_UNIT                           30     1.030     42.288     43.318 
          CLA_4BIT_UNIT_0                       18     0.566     23.920     24.486 
          CLA_4BIT_UNIT_1                       11     0.442     16.611     17.052 
      MAN_SWAP_PRE                              46     0.919      5.219      6.137 
      PSC_UNIT                                  23     0.858     24.742     25.600 
      EXP_SUB                                   25     0.757     12.466     13.223 
        CLA_8BIT_UNIT                           20     0.689      6.844      7.533 
          CLA_4BIT_UNIT_0                       17     0.604      6.844      7.448 
          CLA_4BIT_UNIT_1                        2     0.072      0.000      0.072 
      EXP_RND                                   15     0.497      7.411      7.908 
      EXP_SWAP                                  16     0.448     43.447     43.895 
      EXP_COM_8BIT                               7     0.264      7.865      8.129 
        COMP_LESS_UNIT                           7     0.264      7.865      8.129 
          u_high                                 4     0.143      6.088      6.231 
          u_low                                  2     0.051      1.777      1.828 
      MAN_ALU_PROC_RND                           7     0.246      0.000      0.246 
      SIGN_UNIT                                  1     0.041      3.988      4.028 
    sub0                                      1017    33.066    378.438    411.504 
      MAN_ALU                                  217     7.705     67.347     75.052 
        ALU_SUB_UNIT                           120     4.131      4.243      8.374 
          CLA_BLOCK_..CLA_4BIT_UNIT             18     0.686      0.000      0.686 
          CLA_BLOCK_..CLA_4BIT_UNIT             18     0.608      0.000      0.608 
          CLA_BLOCK_..CLA_4BIT_UNIT             18     0.605      0.000      0.605 
          CLA_BLOCK_..CLA_4BIT_UNIT             18     0.602      0.000      0.602 
          CLA_BLOCK_..CLA_4BIT_UNIT             18     0.581      4.243      4.824 
          CLA_BLOCK_..CLA_4BIT_UNIT             15     0.550      0.000      0.550 
      NOR_UNIT                                 208     7.260     36.890     44.150 
        SHF_left_unit                          143     4.789      0.000      4.789 
      SHF_RIGHT_MAN                            134     2.900      7.509     10.409 
      MAN_COMP_24BIT                            78     2.606      2.071      4.677 
        u_i_data_3                              13     0.465      0.000      0.465 
        u_i_data_2                              13     0.450      0.000      0.450 
        u_i_data_4                              13     0.450      0.000      0.450 
        u_i_data_1                              13     0.439      0.000      0.439 
        u_i_data_5                              10     0.302      2.071      2.373 
        u_i_data_0                              10     0.272      0.000      0.272 
      MAN_SWAP                                  50     1.987      5.642      7.629 
      LOPD_24BIT                                58     1.646      0.000      1.646 
        LOPD_16bit_UNIT_MSB                     34     0.957      0.000      0.957 
          LOPD_8bit_unit_0                      14     0.432      0.000      0.432 
          LOPD_8bit_unit_1                      14     0.392      0.000      0.392 
        LOPD_8bit_UNIT_LSB                      14     0.418      0.000      0.418 
      MAN_RND                                   26     1.481      2.073      3.554 
      EXP_ADJUST                                37     1.148     43.655     44.803 
        CLA_8BIT_UNIT                           30     1.043     41.223     42.265 
          CLA_4BIT_UNIT_0                       18     0.557     22.032     22.589 
          CLA_4BIT_UNIT_1                       11     0.456     17.556     18.012 
      MAN_SWAP_PRE                              46     0.919      5.232      6.150 
      PSC_UNIT                                  22     0.837     23.326     24.163 
      EXP_SUB                                   25     0.757     12.466     13.223 
        CLA_8BIT_UNIT                           20     0.689      6.844      7.533 
          CLA_4BIT_UNIT_0                       17     0.604      6.844      7.448 
          CLA_4BIT_UNIT_1                        2     0.072      0.000      0.072 
      EXP_RND                                   15     0.496      0.000      0.496 
      EXP_SWAP                                  16     0.450     43.107     43.557 
      MAN_ALU_PROC_RND                           7     0.246      0.000      0.246 
      EXP_COM_8BIT                               7     0.225      7.363      7.588 
        COMP_LESS_UNIT                           7     0.225      7.363      7.588 
          u_high                                 4     0.115      5.255      5.370 
          u_low                                  2     0.040      2.109      2.149 
      SIGN_UNIT                                  2     0.054      4.734      4.788 
    mul0                                         8     0.226     17.884     18.110 
      PSC_UNIT                                   7     0.189     11.377     11.566 
    mul3                                         8     0.226     22.736     22.962 
      PSC_UNIT                                   7     0.189     11.377     11.566 
  BFLY2_1                                     9597   521.522   3590.362   4111.884 
    mul2                                      1450   147.134    167.361    314.495 
      MAN_MUL_UNIT                            1074   135.720     27.672    163.392 
        MUL_UNIT_MAN_UNIT                     1066   135.228     27.672    162.901 
          u_booth                              348    88.297     22.188    110.485 
          u_wallace                            394    35.682      0.000     35.682 
            STAGE_GEN[0].u_stage               116    11.746      0.000     11.746 
            STAGE_GEN[1].u_stage                85     8.192      0.000      8.192 
            STAGE_GEN[2].u_stage                61     5.842      0.000      5.842 
            STAGE_GEN[3].u_stage                45     3.976      0.000      3.976 
            STAGE_GEN[4].u_stage                44     3.348      0.000      3.348 
            STAGE_GEN[5].u_stage                43     2.578      0.000      2.578 
          u_cla                                282     8.720      4.430     13.150 
            cla_tree                           201     4.745      0.000      4.745 
              MULTI_GROUP.next_level            32     0.785      0.000      0.785 
                COMPUTE_DE..Y[1].cla_unit       11     0.273      0.000      0.273 
                COMPUTE_DE..Y[2].cla_unit        8     0.194      0.000      0.194 
                COMPUTE_DE..Y[0].cla_unit        2     0.066      0.000      0.066 
                MULTI_GROUP.next_level           1     0.033      0.000      0.033 
                  COMPUTE_DE..Y[0].cla_unit      1     0.033      0.000      0.033 
              COMPUTE_DE..[10].cla_unit         11     0.273      0.000      0.273 
              COMPUTE_DE..Y[2].cla_unit         11     0.273      0.000      0.273 
              COMPUTE_DE..Y[3].cla_unit         11     0.273      0.000      0.273 
              COMPUTE_DE..Y[4].cla_unit         11     0.273      0.000      0.273 
              COMPUTE_DE..Y[5].cla_unit         11     0.273      0.000      0.273 
              COMPUTE_DE..Y[6].cla_unit         11     0.273      0.000      0.273 
              COMPUTE_DE..Y[7].cla_unit         11     0.273      0.000      0.273 
              COMPUTE_DE..Y[8].cla_unit         11     0.273      0.000      0.273 
              COMPUTE_DE..Y[9].cla_unit         11     0.273      0.000      0.273 
              COMPUTE_DE..[11].cla_unit          7     0.167      0.000      0.167 
          u_merge                               42     2.530      1.055      3.584 
            csa_row[10].u_fa                     1     0.060      0.000      0.060 
            csa_row[11].u_fa                     1     0.060      0.000      0.060 
            csa_row[12].u_fa                     1     0.060      0.000      0.060 
            csa_row[13].u_fa                     1     0.060      0.000      0.060 
            csa_row[14].u_fa                     1     0.060      0.000      0.060 
            csa_row[15].u_fa                     1     0.060      0.000      0.060 
            csa_row[16].u_fa                     1     0.060      0.000      0.060 
            csa_row[17].u_fa                     1     0.060      0.000      0.060 
            csa_row[18].u_fa                     1     0.060      0.000      0.060 
            csa_row[19].u_fa                     1     0.060      0.000      0.060 
            csa_row[20].u_fa                     1     0.060      0.000      0.060 
            csa_row[21].u_fa                     1     0.060      0.000      0.060 
            csa_row[22].u_fa                     1     0.060      0.000      0.060 
            csa_row[23].u_fa                     1     0.060      0.000      0.060 
            csa_row[24].u_fa                     1     0.060      0.000      0.060 
            csa_row[25].u_fa                     1     0.060      0.000      0.060 
            csa_row[26].u_fa                     1     0.060      0.000      0.060 
            csa_row[27].u_fa                     1     0.060      0.000      0.060 
            csa_row[28].u_fa                     1     0.060      0.000      0.060 
            csa_row[29].u_fa                     1     0.060      0.000      0.060 
            csa_row[30].u_fa                     1     0.060      0.000      0.060 
            csa_row[31].u_fa                     1     0.060      0.000      0.060 
            csa_row[32].u_fa                     1     0.060      0.000      0.060 
            csa_row[33].u_fa                     1     0.060      0.000      0.060 
            csa_row[34].u_fa                     1     0.060      0.000      0.060 
            csa_row[35].u_fa                     1     0.060      0.000      0.060 
            csa_row[36].u_fa                     1     0.060      0.000      0.060 
            csa_row[37].u_fa                     1     0.060      0.000      0.060 
            csa_row[38].u_fa                     1     0.060      0.000      0.060 
            csa_row[39].u_fa                     1     0.060      0.000      0.060 
            csa_row[40].u_fa                     1     0.060      0.000      0.060 
            csa_row[41].u_fa                     1     0.060      0.000      0.060 
            csa_row[42].u_fa                     1     0.060      0.000      0.060 
            csa_row[43].u_fa                     1     0.060      0.000      0.060 
            csa_row[44].u_fa                     1     0.060      0.000      0.060 
            csa_row[45].u_fa                     1     0.060      0.527      0.588 
            csa_row[46].u_fa                     1     0.060      0.527      0.588 
            csa_row[6].u_fa                      1     0.060      0.000      0.060 
            csa_row[7].u_fa                      1     0.060      0.000      0.060 
            csa_row[8].u_fa                      1     0.060      0.000      0.060 
            csa_row[9].u_fa                      1     0.060      0.000      0.060 
            csa_row[47].u_fa                     1     0.050      0.000      0.050 
      NOR_UNIT                                 178     5.055     12.973     18.027 
        SHF_left_unit                          124     3.597     10.652     14.249 
      MAN_ROUNDING_UNIT                         24     1.389      0.422      1.810 
      MUL_EXP_ADJUST_UNIT                       45     1.297     62.767     64.065 
        CLA_8BIT_UNIT                           30     0.967     38.737     39.703 
          CLA_4BIT_UNIT_0                       18     0.467     19.346     19.813 
          CLA_4BIT_UNIT_1                       11     0.466     19.391     19.857 
      LOPD_UNIT                                 58     1.221      2.531      3.752 
        LOPD_16bit_UNIT_MSB                     34     0.753      0.422      1.175 
          LOPD_8bit_unit_0                      14     0.315      0.000      0.315 
          LOPD_8bit_unit_1                      14     0.292      0.211      0.503 
        LOPD_8bit_UNIT_LSB                      14     0.315      0.000      0.315 
      PSC_UNIT                                  12     0.567      7.153      7.720 
      EXP_ROUNDING_UNIT                         15     0.524      1.688      2.211 
    mul1                                      1449   147.077    161.428    308.505 
      MAN_MUL_UNIT                            1074   135.720     27.672    163.392 
        MUL_UNIT_MAN_UNIT                     1066   135.228     27.672    162.901 
          u_booth                              348    88.297     22.188    110.485 
          u_wallace                            394    35.682      0.000     35.682 
            STAGE_GEN[0].u_stage               116    11.746      0.000     11.746 
            STAGE_GEN[1].u_stage                85     8.192      0.000      8.192 
            STAGE_GEN[2].u_stage                61     5.842      0.000      5.842 
            STAGE_GEN[3].u_stage                45     3.976      0.000      3.976 
            STAGE_GEN[4].u_stage                44     3.348      0.000      3.348 
            STAGE_GEN[5].u_stage                43     2.578      0.000      2.578 
          u_cla                                282     8.720      4.430     13.150 
            cla_tree                           201     4.745      0.000      4.745 
              MULTI_GROUP.next_level            32     0.785      0.000      0.785 
                COMPUTE_DE..Y[1].cla_unit       11     0.273      0.000      0.273 
                COMPUTE_DE..Y[2].cla_unit        8     0.194      0.000      0.194 
                COMPUTE_DE..Y[0].cla_unit        2     0.066      0.000      0.066 
                MULTI_GROUP.next_level           1     0.033      0.000      0.033 
                  COMPUTE_DE..Y[0].cla_unit      1     0.033      0.000      0.033 
              COMPUTE_DE..[10].cla_unit         11     0.273      0.000      0.273 
              COMPUTE_DE..Y[2].cla_unit         11     0.273      0.000      0.273 
              COMPUTE_DE..Y[3].cla_unit         11     0.273      0.000      0.273 
              COMPUTE_DE..Y[4].cla_unit         11     0.273      0.000      0.273 
              COMPUTE_DE..Y[5].cla_unit         11     0.273      0.000      0.273 
              COMPUTE_DE..Y[6].cla_unit         11     0.273      0.000      0.273 
              COMPUTE_DE..Y[7].cla_unit         11     0.273      0.000      0.273 
              COMPUTE_DE..Y[8].cla_unit         11     0.273      0.000      0.273 
              COMPUTE_DE..Y[9].cla_unit         11     0.273      0.000      0.273 
              COMPUTE_DE..[11].cla_unit          7     0.167      0.000      0.167 
          u_merge                               42     2.530      1.055      3.584 
            csa_row[10].u_fa                     1     0.060      0.000      0.060 
            csa_row[11].u_fa                     1     0.060      0.000      0.060 
            csa_row[12].u_fa                     1     0.060      0.000      0.060 
            csa_row[13].u_fa                     1     0.060      0.000      0.060 
            csa_row[14].u_fa                     1     0.060      0.000      0.060 
            csa_row[15].u_fa                     1     0.060      0.000      0.060 
            csa_row[16].u_fa                     1     0.060      0.000      0.060 
            csa_row[17].u_fa                     1     0.060      0.000      0.060 
            csa_row[18].u_fa                     1     0.060      0.000      0.060 
            csa_row[19].u_fa                     1     0.060      0.000      0.060 
            csa_row[20].u_fa                     1     0.060      0.000      0.060 
            csa_row[21].u_fa                     1     0.060      0.000      0.060 
            csa_row[22].u_fa                     1     0.060      0.000      0.060 
            csa_row[23].u_fa                     1     0.060      0.000      0.060 
            csa_row[24].u_fa                     1     0.060      0.000      0.060 
            csa_row[25].u_fa                     1     0.060      0.000      0.060 
            csa_row[26].u_fa                     1     0.060      0.000      0.060 
            csa_row[27].u_fa                     1     0.060      0.000      0.060 
            csa_row[28].u_fa                     1     0.060      0.000      0.060 
            csa_row[29].u_fa                     1     0.060      0.000      0.060 
            csa_row[30].u_fa                     1     0.060      0.000      0.060 
            csa_row[31].u_fa                     1     0.060      0.000      0.060 
            csa_row[32].u_fa                     1     0.060      0.000      0.060 
            csa_row[33].u_fa                     1     0.060      0.000      0.060 
            csa_row[34].u_fa                     1     0.060      0.000      0.060 
            csa_row[35].u_fa                     1     0.060      0.000      0.060 
            csa_row[36].u_fa                     1     0.060      0.000      0.060 
            csa_row[37].u_fa                     1     0.060      0.000      0.060 
            csa_row[38].u_fa                     1     0.060      0.000      0.060 
            csa_row[39].u_fa                     1     0.060      0.000      0.060 
            csa_row[40].u_fa                     1     0.060      0.000      0.060 
            csa_row[41].u_fa                     1     0.060      0.000      0.060 
            csa_row[42].u_fa                     1     0.060      0.000      0.060 
            csa_row[43].u_fa                     1     0.060      0.000      0.060 
            csa_row[44].u_fa                     1     0.060      0.000      0.060 
            csa_row[45].u_fa                     1     0.060      0.527      0.588 
            csa_row[46].u_fa                     1     0.060      0.527      0.588 
            csa_row[6].u_fa                      1     0.060      0.000      0.060 
            csa_row[7].u_fa                      1     0.060      0.000      0.060 
            csa_row[8].u_fa                      1     0.060      0.000      0.060 
            csa_row[9].u_fa                      1     0.060      0.000      0.060 
            csa_row[47].u_fa                     1     0.050      0.000      0.050 
      NOR_UNIT                                 178     5.055     12.973     18.027 
        SHF_left_unit                          124     3.597     10.652     14.249 
      MAN_ROUNDING_UNIT                         24     1.389      0.422      1.810 
      MUL_EXP_ADJUST_UNIT                       45     1.297     62.767     64.065 
        CLA_8BIT_UNIT                           30     0.967     38.737     39.703 
          CLA_4BIT_UNIT_0                       18     0.467     19.346     19.813 
          CLA_4BIT_UNIT_1                       11     0.466     19.391     19.857 
      LOPD_UNIT                                 58     1.221      2.531      3.752 
        LOPD_16bit_UNIT_MSB                     34     0.753      0.422      1.175 
          LOPD_8bit_unit_0                      14     0.315      0.000      0.315 
          LOPD_8bit_unit_1                      14     0.292      0.211      0.503 
        LOPD_8bit_UNIT_LSB                      14     0.315      0.000      0.315 
      PSC_UNIT                                  12     0.567      7.153      7.720 
      EXP_ROUNDING_UNIT                         15     0.524      1.688      2.211 
    sub2                                      1139    39.746    506.806    546.552 
      MAN_ALU                                  217     7.644     93.092    100.737 
        ALU_SUB_UNIT                           120     4.074     12.477     16.551 
          CLA_BLOCK_..CLA_4BIT_UNIT             18     0.683      0.000      0.683 
          CLA_BLOCK_..CLA_4BIT_UNIT             18     0.602      0.000      0.602 
          CLA_BLOCK_..CLA_4BIT_UNIT             18     0.599      0.000      0.599 
          CLA_BLOCK_..CLA_4BIT_UNIT             18     0.579      0.000      0.579 
          CLA_BLOCK_..CLA_4BIT_UNIT             18     0.552     12.477     13.030 
          CLA_BLOCK_..CLA_4BIT_UNIT             15     0.550      0.000      0.550 
      NOR_UNIT                                 208     7.212     67.083     74.295 
        SHF_left_unit                          143     4.755     25.552     30.307 
      SHF_RIGHT_MAN                            137     4.073     33.849     37.922 
      PSC_UNIT                                  88     3.289     74.128     77.418 
      MAN_COMP_24BIT                            78     2.444     10.610     13.054 
        u_i_data_3                              13     0.430      0.000      0.430 
        u_i_data_1                              13     0.415      0.000      0.415 
        u_i_data_2                              13     0.415      0.000      0.415 
        u_i_data_4                              13     0.415      0.000      0.415 
        u_i_data_5                              10     0.291     10.589     10.880 
        u_i_data_0                              10     0.245      0.000      0.245 
      MAN_SWAP                                  52     1.993     11.100     13.093 
      MAN_SWAP_PRE                              46     1.949      5.224      7.174 
      LOPD_24BIT                                58     1.632     11.306     12.938 
        LOPD_16bit_UNIT_MSB                     34     0.960      7.712      8.673 
          LOPD_8bit_unit_0                      14     0.432      0.000      0.432 
          LOPD_8bit_unit_1                      14     0.394      5.928      6.322 
        LOPD_8bit_UNIT_LSB                      14     0.418      0.000      0.418 
      MAN_RND                                   26     1.484      2.390      3.875 
      EXP_ADJUST                                37     1.189     43.995     45.184 
        CLA_8BIT_UNIT                           30     1.060     41.343     42.404 
          CLA_4BIT_UNIT_0                       18     0.557     22.059     22.616 
          CLA_4BIT_UNIT_1                       11     0.474     17.649     18.123 
      EXP_SUB                                   25     0.739     19.923     20.663 
        CLA_8BIT_UNIT                           20     0.664     15.663     16.327 
          CLA_4BIT_UNIT_0                       17     0.575     15.660     16.235 
          CLA_4BIT_UNIT_1                        2     0.072      0.000      0.072 
      EXP_COM_8BIT                              24     0.682     10.787     11.468 
        COMP_LESS_UNIT                          24     0.682     10.787     11.468 
          u_high                                13     0.367      6.066      6.433 
          u_low                                 10     0.244      4.721      4.965 
      EXP_RND                                   15     0.496      0.000      0.496 
      EXP_SWAP                                  13     0.487     30.310     30.797 
      MAN_ALU_PROC_RND                           7     0.246      0.000      0.246 
      SIGN_UNIT                                  2     0.041      1.882      1.923 
    add1                                      1137    39.575    637.184    676.759 
      MAN_ALU                                  219     7.816     95.407    103.224 
        ALU_SUB_UNIT                           120     4.074     12.477     16.551 
          CLA_BLOCK_..CLA_4BIT_UNIT             18     0.683      0.000      0.683 
          CLA_BLOCK_..CLA_4BIT_UNIT             18     0.602      0.000      0.602 
          CLA_BLOCK_..CLA_4BIT_UNIT             18     0.599      0.000      0.599 
          CLA_BLOCK_..CLA_4BIT_UNIT             18     0.579      0.000      0.579 
          CLA_BLOCK_..CLA_4BIT_UNIT             18     0.552     12.477     13.030 
          CLA_BLOCK_..CLA_4BIT_UNIT             15     0.550      0.000      0.550 
      NOR_UNIT                                 208     7.212     67.083     74.296 
        SHF_left_unit                          143     4.755     25.553     30.307 
      SHF_RIGHT_MAN                            137     4.071     33.849     37.920 
      PSC_UNIT                                  87     3.233     64.463     67.696 
      MAN_COMP_24BIT                            78     2.444     10.610     13.054 
        u_i_data_3                              13     0.430      0.000      0.430 
        u_i_data_1                              13     0.415      0.000      0.415 
        u_i_data_2                              13     0.415      0.000      0.415 
        u_i_data_4                              13     0.415      0.000      0.415 
        u_i_data_5                              10     0.291     10.589     10.880 
        u_i_data_0                              10     0.245      0.000      0.245 
      MAN_SWAP                                  52     1.993     11.205     13.198 
      MAN_SWAP_PRE                              46     1.792     25.402     27.194 
      LOPD_24BIT                                58     1.632     11.307     12.938 
        LOPD_16bit_UNIT_MSB                     34     0.960      7.712      8.673 
          LOPD_8bit_unit_0                      14     0.432      0.000      0.432 
          LOPD_8bit_unit_1                      14     0.394      5.928      6.322 
        LOPD_8bit_UNIT_LSB                      14     0.418      0.000      0.418 
      MAN_RND                                   26     1.484      2.390      3.875 
      EXP_ADJUST                                37     1.219     46.801     48.021 
        CLA_8BIT_UNIT                           30     1.091     44.150     45.241 
          CLA_4BIT_UNIT_0                       18     0.580     24.885     25.465 
          CLA_4BIT_UNIT_1                       11     0.484     19.236     19.720 
      EXP_SUB                                   25     0.739     28.666     29.405 
        CLA_8BIT_UNIT                           20     0.664     24.195     24.858 
          CLA_4BIT_UNIT_0                       17     0.575     24.192     24.766 
          CLA_4BIT_UNIT_1                        2     0.072      0.000      0.072 
      EXP_COM_8BIT                              24     0.696     40.457     41.153 
        COMP_LESS_UNIT                          24     0.696     40.457     41.153 
          u_high                                13     0.367      6.066      6.433 
          u_low                                 10     0.244     10.294     10.538 
      EXP_RND                                   15     0.484     19.609     20.093 
      EXP_SWAP                                  13     0.448     34.089     34.537 
      MAN_ALU_PROC_RND                           7     0.246      0.000      0.246 
      SIGN_UNIT                                  1     0.030      2.192      2.223 
    add2                                      1137    39.533    587.650    627.183 
      MAN_ALU                                  219     7.430    107.062    114.492 
        ALU_SUB_UNIT                           120     3.559     20.552     24.111 
          CLA_BLOCK_..CLA_4BIT_UNIT             18     0.559      0.000      0.559 
          CLA_BLOCK_..CLA_4BIT_UNIT             18     0.552      0.000      0.552 
          CLA_BLOCK_..CLA_4BIT_UNIT             18     0.548      0.000      0.548 
          CLA_BLOCK_..CLA_4BIT_UNIT             18     0.523      0.000      0.523 
          CLA_BLOCK_..CLA_4BIT_UNIT             15     0.508      0.000      0.508 
          CLA_BLOCK_..CLA_4BIT_UNIT             18     0.502     19.084     19.586 
      NOR_UNIT                                 208     7.322     78.040     85.362 
        SHF_left_unit                          143     4.775     26.946     31.721 
      SHF_RIGHT_MAN                            137     4.071     33.849     37.920 
      PSC_UNIT                                  87     3.282     74.957     78.239 
      MAN_COMP_24BIT                            78     2.444     10.610     13.054 
        u_i_data_3                              13     0.430      0.000      0.430 
        u_i_data_1                              13     0.415      0.000      0.415 
        u_i_data_2                              13     0.415      0.000      0.415 
        u_i_data_4                              13     0.415      0.000      0.415 
        u_i_data_5                              10     0.291     10.589     10.880 
        u_i_data_0                              10     0.245      0.000      0.245 
      MAN_SWAP                                  52     1.993     11.205     13.198 
      MAN_SWAP_PRE                              46     1.949      5.224      7.174 
      LOPD_24BIT                                58     1.617      9.842     11.459 
        LOPD_16bit_UNIT_MSB                     34     0.946      6.248      7.194 
          LOPD_8bit_unit_0                      14     0.432      0.000      0.432 
          LOPD_8bit_unit_1                      14     0.380      4.461      4.840 
        LOPD_8bit_UNIT_LSB                      14     0.418      0.000      0.418 
      MAN_RND                                   26     1.481      2.073      3.554 
      EXP_ADJUST                                37     1.199     61.556     62.756 
        CLA_8BIT_UNIT                           30     1.012     44.966     45.977 
          CLA_4BIT_UNIT_0                       18     0.534     22.469     23.003 
          CLA_4BIT_UNIT_1                       11     0.452     20.855     21.306 
      EXP_SUB                                   25     0.739     19.923     20.663 
        CLA_8BIT_UNIT                           20     0.664     15.663     16.327 
          CLA_4BIT_UNIT_0                       17     0.575     15.660     16.235 
          CLA_4BIT_UNIT_1                        2     0.072      0.000      0.072 
      EXP_COM_8BIT                              24     0.682     10.787     11.468 
        COMP_LESS_UNIT                          24     0.682     10.787     11.468 
          u_high                                13     0.367      6.066      6.433 
          u_low                                 10     0.244      4.721      4.965 
      EXP_RND                                   15     0.489     17.531     18.020 
      EXP_SWAP                                  13     0.487     30.310     30.797 
      MAN_ALU_PROC_RND                           7     0.246      0.000      0.246 
      SIGN_UNIT                                  1     0.034      1.672      1.706 
    sub1                                      1137    39.218    659.827    699.045 
      NOR_UNIT                                 208     7.322     78.039     85.361 
        SHF_left_unit                          143     4.775     26.946     31.721 
      MAN_ALU                                  217     7.283    104.401    111.684 
        ALU_SUB_UNIT                           120     3.559     20.552     24.111 
          CLA_BLOCK_..CLA_4BIT_UNIT             18     0.559      0.000      0.559 
          CLA_BLOCK_..CLA_4BIT_UNIT             18     0.552      0.000      0.552 
          CLA_BLOCK_..CLA_4BIT_UNIT             18     0.548      0.000      0.548 
          CLA_BLOCK_..CLA_4BIT_UNIT             18     0.523      0.000      0.523 
          CLA_BLOCK_..CLA_4BIT_UNIT             15     0.508      0.000      0.508 
          CLA_BLOCK_..CLA_4BIT_UNIT             18     0.502     19.084     19.586 
      SHF_RIGHT_MAN                            137     4.073     33.849     37.922 
      PSC_UNIT                                  88     3.318     68.619     71.936 
      MAN_COMP_24BIT                            78     2.444     10.610     13.054 
        u_i_data_3                              13     0.430      0.000      0.430 
        u_i_data_1                              13     0.415      0.000      0.415 
        u_i_data_2                              13     0.415      0.000      0.415 
        u_i_data_4                              13     0.415      0.000      0.415 
        u_i_data_5                              10     0.291     10.589     10.880 
        u_i_data_0                              10     0.245      0.000      0.245 
      MAN_SWAP                                  52     1.993     11.100     13.093 
      MAN_SWAP_PRE                              46     1.792     25.402     27.194 
      LOPD_24BIT                                58     1.617      9.842     11.459 
        LOPD_16bit_UNIT_MSB                     34     0.946      6.247      7.194 
          LOPD_8bit_unit_0                      14     0.432      0.000      0.432 
          LOPD_8bit_unit_1                      14     0.380      4.460      4.840 
        LOPD_8bit_UNIT_LSB                      14     0.418      0.000      0.418 
      MAN_RND                                   26     1.481      2.073      3.554 
      EXP_ADJUST                                37     1.203     56.315     57.518 
        CLA_8BIT_UNIT                           30     1.015     39.724     40.740 
          CLA_4BIT_UNIT_0                       18     0.537     17.228     17.765 
          CLA_4BIT_UNIT_1                       11     0.452     20.855     21.306 
      EXP_SUB                                   25     0.739     28.666     29.405 
        CLA_8BIT_UNIT                           20     0.664     24.195     24.858 
          CLA_4BIT_UNIT_0                       17     0.575     24.192     24.766 
          CLA_4BIT_UNIT_1                        2     0.072      0.000      0.072 
      EXP_COM_8BIT                              24     0.696     40.457     41.153 
        COMP_LESS_UNIT                          24     0.696     40.457     41.153 
          u_high                                13     0.367      6.066      6.433 
          u_low                                 10     0.244     10.294     10.538 
      EXP_RND                                   15     0.486     17.103     17.589 
      EXP_SWAP                                  13     0.448     34.089     34.537 
      MAN_ALU_PROC_RND                           7     0.246      0.000      0.246 
      SIGN_UNIT                                  2     0.037      1.216      1.253 
    add0                                      1113    35.731    439.367    475.099 
      MAN_ALU                                  219     7.588     83.702     91.290 
        ALU_SUB_UNIT                           120     3.691     15.159     18.851 
          CLA_BLOCK_..CLA_4BIT_UNIT             18     0.583      0.000      0.583 
          CLA_BLOCK_..CLA_4BIT_UNIT             18     0.570      0.000      0.570 
          CLA_BLOCK_..CLA_4BIT_UNIT             18     0.562      0.000      0.562 
          CLA_BLOCK_..CLA_4BIT_UNIT             18     0.552      0.000      0.552 
          CLA_BLOCK_..CLA_4BIT_UNIT             18     0.550     13.691     14.241 
          CLA_BLOCK_..CLA_4BIT_UNIT             15     0.508      0.000      0.508 
      NOR_UNIT                                 208     7.285      7.605     14.889 
        SHF_left_unit                          143     4.769      4.371      9.140 
      SHF_RIGHT_MAN                            136     2.917     44.625     47.542 
      MAN_COMP_24BIT                            78     2.616      5.129      7.745 
        u_i_data_3                              13     0.465      0.000      0.465 
        u_i_data_2                              13     0.450      0.000      0.450 
        u_i_data_4                              13     0.450      0.000      0.450 
        u_i_data_1                              13     0.439      0.000      0.439 
        u_i_data_5                              10     0.306      5.108      5.414 
        u_i_data_0                              10     0.272      0.000      0.272 
      MAN_SWAP                                  50     1.987      5.667      7.654 
      LOPD_24BIT                                58     1.637      0.676      2.313 
        LOPD_16bit_UNIT_MSB                     34     0.948      0.676      1.624 
          LOPD_8bit_unit_0                      14     0.432      0.000      0.432 
          LOPD_8bit_unit_1                      14     0.383      0.676      1.059 
        LOPD_8bit_UNIT_LSB                      14     0.418      0.000      0.418 
      MAN_RND                                   26     1.481      2.073      3.554 
      EXP_ADJUST                                37     1.179     36.331     37.511 
        CLA_8BIT_UNIT                           30     1.080     36.331     37.411 
          CLA_4BIT_UNIT_0                       18     0.584     17.192     17.776 
          CLA_4BIT_UNIT_1                       11     0.466     19.139     19.605 
      MAN_SWAP_PRE                              46     0.922      2.727      3.649 
      PSC_UNIT                                  23     0.854     12.213     13.067 
      EXP_SUB                                   25     0.752     50.160     50.912 
        CLA_8BIT_UNIT                           20     0.648     50.160     50.809 
          CLA_4BIT_UNIT_0                       17     0.561     40.836     41.398 
          CLA_4BIT_UNIT_1                        2     0.070      9.321      9.391 
      EXP_RND                                   15     0.489     17.004     17.493 
      EXP_SWAP                                  16     0.445     29.737     30.183 
      EXP_COM_8BIT                               7     0.277      6.937      7.214 
        COMP_LESS_UNIT                           7     0.277      6.937      7.214 
          u_high                                 4     0.147      6.883      7.030 
          u_low                                  2     0.054      0.000      0.055 
      MAN_ALU_PROC_RND                           7     0.246      0.000      0.246 
      SIGN_UNIT                                  1     0.041      3.988      4.028 
    sub0                                      1017    33.040    414.797    447.837 
      MAN_ALU                                  217     7.728     64.077     71.805 
        ALU_SUB_UNIT                           120     4.133     14.549     18.682 
          CLA_BLOCK_..CLA_4BIT_UNIT             18     0.686      0.000      0.686 
          CLA_BLOCK_..CLA_4BIT_UNIT             18     0.608      0.000      0.608 
          CLA_BLOCK_..CLA_4BIT_UNIT             18     0.605      0.000      0.605 
          CLA_BLOCK_..CLA_4BIT_UNIT             18     0.602      0.000      0.602 
          CLA_BLOCK_..CLA_4BIT_UNIT             18     0.581     12.754     13.335 
          CLA_BLOCK_..CLA_4BIT_UNIT             15     0.550      0.000      0.550 
      NOR_UNIT                                 208     7.285      7.605     14.889 
        SHF_left_unit                          143     4.769      4.371      9.140 
      SHF_RIGHT_MAN                            134     2.868     46.384     49.251 
      MAN_COMP_24BIT                            78     2.610      5.064      7.674 
        u_i_data_3                              13     0.465      0.000      0.465 
        u_i_data_2                              13     0.450      0.000      0.450 
        u_i_data_4                              13     0.450      0.000      0.450 
        u_i_data_1                              13     0.439      0.000      0.439 
        u_i_data_5                              10     0.301      5.044      5.344 
        u_i_data_0                              10     0.272      0.000      0.272 
      MAN_SWAP                                  50     1.990      5.667      7.657 
      LOPD_24BIT                                58     1.637      0.676      2.313 
        LOPD_16bit_UNIT_MSB                     34     0.948      0.676      1.624 
          LOPD_8bit_unit_0                      14     0.432      0.000      0.432 
          LOPD_8bit_unit_1                      14     0.383      0.676      1.059 
        LOPD_8bit_UNIT_LSB                      14     0.418      0.000      0.418 
      MAN_RND                                   26     1.481      2.073      3.554 
      EXP_ADJUST                                37     1.179     36.332     37.512 
        CLA_8BIT_UNIT                           30     1.080     36.332     37.412 
          CLA_4BIT_UNIT_0                       18     0.584     17.192     17.776 
          CLA_4BIT_UNIT_1                       11     0.466     19.140     19.606 
      MAN_SWAP_PRE                              46     0.850      3.771      4.621 
      PSC_UNIT                                  22     0.840     10.978     11.817 
      EXP_SUB                                   25     0.752     49.211     49.964 
        CLA_8BIT_UNIT                           20     0.648     49.211     49.860 
          CLA_4BIT_UNIT_0                       17     0.561     40.837     41.398 
          CLA_4BIT_UNIT_1                        2     0.070      8.372      8.442 
      EXP_RND                                   15     0.489     17.004     17.493 
      EXP_SWAP                                  16     0.433     40.711     41.144 
      EXP_COM_8BIT                               7     0.278     31.195     31.473 
        COMP_LESS_UNIT                           7     0.278     31.195     31.473 
          u_high                                 4     0.123      8.156      8.279 
          u_low                                  2     0.060      3.318      3.377 
      MAN_ALU_PROC_RND                           7     0.246      0.000      0.246 
      SIGN_UNIT                                  2     0.051      5.256      5.307 
    mul0                                         8     0.220      6.222      6.443 
      PSC_UNIT                                   7     0.193      6.221      6.414 
    mul3                                         8     0.220      6.222      6.443 
      PSC_UNIT                                   7     0.193      6.221      6.414 
  BFLY1_3                                     9594   516.281   8243.441   8759.722 
    mul0                                      1449   148.822    683.413    832.235 
      MAN_MUL_UNIT                            1074   138.031    520.559    658.590 
        MUL_UNIT_MAN_UNIT                     1066   137.539    520.559    658.099 
          u_booth                              348    90.612    514.442    605.054 
          u_wallace                            394    35.682      0.000     35.682 
            STAGE_GEN[0].u_stage               116    11.746      0.000     11.746 
            STAGE_GEN[1].u_stage                85     8.192      0.000      8.192 
            STAGE_GEN[2].u_stage                61     5.842      0.000      5.842 
            STAGE_GEN[3].u_stage                45     3.976      0.000      3.976 
            STAGE_GEN[4].u_stage                44     3.348      0.000      3.348 
            STAGE_GEN[5].u_stage                43     2.578      0.000      2.578 
          u_cla                                282     8.716      5.062     13.778 
            cla_tree                           201     4.741      0.527      5.268 
              MULTI_GROUP.next_level            32     0.785      0.000      0.785 
                COMPUTE_DE..Y[1].cla_unit       11     0.273      0.000      0.273 
                COMPUTE_DE..Y[2].cla_unit        8     0.194      0.000      0.194 
                COMPUTE_DE..Y[0].cla_unit        2     0.066      0.000      0.066 
                MULTI_GROUP.next_level           1     0.033      0.000      0.033 
                  COMPUTE_DE..Y[0].cla_unit      1     0.033      0.000      0.033 
              COMPUTE_DE..[10].cla_unit         11     0.273      0.000      0.273 
              COMPUTE_DE..Y[2].cla_unit         11     0.273      0.000      0.273 
              COMPUTE_DE..Y[3].cla_unit         11     0.273      0.000      0.273 
              COMPUTE_DE..Y[4].cla_unit         11     0.273      0.000      0.273 
              COMPUTE_DE..Y[6].cla_unit         11     0.273      0.000      0.273 
              COMPUTE_DE..Y[7].cla_unit         11     0.273      0.000      0.273 
              COMPUTE_DE..Y[8].cla_unit         11     0.273      0.000      0.273 
              COMPUTE_DE..Y[9].cla_unit         11     0.273      0.000      0.273 
              COMPUTE_DE..Y[5].cla_unit         11     0.270      0.000      0.270 
              COMPUTE_DE..[11].cla_unit          7     0.172      0.000      0.172 
          u_merge                               42     2.530      1.055      3.584 
            csa_row[10].u_fa                     1     0.060      0.000      0.060 
            csa_row[11].u_fa                     1     0.060      0.000      0.060 
            csa_row[12].u_fa                     1     0.060      0.000      0.060 
            csa_row[13].u_fa                     1     0.060      0.000      0.060 
            csa_row[14].u_fa                     1     0.060      0.000      0.060 
            csa_row[15].u_fa                     1     0.060      0.000      0.060 
            csa_row[16].u_fa                     1     0.060      0.000      0.060 
            csa_row[17].u_fa                     1     0.060      0.000      0.060 
            csa_row[18].u_fa                     1     0.060      0.000      0.060 
            csa_row[19].u_fa                     1     0.060      0.000      0.060 
            csa_row[20].u_fa                     1     0.060      0.000      0.060 
            csa_row[21].u_fa                     1     0.060      0.000      0.060 
            csa_row[22].u_fa                     1     0.060      0.000      0.060 
            csa_row[23].u_fa                     1     0.060      0.527      0.588 
            csa_row[24].u_fa                     1     0.060      0.000      0.060 
            csa_row[25].u_fa                     1     0.060      0.000      0.060 
            csa_row[26].u_fa                     1     0.060      0.000      0.060 
            csa_row[27].u_fa                     1     0.060      0.000      0.060 
            csa_row[28].u_fa                     1     0.060      0.000      0.060 
            csa_row[29].u_fa                     1     0.060      0.000      0.060 
            csa_row[30].u_fa                     1     0.060      0.000      0.060 
            csa_row[31].u_fa                     1     0.060      0.000      0.060 
            csa_row[32].u_fa                     1     0.060      0.000      0.060 
            csa_row[33].u_fa                     1     0.060      0.000      0.060 
            csa_row[34].u_fa                     1     0.060      0.000      0.060 
            csa_row[35].u_fa                     1     0.060      0.000      0.060 
            csa_row[36].u_fa                     1     0.060      0.000      0.060 
            csa_row[37].u_fa                     1     0.060      0.000      0.060 
            csa_row[38].u_fa                     1     0.060      0.000      0.060 
            csa_row[39].u_fa                     1     0.060      0.000      0.060 
            csa_row[40].u_fa                     1     0.060      0.000      0.060 
            csa_row[41].u_fa                     1     0.060      0.000      0.060 
            csa_row[42].u_fa                     1     0.060      0.000      0.060 
            csa_row[43].u_fa                     1     0.060      0.000      0.060 
            csa_row[44].u_fa                     1     0.060      0.000      0.060 
            csa_row[45].u_fa                     1     0.060      0.000      0.060 
            csa_row[46].u_fa                     1     0.060      0.527      0.588 
            csa_row[6].u_fa                      1     0.060      0.000      0.060 
            csa_row[7].u_fa                      1     0.060      0.000      0.060 
            csa_row[8].u_fa                      1     0.060      0.000      0.060 
            csa_row[9].u_fa                      1     0.060      0.000      0.060 
            csa_row[47].u_fa                     1     0.050      0.000      0.050 
      NOR_UNIT                                 178     4.980     27.211     32.191 
        SHF_left_unit                          124     3.525     25.734     29.259 
      MAN_ROUNDING_UNIT                         24     1.389      0.211      1.600 
      LOPD_UNIT                                 58     1.249     14.766     16.015 
        LOPD_16bit_UNIT_MSB                     34     0.765      4.219      4.984 
          LOPD_8bit_unit_0                      14     0.315      0.000      0.315 
          LOPD_8bit_unit_1                      14     0.302      1.160      1.462 
        LOPD_8bit_UNIT_LSB                      14     0.330      2.742      3.072 
      MUL_EXP_ADJUST_UNIT                       45     1.191     44.389     45.580 
        CLA_8BIT_UNIT                           30     0.963     41.528     42.491 
          CLA_4BIT_UNIT_0                       18     0.464     21.154     21.618 
          CLA_4BIT_UNIT_1                       11     0.463     18.317     18.779 
      EXP_ROUNDING_UNIT                         15     0.577      0.211      0.788 
      PSC_UNIT                                  12     0.305     23.901     24.206 
    mul3                                      1449   148.822    681.198    830.020 
      MAN_MUL_UNIT                            1074   138.031    520.559    658.590 
        MUL_UNIT_MAN_UNIT                     1066   137.539    520.559    658.099 
          u_booth                              348    90.612    514.442    605.054 
          u_wallace                            394    35.682      0.000     35.682 
            STAGE_GEN[0].u_stage               116    11.746      0.000     11.746 
            STAGE_GEN[1].u_stage                85     8.192      0.000      8.192 
            STAGE_GEN[2].u_stage                61     5.842      0.000      5.842 
            STAGE_GEN[3].u_stage                45     3.976      0.000      3.976 
            STAGE_GEN[4].u_stage                44     3.348      0.000      3.348 
            STAGE_GEN[5].u_stage                43     2.578      0.000      2.578 
          u_cla                                282     8.716      5.062     13.778 
            cla_tree                           201     4.741      0.527      5.268 
              MULTI_GROUP.next_level            32     0.785      0.000      0.785 
                COMPUTE_DE..Y[1].cla_unit       11     0.273      0.000      0.273 
                COMPUTE_DE..Y[2].cla_unit        8     0.194      0.000      0.194 
                COMPUTE_DE..Y[0].cla_unit        2     0.066      0.000      0.066 
                MULTI_GROUP.next_level           1     0.033      0.000      0.033 
                  COMPUTE_DE..Y[0].cla_unit      1     0.033      0.000      0.033 
              COMPUTE_DE..[10].cla_unit         11     0.273      0.000      0.273 
              COMPUTE_DE..Y[2].cla_unit         11     0.273      0.000      0.273 
              COMPUTE_DE..Y[3].cla_unit         11     0.273      0.000      0.273 
              COMPUTE_DE..Y[4].cla_unit         11     0.273      0.000      0.273 
              COMPUTE_DE..Y[6].cla_unit         11     0.273      0.000      0.273 
              COMPUTE_DE..Y[7].cla_unit         11     0.273      0.000      0.273 
              COMPUTE_DE..Y[8].cla_unit         11     0.273      0.000      0.273 
              COMPUTE_DE..Y[9].cla_unit         11     0.273      0.000      0.273 
              COMPUTE_DE..Y[5].cla_unit         11     0.270      0.000      0.270 
              COMPUTE_DE..[11].cla_unit          7     0.172      0.000      0.172 
          u_merge                               42     2.530      1.055      3.584 
            csa_row[10].u_fa                     1     0.060      0.000      0.060 
            csa_row[11].u_fa                     1     0.060      0.000      0.060 
            csa_row[12].u_fa                     1     0.060      0.000      0.060 
            csa_row[13].u_fa                     1     0.060      0.000      0.060 
            csa_row[14].u_fa                     1     0.060      0.000      0.060 
            csa_row[15].u_fa                     1     0.060      0.000      0.060 
            csa_row[16].u_fa                     1     0.060      0.000      0.060 
            csa_row[17].u_fa                     1     0.060      0.000      0.060 
            csa_row[18].u_fa                     1     0.060      0.000      0.060 
            csa_row[19].u_fa                     1     0.060      0.000      0.060 
            csa_row[20].u_fa                     1     0.060      0.000      0.060 
            csa_row[21].u_fa                     1     0.060      0.000      0.060 
            csa_row[22].u_fa                     1     0.060      0.000      0.060 
            csa_row[23].u_fa                     1     0.060      0.527      0.588 
            csa_row[24].u_fa                     1     0.060      0.000      0.060 
            csa_row[25].u_fa                     1     0.060      0.000      0.060 
            csa_row[26].u_fa                     1     0.060      0.000      0.060 
            csa_row[27].u_fa                     1     0.060      0.000      0.060 
            csa_row[28].u_fa                     1     0.060      0.000      0.060 
            csa_row[29].u_fa                     1     0.060      0.000      0.060 
            csa_row[30].u_fa                     1     0.060      0.000      0.060 
            csa_row[31].u_fa                     1     0.060      0.000      0.060 
            csa_row[32].u_fa                     1     0.060      0.000      0.060 
            csa_row[33].u_fa                     1     0.060      0.000      0.060 
            csa_row[34].u_fa                     1     0.060      0.000      0.060 
            csa_row[35].u_fa                     1     0.060      0.000      0.060 
            csa_row[36].u_fa                     1     0.060      0.000      0.060 
            csa_row[37].u_fa                     1     0.060      0.000      0.060 
            csa_row[38].u_fa                     1     0.060      0.000      0.060 
            csa_row[39].u_fa                     1     0.060      0.000      0.060 
            csa_row[40].u_fa                     1     0.060      0.000      0.060 
            csa_row[41].u_fa                     1     0.060      0.000      0.060 
            csa_row[42].u_fa                     1     0.060      0.000      0.060 
            csa_row[43].u_fa                     1     0.060      0.000      0.060 
            csa_row[44].u_fa                     1     0.060      0.000      0.060 
            csa_row[45].u_fa                     1     0.060      0.000      0.060 
            csa_row[46].u_fa                     1     0.060      0.527      0.588 
            csa_row[6].u_fa                      1     0.060      0.000      0.060 
            csa_row[7].u_fa                      1     0.060      0.000      0.060 
            csa_row[8].u_fa                      1     0.060      0.000      0.060 
            csa_row[9].u_fa                      1     0.060      0.000      0.060 
            csa_row[47].u_fa                     1     0.050      0.000      0.050 
      NOR_UNIT                                 178     4.980     27.211     32.191 
        SHF_left_unit                          124     3.525     25.734     29.259 
      MAN_ROUNDING_UNIT                         24     1.389      0.211      1.600 
      LOPD_UNIT                                 58     1.249     14.766     16.015 
        LOPD_16bit_UNIT_MSB                     34     0.765      4.219      4.984 
          LOPD_8bit_unit_0                      14     0.315      0.000      0.315 
          LOPD_8bit_unit_1                      14     0.302      1.160      1.462 
        LOPD_8bit_UNIT_LSB                      14     0.330      2.742      3.072 
      MUL_EXP_ADJUST_UNIT                       45     1.191     44.389     45.580 
        CLA_8BIT_UNIT                           30     0.963     41.528     42.491 
          CLA_4BIT_UNIT_0                       18     0.464     21.154     21.618 
          CLA_4BIT_UNIT_1                       11     0.463     18.317     18.779 
      EXP_ROUNDING_UNIT                         15     0.577      0.211      0.788 
      PSC_UNIT                                  12     0.305     23.901     24.206 
    add1                                      1137    37.533   1497.917   1535.450 
      MAN_ALU                                  219     7.370    332.314    339.684 
        ALU_SUB_UNIT                           120     3.904    154.562    158.465 
          CLA_BLOCK_..CLA_4BIT_UNIT             18     0.639     24.185     24.824 
          CLA_BLOCK_..CLA_4BIT_UNIT             18     0.580     25.299     25.879 
          CLA_BLOCK_..CLA_4BIT_UNIT             18     0.576     25.609     26.185 
          CLA_BLOCK_..CLA_4BIT_UNIT             18     0.550     25.525     26.075 
          CLA_BLOCK_..CLA_4BIT_UNIT             18     0.540     27.523     28.063 
          CLA_BLOCK_..CLA_4BIT_UNIT             15     0.536     23.113     23.649 
      NOR_UNIT                                 208     6.450    340.896    347.347 
        SHF_left_unit                          143     4.320    242.335    246.655 
      SHF_RIGHT_MAN                            137     4.014     73.221     77.235 
      PSC_UNIT                                  87     2.929    138.075    141.004 
      MAN_COMP_24BIT                            78     2.352     86.007     88.359 
        u_i_data_3                              13     0.399     17.535     17.934 
        u_i_data_1                              13     0.390     16.040     16.430 
        u_i_data_2                              13     0.390     15.935     16.325 
        u_i_data_4                              13     0.390     16.032     16.422 
        u_i_data_5                              10     0.291     11.296     11.587 
        u_i_data_0                              10     0.251      8.492      8.743 
      MAN_SWAP                                  52     1.896     62.264     64.160 
      MAN_SWAP_PRE                              46     1.873     64.750     66.623 
      MAN_RND                                   26     1.505     54.510     56.015 
      LOPD_24BIT                                58     1.374     39.672     41.045 
        LOPD_16bit_UNIT_MSB                     34     0.794     25.029     25.823 
          LOPD_8bit_unit_0                      14     0.335     14.741     15.076 
          LOPD_8bit_unit_1                      14     0.315     10.282     10.597 
        LOPD_8bit_UNIT_LSB                      14     0.303     14.641     14.945 
      EXP_ADJUST                                37     1.187     44.371     45.558 
        CLA_8BIT_UNIT                           30     1.087     44.371     45.458 
          CLA_4BIT_UNIT_0                       18     0.576     25.106     25.682 
          CLA_4BIT_UNIT_1                       11     0.484     19.236     19.720 
      EXP_SUB                                   25     0.779     65.607     66.385 
        CLA_8BIT_UNIT                           20     0.675     65.607     66.282 
          CLA_4BIT_UNIT_0                       17     0.588     58.072     58.660 
          CLA_4BIT_UNIT_1                        2     0.070      7.532      7.602 
      EXP_COM_8BIT                              24     0.728     24.327     25.055 
        COMP_LESS_UNIT                          24     0.728     24.327     25.055 
          u_high                                13     0.390     15.906     16.296 
          u_low                                 10     0.262      8.366      8.628 
      EXP_SWAP                                  13     0.526     23.229     23.755 
      EXP_RND                                   15     0.484     19.609     20.093 
      MAN_ALU_PROC_RND                           7     0.246      0.000      0.246 
      SIGN_UNIT                                  1     0.034      1.671      1.705 
    add2                                      1137    37.525   1498.029   1535.554 
      MAN_ALU                                  219     7.370    332.314    339.684 
        ALU_SUB_UNIT                           120     3.904    154.562    158.465 
          CLA_BLOCK_..CLA_4BIT_UNIT             18     0.639     24.185     24.824 
          CLA_BLOCK_..CLA_4BIT_UNIT             18     0.580     25.299     25.879 
          CLA_BLOCK_..CLA_4BIT_UNIT             18     0.576     25.609     26.185 
          CLA_BLOCK_..CLA_4BIT_UNIT             18     0.550     25.525     26.075 
          CLA_BLOCK_..CLA_4BIT_UNIT             18     0.540     27.523     28.063 
          CLA_BLOCK_..CLA_4BIT_UNIT             15     0.536     23.113     23.649 
      NOR_UNIT                                 208     6.450    340.896    347.347 
        SHF_left_unit                          143     4.320    242.335    246.655 
      SHF_RIGHT_MAN                            137     4.006     73.338     77.343 
      PSC_UNIT                                  87     2.929    138.073    141.002 
      MAN_COMP_24BIT                            78     2.352     86.007     88.359 
        u_i_data_3                              13     0.399     17.535     17.934 
        u_i_data_1                              13     0.390     16.040     16.430 
        u_i_data_2                              13     0.390     15.935     16.325 
        u_i_data_4                              13     0.390     16.032     16.422 
        u_i_data_5                              10     0.291     11.296     11.587 
        u_i_data_0                              10     0.251      8.492      8.743 
      MAN_SWAP                                  52     1.896     62.264     64.160 
      MAN_SWAP_PRE                              46     1.873     64.748     66.621 
      MAN_RND                                   26     1.505     54.510     56.015 
      LOPD_24BIT                                58     1.374     39.672     41.045 
        LOPD_16bit_UNIT_MSB                     34     0.794     25.029     25.823 
          LOPD_8bit_unit_0                      14     0.335     14.741     15.076 
          LOPD_8bit_unit_1                      14     0.315     10.282     10.597 
        LOPD_8bit_UNIT_LSB                      14     0.303     14.641     14.945 
      EXP_ADJUST                                37     1.187     44.371     45.558 
        CLA_8BIT_UNIT                           30     1.087     44.371     45.458 
          CLA_4BIT_UNIT_0                       18     0.576     25.106     25.682 
          CLA_4BIT_UNIT_1                       11     0.484     19.236     19.720 
      EXP_SUB                                   25     0.779     65.607     66.385 
        CLA_8BIT_UNIT                           20     0.675     65.607     66.282 
          CLA_4BIT_UNIT_0                       17     0.588     58.072     58.660 
          CLA_4BIT_UNIT_1                        2     0.070      7.532      7.602 
      EXP_COM_8BIT                              24     0.728     24.327     25.055 
        COMP_LESS_UNIT                          24     0.728     24.327     25.055 
          u_high                                13     0.390     15.906     16.296 
          u_low                                 10     0.262      8.366      8.628 
      EXP_SWAP                                  13     0.526     23.229     23.755 
      EXP_RND                                   15     0.484     19.609     20.093 
      MAN_ALU_PROC_RND                           7     0.246      0.000      0.246 
      SIGN_UNIT                                  1     0.034      1.671      1.705 
    sub1                                      1139    37.069   1523.958   1561.027 
      MAN_ALU                                  217     6.891    357.313    364.204 
        ALU_SUB_UNIT                           120     3.393    181.812    185.206 
          CLA_BLOCK_..CLA_4BIT_UNIT             18     0.583     37.089     37.671 
          CLA_BLOCK_..CLA_4BIT_UNIT             18     0.500     26.512     27.012 
          CLA_BLOCK_..CLA_4BIT_UNIT             18     0.493     26.497     26.990 
          CLA_BLOCK_..CLA_4BIT_UNIT             18     0.485     24.798     25.283 
          CLA_BLOCK_..CLA_4BIT_UNIT             18     0.478     25.504     25.982 
          CLA_BLOCK_..CLA_4BIT_UNIT             15     0.458     26.013     26.472 
      NOR_UNIT                                 208     6.450    340.889    347.339 
        SHF_left_unit                          143     4.320    242.332    246.652 
      SHF_RIGHT_MAN                            137     4.015     73.150     77.165 
      PSC_UNIT                                  88     2.906    139.198    142.104 
      MAN_COMP_24BIT                            78     2.352     86.016     88.368 
        u_i_data_3                              13     0.399     17.535     17.934 
        u_i_data_1                              13     0.390     16.040     16.430 
        u_i_data_2                              13     0.390     15.935     16.325 
        u_i_data_4                              13     0.390     16.041     16.431 
        u_i_data_5                              10     0.291     11.296     11.587 
        u_i_data_0                              10     0.251      8.492      8.743 
      MAN_SWAP                                  52     1.896     61.635     63.531 
      MAN_SWAP_PRE                              46     1.876     65.162     67.038 
      MAN_RND                                   26     1.505     54.510     56.015 
      LOPD_24BIT                                58     1.374     39.667     41.041 
        LOPD_16bit_UNIT_MSB                     34     0.794     25.025     25.819 
          LOPD_8bit_unit_0                      14     0.335     14.739     15.074 
          LOPD_8bit_unit_1                      14     0.315     10.280     10.594 
        LOPD_8bit_UNIT_LSB                      14     0.303     14.641     14.945 
      EXP_ADJUST                                37     1.187     44.371     45.558 
        CLA_8BIT_UNIT                           30     1.087     44.371     45.458 
          CLA_4BIT_UNIT_0                       18     0.576     25.106     25.682 
          CLA_4BIT_UNIT_1                       11     0.484     19.236     19.720 
      EXP_SUB                                   25     0.779     65.607     66.385 
        CLA_8BIT_UNIT                           20     0.675     65.607     66.282 
          CLA_4BIT_UNIT_0                       17     0.588     58.072     58.660 
          CLA_4BIT_UNIT_1                        2     0.070      7.532      7.602 
      EXP_COM_8BIT                              24     0.728     24.327     25.055 
        COMP_LESS_UNIT                          24     0.728     24.327     25.055 
          u_high                                13     0.390     15.906     16.296 
          u_low                                 10     0.262      8.366      8.628 
      EXP_SWAP                                  13     0.526     23.229     23.755 
      EXP_RND                                   15     0.484     19.609     20.093 
      MAN_ALU_PROC_RND                           7     0.246      0.000      0.246 
      SIGN_UNIT                                  2     0.041      1.881      1.922 
    sub2                                      1137    37.042   1523.952   1560.994 
      MAN_ALU                                  217     6.891    357.313    364.204 
        ALU_SUB_UNIT                           120     3.393    181.812    185.206 
          CLA_BLOCK_..CLA_4BIT_UNIT             18     0.583     37.089     37.671 
          CLA_BLOCK_..CLA_4BIT_UNIT             18     0.500     26.512     27.012 
          CLA_BLOCK_..CLA_4BIT_UNIT             18     0.493     26.497     26.990 
          CLA_BLOCK_..CLA_4BIT_UNIT             18     0.485     24.798     25.283 
          CLA_BLOCK_..CLA_4BIT_UNIT             18     0.478     25.504     25.982 
          CLA_BLOCK_..CLA_4BIT_UNIT             15     0.458     26.013     26.472 
      NOR_UNIT                                 208     6.450    340.889    347.339 
        SHF_left_unit                          143     4.320    242.332    246.652 
      SHF_RIGHT_MAN                            137     4.015     73.150     77.165 
      PSC_UNIT                                  88     2.906    139.197    142.102 
      MAN_COMP_24BIT                            78     2.352     86.016     88.368 
        u_i_data_3                              13     0.399     17.535     17.934 
        u_i_data_1                              13     0.390     16.040     16.430 
        u_i_data_2                              13     0.390     15.935     16.325 
        u_i_data_4                              13     0.390     16.041     16.431 
        u_i_data_5                              10     0.291     11.296     11.587 
        u_i_data_0                              10     0.251      8.492      8.743 
      MAN_SWAP                                  52     1.896     61.635     63.531 
      MAN_SWAP_PRE                              46     1.876     65.160     67.036 
      MAN_RND                                   26     1.505     54.510     56.015 
      LOPD_24BIT                                58     1.374     39.667     41.041 
        LOPD_16bit_UNIT_MSB                     34     0.794     25.025     25.819 
          LOPD_8bit_unit_0                      14     0.335     14.739     15.074 
          LOPD_8bit_unit_1                      14     0.315     10.280     10.594 
        LOPD_8bit_UNIT_LSB                      14     0.303     14.641     14.945 
      EXP_ADJUST                                37     1.187     44.371     45.558 
        CLA_8BIT_UNIT                           30     1.087     44.371     45.458 
          CLA_4BIT_UNIT_0                       18     0.576     25.106     25.682 
          CLA_4BIT_UNIT_1                       11     0.484     19.236     19.720 
      EXP_SUB                                   25     0.779     65.607     66.385 
        CLA_8BIT_UNIT                           20     0.675     65.607     66.282 
          CLA_4BIT_UNIT_0                       17     0.588     58.072     58.660 
          CLA_4BIT_UNIT_1                        2     0.070      7.532      7.602 
      EXP_COM_8BIT                              24     0.728     24.327     25.055 
        COMP_LESS_UNIT                          24     0.728     24.327     25.055 
          u_high                                13     0.390     15.906     16.296 
          u_low                                 10     0.262      8.366      8.628 
      EXP_SWAP                                  13     0.526     23.229     23.755 
      EXP_RND                                   15     0.484     19.609     20.093 
      MAN_ALU_PROC_RND                           7     0.246      0.000      0.246 
      SIGN_UNIT                                  2     0.041      1.881      1.922 
    sub0                                      1111    35.831    479.828    515.659 
      MAN_ALU                                  217     7.448     69.228     76.676 
        ALU_SUB_UNIT                           120     3.719      0.306      4.025 
          CLA_BLOCK_..CLA_4BIT_UNIT             18     0.592      0.306      0.898 
          CLA_BLOCK_..CLA_4BIT_UNIT             18     0.583      0.000      0.583 
          CLA_BLOCK_..CLA_4BIT_UNIT             18     0.570      0.000      0.570 
          CLA_BLOCK_..CLA_4BIT_UNIT             18     0.562      0.000      0.562 
          CLA_BLOCK_..CLA_4BIT_UNIT             18     0.552      0.000      0.552 
          CLA_BLOCK_..CLA_4BIT_UNIT             15     0.508      0.000      0.508 
      NOR_UNIT                                 208     7.248     84.934     92.181 
        SHF_left_unit                          143     4.591     58.499     63.090 
      SHF_RIGHT_MAN                            136     2.970      8.907     11.876 
      MAN_COMP_24BIT                            78     2.608      2.190      4.799 
        u_i_data_3                              13     0.465      0.000      0.465 
        u_i_data_2                              13     0.450      0.000      0.450 
        u_i_data_4                              13     0.450      0.000      0.450 
        u_i_data_1                              13     0.439      0.000      0.439 
        u_i_data_5                              10     0.304      2.190      2.495 
        u_i_data_0                              10     0.272      0.000      0.272 
      MAN_SWAP                                  50     1.987      5.641      7.628 
      LOPD_24BIT                                58     1.685     22.097     23.782 
        LOPD_16bit_UNIT_MSB                     34     0.985      8.773      9.758 
          LOPD_8bit_unit_0                      14     0.432      0.000      0.432 
          LOPD_8bit_unit_1                      14     0.412      3.772      4.184 
        LOPD_8bit_UNIT_LSB                      14     0.418      0.000      0.418 
      MAN_RND                                   26     1.487     -0.000      1.487 
      EXP_ADJUST                                37     1.199     49.146     50.344 
        CLA_8BIT_UNIT                           30     1.030     42.288     43.318 
          CLA_4BIT_UNIT_0                       18     0.566     23.920     24.486 
          CLA_4BIT_UNIT_1                       11     0.442     16.611     17.052 
      MAN_SWAP_PRE                              46     0.919      5.219      6.137 
      PSC_UNIT                                  22     0.841     21.634     22.475 
      EXP_SUB                                   25     0.757     12.466     13.223 
        CLA_8BIT_UNIT                           20     0.689      6.844      7.533 
          CLA_4BIT_UNIT_0                       17     0.604      6.844      7.448 
          CLA_4BIT_UNIT_1                        2     0.072      0.000      0.072 
      EXP_RND                                   15     0.497      7.411      7.908 
      EXP_SWAP                                  16     0.448     43.403     43.851 
      EXP_COM_8BIT                               7     0.264      7.851      8.115 
        COMP_LESS_UNIT                           7     0.264      7.851      8.115 
          u_high                                 4     0.143      6.074      6.217 
          u_low                                  2     0.051      1.778      1.829 
      MAN_ALU_PROC_RND                           7     0.246      0.000      0.246 
      SIGN_UNIT                                  2     0.054      4.724      4.778 
    add0                                      1019    33.186    314.538    347.723 
      MAN_ALU                                  219     7.855     69.112     76.967 
        ALU_SUB_UNIT                           120     4.141      4.243      8.384 
          CLA_BLOCK_..CLA_4BIT_UNIT             18     0.686      0.000      0.686 
          CLA_BLOCK_..CLA_4BIT_UNIT             18     0.608      0.000      0.608 
          CLA_BLOCK_..CLA_4BIT_UNIT             18     0.605      0.000      0.605 
          CLA_BLOCK_..CLA_4BIT_UNIT             18     0.602      0.000      0.602 
          CLA_BLOCK_..CLA_4BIT_UNIT             18     0.581      4.243      4.824 
          CLA_BLOCK_..CLA_4BIT_UNIT             15     0.550      0.000      0.550 
      NOR_UNIT                                 208     7.260     36.890     44.150 
        SHF_left_unit                          143     4.789      0.000      4.789 
      SHF_RIGHT_MAN                            134     2.900      7.509     10.409 
      MAN_COMP_24BIT                            78     2.606      2.071      4.677 
        u_i_data_3                              13     0.465      0.000      0.465 
        u_i_data_2                              13     0.450      0.000      0.450 
        u_i_data_4                              13     0.450      0.000      0.450 
        u_i_data_1                              13     0.439      0.000      0.439 
        u_i_data_5                              10     0.302      2.071      2.373 
        u_i_data_0                              10     0.272      0.000      0.272 
      MAN_SWAP                                  50     1.984      5.642      7.626 
      LOPD_24BIT                                58     1.646      0.000      1.646 
        LOPD_16bit_UNIT_MSB                     34     0.957      0.000      0.957 
          LOPD_8bit_unit_0                      14     0.432      0.000      0.432 
          LOPD_8bit_unit_1                      14     0.392      0.000      0.392 
        LOPD_8bit_UNIT_LSB                      14     0.418      0.000      0.418 
      MAN_RND                                   26     1.481      2.073      3.554 
      EXP_ADJUST                                37     1.148     43.655     44.803 
        CLA_8BIT_UNIT                           30     1.043     41.223     42.265 
          CLA_4BIT_UNIT_0                       18     0.557     22.032     22.589 
          CLA_4BIT_UNIT_1                       11     0.456     17.556     18.012 
      MAN_SWAP_PRE                              46     0.919      5.232      6.150 
      PSC_UNIT                                  23     0.842     22.090     22.932 
      EXP_SUB                                   25     0.757     12.466     13.223 
        CLA_8BIT_UNIT                           20     0.689      6.844      7.533 
          CLA_4BIT_UNIT_0                       17     0.604      6.844      7.448 
          CLA_4BIT_UNIT_1                        2     0.072      0.000      0.072 
      EXP_RND                                   15     0.496      0.000      0.496 
      EXP_SWAP                                  16     0.450     43.120     43.570 
      MAN_ALU_PROC_RND                           7     0.246      0.000      0.246 
      EXP_COM_8BIT                               7     0.225      7.365      7.590 
        COMP_LESS_UNIT                           7     0.225      7.365      7.590 
          u_high                                 4     0.115      5.256      5.371 
          u_low                                  2     0.040      2.109      2.149 
      SIGN_UNIT                                  1     0.041      3.983      4.023 
    mul1                                         8     0.226     22.730     22.956 
      PSC_UNIT                                   7     0.189     11.370     11.560 
    mul2                                         8     0.226     17.878     18.104 
      PSC_UNIT                                   7     0.189     11.370     11.560 
  BFLY1_0                                     9594   515.695   8026.307   8542.002 
    mul0                                      1449   148.822    683.413    832.235 
      MAN_MUL_UNIT                            1074   138.031    520.559    658.590 
        MUL_UNIT_MAN_UNIT                     1066   137.539    520.559    658.099 
          u_booth                              348    90.612    514.442    605.054 
          u_wallace                            394    35.682      0.000     35.682 
            STAGE_GEN[0].u_stage               116    11.746      0.000     11.746 
            STAGE_GEN[1].u_stage                85     8.192      0.000      8.192 
            STAGE_GEN[2].u_stage                61     5.842      0.000      5.842 
            STAGE_GEN[3].u_stage                45     3.976      0.000      3.976 
            STAGE_GEN[4].u_stage                44     3.348      0.000      3.348 
            STAGE_GEN[5].u_stage                43     2.578      0.000      2.578 
          u_cla                                282     8.716      5.062     13.778 
            cla_tree                           201     4.741      0.527      5.268 
              MULTI_GROUP.next_level            32     0.785      0.000      0.785 
                COMPUTE_DE..Y[1].cla_unit       11     0.273      0.000      0.273 
                COMPUTE_DE..Y[2].cla_unit        8     0.194      0.000      0.194 
                COMPUTE_DE..Y[0].cla_unit        2     0.066      0.000      0.066 
                MULTI_GROUP.next_level           1     0.033      0.000      0.033 
                  COMPUTE_DE..Y[0].cla_unit      1     0.033      0.000      0.033 
              COMPUTE_DE..[10].cla_unit         11     0.273      0.000      0.273 
              COMPUTE_DE..Y[2].cla_unit         11     0.273      0.000      0.273 
              COMPUTE_DE..Y[3].cla_unit         11     0.273      0.000      0.273 
              COMPUTE_DE..Y[4].cla_unit         11     0.273      0.000      0.273 
              COMPUTE_DE..Y[6].cla_unit         11     0.273      0.000      0.273 
              COMPUTE_DE..Y[7].cla_unit         11     0.273      0.000      0.273 
              COMPUTE_DE..Y[8].cla_unit         11     0.273      0.000      0.273 
              COMPUTE_DE..Y[9].cla_unit         11     0.273      0.000      0.273 
              COMPUTE_DE..Y[5].cla_unit         11     0.270      0.000      0.270 
              COMPUTE_DE..[11].cla_unit          7     0.172      0.000      0.172 
          u_merge                               42     2.530      1.055      3.584 
            csa_row[10].u_fa                     1     0.060      0.000      0.060 
            csa_row[11].u_fa                     1     0.060      0.000      0.060 
            csa_row[12].u_fa                     1     0.060      0.000      0.060 
            csa_row[13].u_fa                     1     0.060      0.000      0.060 
            csa_row[14].u_fa                     1     0.060      0.000      0.060 
            csa_row[15].u_fa                     1     0.060      0.000      0.060 
            csa_row[16].u_fa                     1     0.060      0.000      0.060 
            csa_row[17].u_fa                     1     0.060      0.000      0.060 
            csa_row[18].u_fa                     1     0.060      0.000      0.060 
            csa_row[19].u_fa                     1     0.060      0.000      0.060 
            csa_row[20].u_fa                     1     0.060      0.000      0.060 
            csa_row[21].u_fa                     1     0.060      0.000      0.060 
            csa_row[22].u_fa                     1     0.060      0.000      0.060 
            csa_row[23].u_fa                     1     0.060      0.527      0.588 
            csa_row[24].u_fa                     1     0.060      0.000      0.060 
            csa_row[25].u_fa                     1     0.060      0.000      0.060 
            csa_row[26].u_fa                     1     0.060      0.000      0.060 
            csa_row[27].u_fa                     1     0.060      0.000      0.060 
            csa_row[28].u_fa                     1     0.060      0.000      0.060 
            csa_row[29].u_fa                     1     0.060      0.000      0.060 
            csa_row[30].u_fa                     1     0.060      0.000      0.060 
            csa_row[31].u_fa                     1     0.060      0.000      0.060 
            csa_row[32].u_fa                     1     0.060      0.000      0.060 
            csa_row[33].u_fa                     1     0.060      0.000      0.060 
            csa_row[34].u_fa                     1     0.060      0.000      0.060 
            csa_row[35].u_fa                     1     0.060      0.000      0.060 
            csa_row[36].u_fa                     1     0.060      0.000      0.060 
            csa_row[37].u_fa                     1     0.060      0.000      0.060 
            csa_row[38].u_fa                     1     0.060      0.000      0.060 
            csa_row[39].u_fa                     1     0.060      0.000      0.060 
            csa_row[40].u_fa                     1     0.060      0.000      0.060 
            csa_row[41].u_fa                     1     0.060      0.000      0.060 
            csa_row[42].u_fa                     1     0.060      0.000      0.060 
            csa_row[43].u_fa                     1     0.060      0.000      0.060 
            csa_row[44].u_fa                     1     0.060      0.000      0.060 
            csa_row[45].u_fa                     1     0.060      0.000      0.060 
            csa_row[46].u_fa                     1     0.060      0.527      0.588 
            csa_row[6].u_fa                      1     0.060      0.000      0.060 
            csa_row[7].u_fa                      1     0.060      0.000      0.060 
            csa_row[8].u_fa                      1     0.060      0.000      0.060 
            csa_row[9].u_fa                      1     0.060      0.000      0.060 
            csa_row[47].u_fa                     1     0.050      0.000      0.050 
      NOR_UNIT                                 178     4.980     27.211     32.191 
        SHF_left_unit                          124     3.525     25.734     29.259 
      MAN_ROUNDING_UNIT                         24     1.389      0.211      1.600 
      LOPD_UNIT                                 58     1.249     14.766     16.015 
        LOPD_16bit_UNIT_MSB                     34     0.765      4.219      4.984 
          LOPD_8bit_unit_0                      14     0.315      0.000      0.315 
          LOPD_8bit_unit_1                      14     0.302      1.160      1.462 
        LOPD_8bit_UNIT_LSB                      14     0.330      2.742      3.072 
      MUL_EXP_ADJUST_UNIT                       45     1.191     44.389     45.580 
        CLA_8BIT_UNIT                           30     0.963     41.528     42.491 
          CLA_4BIT_UNIT_0                       18     0.464     21.154     21.618 
          CLA_4BIT_UNIT_1                       11     0.463     18.317     18.779 
      EXP_ROUNDING_UNIT                         15     0.577      0.211      0.788 
      PSC_UNIT                                  12     0.305     23.901     24.206 
    mul3                                      1449   148.783    701.110    849.893 
      MAN_MUL_UNIT                            1074   138.031    520.559    658.590 
        MUL_UNIT_MAN_UNIT                     1066   137.539    520.559    658.099 
          u_booth                              348    90.612    514.442    605.054 
          u_wallace                            394    35.682      0.000     35.682 
            STAGE_GEN[0].u_stage               116    11.746      0.000     11.746 
            STAGE_GEN[1].u_stage                85     8.192      0.000      8.192 
            STAGE_GEN[2].u_stage                61     5.842      0.000      5.842 
            STAGE_GEN[3].u_stage                45     3.976      0.000      3.976 
            STAGE_GEN[4].u_stage                44     3.348      0.000      3.348 
            STAGE_GEN[5].u_stage                43     2.578      0.000      2.578 
          u_cla                                282     8.716      5.062     13.778 
            cla_tree                           201     4.741      0.527      5.268 
              MULTI_GROUP.next_level            32     0.785      0.000      0.785 
                COMPUTE_DE..Y[1].cla_unit       11     0.273      0.000      0.273 
                COMPUTE_DE..Y[2].cla_unit        8     0.194      0.000      0.194 
                COMPUTE_DE..Y[0].cla_unit        2     0.066      0.000      0.066 
                MULTI_GROUP.next_level           1     0.033      0.000      0.033 
                  COMPUTE_DE..Y[0].cla_unit      1     0.033      0.000      0.033 
              COMPUTE_DE..[10].cla_unit         11     0.273      0.000      0.273 
              COMPUTE_DE..Y[2].cla_unit         11     0.273      0.000      0.273 
              COMPUTE_DE..Y[3].cla_unit         11     0.273      0.000      0.273 
              COMPUTE_DE..Y[4].cla_unit         11     0.273      0.000      0.273 
              COMPUTE_DE..Y[6].cla_unit         11     0.273      0.000      0.273 
              COMPUTE_DE..Y[7].cla_unit         11     0.273      0.000      0.273 
              COMPUTE_DE..Y[8].cla_unit         11     0.273      0.000      0.273 
              COMPUTE_DE..Y[9].cla_unit         11     0.273      0.000      0.273 
              COMPUTE_DE..Y[5].cla_unit         11     0.270      0.000      0.270 
              COMPUTE_DE..[11].cla_unit          7     0.172      0.000      0.172 
          u_merge                               42     2.530      1.055      3.584 
            csa_row[10].u_fa                     1     0.060      0.000      0.060 
            csa_row[11].u_fa                     1     0.060      0.000      0.060 
            csa_row[12].u_fa                     1     0.060      0.000      0.060 
            csa_row[13].u_fa                     1     0.060      0.000      0.060 
            csa_row[14].u_fa                     1     0.060      0.000      0.060 
            csa_row[15].u_fa                     1     0.060      0.000      0.060 
            csa_row[16].u_fa                     1     0.060      0.000      0.060 
            csa_row[17].u_fa                     1     0.060      0.000      0.060 
            csa_row[18].u_fa                     1     0.060      0.000      0.060 
            csa_row[19].u_fa                     1     0.060      0.000      0.060 
            csa_row[20].u_fa                     1     0.060      0.000      0.060 
            csa_row[21].u_fa                     1     0.060      0.000      0.060 
            csa_row[22].u_fa                     1     0.060      0.000      0.060 
            csa_row[23].u_fa                     1     0.060      0.527      0.588 
            csa_row[24].u_fa                     1     0.060      0.000      0.060 
            csa_row[25].u_fa                     1     0.060      0.000      0.060 
            csa_row[26].u_fa                     1     0.060      0.000      0.060 
            csa_row[27].u_fa                     1     0.060      0.000      0.060 
            csa_row[28].u_fa                     1     0.060      0.000      0.060 
            csa_row[29].u_fa                     1     0.060      0.000      0.060 
            csa_row[30].u_fa                     1     0.060      0.000      0.060 
            csa_row[31].u_fa                     1     0.060      0.000      0.060 
            csa_row[32].u_fa                     1     0.060      0.000      0.060 
            csa_row[33].u_fa                     1     0.060      0.000      0.060 
            csa_row[34].u_fa                     1     0.060      0.000      0.060 
            csa_row[35].u_fa                     1     0.060      0.000      0.060 
            csa_row[36].u_fa                     1     0.060      0.000      0.060 
            csa_row[37].u_fa                     1     0.060      0.000      0.060 
            csa_row[38].u_fa                     1     0.060      0.000      0.060 
            csa_row[39].u_fa                     1     0.060      0.000      0.060 
            csa_row[40].u_fa                     1     0.060      0.000      0.060 
            csa_row[41].u_fa                     1     0.060      0.000      0.060 
            csa_row[42].u_fa                     1     0.060      0.000      0.060 
            csa_row[43].u_fa                     1     0.060      0.000      0.060 
            csa_row[44].u_fa                     1     0.060      0.000      0.060 
            csa_row[45].u_fa                     1     0.060      0.000      0.060 
            csa_row[46].u_fa                     1     0.060      0.527      0.588 
            csa_row[6].u_fa                      1     0.060      0.000      0.060 
            csa_row[7].u_fa                      1     0.060      0.000      0.060 
            csa_row[8].u_fa                      1     0.060      0.000      0.060 
            csa_row[9].u_fa                      1     0.060      0.000      0.060 
            csa_row[47].u_fa                     1     0.050      0.000      0.050 
      NOR_UNIT                                 178     4.980     27.211     32.191 
        SHF_left_unit                          124     3.525     25.734     29.259 
      MAN_ROUNDING_UNIT                         24     1.389      0.211      1.600 
      MUL_EXP_ADJUST_UNIT                       45     1.324     59.662     60.986 
        CLA_8BIT_UNIT                           30     0.978     38.493     39.471 
          CLA_4BIT_UNIT_0                       18     0.482     19.089     19.570 
          CLA_4BIT_UNIT_1                       11     0.466     19.375     19.842 
      LOPD_UNIT                                 58     1.249     14.766     16.015 
        LOPD_16bit_UNIT_MSB                     34     0.765      4.219      4.984 
          LOPD_8bit_unit_0                      14     0.315      0.000      0.315 
          LOPD_8bit_unit_1                      14     0.302      1.160      1.462 
        LOPD_8bit_UNIT_LSB                      14     0.330      2.742      3.072 
      EXP_ROUNDING_UNIT                         15     0.525      1.477      2.001 
      PSC_UNIT                                  12     0.287     17.962     18.250 
    add2                                      1137    37.525   1498.029   1535.554 
      MAN_ALU                                  219     7.370    332.314    339.684 
        ALU_SUB_UNIT                           120     3.904    154.562    158.465 
          CLA_BLOCK_..CLA_4BIT_UNIT             18     0.639     24.185     24.824 
          CLA_BLOCK_..CLA_4BIT_UNIT             18     0.580     25.299     25.879 
          CLA_BLOCK_..CLA_4BIT_UNIT             18     0.576     25.609     26.185 
          CLA_BLOCK_..CLA_4BIT_UNIT             18     0.550     25.525     26.075 
          CLA_BLOCK_..CLA_4BIT_UNIT             18     0.540     27.523     28.063 
          CLA_BLOCK_..CLA_4BIT_UNIT             15     0.536     23.113     23.649 
      NOR_UNIT                                 208     6.450    340.896    347.347 
        SHF_left_unit                          143     4.320    242.335    246.655 
      SHF_RIGHT_MAN                            137     4.006     73.338     77.343 
      PSC_UNIT                                  87     2.929    138.073    141.002 
      MAN_COMP_24BIT                            78     2.352     86.007     88.359 
        u_i_data_3                              13     0.399     17.535     17.934 
        u_i_data_1                              13     0.390     16.040     16.430 
        u_i_data_2                              13     0.390     15.935     16.325 
        u_i_data_4                              13     0.390     16.032     16.422 
        u_i_data_5                              10     0.291     11.296     11.587 
        u_i_data_0                              10     0.251      8.492      8.743 
      MAN_SWAP                                  52     1.896     62.264     64.160 
      MAN_SWAP_PRE                              46     1.873     64.748     66.621 
      MAN_RND                                   26     1.505     54.510     56.015 
      LOPD_24BIT                                58     1.374     39.672     41.045 
        LOPD_16bit_UNIT_MSB                     34     0.794     25.029     25.823 
          LOPD_8bit_unit_0                      14     0.335     14.741     15.076 
          LOPD_8bit_unit_1                      14     0.315     10.282     10.597 
        LOPD_8bit_UNIT_LSB                      14     0.303     14.641     14.945 
      EXP_ADJUST                                37     1.187     44.371     45.558 
        CLA_8BIT_UNIT                           30     1.087     44.371     45.458 
          CLA_4BIT_UNIT_0                       18     0.576     25.106     25.682 
          CLA_4BIT_UNIT_1                       11     0.484     19.236     19.720 
      EXP_SUB                                   25     0.779     65.607     66.385 
        CLA_8BIT_UNIT                           20     0.675     65.607     66.282 
          CLA_4BIT_UNIT_0                       17     0.588     58.072     58.660 
          CLA_4BIT_UNIT_1                        2     0.070      7.532      7.602 
      EXP_COM_8BIT                              24     0.728     24.327     25.055 
        COMP_LESS_UNIT                          24     0.728     24.327     25.055 
          u_high                                13     0.390     15.906     16.296 
          u_low                                 10     0.262      8.366      8.628 
      EXP_SWAP                                  13     0.526     23.229     23.755 
      EXP_RND                                   15     0.484     19.609     20.093 
      MAN_ALU_PROC_RND                           7     0.246      0.000      0.246 
      SIGN_UNIT                                  1     0.034      1.671      1.705 
    add1                                      1137    37.395   1336.188   1373.584 
      MAN_ALU                                  219     7.366    315.202    322.569 
        ALU_SUB_UNIT                           120     3.894    141.352    145.246 
          CLA_BLOCK_..CLA_4BIT_UNIT             18     0.639     24.185     24.824 
          CLA_BLOCK_..CLA_4BIT_UNIT             18     0.580     25.299     25.879 
          CLA_BLOCK_..CLA_4BIT_UNIT             18     0.576     25.609     26.185 
          CLA_BLOCK_..CLA_4BIT_UNIT             18     0.550     25.525     26.075 
          CLA_BLOCK_..CLA_4BIT_UNIT             15     0.536     23.113     23.649 
          CLA_BLOCK_..CLA_4BIT_UNIT             18     0.525     16.901     17.426 
      NOR_UNIT                                 208     6.540    369.971    376.511 
        SHF_left_unit                          143     4.336    237.964    242.300 
      SHF_RIGHT_MAN                            137     4.092      7.601     11.694 
      PSC_UNIT                                  87     2.809    136.587    139.396 
      MAN_COMP_24BIT                            78     2.342     84.723     87.066 
        u_i_data_3                              13     0.399     17.535     17.934 
        u_i_data_1                              13     0.390     16.040     16.430 
        u_i_data_2                              13     0.390     15.935     16.325 
        u_i_data_4                              13     0.390     16.032     16.422 
        u_i_data_5                              10     0.281     10.012     10.293 
        u_i_data_0                              10     0.251      8.492      8.743 
      MAN_SWAP                                  52     1.893     62.240     64.133 
      MAN_SWAP_PRE                              46     1.873     64.750     66.623 
      MAN_RND                                   26     1.489     53.520     55.008 
      LOPD_24BIT                                58     1.383     38.996     40.378 
        LOPD_16bit_UNIT_MSB                     34     0.803     24.353     25.156 
          LOPD_8bit_unit_0                      14     0.335     14.741     15.076 
          LOPD_8bit_unit_1                      14     0.324      9.606      9.930 
        LOPD_8bit_UNIT_LSB                      14     0.303     14.641     14.945 
      EXP_ADJUST                                37     1.166     43.776     44.941 
        CLA_8BIT_UNIT                           30     1.060     41.343     42.404 
          CLA_4BIT_UNIT_0                       18     0.557     22.059     22.616 
          CLA_4BIT_UNIT_1                       11     0.474     17.649     18.123 
      EXP_SUB                                   25     0.764     12.491     13.256 
        CLA_8BIT_UNIT                           20     0.696      6.849      7.545 
          CLA_4BIT_UNIT_0                       17     0.611      6.849      7.460 
          CLA_4BIT_UNIT_1                        2     0.072      0.000      0.072 
      EXP_COM_8BIT                              24     0.684     11.713     12.397 
        COMP_LESS_UNIT                          24     0.684     11.713     12.397 
          u_high                                13     0.367      6.060      6.428 
          u_low                                 10     0.246      5.653      5.899 
      EXP_RND                                   15     0.496      0.000      0.496 
      EXP_SWAP                                  13     0.480     32.074     32.555 
      MAN_ALU_PROC_RND                           7     0.246      0.000      0.246 
      SIGN_UNIT                                  1     0.034      1.671      1.705 
    sub2                                      1137    37.042   1523.952   1560.994 
      MAN_ALU                                  217     6.891    357.313    364.204 
        ALU_SUB_UNIT                           120     3.393    181.812    185.206 
          CLA_BLOCK_..CLA_4BIT_UNIT             18     0.583     37.089     37.671 
          CLA_BLOCK_..CLA_4BIT_UNIT             18     0.500     26.512     27.012 
          CLA_BLOCK_..CLA_4BIT_UNIT             18     0.493     26.497     26.990 
          CLA_BLOCK_..CLA_4BIT_UNIT             18     0.485     24.798     25.283 
          CLA_BLOCK_..CLA_4BIT_UNIT             18     0.478     25.504     25.982 
          CLA_BLOCK_..CLA_4BIT_UNIT             15     0.458     26.013     26.472 
      NOR_UNIT                                 208     6.450    340.889    347.339 
        SHF_left_unit                          143     4.320    242.332    246.652 
      SHF_RIGHT_MAN                            137     4.015     73.150     77.165 
      PSC_UNIT                                  88     2.906    139.197    142.102 
      MAN_COMP_24BIT                            78     2.352     86.016     88.368 
        u_i_data_3                              13     0.399     17.535     17.934 
        u_i_data_1                              13     0.390     16.040     16.430 
        u_i_data_2                              13     0.390     15.935     16.325 
        u_i_data_4                              13     0.390     16.041     16.431 
        u_i_data_5                              10     0.291     11.296     11.587 
        u_i_data_0                              10     0.251      8.492      8.743 
      MAN_SWAP                                  52     1.896     61.635     63.531 
      MAN_SWAP_PRE                              46     1.876     65.160     67.036 
      MAN_RND                                   26     1.505     54.510     56.015 
      LOPD_24BIT                                58     1.374     39.667     41.041 
        LOPD_16bit_UNIT_MSB                     34     0.794     25.025     25.819 
          LOPD_8bit_unit_0                      14     0.335     14.739     15.074 
          LOPD_8bit_unit_1                      14     0.315     10.280     10.594 
        LOPD_8bit_UNIT_LSB                      14     0.303     14.641     14.945 
      EXP_ADJUST                                37     1.187     44.371     45.558 
        CLA_8BIT_UNIT                           30     1.087     44.371     45.458 
          CLA_4BIT_UNIT_0                       18     0.576     25.106     25.682 
          CLA_4BIT_UNIT_1                       11     0.484     19.236     19.720 
      EXP_SUB                                   25     0.779     65.607     66.385 
        CLA_8BIT_UNIT                           20     0.675     65.607     66.282 
          CLA_4BIT_UNIT_0                       17     0.588     58.072     58.660 
          CLA_4BIT_UNIT_1                        2     0.070      7.532      7.602 
      EXP_COM_8BIT                              24     0.728     24.327     25.055 
        COMP_LESS_UNIT                          24     0.728     24.327     25.055 
          u_high                                13     0.390     15.906     16.296 
          u_low                                 10     0.262      8.366      8.628 
      EXP_SWAP                                  13     0.526     23.229     23.755 
      EXP_RND                                   15     0.484     19.609     20.093 
      MAN_ALU_PROC_RND                           7     0.246      0.000      0.246 
      SIGN_UNIT                                  2     0.041      1.881      1.922 
    sub1                                      1139    36.952   1443.295   1480.248 
      MAN_ALU                                  217     6.889    348.567    355.456 
        ALU_SUB_UNIT                           120     3.423    170.194    173.617 
          CLA_BLOCK_..CLA_4BIT_UNIT             18     0.583     37.089     37.671 
          CLA_BLOCK_..CLA_4BIT_UNIT             18     0.515     13.180     13.695 
          CLA_BLOCK_..CLA_4BIT_UNIT             18     0.500     26.512     27.012 
          CLA_BLOCK_..CLA_4BIT_UNIT             18     0.493     26.497     26.990 
          CLA_BLOCK_..CLA_4BIT_UNIT             18     0.478     25.504     25.982 
          CLA_BLOCK_..CLA_4BIT_UNIT             15     0.458     26.013     26.472 
      NOR_UNIT                                 208     6.483    377.166    383.649 
        SHF_left_unit                          143     4.267    254.143    258.411 
      SHF_RIGHT_MAN                            137     4.095      7.601     11.696 
      PSC_UNIT                                  88     2.861    130.761    133.622 
      MAN_COMP_24BIT                            78     2.342     84.732     87.075 
        u_i_data_3                              13     0.399     17.535     17.934 
        u_i_data_1                              13     0.390     16.040     16.430 
        u_i_data_2                              13     0.390     15.935     16.325 
        u_i_data_4                              13     0.390     16.041     16.431 
        u_i_data_5                              10     0.281     10.012     10.293 
        u_i_data_0                              10     0.251      8.492      8.743 
      MAN_SWAP                                  52     1.893     61.610     63.503 
      MAN_SWAP_PRE                              46     1.876     65.162     67.038 
      MAN_RND                                   26     1.504     49.879     51.383 
      LOPD_24BIT                                58     1.381     48.052     49.433 
        LOPD_16bit_UNIT_MSB                     34     0.819     29.816     30.634 
          LOPD_8bit_unit_1                      14     0.338     13.286     13.624 
          LOPD_8bit_unit_0                      14     0.335     14.739     15.074 
        LOPD_8bit_UNIT_LSB                      14     0.303     14.641     14.945 
      EXP_ADJUST                                37     1.203     61.700     62.902 
        CLA_8BIT_UNIT                           30     1.017     45.697     46.714 
          CLA_4BIT_UNIT_0                       18     0.539     23.200     23.739 
          CLA_4BIT_UNIT_1                       11     0.452     20.855     21.306 
      EXP_SUB                                   25     0.764     12.491     13.256 
        CLA_8BIT_UNIT                           20     0.696      6.849      7.545 
          CLA_4BIT_UNIT_0                       17     0.611      6.849      7.460 
          CLA_4BIT_UNIT_1                        2     0.072      0.000      0.072 
      EXP_COM_8BIT                              24     0.684     11.713     12.397 
        COMP_LESS_UNIT                          24     0.684     11.713     12.397 
          u_high                                13     0.367      6.060      6.428 
          u_low                                 10     0.246      5.653      5.899 
      EXP_RND                                   15     0.486     17.103     17.589 
      EXP_SWAP                                  13     0.480     32.074     32.555 
      MAN_ALU_PROC_RND                           7     0.246      0.000      0.246 
      SIGN_UNIT                                  2     0.041      1.881      1.922 
    sub0                                      1111    35.557    501.476    537.033 
      MAN_ALU                                  217     7.439     81.103     88.542 
        ALU_SUB_UNIT                           120     3.678     15.053     18.731 
          CLA_BLOCK_..CLA_4BIT_UNIT             18     0.583      0.000      0.583 
          CLA_BLOCK_..CLA_4BIT_UNIT             18     0.570      0.000      0.570 
          CLA_BLOCK_..CLA_4BIT_UNIT             18     0.562      0.000      0.562 
          CLA_BLOCK_..CLA_4BIT_UNIT             18     0.552      0.000      0.552 
          CLA_BLOCK_..CLA_4BIT_UNIT             18     0.550     13.691     14.241 
          CLA_BLOCK_..CLA_4BIT_UNIT             15     0.508      0.000      0.508 
      NOR_UNIT                                 208     7.285      7.605     14.889 
        SHF_left_unit                          143     4.769      4.371      9.140 
      SHF_RIGHT_MAN                            136     2.900     52.596     55.497 
      MAN_COMP_24BIT                            78     2.616      5.129      7.745 
        u_i_data_3                              13     0.465      0.000      0.465 
        u_i_data_2                              13     0.450      0.000      0.450 
        u_i_data_4                              13     0.450      0.000      0.450 
        u_i_data_1                              13     0.439      0.000      0.439 
        u_i_data_5                              10     0.306      5.108      5.414 
        u_i_data_0                              10     0.272      0.000      0.272 
      MAN_SWAP                                  50     1.990      5.667      7.657 
      LOPD_24BIT                                58     1.637      0.676      2.313 
        LOPD_16bit_UNIT_MSB                     34     0.948      0.676      1.624 
          LOPD_8bit_unit_0                      14     0.432      0.000      0.432 
          LOPD_8bit_unit_1                      14     0.383      0.676      1.059 
        LOPD_8bit_UNIT_LSB                      14     0.418      0.000      0.418 
      MAN_RND                                   26     1.481      2.073      3.554 
      EXP_ADJUST                                37     1.169     44.247     45.416 
        CLA_8BIT_UNIT                           30     1.069     44.247     45.316 
          CLA_4BIT_UNIT_0                       18     0.576     25.079     25.655 
          CLA_4BIT_UNIT_1                       11     0.466     19.139     19.605 
      MAN_SWAP_PRE                              46     0.922      2.727      3.649 
      PSC_UNIT                                  22     0.829     22.035     22.864 
      EXP_SUB                                   25     0.764     60.947     61.711 
        CLA_8BIT_UNIT                           20     0.661     60.947     61.607 
          CLA_4BIT_UNIT_0                       17     0.574     51.623     52.196 
          CLA_4BIT_UNIT_1                        2     0.070      9.321      9.391 
      EXP_RND                                   15     0.484     19.081     19.565 
      EXP_SWAP                                  16     0.445     34.100     34.545 
      EXP_COM_8BIT                               7     0.275      8.699      8.974 
        COMP_LESS_UNIT                           7     0.275      8.699      8.974 
          u_high                                 4     0.147      6.869      7.016 
          u_low                                  2     0.052      1.777      1.828 
      MAN_ALU_PROC_RND                           7     0.246      0.000      0.246 
      SIGN_UNIT                                  2     0.054      4.724      4.778 
    add0                                      1019    33.186    314.538    347.723 
      MAN_ALU                                  219     7.855     69.112     76.967 
        ALU_SUB_UNIT                           120     4.141      4.243      8.384 
          CLA_BLOCK_..CLA_4BIT_UNIT             18     0.686      0.000      0.686 
          CLA_BLOCK_..CLA_4BIT_UNIT             18     0.608      0.000      0.608 
          CLA_BLOCK_..CLA_4BIT_UNIT             18     0.605      0.000      0.605 
          CLA_BLOCK_..CLA_4BIT_UNIT             18     0.602      0.000      0.602 
          CLA_BLOCK_..CLA_4BIT_UNIT             18     0.581      4.243      4.824 
          CLA_BLOCK_..CLA_4BIT_UNIT             15     0.550      0.000      0.550 
      NOR_UNIT                                 208     7.260     36.890     44.150 
        SHF_left_unit                          143     4.789      0.000      4.789 
      SHF_RIGHT_MAN                            134     2.900      7.509     10.409 
      MAN_COMP_24BIT                            78     2.606      2.071      4.677 
        u_i_data_3                              13     0.465      0.000      0.465 
        u_i_data_2                              13     0.450      0.000      0.450 
        u_i_data_4                              13     0.450      0.000      0.450 
        u_i_data_1                              13     0.439      0.000      0.439 
        u_i_data_5                              10     0.302      2.071      2.373 
        u_i_data_0                              10     0.272      0.000      0.272 
      MAN_SWAP                                  50     1.984      5.642      7.626 
      LOPD_24BIT                                58     1.646      0.000      1.646 
        LOPD_16bit_UNIT_MSB                     34     0.957      0.000      0.957 
          LOPD_8bit_unit_0                      14     0.432      0.000      0.432 
          LOPD_8bit_unit_1                      14     0.392      0.000      0.392 
        LOPD_8bit_UNIT_LSB                      14     0.418      0.000      0.418 
      MAN_RND                                   26     1.481      2.073      3.554 
      EXP_ADJUST                                37     1.148     43.655     44.803 
        CLA_8BIT_UNIT                           30     1.043     41.223     42.265 
          CLA_4BIT_UNIT_0                       18     0.557     22.032     22.589 
          CLA_4BIT_UNIT_1                       11     0.456     17.556     18.012 
      MAN_SWAP_PRE                              46     0.919      5.232      6.150 
      PSC_UNIT                                  23     0.842     22.090     22.932 
      EXP_SUB                                   25     0.757     12.466     13.223 
        CLA_8BIT_UNIT                           20     0.689      6.844      7.533 
          CLA_4BIT_UNIT_0                       17     0.604      6.844      7.448 
          CLA_4BIT_UNIT_1                        2     0.072      0.000      0.072 
      EXP_RND                                   15     0.496      0.000      0.496 
      EXP_SWAP                                  16     0.450     43.120     43.570 
      MAN_ALU_PROC_RND                           7     0.246      0.000      0.246 
      EXP_COM_8BIT                               7     0.225      7.365      7.590 
        COMP_LESS_UNIT                           7     0.225      7.365      7.590 
          u_high                                 4     0.115      5.256      5.371 
          u_low                                  2     0.040      2.109      2.149 
      SIGN_UNIT                                  1     0.041      3.983      4.023 
    mul2                                         8     0.226     17.878     18.104 
      PSC_UNIT                                   7     0.189     11.370     11.560 
    mul1                                         8     0.206      6.428      6.635 
      PSC_UNIT                                   7     0.180      6.427      6.606 
  BFLY1_1                                     9594   515.282   7950.773   8466.055 
    mul0                                      1449   148.783    703.325    852.108 
      MAN_MUL_UNIT                            1074   138.031    520.559    658.590 
        MUL_UNIT_MAN_UNIT                     1066   137.539    520.559    658.099 
          u_booth                              348    90.612    514.442    605.054 
          u_wallace                            394    35.682      0.000     35.682 
            STAGE_GEN[0].u_stage               116    11.746      0.000     11.746 
            STAGE_GEN[1].u_stage                85     8.192      0.000      8.192 
            STAGE_GEN[2].u_stage                61     5.842      0.000      5.842 
            STAGE_GEN[3].u_stage                45     3.976      0.000      3.976 
            STAGE_GEN[4].u_stage                44     3.348      0.000      3.348 
            STAGE_GEN[5].u_stage                43     2.578      0.000      2.578 
          u_cla                                282     8.716      5.062     13.778 
            cla_tree                           201     4.741      0.527      5.268 
              MULTI_GROUP.next_level            32     0.785      0.000      0.785 
                COMPUTE_DE..Y[1].cla_unit       11     0.273      0.000      0.273 
                COMPUTE_DE..Y[2].cla_unit        8     0.194      0.000      0.194 
                COMPUTE_DE..Y[0].cla_unit        2     0.066      0.000      0.066 
                MULTI_GROUP.next_level           1     0.033      0.000      0.033 
                  COMPUTE_DE..Y[0].cla_unit      1     0.033      0.000      0.033 
              COMPUTE_DE..[10].cla_unit         11     0.273      0.000      0.273 
              COMPUTE_DE..Y[2].cla_unit         11     0.273      0.000      0.273 
              COMPUTE_DE..Y[3].cla_unit         11     0.273      0.000      0.273 
              COMPUTE_DE..Y[4].cla_unit         11     0.273      0.000      0.273 
              COMPUTE_DE..Y[6].cla_unit         11     0.273      0.000      0.273 
              COMPUTE_DE..Y[7].cla_unit         11     0.273      0.000      0.273 
              COMPUTE_DE..Y[8].cla_unit         11     0.273      0.000      0.273 
              COMPUTE_DE..Y[9].cla_unit         11     0.273      0.000      0.273 
              COMPUTE_DE..Y[5].cla_unit         11     0.270      0.000      0.270 
              COMPUTE_DE..[11].cla_unit          7     0.172      0.000      0.172 
          u_merge                               42     2.530      1.055      3.584 
            csa_row[10].u_fa                     1     0.060      0.000      0.060 
            csa_row[11].u_fa                     1     0.060      0.000      0.060 
            csa_row[12].u_fa                     1     0.060      0.000      0.060 
            csa_row[13].u_fa                     1     0.060      0.000      0.060 
            csa_row[14].u_fa                     1     0.060      0.000      0.060 
            csa_row[15].u_fa                     1     0.060      0.000      0.060 
            csa_row[16].u_fa                     1     0.060      0.000      0.060 
            csa_row[17].u_fa                     1     0.060      0.000      0.060 
            csa_row[18].u_fa                     1     0.060      0.000      0.060 
            csa_row[19].u_fa                     1     0.060      0.000      0.060 
            csa_row[20].u_fa                     1     0.060      0.000      0.060 
            csa_row[21].u_fa                     1     0.060      0.000      0.060 
            csa_row[22].u_fa                     1     0.060      0.000      0.060 
            csa_row[23].u_fa                     1     0.060      0.527      0.588 
            csa_row[24].u_fa                     1     0.060      0.000      0.060 
            csa_row[25].u_fa                     1     0.060      0.000      0.060 
            csa_row[26].u_fa                     1     0.060      0.000      0.060 
            csa_row[27].u_fa                     1     0.060      0.000      0.060 
            csa_row[28].u_fa                     1     0.060      0.000      0.060 
            csa_row[29].u_fa                     1     0.060      0.000      0.060 
            csa_row[30].u_fa                     1     0.060      0.000      0.060 
            csa_row[31].u_fa                     1     0.060      0.000      0.060 
            csa_row[32].u_fa                     1     0.060      0.000      0.060 
            csa_row[33].u_fa                     1     0.060      0.000      0.060 
            csa_row[34].u_fa                     1     0.060      0.000      0.060 
            csa_row[35].u_fa                     1     0.060      0.000      0.060 
            csa_row[36].u_fa                     1     0.060      0.000      0.060 
            csa_row[37].u_fa                     1     0.060      0.000      0.060 
            csa_row[38].u_fa                     1     0.060      0.000      0.060 
            csa_row[39].u_fa                     1     0.060      0.000      0.060 
            csa_row[40].u_fa                     1     0.060      0.000      0.060 
            csa_row[41].u_fa                     1     0.060      0.000      0.060 
            csa_row[42].u_fa                     1     0.060      0.000      0.060 
            csa_row[43].u_fa                     1     0.060      0.000      0.060 
            csa_row[44].u_fa                     1     0.060      0.000      0.060 
            csa_row[45].u_fa                     1     0.060      0.000      0.060 
            csa_row[46].u_fa                     1     0.060      0.527      0.588 
            csa_row[6].u_fa                      1     0.060      0.000      0.060 
            csa_row[7].u_fa                      1     0.060      0.000      0.060 
            csa_row[8].u_fa                      1     0.060      0.000      0.060 
            csa_row[9].u_fa                      1     0.060      0.000      0.060 
            csa_row[47].u_fa                     1     0.050      0.000      0.050 
      NOR_UNIT                                 178     4.980     27.211     32.191 
        SHF_left_unit                          124     3.525     25.734     29.259 
      MAN_ROUNDING_UNIT                         24     1.389      0.211      1.600 
      MUL_EXP_ADJUST_UNIT                       45     1.324     59.662     60.986 
        CLA_8BIT_UNIT                           30     0.978     38.493     39.471 
          CLA_4BIT_UNIT_0                       18     0.482     19.089     19.570 
          CLA_4BIT_UNIT_1                       11     0.466     19.375     19.842 
      LOPD_UNIT                                 58     1.249     14.766     16.015 
        LOPD_16bit_UNIT_MSB                     34     0.765      4.219      4.984 
          LOPD_8bit_unit_0                      14     0.315      0.000      0.315 
          LOPD_8bit_unit_1                      14     0.302      1.160      1.462 
        LOPD_8bit_UNIT_LSB                      14     0.330      2.742      3.072 
      EXP_ROUNDING_UNIT                         15     0.525      1.477      2.001 
      PSC_UNIT                                  12     0.287     17.962     18.250 
    mul3                                      1449   148.783    701.110    849.893 
      MAN_MUL_UNIT                            1074   138.031    520.559    658.590 
        MUL_UNIT_MAN_UNIT                     1066   137.539    520.559    658.099 
          u_booth                              348    90.612    514.442    605.054 
          u_wallace                            394    35.682      0.000     35.682 
            STAGE_GEN[0].u_stage               116    11.746      0.000     11.746 
            STAGE_GEN[1].u_stage                85     8.192      0.000      8.192 
            STAGE_GEN[2].u_stage                61     5.842      0.000      5.842 
            STAGE_GEN[3].u_stage                45     3.976      0.000      3.976 
            STAGE_GEN[4].u_stage                44     3.348      0.000      3.348 
            STAGE_GEN[5].u_stage                43     2.578      0.000      2.578 
          u_cla                                282     8.716      5.062     13.778 
            cla_tree                           201     4.741      0.527      5.268 
              MULTI_GROUP.next_level            32     0.785      0.000      0.785 
                COMPUTE_DE..Y[1].cla_unit       11     0.273      0.000      0.273 
                COMPUTE_DE..Y[2].cla_unit        8     0.194      0.000      0.194 
                COMPUTE_DE..Y[0].cla_unit        2     0.066      0.000      0.066 
                MULTI_GROUP.next_level           1     0.033      0.000      0.033 
                  COMPUTE_DE..Y[0].cla_unit      1     0.033      0.000      0.033 
              COMPUTE_DE..[10].cla_unit         11     0.273      0.000      0.273 
              COMPUTE_DE..Y[2].cla_unit         11     0.273      0.000      0.273 
              COMPUTE_DE..Y[3].cla_unit         11     0.273      0.000      0.273 
              COMPUTE_DE..Y[4].cla_unit         11     0.273      0.000      0.273 
              COMPUTE_DE..Y[6].cla_unit         11     0.273      0.000      0.273 
              COMPUTE_DE..Y[7].cla_unit         11     0.273      0.000      0.273 
              COMPUTE_DE..Y[8].cla_unit         11     0.273      0.000      0.273 
              COMPUTE_DE..Y[9].cla_unit         11     0.273      0.000      0.273 
              COMPUTE_DE..Y[5].cla_unit         11     0.270      0.000      0.270 
              COMPUTE_DE..[11].cla_unit          7     0.172      0.000      0.172 
          u_merge                               42     2.530      1.055      3.584 
            csa_row[10].u_fa                     1     0.060      0.000      0.060 
            csa_row[11].u_fa                     1     0.060      0.000      0.060 
            csa_row[12].u_fa                     1     0.060      0.000      0.060 
            csa_row[13].u_fa                     1     0.060      0.000      0.060 
            csa_row[14].u_fa                     1     0.060      0.000      0.060 
            csa_row[15].u_fa                     1     0.060      0.000      0.060 
            csa_row[16].u_fa                     1     0.060      0.000      0.060 
            csa_row[17].u_fa                     1     0.060      0.000      0.060 
            csa_row[18].u_fa                     1     0.060      0.000      0.060 
            csa_row[19].u_fa                     1     0.060      0.000      0.060 
            csa_row[20].u_fa                     1     0.060      0.000      0.060 
            csa_row[21].u_fa                     1     0.060      0.000      0.060 
            csa_row[22].u_fa                     1     0.060      0.000      0.060 
            csa_row[23].u_fa                     1     0.060      0.527      0.588 
            csa_row[24].u_fa                     1     0.060      0.000      0.060 
            csa_row[25].u_fa                     1     0.060      0.000      0.060 
            csa_row[26].u_fa                     1     0.060      0.000      0.060 
            csa_row[27].u_fa                     1     0.060      0.000      0.060 
            csa_row[28].u_fa                     1     0.060      0.000      0.060 
            csa_row[29].u_fa                     1     0.060      0.000      0.060 
            csa_row[30].u_fa                     1     0.060      0.000      0.060 
            csa_row[31].u_fa                     1     0.060      0.000      0.060 
            csa_row[32].u_fa                     1     0.060      0.000      0.060 
            csa_row[33].u_fa                     1     0.060      0.000      0.060 
            csa_row[34].u_fa                     1     0.060      0.000      0.060 
            csa_row[35].u_fa                     1     0.060      0.000      0.060 
            csa_row[36].u_fa                     1     0.060      0.000      0.060 
            csa_row[37].u_fa                     1     0.060      0.000      0.060 
            csa_row[38].u_fa                     1     0.060      0.000      0.060 
            csa_row[39].u_fa                     1     0.060      0.000      0.060 
            csa_row[40].u_fa                     1     0.060      0.000      0.060 
            csa_row[41].u_fa                     1     0.060      0.000      0.060 
            csa_row[42].u_fa                     1     0.060      0.000      0.060 
            csa_row[43].u_fa                     1     0.060      0.000      0.060 
            csa_row[44].u_fa                     1     0.060      0.000      0.060 
            csa_row[45].u_fa                     1     0.060      0.000      0.060 
            csa_row[46].u_fa                     1     0.060      0.527      0.588 
            csa_row[6].u_fa                      1     0.060      0.000      0.060 
            csa_row[7].u_fa                      1     0.060      0.000      0.060 
            csa_row[8].u_fa                      1     0.060      0.000      0.060 
            csa_row[9].u_fa                      1     0.060      0.000      0.060 
            csa_row[47].u_fa                     1     0.050      0.000      0.050 
      NOR_UNIT                                 178     4.980     27.211     32.191 
        SHF_left_unit                          124     3.525     25.734     29.259 
      MAN_ROUNDING_UNIT                         24     1.389      0.211      1.600 
      MUL_EXP_ADJUST_UNIT                       45     1.324     59.662     60.986 
        CLA_8BIT_UNIT                           30     0.978     38.493     39.471 
          CLA_4BIT_UNIT_0                       18     0.482     19.089     19.570 
          CLA_4BIT_UNIT_1                       11     0.466     19.375     19.842 
      LOPD_UNIT                                 58     1.249     14.766     16.015 
        LOPD_16bit_UNIT_MSB                     34     0.765      4.219      4.984 
          LOPD_8bit_unit_0                      14     0.315      0.000      0.315 
          LOPD_8bit_unit_1                      14     0.302      1.160      1.462 
        LOPD_8bit_UNIT_LSB                      14     0.330      2.742      3.072 
      EXP_ROUNDING_UNIT                         15     0.525      1.477      2.001 
      PSC_UNIT                                  12     0.287     17.962     18.250 
    add1                                      1137    37.395   1336.188   1373.584 
      MAN_ALU                                  219     7.366    315.202    322.569 
        ALU_SUB_UNIT                           120     3.894    141.352    145.246 
          CLA_BLOCK_..CLA_4BIT_UNIT             18     0.639     24.185     24.824 
          CLA_BLOCK_..CLA_4BIT_UNIT             18     0.580     25.299     25.879 
          CLA_BLOCK_..CLA_4BIT_UNIT             18     0.576     25.609     26.185 
          CLA_BLOCK_..CLA_4BIT_UNIT             18     0.550     25.525     26.075 
          CLA_BLOCK_..CLA_4BIT_UNIT             15     0.536     23.113     23.649 
          CLA_BLOCK_..CLA_4BIT_UNIT             18     0.525     16.901     17.426 
      NOR_UNIT                                 208     6.540    369.971    376.511 
        SHF_left_unit                          143     4.336    237.964    242.300 
      SHF_RIGHT_MAN                            137     4.092      7.601     11.694 
      PSC_UNIT                                  87     2.809    136.587    139.396 
      MAN_COMP_24BIT                            78     2.342     84.723     87.066 
        u_i_data_3                              13     0.399     17.535     17.934 
        u_i_data_1                              13     0.390     16.040     16.430 
        u_i_data_2                              13     0.390     15.935     16.325 
        u_i_data_4                              13     0.390     16.032     16.422 
        u_i_data_5                              10     0.281     10.012     10.293 
        u_i_data_0                              10     0.251      8.492      8.743 
      MAN_SWAP                                  52     1.893     62.240     64.133 
      MAN_SWAP_PRE                              46     1.873     64.750     66.623 
      MAN_RND                                   26     1.489     53.520     55.008 
      LOPD_24BIT                                58     1.383     38.996     40.378 
        LOPD_16bit_UNIT_MSB                     34     0.803     24.353     25.156 
          LOPD_8bit_unit_0                      14     0.335     14.741     15.076 
          LOPD_8bit_unit_1                      14     0.324      9.606      9.930 
        LOPD_8bit_UNIT_LSB                      14     0.303     14.641     14.945 
      EXP_ADJUST                                37     1.166     43.776     44.941 
        CLA_8BIT_UNIT                           30     1.060     41.343     42.404 
          CLA_4BIT_UNIT_0                       18     0.557     22.059     22.616 
          CLA_4BIT_UNIT_1                       11     0.474     17.649     18.123 
      EXP_SUB                                   25     0.764     12.491     13.256 
        CLA_8BIT_UNIT                           20     0.696      6.849      7.545 
          CLA_4BIT_UNIT_0                       17     0.611      6.849      7.460 
          CLA_4BIT_UNIT_1                        2     0.072      0.000      0.072 
      EXP_COM_8BIT                              24     0.684     11.713     12.397 
        COMP_LESS_UNIT                          24     0.684     11.713     12.397 
          u_high                                13     0.367      6.060      6.428 
          u_low                                 10     0.246      5.653      5.899 
      EXP_RND                                   15     0.496      0.000      0.496 
      EXP_SWAP                                  13     0.480     32.074     32.555 
      MAN_ALU_PROC_RND                           7     0.246      0.000      0.246 
      SIGN_UNIT                                  1     0.034      1.671      1.705 
    add2                                      1137    37.395   1336.169   1373.565 
      MAN_ALU                                  219     7.366    315.202    322.569 
        ALU_SUB_UNIT                           120     3.894    141.352    145.246 
          CLA_BLOCK_..CLA_4BIT_UNIT             18     0.639     24.185     24.824 
          CLA_BLOCK_..CLA_4BIT_UNIT             18     0.580     25.299     25.879 
          CLA_BLOCK_..CLA_4BIT_UNIT             18     0.576     25.609     26.185 
          CLA_BLOCK_..CLA_4BIT_UNIT             18     0.550     25.525     26.075 
          CLA_BLOCK_..CLA_4BIT_UNIT             15     0.536     23.113     23.649 
          CLA_BLOCK_..CLA_4BIT_UNIT             18     0.525     16.901     17.426 
      NOR_UNIT                                 208     6.540    369.971    376.511 
        SHF_left_unit                          143     4.336    237.964    242.300 
      SHF_RIGHT_MAN                            137     4.092      7.601     11.694 
      PSC_UNIT                                  87     2.809    136.580    139.390 
      MAN_COMP_24BIT                            78     2.342     84.723     87.066 
        u_i_data_3                              13     0.399     17.535     17.934 
        u_i_data_1                              13     0.390     16.040     16.430 
        u_i_data_2                              13     0.390     15.935     16.325 
        u_i_data_4                              13     0.390     16.032     16.422 
        u_i_data_5                              10     0.281     10.012     10.293 
        u_i_data_0                              10     0.251      8.492      8.743 
      MAN_SWAP                                  52     1.893     62.240     64.133 
      MAN_SWAP_PRE                              46     1.873     64.748     66.621 
      MAN_RND                                   26     1.489     53.520     55.008 
      LOPD_24BIT                                58     1.383     38.996     40.378 
        LOPD_16bit_UNIT_MSB                     34     0.803     24.353     25.156 
          LOPD_8bit_unit_0                      14     0.335     14.741     15.076 
          LOPD_8bit_unit_1                      14     0.324      9.606      9.930 
        LOPD_8bit_UNIT_LSB                      14     0.303     14.641     14.945 
      EXP_ADJUST                                37     1.166     43.776     44.941 
        CLA_8BIT_UNIT                           30     1.060     41.343     42.404 
          CLA_4BIT_UNIT_0                       18     0.557     22.059     22.616 
          CLA_4BIT_UNIT_1                       11     0.474     17.649     18.123 
      EXP_SUB                                   25     0.764     12.491     13.256 
        CLA_8BIT_UNIT                           20     0.696      6.849      7.545 
          CLA_4BIT_UNIT_0                       17     0.611      6.849      7.460 
          CLA_4BIT_UNIT_1                        2     0.072      0.000      0.072 
      EXP_COM_8BIT                              24     0.684     11.709     12.393 
        COMP_LESS_UNIT                          24     0.684     11.709     12.393 
          u_high                                13     0.367      6.060      6.427 
          u_low                                 10     0.246      5.649      5.895 
      EXP_RND                                   15     0.496      0.000      0.496 
      EXP_SWAP                                  13     0.480     32.072     32.552 
      MAN_ALU_PROC_RND                           7     0.246      0.000      0.246 
      SIGN_UNIT                                  1     0.034      1.671      1.705 
    sub1                                      1139    36.952   1443.295   1480.248 
      MAN_ALU                                  217     6.889    348.567    355.456 
        ALU_SUB_UNIT                           120     3.423    170.194    173.617 
          CLA_BLOCK_..CLA_4BIT_UNIT             18     0.583     37.089     37.671 
          CLA_BLOCK_..CLA_4BIT_UNIT             18     0.515     13.180     13.695 
          CLA_BLOCK_..CLA_4BIT_UNIT             18     0.500     26.512     27.012 
          CLA_BLOCK_..CLA_4BIT_UNIT             18     0.493     26.497     26.990 
          CLA_BLOCK_..CLA_4BIT_UNIT             18     0.478     25.504     25.982 
          CLA_BLOCK_..CLA_4BIT_UNIT             15     0.458     26.013     26.472 
      NOR_UNIT                                 208     6.483    377.166    383.649 
        SHF_left_unit                          143     4.267    254.143    258.411 
      SHF_RIGHT_MAN                            137     4.095      7.601     11.696 
      PSC_UNIT                                  88     2.861    130.761    133.622 
      MAN_COMP_24BIT                            78     2.342     84.732     87.075 
        u_i_data_3                              13     0.399     17.535     17.934 
        u_i_data_1                              13     0.390     16.040     16.430 
        u_i_data_2                              13     0.390     15.935     16.325 
        u_i_data_4                              13     0.390     16.041     16.431 
        u_i_data_5                              10     0.281     10.012     10.293 
        u_i_data_0                              10     0.251      8.492      8.743 
      MAN_SWAP                                  52     1.893     61.610     63.503 
      MAN_SWAP_PRE                              46     1.876     65.162     67.038 
      MAN_RND                                   26     1.504     49.879     51.383 
      LOPD_24BIT                                58     1.381     48.052     49.433 
        LOPD_16bit_UNIT_MSB                     34     0.819     29.816     30.634 
          LOPD_8bit_unit_1                      14     0.338     13.286     13.624 
          LOPD_8bit_unit_0                      14     0.335     14.739     15.074 
        LOPD_8bit_UNIT_LSB                      14     0.303     14.641     14.945 
      EXP_ADJUST                                37     1.203     61.700     62.902 
        CLA_8BIT_UNIT                           30     1.017     45.697     46.714 
          CLA_4BIT_UNIT_0                       18     0.539     23.200     23.739 
          CLA_4BIT_UNIT_1                       11     0.452     20.855     21.306 
      EXP_SUB                                   25     0.764     12.491     13.256 
        CLA_8BIT_UNIT                           20     0.696      6.849      7.545 
          CLA_4BIT_UNIT_0                       17     0.611      6.849      7.460 
          CLA_4BIT_UNIT_1                        2     0.072      0.000      0.072 
      EXP_COM_8BIT                              24     0.684     11.713     12.397 
        COMP_LESS_UNIT                          24     0.684     11.713     12.397 
          u_high                                13     0.367      6.060      6.428 
          u_low                                 10     0.246      5.653      5.899 
      EXP_RND                                   15     0.486     17.103     17.589 
      EXP_SWAP                                  13     0.480     32.074     32.555 
      MAN_ALU_PROC_RND                           7     0.246      0.000      0.246 
      SIGN_UNIT                                  2     0.041      1.881      1.922 
    sub2                                      1137    36.925   1443.276   1480.201 
      MAN_ALU                                  217     6.889    348.567    355.456 
        ALU_SUB_UNIT                           120     3.423    170.194    173.617 
          CLA_BLOCK_..CLA_4BIT_UNIT             18     0.583     37.089     37.671 
          CLA_BLOCK_..CLA_4BIT_UNIT             18     0.515     13.180     13.695 
          CLA_BLOCK_..CLA_4BIT_UNIT             18     0.500     26.512     27.012 
          CLA_BLOCK_..CLA_4BIT_UNIT             18     0.493     26.497     26.990 
          CLA_BLOCK_..CLA_4BIT_UNIT             18     0.478     25.504     25.982 
          CLA_BLOCK_..CLA_4BIT_UNIT             15     0.458     26.013     26.472 
      NOR_UNIT                                 208     6.483    377.166    383.649 
        SHF_left_unit                          143     4.267    254.143    258.411 
      SHF_RIGHT_MAN                            137     4.095      7.601     11.696 
      PSC_UNIT                                  88     2.861    130.755    133.617 
      MAN_COMP_24BIT                            78     2.342     84.732     87.075 
        u_i_data_3                              13     0.399     17.535     17.934 
        u_i_data_1                              13     0.390     16.040     16.430 
        u_i_data_2                              13     0.390     15.935     16.325 
        u_i_data_4                              13     0.390     16.041     16.431 
        u_i_data_5                              10     0.281     10.012     10.293 
        u_i_data_0                              10     0.251      8.492      8.743 
      MAN_SWAP                                  52     1.893     61.610     63.503 
      MAN_SWAP_PRE                              46     1.876     65.160     67.036 
      MAN_RND                                   26     1.504     49.879     51.383 
      LOPD_24BIT                                58     1.381     48.052     49.433 
        LOPD_16bit_UNIT_MSB                     34     0.819     29.816     30.634 
          LOPD_8bit_unit_1                      14     0.338     13.286     13.624 
          LOPD_8bit_unit_0                      14     0.335     14.739     15.074 
        LOPD_8bit_UNIT_LSB                      14     0.303     14.641     14.945 
      EXP_ADJUST                                37     1.203     61.700     62.902 
        CLA_8BIT_UNIT                           30     1.017     45.697     46.714 
          CLA_4BIT_UNIT_0                       18     0.539     23.200     23.739 
          CLA_4BIT_UNIT_1                       11     0.452     20.855     21.306 
      EXP_SUB                                   25     0.764     12.491     13.256 
        CLA_8BIT_UNIT                           20     0.696      6.849      7.545 
          CLA_4BIT_UNIT_0                       17     0.611      6.849      7.460 
          CLA_4BIT_UNIT_1                        2     0.072      0.000      0.072 
      EXP_COM_8BIT                              24     0.684     11.709     12.393 
        COMP_LESS_UNIT                          24     0.684     11.709     12.393 
          u_high                                13     0.367      6.060      6.427 
          u_low                                 10     0.246      5.649      5.895 
      EXP_RND                                   15     0.486     17.103     17.589 
      EXP_SWAP                                  13     0.480     32.072     32.552 
      MAN_ALU_PROC_RND                           7     0.246      0.000      0.246 
      SIGN_UNIT                                  2     0.041      1.881      1.922 
    sub0                                      1111    35.557    501.476    537.033 
      MAN_ALU                                  217     7.439     81.103     88.542 
        ALU_SUB_UNIT                           120     3.678     15.053     18.731 
          CLA_BLOCK_..CLA_4BIT_UNIT             18     0.583      0.000      0.583 
          CLA_BLOCK_..CLA_4BIT_UNIT             18     0.570      0.000      0.570 
          CLA_BLOCK_..CLA_4BIT_UNIT             18     0.562      0.000      0.562 
          CLA_BLOCK_..CLA_4BIT_UNIT             18     0.552      0.000      0.552 
          CLA_BLOCK_..CLA_4BIT_UNIT             18     0.550     13.691     14.241 
          CLA_BLOCK_..CLA_4BIT_UNIT             15     0.508      0.000      0.508 
      NOR_UNIT                                 208     7.285      7.605     14.889 
        SHF_left_unit                          143     4.769      4.371      9.140 
      SHF_RIGHT_MAN                            136     2.900     52.596     55.497 
      MAN_COMP_24BIT                            78     2.616      5.129      7.745 
        u_i_data_3                              13     0.465      0.000      0.465 
        u_i_data_2                              13     0.450      0.000      0.450 
        u_i_data_4                              13     0.450      0.000      0.450 
        u_i_data_1                              13     0.439      0.000      0.439 
        u_i_data_5                              10     0.306      5.108      5.414 
        u_i_data_0                              10     0.272      0.000      0.272 
      MAN_SWAP                                  50     1.990      5.667      7.657 
      LOPD_24BIT                                58     1.637      0.676      2.313 
        LOPD_16bit_UNIT_MSB                     34     0.948      0.676      1.624 
          LOPD_8bit_unit_0                      14     0.432      0.000      0.432 
          LOPD_8bit_unit_1                      14     0.383      0.676      1.059 
        LOPD_8bit_UNIT_LSB                      14     0.418      0.000      0.418 
      MAN_RND                                   26     1.481      2.073      3.554 
      EXP_ADJUST                                37     1.169     44.247     45.416 
        CLA_8BIT_UNIT                           30     1.069     44.247     45.316 
          CLA_4BIT_UNIT_0                       18     0.576     25.079     25.655 
          CLA_4BIT_UNIT_1                       11     0.466     19.139     19.605 
      MAN_SWAP_PRE                              46     0.922      2.727      3.649 
      PSC_UNIT                                  22     0.829     22.035     22.864 
      EXP_SUB                                   25     0.764     60.947     61.711 
        CLA_8BIT_UNIT                           20     0.661     60.947     61.607 
          CLA_4BIT_UNIT_0                       17     0.574     51.623     52.196 
          CLA_4BIT_UNIT_1                        2     0.070      9.321      9.391 
      EXP_RND                                   15     0.484     19.081     19.565 
      EXP_SWAP                                  16     0.445     34.100     34.545 
      EXP_COM_8BIT                               7     0.275      8.699      8.974 
        COMP_LESS_UNIT                           7     0.275      8.699      8.974 
          u_high                                 4     0.147      6.869      7.016 
          u_low                                  2     0.052      1.777      1.828 
      MAN_ALU_PROC_RND                           7     0.246      0.000      0.246 
      SIGN_UNIT                                  2     0.054      4.724      4.778 
    add0                                      1019    33.077    473.078    506.155 
      MAN_ALU                                  219     7.851     67.830     75.681 
        ALU_SUB_UNIT                           120     4.141     15.337     19.478 
          CLA_BLOCK_..CLA_4BIT_UNIT             18     0.686      0.000      0.686 
          CLA_BLOCK_..CLA_4BIT_UNIT             18     0.608      0.000      0.608 
          CLA_BLOCK_..CLA_4BIT_UNIT             18     0.605      0.000      0.605 
          CLA_BLOCK_..CLA_4BIT_UNIT             18     0.602      0.000      0.602 
          CLA_BLOCK_..CLA_4BIT_UNIT             18     0.581     12.754     13.335 
          CLA_BLOCK_..CLA_4BIT_UNIT             15     0.550      0.000      0.550 
      NOR_UNIT                                 208     7.285      7.605     14.889 
        SHF_left_unit                          143     4.769      4.371      9.140 
      SHF_RIGHT_MAN                            134     2.851     54.346     57.197 
      MAN_COMP_24BIT                            78     2.610      5.064      7.674 
        u_i_data_3                              13     0.465      0.000      0.465 
        u_i_data_2                              13     0.450      0.000      0.450 
        u_i_data_4                              13     0.450      0.000      0.450 
        u_i_data_1                              13     0.439      0.000      0.439 
        u_i_data_5                              10     0.301      5.044      5.344 
        u_i_data_0                              10     0.272      0.000      0.272 
      MAN_SWAP                                  50     1.987      5.667      7.654 
      LOPD_24BIT                                58     1.637      0.676      2.313 
        LOPD_16bit_UNIT_MSB                     34     0.948      0.676      1.624 
          LOPD_8bit_unit_0                      14     0.432      0.000      0.432 
          LOPD_8bit_unit_1                      14     0.383      0.676      1.059 
        LOPD_8bit_UNIT_LSB                      14     0.418      0.000      0.418 
      MAN_RND                                   26     1.481      2.073      3.554 
      EXP_ADJUST                                37     1.169     44.249     45.417 
        CLA_8BIT_UNIT                           30     1.069     44.249     45.317 
          CLA_4BIT_UNIT_0                       18     0.576     25.080     25.656 
          CLA_4BIT_UNIT_1                       11     0.466     19.140     19.606 
      MAN_SWAP_PRE                              46     0.850      3.771      4.621 
      PSC_UNIT                                  23     0.835     19.700     20.535 
      EXP_SUB                                   25     0.764     59.998     60.762 
        CLA_8BIT_UNIT                           20     0.661     59.998     60.659 
          CLA_4BIT_UNIT_0                       17     0.574     51.623     52.197 
          CLA_4BIT_UNIT_1                        2     0.070      8.372      8.442 
      EXP_RND                                   15     0.484     19.081     19.565 
      EXP_SWAP                                  16     0.432     45.045     45.478 
      EXP_COM_8BIT                               7     0.263     31.386     31.649 
        COMP_LESS_UNIT                           7     0.263     31.386     31.649 
          u_high                                 4     0.123      8.157      8.280 
          u_low                                  2     0.045      3.508      3.553 
      MAN_ALU_PROC_RND                           7     0.246      0.000      0.246 
      SIGN_UNIT                                  1     0.037      4.504      4.541 
    mul1                                         8     0.206      6.428      6.635 
      PSC_UNIT                                   7     0.180      6.427      6.606 
    mul2                                         8     0.206      6.428      6.635 
      PSC_UNIT                                   7     0.180      6.427      6.606 
  BFLY1_2                                     9594   515.279   8363.247   8878.526 
    mul3                                      1449   148.822    681.198    830.020 
      MAN_MUL_UNIT                            1074   138.031    520.559    658.590 
        MUL_UNIT_MAN_UNIT                     1066   137.539    520.559    658.099 
          u_booth                              348    90.612    514.442    605.054 
          u_wallace                            394    35.682      0.000     35.682 
            STAGE_GEN[0].u_stage               116    11.746      0.000     11.746 
            STAGE_GEN[1].u_stage                85     8.192      0.000      8.192 
            STAGE_GEN[2].u_stage                61     5.842      0.000      5.842 
            STAGE_GEN[3].u_stage                45     3.976      0.000      3.976 
            STAGE_GEN[4].u_stage                44     3.348      0.000      3.348 
            STAGE_GEN[5].u_stage                43     2.578      0.000      2.578 
          u_cla                                282     8.716      5.062     13.778 
            cla_tree                           201     4.741      0.527      5.268 
              MULTI_GROUP.next_level            32     0.785      0.000      0.785 
                COMPUTE_DE..Y[1].cla_unit       11     0.273      0.000      0.273 
                COMPUTE_DE..Y[2].cla_unit        8     0.194      0.000      0.194 
                COMPUTE_DE..Y[0].cla_unit        2     0.066      0.000      0.066 
                MULTI_GROUP.next_level           1     0.033      0.000      0.033 
                  COMPUTE_DE..Y[0].cla_unit      1     0.033      0.000      0.033 
              COMPUTE_DE..[10].cla_unit         11     0.273      0.000      0.273 
              COMPUTE_DE..Y[2].cla_unit         11     0.273      0.000      0.273 
              COMPUTE_DE..Y[3].cla_unit         11     0.273      0.000      0.273 
              COMPUTE_DE..Y[4].cla_unit         11     0.273      0.000      0.273 
              COMPUTE_DE..Y[6].cla_unit         11     0.273      0.000      0.273 
              COMPUTE_DE..Y[7].cla_unit         11     0.273      0.000      0.273 
              COMPUTE_DE..Y[8].cla_unit         11     0.273      0.000      0.273 
              COMPUTE_DE..Y[9].cla_unit         11     0.273      0.000      0.273 
              COMPUTE_DE..Y[5].cla_unit         11     0.270      0.000      0.270 
              COMPUTE_DE..[11].cla_unit          7     0.172      0.000      0.172 
          u_merge                               42     2.530      1.055      3.584 
            csa_row[10].u_fa                     1     0.060      0.000      0.060 
            csa_row[11].u_fa                     1     0.060      0.000      0.060 
            csa_row[12].u_fa                     1     0.060      0.000      0.060 
            csa_row[13].u_fa                     1     0.060      0.000      0.060 
            csa_row[14].u_fa                     1     0.060      0.000      0.060 
            csa_row[15].u_fa                     1     0.060      0.000      0.060 
            csa_row[16].u_fa                     1     0.060      0.000      0.060 
            csa_row[17].u_fa                     1     0.060      0.000      0.060 
            csa_row[18].u_fa                     1     0.060      0.000      0.060 
            csa_row[19].u_fa                     1     0.060      0.000      0.060 
            csa_row[20].u_fa                     1     0.060      0.000      0.060 
            csa_row[21].u_fa                     1     0.060      0.000      0.060 
            csa_row[22].u_fa                     1     0.060      0.000      0.060 
            csa_row[23].u_fa                     1     0.060      0.527      0.588 
            csa_row[24].u_fa                     1     0.060      0.000      0.060 
            csa_row[25].u_fa                     1     0.060      0.000      0.060 
            csa_row[26].u_fa                     1     0.060      0.000      0.060 
            csa_row[27].u_fa                     1     0.060      0.000      0.060 
            csa_row[28].u_fa                     1     0.060      0.000      0.060 
            csa_row[29].u_fa                     1     0.060      0.000      0.060 
            csa_row[30].u_fa                     1     0.060      0.000      0.060 
            csa_row[31].u_fa                     1     0.060      0.000      0.060 
            csa_row[32].u_fa                     1     0.060      0.000      0.060 
            csa_row[33].u_fa                     1     0.060      0.000      0.060 
            csa_row[34].u_fa                     1     0.060      0.000      0.060 
            csa_row[35].u_fa                     1     0.060      0.000      0.060 
            csa_row[36].u_fa                     1     0.060      0.000      0.060 
            csa_row[37].u_fa                     1     0.060      0.000      0.060 
            csa_row[38].u_fa                     1     0.060      0.000      0.060 
            csa_row[39].u_fa                     1     0.060      0.000      0.060 
            csa_row[40].u_fa                     1     0.060      0.000      0.060 
            csa_row[41].u_fa                     1     0.060      0.000      0.060 
            csa_row[42].u_fa                     1     0.060      0.000      0.060 
            csa_row[43].u_fa                     1     0.060      0.000      0.060 
            csa_row[44].u_fa                     1     0.060      0.000      0.060 
            csa_row[45].u_fa                     1     0.060      0.000      0.060 
            csa_row[46].u_fa                     1     0.060      0.527      0.588 
            csa_row[6].u_fa                      1     0.060      0.000      0.060 
            csa_row[7].u_fa                      1     0.060      0.000      0.060 
            csa_row[8].u_fa                      1     0.060      0.000      0.060 
            csa_row[9].u_fa                      1     0.060      0.000      0.060 
            csa_row[47].u_fa                     1     0.050      0.000      0.050 
      NOR_UNIT                                 178     4.980     27.211     32.191 
        SHF_left_unit                          124     3.525     25.734     29.259 
      MAN_ROUNDING_UNIT                         24     1.389      0.211      1.600 
      LOPD_UNIT                                 58     1.249     14.766     16.015 
        LOPD_16bit_UNIT_MSB                     34     0.765      4.219      4.984 
          LOPD_8bit_unit_0                      14     0.315      0.000      0.315 
          LOPD_8bit_unit_1                      14     0.302      1.160      1.462 
        LOPD_8bit_UNIT_LSB                      14     0.330      2.742      3.072 
      MUL_EXP_ADJUST_UNIT                       45     1.191     44.389     45.580 
        CLA_8BIT_UNIT                           30     0.963     41.528     42.491 
          CLA_4BIT_UNIT_0                       18     0.464     21.154     21.618 
          CLA_4BIT_UNIT_1                       11     0.463     18.317     18.779 
      EXP_ROUNDING_UNIT                         15     0.577      0.211      0.788 
      PSC_UNIT                                  12     0.305     23.901     24.206 
    mul0                                      1449   148.710    687.500    836.211 
      MAN_MUL_UNIT                            1074   138.031    520.559    658.590 
        MUL_UNIT_MAN_UNIT                     1066   137.539    520.559    658.099 
          u_booth                              348    90.612    514.442    605.054 
          u_wallace                            394    35.682      0.000     35.682 
            STAGE_GEN[0].u_stage               116    11.746      0.000     11.746 
            STAGE_GEN[1].u_stage                85     8.192      0.000      8.192 
            STAGE_GEN[2].u_stage                61     5.842      0.000      5.842 
            STAGE_GEN[3].u_stage                45     3.976      0.000      3.976 
            STAGE_GEN[4].u_stage                44     3.348      0.000      3.348 
            STAGE_GEN[5].u_stage                43     2.578      0.000      2.578 
          u_cla                                282     8.716      5.062     13.778 
            cla_tree                           201     4.741      0.527      5.268 
              MULTI_GROUP.next_level            32     0.785      0.000      0.785 
                COMPUTE_DE..Y[1].cla_unit       11     0.273      0.000      0.273 
                COMPUTE_DE..Y[2].cla_unit        8     0.194      0.000      0.194 
                COMPUTE_DE..Y[0].cla_unit        2     0.066      0.000      0.066 
                MULTI_GROUP.next_level           1     0.033      0.000      0.033 
                  COMPUTE_DE..Y[0].cla_unit      1     0.033      0.000      0.033 
              COMPUTE_DE..[10].cla_unit         11     0.273      0.000      0.273 
              COMPUTE_DE..Y[2].cla_unit         11     0.273      0.000      0.273 
              COMPUTE_DE..Y[3].cla_unit         11     0.273      0.000      0.273 
              COMPUTE_DE..Y[4].cla_unit         11     0.273      0.000      0.273 
              COMPUTE_DE..Y[6].cla_unit         11     0.273      0.000      0.273 
              COMPUTE_DE..Y[7].cla_unit         11     0.273      0.000      0.273 
              COMPUTE_DE..Y[8].cla_unit         11     0.273      0.000      0.273 
              COMPUTE_DE..Y[9].cla_unit         11     0.273      0.000      0.273 
              COMPUTE_DE..Y[5].cla_unit         11     0.270      0.000      0.270 
              COMPUTE_DE..[11].cla_unit          7     0.172      0.000      0.172 
          u_merge                               42     2.530      1.055      3.584 
            csa_row[10].u_fa                     1     0.060      0.000      0.060 
            csa_row[11].u_fa                     1     0.060      0.000      0.060 
            csa_row[12].u_fa                     1     0.060      0.000      0.060 
            csa_row[13].u_fa                     1     0.060      0.000      0.060 
            csa_row[14].u_fa                     1     0.060      0.000      0.060 
            csa_row[15].u_fa                     1     0.060      0.000      0.060 
            csa_row[16].u_fa                     1     0.060      0.000      0.060 
            csa_row[17].u_fa                     1     0.060      0.000      0.060 
            csa_row[18].u_fa                     1     0.060      0.000      0.060 
            csa_row[19].u_fa                     1     0.060      0.000      0.060 
            csa_row[20].u_fa                     1     0.060      0.000      0.060 
            csa_row[21].u_fa                     1     0.060      0.000      0.060 
            csa_row[22].u_fa                     1     0.060      0.000      0.060 
            csa_row[23].u_fa                     1     0.060      0.527      0.588 
            csa_row[24].u_fa                     1     0.060      0.000      0.060 
            csa_row[25].u_fa                     1     0.060      0.000      0.060 
            csa_row[26].u_fa                     1     0.060      0.000      0.060 
            csa_row[27].u_fa                     1     0.060      0.000      0.060 
            csa_row[28].u_fa                     1     0.060      0.000      0.060 
            csa_row[29].u_fa                     1     0.060      0.000      0.060 
            csa_row[30].u_fa                     1     0.060      0.000      0.060 
            csa_row[31].u_fa                     1     0.060      0.000      0.060 
            csa_row[32].u_fa                     1     0.060      0.000      0.060 
            csa_row[33].u_fa                     1     0.060      0.000      0.060 
            csa_row[34].u_fa                     1     0.060      0.000      0.060 
            csa_row[35].u_fa                     1     0.060      0.000      0.060 
            csa_row[36].u_fa                     1     0.060      0.000      0.060 
            csa_row[37].u_fa                     1     0.060      0.000      0.060 
            csa_row[38].u_fa                     1     0.060      0.000      0.060 
            csa_row[39].u_fa                     1     0.060      0.000      0.060 
            csa_row[40].u_fa                     1     0.060      0.000      0.060 
            csa_row[41].u_fa                     1     0.060      0.000      0.060 
            csa_row[42].u_fa                     1     0.060      0.000      0.060 
            csa_row[43].u_fa                     1     0.060      0.000      0.060 
            csa_row[44].u_fa                     1     0.060      0.000      0.060 
            csa_row[45].u_fa                     1     0.060      0.000      0.060 
            csa_row[46].u_fa                     1     0.060      0.527      0.588 
            csa_row[6].u_fa                      1     0.060      0.000      0.060 
            csa_row[7].u_fa                      1     0.060      0.000      0.060 
            csa_row[8].u_fa                      1     0.060      0.000      0.060 
            csa_row[9].u_fa                      1     0.060      0.000      0.060 
            csa_row[47].u_fa                     1     0.050      0.000      0.050 
      NOR_UNIT                                 178     4.980     27.211     32.191 
        SHF_left_unit                          124     3.525     25.734     29.259 
      MAN_ROUNDING_UNIT                         24     1.389      0.211      1.600 
      LOPD_UNIT                                 58     1.249     14.766     16.015 
        LOPD_16bit_UNIT_MSB                     34     0.765      4.219      4.984 
          LOPD_8bit_unit_0                      14     0.315      0.000      0.315 
          LOPD_8bit_unit_1                      14     0.302      1.160      1.462 
        LOPD_8bit_UNIT_LSB                      14     0.330      2.742      3.072 
      MUL_EXP_ADJUST_UNIT                       45     1.178     40.635     41.812 
        CLA_8BIT_UNIT                           30     0.949     37.563     38.513 
          CLA_4BIT_UNIT_1                       11     0.463     18.317     18.779 
          CLA_4BIT_UNIT_0                       18     0.450     17.189     17.639 
      EXP_ROUNDING_UNIT                         15     0.567      0.211      0.778 
      PSC_UNIT                                  12     0.299     23.787     24.086 
    add2                                      1137    37.525   1498.029   1535.554 
      MAN_ALU                                  219     7.370    332.314    339.684 
        ALU_SUB_UNIT                           120     3.904    154.562    158.465 
          CLA_BLOCK_..CLA_4BIT_UNIT             18     0.639     24.185     24.824 
          CLA_BLOCK_..CLA_4BIT_UNIT             18     0.580     25.299     25.879 
          CLA_BLOCK_..CLA_4BIT_UNIT             18     0.576     25.609     26.185 
          CLA_BLOCK_..CLA_4BIT_UNIT             18     0.550     25.525     26.075 
          CLA_BLOCK_..CLA_4BIT_UNIT             18     0.540     27.523     28.063 
          CLA_BLOCK_..CLA_4BIT_UNIT             15     0.536     23.113     23.649 
      NOR_UNIT                                 208     6.450    340.896    347.347 
        SHF_left_unit                          143     4.320    242.335    246.655 
      SHF_RIGHT_MAN                            137     4.006     73.338     77.343 
      PSC_UNIT                                  87     2.929    138.073    141.002 
      MAN_COMP_24BIT                            78     2.352     86.007     88.359 
        u_i_data_3                              13     0.399     17.535     17.934 
        u_i_data_1                              13     0.390     16.040     16.430 
        u_i_data_2                              13     0.390     15.935     16.325 
        u_i_data_4                              13     0.390     16.032     16.422 
        u_i_data_5                              10     0.291     11.296     11.587 
        u_i_data_0                              10     0.251      8.492      8.743 
      MAN_SWAP                                  52     1.896     62.264     64.160 
      MAN_SWAP_PRE                              46     1.873     64.748     66.621 
      MAN_RND                                   26     1.505     54.510     56.015 
      LOPD_24BIT                                58     1.374     39.672     41.045 
        LOPD_16bit_UNIT_MSB                     34     0.794     25.029     25.823 
          LOPD_8bit_unit_0                      14     0.335     14.741     15.076 
          LOPD_8bit_unit_1                      14     0.315     10.282     10.597 
        LOPD_8bit_UNIT_LSB                      14     0.303     14.641     14.945 
      EXP_ADJUST                                37     1.187     44.371     45.558 
        CLA_8BIT_UNIT                           30     1.087     44.371     45.458 
          CLA_4BIT_UNIT_0                       18     0.576     25.106     25.682 
          CLA_4BIT_UNIT_1                       11     0.484     19.236     19.720 
      EXP_SUB                                   25     0.779     65.607     66.385 
        CLA_8BIT_UNIT                           20     0.675     65.607     66.282 
          CLA_4BIT_UNIT_0                       17     0.588     58.072     58.660 
          CLA_4BIT_UNIT_1                        2     0.070      7.532      7.602 
      EXP_COM_8BIT                              24     0.728     24.327     25.055 
        COMP_LESS_UNIT                          24     0.728     24.327     25.055 
          u_high                                13     0.390     15.906     16.296 
          u_low                                 10     0.262      8.366      8.628 
      EXP_SWAP                                  13     0.526     23.229     23.755 
      EXP_RND                                   15     0.484     19.609     20.093 
      MAN_ALU_PROC_RND                           7     0.246      0.000      0.246 
      SIGN_UNIT                                  1     0.034      1.671      1.705 
    add1                                      1137    37.301   1573.706   1611.007 
      MAN_ALU                                  219     7.354    307.622    314.975 
        ALU_SUB_UNIT                           120     3.920    138.448    142.368 
          CLA_BLOCK_..CLA_4BIT_UNIT             18     0.639     24.185     24.824 
          CLA_BLOCK_..CLA_4BIT_UNIT             18     0.580     25.299     25.879 
          CLA_BLOCK_..CLA_4BIT_UNIT             18     0.576     25.609     26.185 
          CLA_BLOCK_..CLA_4BIT_UNIT             18     0.556     13.993     14.549 
          CLA_BLOCK_..CLA_4BIT_UNIT             18     0.550     25.525     26.075 
          CLA_BLOCK_..CLA_4BIT_UNIT             15     0.536     23.113     23.649 
      NOR_UNIT                                 208     6.475    407.045    413.520 
        SHF_left_unit                          143     4.239    263.315    267.554 
      SHF_RIGHT_MAN                            137     3.985     59.585     63.570 
      PSC_UNIT                                  87     2.900    130.018    132.918 
      MAN_COMP_24BIT                            78     2.356     84.896     87.252 
        u_i_data_3                              13     0.399     17.535     17.934 
        u_i_data_1                              13     0.390     16.040     16.430 
        u_i_data_2                              13     0.390     15.935     16.325 
        u_i_data_4                              13     0.390     16.032     16.422 
        u_i_data_5                              10     0.289     10.206     10.495 
        u_i_data_0                              10     0.251      8.492      8.743 
      MAN_SWAP                                  52     1.892     62.136     64.028 
      MAN_SWAP_PRE                              46     1.731     86.275     88.006 
      MAN_RND                                   26     1.505     54.510     56.015 
      LOPD_24BIT                                58     1.366     46.271     47.637 
        LOPD_16bit_UNIT_MSB                     34     0.803     28.035     28.838 
          LOPD_8bit_unit_0                      14     0.335     14.741     15.076 
          LOPD_8bit_unit_1                      14     0.323     11.503     11.826 
        LOPD_8bit_UNIT_LSB                      14     0.303     14.641     14.945 
      EXP_ADJUST                                37     1.239     58.007     59.246 
        CLA_8BIT_UNIT                           30     1.053     42.005     43.057 
          CLA_4BIT_UNIT_0                       18     0.593     17.469     18.063 
          CLA_4BIT_UNIT_1                       11     0.440     22.747     23.188 
      EXP_SUB                                   25     0.797     44.550     45.347 
        CLA_8BIT_UNIT                           20     0.693     44.550     45.243 
          CLA_4BIT_UNIT_0                       17     0.602     37.018     37.620 
          CLA_4BIT_UNIT_1                        2     0.070      7.532      7.602 
      EXP_COM_8BIT                              24     0.718     55.896     56.614 
        COMP_LESS_UNIT                          24     0.718     55.896     56.614 
          u_high                                13     0.390     15.906     16.296 
          u_low                                 10     0.247     15.955     16.202 
      EXP_RND                                   15     0.484     19.609     20.093 
      EXP_SWAP                                  13     0.465     26.022     26.487 
      MAN_ALU_PROC_RND                           7     0.246      0.000      0.246 
      SIGN_UNIT                                  1     0.030      2.192      2.222 
    sub2                                      1137    37.042   1523.952   1560.994 
      MAN_ALU                                  217     6.891    357.313    364.204 
        ALU_SUB_UNIT                           120     3.393    181.812    185.206 
          CLA_BLOCK_..CLA_4BIT_UNIT             18     0.583     37.089     37.671 
          CLA_BLOCK_..CLA_4BIT_UNIT             18     0.500     26.512     27.012 
          CLA_BLOCK_..CLA_4BIT_UNIT             18     0.493     26.497     26.990 
          CLA_BLOCK_..CLA_4BIT_UNIT             18     0.485     24.798     25.283 
          CLA_BLOCK_..CLA_4BIT_UNIT             18     0.478     25.504     25.982 
          CLA_BLOCK_..CLA_4BIT_UNIT             15     0.458     26.013     26.472 
      NOR_UNIT                                 208     6.450    340.889    347.339 
        SHF_left_unit                          143     4.320    242.332    246.652 
      SHF_RIGHT_MAN                            137     4.015     73.150     77.165 
      PSC_UNIT                                  88     2.906    139.197    142.102 
      MAN_COMP_24BIT                            78     2.352     86.016     88.368 
        u_i_data_3                              13     0.399     17.535     17.934 
        u_i_data_1                              13     0.390     16.040     16.430 
        u_i_data_2                              13     0.390     15.935     16.325 
        u_i_data_4                              13     0.390     16.041     16.431 
        u_i_data_5                              10     0.291     11.296     11.587 
        u_i_data_0                              10     0.251      8.492      8.743 
      MAN_SWAP                                  52     1.896     61.635     63.531 
      MAN_SWAP_PRE                              46     1.876     65.160     67.036 
      MAN_RND                                   26     1.505     54.510     56.015 
      LOPD_24BIT                                58     1.374     39.667     41.041 
        LOPD_16bit_UNIT_MSB                     34     0.794     25.025     25.819 
          LOPD_8bit_unit_0                      14     0.335     14.739     15.074 
          LOPD_8bit_unit_1                      14     0.315     10.280     10.594 
        LOPD_8bit_UNIT_LSB                      14     0.303     14.641     14.945 
      EXP_ADJUST                                37     1.187     44.371     45.558 
        CLA_8BIT_UNIT                           30     1.087     44.371     45.458 
          CLA_4BIT_UNIT_0                       18     0.576     25.106     25.682 
          CLA_4BIT_UNIT_1                       11     0.484     19.236     19.720 
      EXP_SUB                                   25     0.779     65.607     66.385 
        CLA_8BIT_UNIT                           20     0.675     65.607     66.282 
          CLA_4BIT_UNIT_0                       17     0.588     58.072     58.660 
          CLA_4BIT_UNIT_1                        2     0.070      7.532      7.602 
      EXP_COM_8BIT                              24     0.728     24.327     25.055 
        COMP_LESS_UNIT                          24     0.728     24.327     25.055 
          u_high                                13     0.390     15.906     16.296 
          u_low                                 10     0.262      8.366      8.628 
      EXP_SWAP                                  13     0.526     23.229     23.755 
      EXP_RND                                   15     0.484     19.609     20.093 
      MAN_ALU_PROC_RND                           7     0.246      0.000      0.246 
      SIGN_UNIT                                  2     0.041      1.881      1.922 
    sub1                                      1139    36.844   1601.191   1638.035 
      MAN_ALU                                  217     6.878    341.757    348.635 
        ALU_SUB_UNIT                           120     3.392    174.832    178.223 
          CLA_BLOCK_..CLA_4BIT_UNIT             18     0.583     37.089     37.671 
          CLA_BLOCK_..CLA_4BIT_UNIT             18     0.500     26.512     27.012 
          CLA_BLOCK_..CLA_4BIT_UNIT             18     0.493     26.497     26.990 
          CLA_BLOCK_..CLA_4BIT_UNIT             18     0.485     19.285     19.770 
          CLA_BLOCK_..CLA_4BIT_UNIT             18     0.478     25.504     25.982 
          CLA_BLOCK_..CLA_4BIT_UNIT             15     0.458     26.013     26.472 
      NOR_UNIT                                 208     6.475    407.040    413.515 
        SHF_left_unit                          143     4.239    263.313    267.551 
      SHF_RIGHT_MAN                            137     3.986     59.514     63.500 
      PSC_UNIT                                  88     2.885    124.641    127.526 
      MAN_COMP_24BIT                            78     2.356     84.905     87.261 
        u_i_data_3                              13     0.399     17.535     17.934 
        u_i_data_1                              13     0.390     16.040     16.430 
        u_i_data_2                              13     0.390     15.935     16.325 
        u_i_data_4                              13     0.390     16.041     16.431 
        u_i_data_5                              10     0.289     10.206     10.495 
        u_i_data_0                              10     0.251      8.492      8.743 
      MAN_SWAP                                  52     1.892     61.401     63.293 
      MAN_SWAP_PRE                              46     1.731     86.678     88.409 
      MAN_RND                                   26     1.505     54.510     56.015 
      LOPD_24BIT                                58     1.366     46.267     47.633 
        LOPD_16bit_UNIT_MSB                     34     0.803     28.031     28.835 
          LOPD_8bit_unit_0                      14     0.335     14.739     15.074 
          LOPD_8bit_unit_1                      14     0.323     11.501     11.824 
        LOPD_8bit_UNIT_LSB                      14     0.303     14.641     14.945 
      EXP_ADJUST                                37     1.239     58.007     59.246 
        CLA_8BIT_UNIT                           30     1.053     42.005     43.057 
          CLA_4BIT_UNIT_0                       18     0.593     17.469     18.063 
          CLA_4BIT_UNIT_1                       11     0.440     22.747     23.188 
      EXP_SUB                                   25     0.797     44.550     45.347 
        CLA_8BIT_UNIT                           20     0.693     44.550     45.243 
          CLA_4BIT_UNIT_0                       17     0.602     37.018     37.620 
          CLA_4BIT_UNIT_1                        2     0.070      7.532      7.602 
      EXP_COM_8BIT                              24     0.718     55.896     56.614 
        COMP_LESS_UNIT                          24     0.718     55.896     56.614 
          u_high                                13     0.390     15.906     16.296 
          u_low                                 10     0.247     15.955     16.202 
      EXP_RND                                   15     0.484     19.609     20.093 
      EXP_SWAP                                  13     0.465     26.022     26.487 
      MAN_ALU_PROC_RND                           7     0.246      0.000      0.246 
      SIGN_UNIT                                  2     0.037      1.214      1.252 
    sub0                                      1111    35.402    442.639    478.042 
      MAN_ALU                                  217     7.395     39.910     47.305 
        ALU_SUB_UNIT                           120     3.666     20.162     23.828 
          CLA_BLOCK_..CLA_4BIT_UNIT             18     0.583      0.000      0.583 
          CLA_BLOCK_..CLA_4BIT_UNIT             18     0.570      0.000      0.570 
          CLA_BLOCK_..CLA_4BIT_UNIT             18     0.562      0.000      0.562 
          CLA_BLOCK_..CLA_4BIT_UNIT             18     0.552      0.000      0.552 
          CLA_BLOCK_..CLA_4BIT_UNIT             18     0.537     18.800     19.337 
          CLA_BLOCK_..CLA_4BIT_UNIT             15     0.508      0.000      0.508 
      NOR_UNIT                                 208     7.220     78.157     85.377 
        SHF_left_unit                          143     4.557     46.574     51.130 
      SHF_RIGHT_MAN                            136     2.940     31.670     34.610 
      MAN_COMP_24BIT                            78     2.603     10.542     13.145 
        u_i_data_3                              13     0.465      0.000      0.465 
        u_i_data_2                              13     0.450      0.000      0.450 
        u_i_data_4                              13     0.450      0.000      0.450 
        u_i_data_1                              13     0.439      0.000      0.439 
        u_i_data_5                              10     0.294     10.521     10.815 
        u_i_data_0                              10     0.272      0.000      0.272 
      MAN_SWAP                                  50     1.984     11.097     13.081 
      LOPD_24BIT                                58     1.669     30.300     31.969 
        LOPD_16bit_UNIT_MSB                     34     0.975     16.076     17.051 
          LOPD_8bit_unit_0                      14     0.432      0.000      0.432 
          LOPD_8bit_unit_1                      14     0.403      9.370      9.773 
        LOPD_8bit_UNIT_LSB                      14     0.418      0.000      0.418 
      MAN_RND                                   26     1.484      2.073      3.557 
      EXP_ADJUST                                37     1.182     40.307     41.488 
        CLA_8BIT_UNIT                           30     0.950     34.882     35.833 
          CLA_4BIT_UNIT_0                       18     0.529     14.983     15.512 
          CLA_4BIT_UNIT_1                       11     0.404     19.870     20.274 
      MAN_SWAP_PRE                              46     0.919      5.219      6.137 
      PSC_UNIT                                  22     0.831     22.976     23.808 
      EXP_SUB                                   25     0.757     29.742     30.499 
        CLA_8BIT_UNIT                           20     0.689     24.120     24.809 
          CLA_4BIT_UNIT_0                       17     0.600     24.117     24.717 
          CLA_4BIT_UNIT_1                        2     0.072      0.000      0.072 
      EXP_RND                                   15     0.492      9.488      9.980 
      EXP_SWAP                                  16     0.447     38.465     38.912 
      EXP_COM_8BIT                               7     0.258      7.810      8.068 
        COMP_LESS_UNIT                           7     0.258      7.810      8.068 
          u_high                                 4     0.143      6.074      6.217 
          u_low                                  2     0.045      1.736      1.782 
      MAN_ALU_PROC_RND                           7     0.246      0.000      0.246 
      SIGN_UNIT                                  2     0.054      4.724      4.778 
    add0                                      1019    33.186    314.538    347.723 
      MAN_ALU                                  219     7.855     69.112     76.967 
        ALU_SUB_UNIT                           120     4.141      4.243      8.384 
          CLA_BLOCK_..CLA_4BIT_UNIT             18     0.686      0.000      0.686 
          CLA_BLOCK_..CLA_4BIT_UNIT             18     0.608      0.000      0.608 
          CLA_BLOCK_..CLA_4BIT_UNIT             18     0.605      0.000      0.605 
          CLA_BLOCK_..CLA_4BIT_UNIT             18     0.602      0.000      0.602 
          CLA_BLOCK_..CLA_4BIT_UNIT             18     0.581      4.243      4.824 
          CLA_BLOCK_..CLA_4BIT_UNIT             15     0.550      0.000      0.550 
      NOR_UNIT                                 208     7.260     36.890     44.150 
        SHF_left_unit                          143     4.789      0.000      4.789 
      SHF_RIGHT_MAN                            134     2.900      7.509     10.409 
      MAN_COMP_24BIT                            78     2.606      2.071      4.677 
        u_i_data_3                              13     0.465      0.000      0.465 
        u_i_data_2                              13     0.450      0.000      0.450 
        u_i_data_4                              13     0.450      0.000      0.450 
        u_i_data_1                              13     0.439      0.000      0.439 
        u_i_data_5                              10     0.302      2.071      2.373 
        u_i_data_0                              10     0.272      0.000      0.272 
      MAN_SWAP                                  50     1.984      5.642      7.626 
      LOPD_24BIT                                58     1.646      0.000      1.646 
        LOPD_16bit_UNIT_MSB                     34     0.957      0.000      0.957 
          LOPD_8bit_unit_0                      14     0.432      0.000      0.432 
          LOPD_8bit_unit_1                      14     0.392      0.000      0.392 
        LOPD_8bit_UNIT_LSB                      14     0.418      0.000      0.418 
      MAN_RND                                   26     1.481      2.073      3.554 
      EXP_ADJUST                                37     1.148     43.655     44.803 
        CLA_8BIT_UNIT                           30     1.043     41.223     42.265 
          CLA_4BIT_UNIT_0                       18     0.557     22.032     22.589 
          CLA_4BIT_UNIT_1                       11     0.456     17.556     18.012 
      MAN_SWAP_PRE                              46     0.919      5.232      6.150 
      PSC_UNIT                                  23     0.842     22.090     22.932 
      EXP_SUB                                   25     0.757     12.466     13.223 
        CLA_8BIT_UNIT                           20     0.689      6.844      7.533 
          CLA_4BIT_UNIT_0                       17     0.604      6.844      7.448 
          CLA_4BIT_UNIT_1                        2     0.072      0.000      0.072 
      EXP_RND                                   15     0.496      0.000      0.496 
      EXP_SWAP                                  16     0.450     43.120     43.570 
      MAN_ALU_PROC_RND                           7     0.246      0.000      0.246 
      EXP_COM_8BIT                               7     0.225      7.365      7.590 
        COMP_LESS_UNIT                           7     0.225      7.365      7.590 
          u_high                                 4     0.115      5.256      5.371 
          u_low                                  2     0.040      2.109      2.149 
      SIGN_UNIT                                  1     0.041      3.983      4.023 
    mul1                                         8     0.226     22.730     22.956 
      PSC_UNIT                                   7     0.189     11.370     11.560 
    mul2                                         8     0.221     17.764     17.984 
      PSC_UNIT                                   7     0.184     11.256     11.440 
  BFLY3_2                                     9597   513.424   6774.461   7287.885 
    mul1                                      1449   148.410    436.231    584.642 
      MAN_MUL_UNIT                            1074   137.800    324.217    462.017 
        MUL_UNIT_MAN_UNIT                     1066   137.309    324.217    461.526 
          u_booth                              348    90.404    290.889    381.293 
          u_wallace                            394    35.682      0.000     35.682 
            STAGE_GEN[0].u_stage               116    11.746      0.000     11.746 
            STAGE_GEN[1].u_stage                85     8.192      0.000      8.192 
            STAGE_GEN[2].u_stage                61     5.842      0.000      5.842 
            STAGE_GEN[3].u_stage                45     3.976      0.000      3.976 
            STAGE_GEN[4].u_stage                44     3.348      0.000      3.348 
            STAGE_GEN[5].u_stage                43     2.578      0.000      2.578 
          u_cla                                282     8.694     28.055     36.748 
            cla_tree                           201     4.688      1.582      6.270 
              MULTI_GROUP.next_level            32     0.785      0.000      0.785 
                COMPUTE_DE..Y[1].cla_unit       11     0.273      0.000      0.273 
                COMPUTE_DE..Y[2].cla_unit        8     0.194      0.000      0.194 
                COMPUTE_DE..Y[0].cla_unit        2     0.066      0.000      0.066 
                MULTI_GROUP.next_level           1     0.033      0.000      0.033 
                  COMPUTE_DE..Y[0].cla_unit      1     0.033      0.000      0.033 
              COMPUTE_DE..Y[2].cla_unit         11     0.273      0.000      0.273 
              COMPUTE_DE..Y[3].cla_unit         11     0.273      0.000      0.273 
              COMPUTE_DE..Y[4].cla_unit         11     0.273      0.000      0.273 
              COMPUTE_DE..Y[7].cla_unit         11     0.271      0.000      0.271 
              COMPUTE_DE..Y[8].cla_unit         11     0.270      0.000      0.270 
              COMPUTE_DE..Y[5].cla_unit         11     0.270      0.000      0.270 
              COMPUTE_DE..Y[9].cla_unit         11     0.264      0.000      0.264 
              COMPUTE_DE..[10].cla_unit         11     0.262      0.000      0.262 
              COMPUTE_DE..Y[6].cla_unit         11     0.262      0.000      0.262 
              COMPUTE_DE..[11].cla_unit          7     0.174      0.000      0.174 
          u_merge                               42     2.530      5.273      7.803 
            csa_row[10].u_fa                     1     0.060      0.000      0.060 
            csa_row[11].u_fa                     1     0.060      0.000      0.060 
            csa_row[12].u_fa                     1     0.060      0.000      0.060 
            csa_row[13].u_fa                     1     0.060      0.000      0.060 
            csa_row[14].u_fa                     1     0.060      0.000      0.060 
            csa_row[15].u_fa                     1     0.060      0.000      0.060 
            csa_row[16].u_fa                     1     0.060      0.000      0.060 
            csa_row[17].u_fa                     1     0.060      0.000      0.060 
            csa_row[18].u_fa                     1     0.060      0.000      0.060 
            csa_row[19].u_fa                     1     0.060      0.000      0.060 
            csa_row[20].u_fa                     1     0.060      0.000      0.060 
            csa_row[21].u_fa                     1     0.060      0.000      0.060 
            csa_row[22].u_fa                     1     0.060      0.000      0.060 
            csa_row[23].u_fa                     1     0.060      0.527      0.588 
            csa_row[24].u_fa                     1     0.060      0.527      0.588 
            csa_row[25].u_fa                     1     0.060      0.000      0.060 
            csa_row[26].u_fa                     1     0.060      0.000      0.060 
            csa_row[27].u_fa                     1     0.060      0.527      0.588 
            csa_row[28].u_fa                     1     0.060      0.000      0.060 
            csa_row[29].u_fa                     1     0.060      0.527      0.588 
            csa_row[30].u_fa                     1     0.060      0.527      0.588 
            csa_row[31].u_fa                     1     0.060      0.000      0.060 
            csa_row[32].u_fa                     1     0.060      0.000      0.060 
            csa_row[33].u_fa                     1     0.060      0.000      0.060 
            csa_row[34].u_fa                     1     0.060      0.000      0.060 
            csa_row[35].u_fa                     1     0.060      0.527      0.588 
            csa_row[36].u_fa                     1     0.060      0.527      0.588 
            csa_row[37].u_fa                     1     0.060      0.000      0.060 
            csa_row[38].u_fa                     1     0.060      0.000      0.060 
            csa_row[39].u_fa                     1     0.060      0.000      0.060 
            csa_row[40].u_fa                     1     0.060      0.527      0.588 
            csa_row[41].u_fa                     1     0.060      0.527      0.588 
            csa_row[42].u_fa                     1     0.060      0.527      0.588 
            csa_row[43].u_fa                     1     0.060      0.000      0.060 
            csa_row[44].u_fa                     1     0.060      0.000      0.060 
            csa_row[45].u_fa                     1     0.060      0.000      0.060 
            csa_row[46].u_fa                     1     0.060      0.000      0.060 
            csa_row[6].u_fa                      1     0.060      0.000      0.060 
            csa_row[7].u_fa                      1     0.060      0.000      0.060 
            csa_row[8].u_fa                      1     0.060      0.000      0.060 
            csa_row[9].u_fa                      1     0.060      0.000      0.060 
            csa_row[47].u_fa                     1     0.050      0.000      0.050 
      NOR_UNIT                                 178     4.899     25.102     30.000 
        SHF_left_unit                          124     3.493     17.613     21.106 
      MAN_ROUNDING_UNIT                         24     1.387      1.898      3.285 
      MUL_EXP_ADJUST_UNIT                       45     1.284     45.966     47.250 
        CLA_8BIT_UNIT                           30     0.950     27.762     28.712 
          CLA_4BIT_UNIT_1                       11     0.460     14.847     15.307 
          CLA_4BIT_UNIT_0                       18     0.457     12.914     13.371 
      LOPD_UNIT                                 58     1.192      5.484      6.676 
        LOPD_16bit_UNIT_MSB                     34     0.760      1.688      2.448 
          LOPD_8bit_unit_1                      14     0.303      1.055      1.358 
          LOPD_8bit_unit_0                      14     0.297      0.422      0.719 
        LOPD_8bit_UNIT_LSB                      14     0.291      1.688      1.978 
      EXP_ROUNDING_UNIT                         15     0.530      1.266      1.795 
      PSC_UNIT                                  12     0.312      4.631      4.943 
    mul2                                      1450   148.410    484.794    633.204 
      MAN_MUL_UNIT                            1074   137.699    359.302    497.002 
        MUL_UNIT_MAN_UNIT                     1066   137.208    359.302    496.510 
          u_booth                              348    90.298    313.634    403.933 
          u_wallace                            394    35.682      0.000     35.682 
            STAGE_GEN[0].u_stage               116    11.746      0.000     11.746 
            STAGE_GEN[1].u_stage                85     8.192      0.000      8.192 
            STAGE_GEN[2].u_stage                61     5.842      0.000      5.842 
            STAGE_GEN[3].u_stage                45     3.976      0.000      3.976 
            STAGE_GEN[4].u_stage                44     3.348      0.000      3.348 
            STAGE_GEN[5].u_stage                43     2.578      0.000      2.578 
          u_cla                                282     8.699     38.285     46.984 
            cla_tree                           201     4.678      1.582      6.260 
              MULTI_GROUP.next_level            32     0.785      0.000      0.785 
                COMPUTE_DE..Y[1].cla_unit       11     0.273      0.000      0.273 
                COMPUTE_DE..Y[2].cla_unit        8     0.194      0.000      0.194 
                COMPUTE_DE..Y[0].cla_unit        2     0.066      0.000      0.066 
                MULTI_GROUP.next_level           1     0.033      0.000      0.033 
                  COMPUTE_DE..Y[0].cla_unit      1     0.033      0.000      0.033 
              COMPUTE_DE..Y[9].cla_unit         11     0.275      0.000      0.275 
              COMPUTE_DE..Y[8].cla_unit         11     0.275      0.000      0.275 
              COMPUTE_DE..Y[2].cla_unit         11     0.273      0.000      0.273 
              COMPUTE_DE..Y[3].cla_unit         11     0.273      0.000      0.273 
              COMPUTE_DE..Y[4].cla_unit         11     0.273      0.000      0.273 
              COMPUTE_DE..Y[5].cla_unit         11     0.270      0.000      0.270 
              COMPUTE_DE..Y[7].cla_unit         11     0.267      0.000      0.267 
              COMPUTE_DE..[10].cla_unit         11     0.266      0.000      0.266 
              COMPUTE_DE..Y[6].cla_unit         11     0.260      0.000      0.260 
              COMPUTE_DE..[11].cla_unit          7     0.161      0.000      0.161 
          u_merge                               42     2.530      7.383      9.912 
            csa_row[10].u_fa                     1     0.060      0.000      0.060 
            csa_row[11].u_fa                     1     0.060      0.000      0.060 
            csa_row[12].u_fa                     1     0.060      0.000      0.060 
            csa_row[13].u_fa                     1     0.060      0.000      0.060 
            csa_row[14].u_fa                     1     0.060      0.000      0.060 
            csa_row[15].u_fa                     1     0.060      0.000      0.060 
            csa_row[16].u_fa                     1     0.060      0.000      0.060 
            csa_row[17].u_fa                     1     0.060      0.000      0.060 
            csa_row[18].u_fa                     1     0.060      0.000      0.060 
            csa_row[19].u_fa                     1     0.060      0.000      0.060 
            csa_row[20].u_fa                     1     0.060      0.000      0.060 
            csa_row[21].u_fa                     1     0.060      0.000      0.060 
            csa_row[22].u_fa                     1     0.060      0.000      0.060 
            csa_row[23].u_fa                     1     0.060      0.527      0.588 
            csa_row[24].u_fa                     1     0.060      0.527      0.588 
            csa_row[25].u_fa                     1     0.060      0.527      0.588 
            csa_row[26].u_fa                     1     0.060      0.527      0.588 
            csa_row[27].u_fa                     1     0.060      0.527      0.588 
            csa_row[28].u_fa                     1     0.060      0.527      0.588 
            csa_row[29].u_fa                     1     0.060      0.527      0.588 
            csa_row[30].u_fa                     1     0.060      0.000      0.060 
            csa_row[31].u_fa                     1     0.060      0.000      0.060 
            csa_row[32].u_fa                     1     0.060      0.000      0.060 
            csa_row[33].u_fa                     1     0.060      0.527      0.588 
            csa_row[34].u_fa                     1     0.060      0.000      0.060 
            csa_row[35].u_fa                     1     0.060      0.000      0.060 
            csa_row[36].u_fa                     1     0.060      0.000      0.060 
            csa_row[37].u_fa                     1     0.060      0.527      0.588 
            csa_row[38].u_fa                     1     0.060      0.000      0.060 
            csa_row[39].u_fa                     1     0.060      0.000      0.060 
            csa_row[40].u_fa                     1     0.060      0.000      0.060 
            csa_row[41].u_fa                     1     0.060      0.000      0.060 
            csa_row[42].u_fa                     1     0.060      0.527      0.588 
            csa_row[43].u_fa                     1     0.060      0.527      0.588 
            csa_row[44].u_fa                     1     0.060      0.527      0.588 
            csa_row[45].u_fa                     1     0.060      0.527      0.588 
            csa_row[46].u_fa                     1     0.060      0.527      0.588 
            csa_row[6].u_fa                      1     0.060      0.000      0.060 
            csa_row[7].u_fa                      1     0.060      0.000      0.060 
            csa_row[8].u_fa                      1     0.060      0.000      0.060 
            csa_row[9].u_fa                      1     0.060      0.000      0.060 
            csa_row[47].u_fa                     1     0.050      0.000      0.050 
      NOR_UNIT                                 178     4.907     28.898     33.806 
        SHF_left_unit                          124     3.511     17.402     20.914 
      MAN_ROUNDING_UNIT                         24     1.387      2.742      4.129 
      MUL_EXP_ADJUST_UNIT                       45     1.294     32.262     33.556 
        CLA_8BIT_UNIT                           30     0.963     19.990     20.953 
          CLA_4BIT_UNIT_0                       18     0.470      5.143      5.613 
          CLA_4BIT_UNIT_1                       11     0.460     14.847     15.307 
      LOPD_UNIT                                 58     1.159      7.805      8.964 
        LOPD_16bit_UNIT_MSB                     34     0.728      4.008      4.736 
          LOPD_8bit_unit_0                      14     0.312      2.426      2.738 
          LOPD_8bit_unit_1                      14     0.266      1.371      1.638 
        LOPD_8bit_UNIT_LSB                      14     0.275      1.688      1.963 
      EXP_ROUNDING_UNIT                         15     0.539      0.844      1.383 
      PSC_UNIT                                  12     0.343      8.607      8.951 
    sub1                                      1137    37.879   1027.592   1065.471 
      MAN_ALU                                  217     7.212    260.397    267.609 
        ALU_SUB_UNIT                           120     3.759    140.467    144.226 
          CLA_BLOCK_..CLA_4BIT_UNIT             18     0.619     20.058     20.677 
          CLA_BLOCK_..CLA_4BIT_UNIT             18     0.580     24.704     25.284 
          CLA_BLOCK_..CLA_4BIT_UNIT             18     0.553     21.011     21.565 
          CLA_BLOCK_..CLA_4BIT_UNIT             18     0.532     20.988     21.520 
          CLA_BLOCK_..CLA_4BIT_UNIT             18     0.520     23.075     23.595 
          CLA_BLOCK_..CLA_4BIT_UNIT             15     0.480     18.309     18.789 
      NOR_UNIT                                 208     6.701    182.667    189.368 
        SHF_left_unit                          143     4.446    129.710    134.156 
      SHF_RIGHT_MAN                            137     4.136    127.828    131.964 
      PSC_UNIT                                  88     2.959     74.342     77.301 
      MAN_COMP_24BIT                            78     2.394     42.591     44.985 
        u_i_data_3                              13     0.425     16.025     16.450 
        u_i_data_2                              13     0.415      0.000      0.415 
        u_i_data_4                              13     0.389      8.034      8.423 
        u_i_data_1                              13     0.380      1.594      1.974 
        u_i_data_5                              10     0.306      2.437      2.743 
        u_i_data_0                              10     0.237     11.686     11.924 
      MAN_SWAP                                  52     1.923     27.101     29.024 
      MAN_SWAP_PRE                              46     1.906     41.015     42.922 
      LOPD_24BIT                                58     1.515     33.430     34.944 
        LOPD_16bit_UNIT_MSB                     34     0.891     28.566     29.457 
          LOPD_8bit_unit_0                      14     0.377     18.170     18.546 
          LOPD_8bit_unit_1                      14     0.368     10.386     10.754 
        LOPD_8bit_UNIT_LSB                      14     0.342      4.863      5.205 
      MAN_RND                                   26     1.491     32.077     33.568 
      EXP_ADJUST                                37     1.184     28.494     29.678 
        CLA_8BIT_UNIT                           30     1.084     28.494     29.578 
          CLA_4BIT_UNIT_0                       18     0.579     19.867     20.446 
          CLA_4BIT_UNIT_1                       11     0.478      8.598      9.076 
      EXP_SUB                                   25     0.781     40.341     41.123 
        CLA_8BIT_UNIT                           20     0.706     35.870     36.576 
          CLA_4BIT_UNIT_0                       17     0.613     35.870     36.483 
          CLA_4BIT_UNIT_1                        2     0.072      0.000      0.072 
      EXP_COM_8BIT                              24     0.663     18.580     19.242 
        COMP_LESS_UNIT                          24     0.663     18.580     19.242 
          u_high                                13     0.360      8.257      8.617 
          u_low                                 10     0.227     10.267     10.494 
      EXP_RND                                   15     0.484     12.094     12.578 
      EXP_SWAP                                  13     0.481     21.781     22.263 
      MAN_ALU_PROC_RND                           7     0.251     10.963     11.215 
      SIGN_UNIT                                  2     0.037      1.986      2.023 
    add1                                      1137    37.768   1150.285   1188.054 
      MAN_ALU                                  219     7.396    254.455    261.851 
        ALU_SUB_UNIT                           120     3.877    106.366    110.242 
          CLA_BLOCK_..CLA_4BIT_UNIT             18     0.629     17.034     17.662 
          CLA_BLOCK_..CLA_4BIT_UNIT             18     0.580     24.598     25.178 
          CLA_BLOCK_..CLA_4BIT_UNIT             18     0.559     20.920     21.479 
          CLA_BLOCK_..CLA_4BIT_UNIT             18     0.546     19.924     20.470 
          CLA_BLOCK_..CLA_4BIT_UNIT             18     0.540     11.362     11.902 
          CLA_BLOCK_..CLA_4BIT_UNIT             15     0.520      9.939     10.459 
      NOR_UNIT                                 208     6.584    275.633    282.217 
        SHF_left_unit                          143     4.443    156.172    160.615 
      SHF_RIGHT_MAN                            137     4.135    127.936    132.071 
      PSC_UNIT                                  87     2.956     59.470     62.426 
      MAN_COMP_24BIT                            78     2.394     42.591     44.985 
        u_i_data_3                              13     0.425     16.025     16.450 
        u_i_data_2                              13     0.415      0.000      0.415 
        u_i_data_4                              13     0.389      8.034      8.423 
        u_i_data_1                              13     0.380      1.594      1.974 
        u_i_data_5                              10     0.306      2.437      2.743 
        u_i_data_0                              10     0.237     11.686     11.924 
      MAN_SWAP                                  52     1.923     27.206     29.129 
      MAN_SWAP_PRE                              46     1.910     41.427     43.337 
      MAN_RND                                   26     1.492     29.934     31.426 
      LOPD_24BIT                                58     1.325     37.405     38.731 
        LOPD_16bit_UNIT_MSB                     34     0.795     24.908     25.703 
          LOPD_8bit_unit_1                      14     0.331     14.638     14.969 
          LOPD_8bit_unit_0                      14     0.311      8.473      8.784 
        LOPD_8bit_UNIT_LSB                      14     0.267      8.768      9.035 
      EXP_ADJUST                                37     1.227     53.960     55.187 
        CLA_8BIT_UNIT                           30     1.038     37.370     38.408 
          CLA_4BIT_UNIT_0                       18     0.579     12.665     13.244 
          CLA_4BIT_UNIT_1                       11     0.437     22.948     23.386 
      EXP_SUB                                   25     0.781     40.341     41.123 
        CLA_8BIT_UNIT                           20     0.706     35.870     36.576 
          CLA_4BIT_UNIT_0                       17     0.613     35.870     36.483 
          CLA_4BIT_UNIT_1                        2     0.072      0.000      0.072 
      EXP_COM_8BIT                              24     0.663     18.580     19.242 
        COMP_LESS_UNIT                          24     0.663     18.580     19.242 
          u_high                                13     0.360      8.257      8.617 
          u_low                                 10     0.227     10.267     10.494 
      EXP_SWAP                                  13     0.481     21.781     22.263 
      EXP_RND                                   15     0.477      7.511      7.988 
      MAN_ALU_PROC_RND                           7     0.251     10.963     11.215 
      SIGN_UNIT                                  1     0.030      1.775      1.806 
    sub2                                      1139    37.439   1085.492   1122.931 
      MAN_ALU                                  217     7.124    250.851    257.975 
        ALU_SUB_UNIT                           120     3.747    139.731    143.478 
          CLA_BLOCK_..CLA_4BIT_UNIT             18     0.620     23.708     24.328 
          CLA_BLOCK_..CLA_4BIT_UNIT             18     0.546     18.686     19.232 
          CLA_BLOCK_..CLA_4BIT_UNIT             18     0.542     24.051     24.593 
          CLA_BLOCK_..CLA_4BIT_UNIT             18     0.529     21.360     21.889 
          CLA_BLOCK_..CLA_4BIT_UNIT             18     0.526     25.547     26.072 
          CLA_BLOCK_..CLA_4BIT_UNIT             15     0.504     11.815     12.319 
      NOR_UNIT                                 208     6.682    201.995    208.677 
        SHF_left_unit                          143     4.449    142.846    147.295 
      SHF_RIGHT_MAN                            137     4.160    147.197    151.358 
      PSC_UNIT                                  88     2.846     65.720     68.567 
      MAN_COMP_24BIT                            78     2.361     61.374     63.736 
        u_i_data_2                              13     0.420     14.706     15.125 
        u_i_data_4                              13     0.403      5.769      6.172 
        u_i_data_1                              13     0.396     10.091     10.487 
        u_i_data_3                              13     0.392     14.122     14.514 
        u_i_data_5                              10     0.297      5.655      5.952 
        u_i_data_0                              10     0.238      9.215      9.453 
      MAN_SWAP                                  52     1.901     43.348     45.249 
      MAN_SWAP_PRE                              46     1.886     59.458     61.344 
      LOPD_24BIT                                58     1.489     41.248     42.738 
        LOPD_16bit_UNIT_MSB                     34     0.845     26.810     27.654 
          LOPD_8bit_unit_0                      14     0.379     15.511     15.889 
          LOPD_8bit_unit_1                      14     0.314     11.289     11.603 
        LOPD_8bit_UNIT_LSB                      14     0.374     14.168     14.542 
      MAN_RND                                   26     1.457     33.684     35.141 
      EXP_ADJUST                                37     1.175     28.477     29.652 
        CLA_8BIT_UNIT                           30     1.075     28.477     29.553 
          CLA_4BIT_UNIT_0                       18     0.565     14.010     14.574 
          CLA_4BIT_UNIT_1                       11     0.484     14.439     14.923 
      EXP_SUB                                   25     0.746     21.645     22.391 
        CLA_8BIT_UNIT                           20     0.670     19.620     20.291 
          CLA_4BIT_UNIT_0                       17     0.577     19.620     20.197 
          CLA_4BIT_UNIT_1                        2     0.072      0.000      0.072 
      EXP_COM_8BIT                              24     0.675      9.770     10.446 
        COMP_LESS_UNIT                          24     0.675      9.770     10.446 
          u_high                                13     0.355      5.213      5.568 
          u_low                                 10     0.251      4.557      4.808 
      EXP_RND                                   15     0.481     12.522     13.003 
      EXP_SWAP                                  13     0.473     18.857     19.330 
      MAN_ALU_PROC_RND                           7     0.243     10.290     10.533 
      SIGN_UNIT                                  2     0.037      1.986      2.023 
    add2                                      1137    37.413   1176.723   1214.136 
      MAN_ALU                                  219     7.312    203.888    211.199 
        ALU_SUB_UNIT                           120     3.853     85.689     89.542 
          CLA_BLOCK_..CLA_4BIT_UNIT             18     0.631     13.362     13.993 
          CLA_BLOCK_..CLA_4BIT_UNIT             18     0.582     10.952     11.534 
          CLA_BLOCK_..CLA_4BIT_UNIT             18     0.574     10.898     11.472 
          CLA_BLOCK_..CLA_4BIT_UNIT             18     0.541     13.835     14.376 
          CLA_BLOCK_..CLA_4BIT_UNIT             15     0.518      9.825     10.343 
          CLA_BLOCK_..CLA_4BIT_UNIT             18     0.492     20.136     20.628 
      NOR_UNIT                                 208     6.555    285.454    292.009 
        SHF_left_unit                          143     4.485    170.855    175.340 
      SHF_RIGHT_MAN                            137     4.160    147.163    151.324 
      PSC_UNIT                                  87     2.859     61.557     64.416 
      MAN_COMP_24BIT                            78     2.361     61.374     63.736 
        u_i_data_2                              13     0.420     14.706     15.125 
        u_i_data_4                              13     0.403      5.769      6.172 
        u_i_data_1                              13     0.396     10.091     10.487 
        u_i_data_3                              13     0.392     14.122     14.514 
        u_i_data_5                              10     0.297      5.655      5.952 
        u_i_data_0                              10     0.238      9.215      9.453 
      MAN_SWAP                                  52     1.901     43.770     45.671 
      MAN_SWAP_PRE                              46     1.890     59.870     61.760 
      MAN_RND                                   26     1.474     29.295     30.769 
      LOPD_24BIT                                58     1.321     36.665     37.986 
        LOPD_16bit_UNIT_MSB                     34     0.791     27.560     28.352 
          LOPD_8bit_unit_1                      14     0.322     10.011     10.332 
          LOPD_8bit_unit_0                      14     0.317     15.752     16.069 
        LOPD_8bit_UNIT_LSB                      14     0.265      5.510      5.776 
      EXP_ADJUST                                37     1.231     61.839     63.069 
        CLA_8BIT_UNIT                           30     1.042     45.248     46.291 
          CLA_4BIT_UNIT_0                       18     0.578     20.787     21.366 
          CLA_4BIT_UNIT_1                       11     0.442     22.704     23.146 
      EXP_SUB                                   25     0.746     21.645     22.391 
        CLA_8BIT_UNIT                           20     0.670     19.620     20.291 
          CLA_4BIT_UNIT_0                       17     0.577     19.620     20.197 
          CLA_4BIT_UNIT_1                        2     0.072      0.000      0.072 
      EXP_COM_8BIT                              24     0.675      9.770     10.446 
        COMP_LESS_UNIT                          24     0.675      9.770     10.446 
          u_high                                13     0.355      5.213      5.568 
          u_low                                 10     0.251      4.557      4.808 
      EXP_RND                                   15     0.486     14.599     15.086 
      EXP_SWAP                                  13     0.473     18.857     19.330 
      MAN_ALU_PROC_RND                           7     0.243     10.290     10.533 
      SIGN_UNIT                                  1     0.030      1.775      1.806 
    add0                                      1113    34.004    645.761    679.765 
      MAN_ALU                                  219     7.601    132.630    140.231 
        ALU_SUB_UNIT                           120     4.064     70.179     74.243 
          CLA_BLOCK_..CLA_4BIT_UNIT             18     0.649     21.694     22.343 
          CLA_BLOCK_..CLA_4BIT_UNIT             18     0.599     11.867     12.466 
          CLA_BLOCK_..CLA_4BIT_UNIT             18     0.592      6.945      7.537 
          CLA_BLOCK_..CLA_4BIT_UNIT             18     0.589     12.278     12.867 
          CLA_BLOCK_..CLA_4BIT_UNIT             18     0.589      7.051      7.640 
          CLA_BLOCK_..CLA_4BIT_UNIT             15     0.537     10.343     10.880 
      NOR_UNIT                                 208     6.680    200.599    207.279 
        SHF_left_unit                          143     4.432    139.370    143.803 
      SHF_RIGHT_MAN                            136     2.871     26.588     29.459 
      MAN_COMP_24BIT                            78     2.488     10.757     13.244 
        u_i_data_3                              13     0.439      1.968      2.408 
        u_i_data_4                              13     0.433      1.270      1.702 
        u_i_data_2                              13     0.424      2.268      2.692 
        u_i_data_1                              13     0.401      0.739      1.140 
        u_i_data_5                              10     0.296      2.613      2.910 
        u_i_data_0                              10     0.239      1.266      1.504 
      MAN_SWAP                                  50     1.944     17.453     19.398 
      LOPD_24BIT                                58     1.490     25.415     26.905 
        LOPD_16bit_UNIT_MSB                     34     0.880     16.603     17.483 
          LOPD_8bit_unit_0                      14     0.418     10.449     10.868 
          LOPD_8bit_unit_1                      14     0.316      6.142      6.458 
        LOPD_8bit_UNIT_LSB                      14     0.344      8.677      9.022 
      MAN_RND                                   26     1.488     33.245     34.733 
      EXP_ADJUST                                37     1.165     19.749     20.914 
        CLA_8BIT_UNIT                           30     1.065     19.749     20.814 
          CLA_4BIT_UNIT_0                       18     0.569      5.401      5.970 
          CLA_4BIT_UNIT_1                       11     0.466     14.348     14.814 
      MAN_SWAP_PRE                              46     1.063     15.066     16.129 
      EXP_SUB                                   25     0.756     17.200     17.957 
        CLA_8BIT_UNIT                           20     0.653     17.200     17.853 
          CLA_4BIT_UNIT_0                       17     0.562      7.879      8.441 
          CLA_4BIT_UNIT_1                        2     0.070      9.321      9.391 
      PSC_UNIT                                  23     0.587      6.223      6.809 
      EXP_RND                                   15     0.487      9.700     10.187 
      EXP_SWAP                                  16     0.448     16.935     17.383 
      EXP_COM_8BIT                               7     0.261      3.589      3.850 
        COMP_LESS_UNIT                           7     0.261      3.589      3.850 
          u_high                                 4     0.125      3.586      3.711 
          u_low                                  2     0.054      0.003      0.057 
      MAN_ALU_PROC_RND                           7     0.250     11.299     11.549 
      SIGN_UNIT                                  1     0.037      0.000      0.037 
    sub0                                      1017    31.649    766.753    798.402 
      MAN_ALU                                  217     7.172    169.339    176.511 
        ALU_SUB_UNIT                           120     3.606     94.458     98.064 
          CLA_BLOCK_..CLA_4BIT_UNIT             18     0.586     15.471     16.058 
          CLA_BLOCK_..CLA_4BIT_UNIT             18     0.552     18.336     18.887 
          CLA_BLOCK_..CLA_4BIT_UNIT             18     0.537     14.523     15.060 
          CLA_BLOCK_..CLA_4BIT_UNIT             18     0.532      9.462      9.994 
          CLA_BLOCK_..CLA_4BIT_UNIT             18     0.526      8.856      9.382 
          CLA_BLOCK_..CLA_4BIT_UNIT             15     0.468     17.076     17.544 
      NOR_UNIT                                 208     6.946    180.950    187.896 
        SHF_left_unit                          143     4.585     98.345    102.930 
      SHF_RIGHT_MAN                            134     2.832     58.613     61.446 
      MAN_COMP_24BIT                            78     2.525     18.745     21.270 
        u_i_data_3                              13     0.445      1.945      2.390 
        u_i_data_2                              13     0.438      1.652      2.089 
        u_i_data_4                              13     0.409      1.797      2.205 
        u_i_data_1                              13     0.409      1.583      1.991 
        u_i_data_5                              10     0.327      7.858      8.185 
        u_i_data_0                              10     0.248      3.225      3.473 
      MAN_SWAP                                  50     1.950     13.771     15.720 
      LOPD_24BIT                                58     1.498     55.218     56.717 
        LOPD_16bit_UNIT_MSB                     34     0.904     34.494     35.398 
          LOPD_8bit_unit_0                      14     0.412     14.704     15.116 
          LOPD_8bit_unit_1                      14     0.345     17.971     18.316 
        LOPD_8bit_UNIT_LSB                      14     0.338     16.995     17.333 
      MAN_RND                                   26     1.492     18.656     20.148 
      EXP_ADJUST                                37     1.158     63.375     64.533 
        CLA_8BIT_UNIT                           30     0.970     46.883     47.853 
          CLA_4BIT_UNIT_0                       18     0.517     22.627     23.144 
          CLA_4BIT_UNIT_1                       11     0.427     22.613     23.040 
      MAN_SWAP_PRE                              46     0.873      9.598     10.470 
      EXP_SUB                                   25     0.767     49.099     49.866 
        CLA_8BIT_UNIT                           20     0.663     49.099     49.762 
          CLA_4BIT_UNIT_0                       17     0.572     40.727     41.299 
          CLA_4BIT_UNIT_1                        2     0.070      8.372      8.442 
      PSC_UNIT                                  22     0.675      0.393      1.067 
      EXP_RND                                   15     0.495     12.100     12.595 
      EXP_SWAP                                  16     0.434     26.147     26.581 
      EXP_COM_8BIT                               7     0.297      1.956      2.253 
        COMP_LESS_UNIT                           7     0.297      1.956      2.253 
          u_high                                 4     0.122      1.790      1.912 
          u_low                                  2     0.064      0.167      0.230 
      MAN_ALU_PROC_RND                           7     0.246      0.000      0.246 
      SIGN_UNIT                                  2     0.059      0.000      0.059 
    mul0                                         8     0.236      0.730      0.966 
      PSC_UNIT                                   7     0.206      0.730      0.936 
    mul3                                         8     0.190      0.098      0.287 
      PSC_UNIT                                   7     0.160      0.098      0.257 
  BFLY3_0                                     9594   511.296   6799.063   7310.358 
    mul3                                      1449   147.908    365.841    513.749 
      MAN_MUL_UNIT                            1074   137.068    251.124    388.193 
        MUL_UNIT_MAN_UNIT                     1066   136.577    251.124    387.701 
          u_booth                              348    89.666    224.441    314.107 
          u_wallace                            394    35.682      0.000     35.682 
            STAGE_GEN[0].u_stage               116    11.746      0.000     11.746 
            STAGE_GEN[1].u_stage                85     8.192      0.000      8.192 
            STAGE_GEN[2].u_stage                61     5.842      0.000      5.842 
            STAGE_GEN[3].u_stage                45     3.976      0.000      3.976 
            STAGE_GEN[4].u_stage                44     3.348      0.000      3.348 
            STAGE_GEN[5].u_stage                43     2.578      0.000      2.578 
          u_cla                                282     8.700     22.465     31.164 
            cla_tree                           201     4.702      1.055      5.756 
              MULTI_GROUP.next_level            32     0.785      0.000      0.785 
                COMPUTE_DE..Y[1].cla_unit       11     0.273      0.000      0.273 
                COMPUTE_DE..Y[2].cla_unit        8     0.194      0.000      0.194 
                COMPUTE_DE..Y[0].cla_unit        2     0.066      0.000      0.066 
                MULTI_GROUP.next_level           1     0.033      0.000      0.033 
                  COMPUTE_DE..Y[0].cla_unit      1     0.033      0.000      0.033 
              COMPUTE_DE..Y[2].cla_unit         11     0.273      0.000      0.273 
              COMPUTE_DE..Y[3].cla_unit         11     0.273      0.000      0.273 
              COMPUTE_DE..Y[4].cla_unit         11     0.273      0.000      0.273 
              COMPUTE_DE..Y[5].cla_unit         11     0.273      0.000      0.273 
              COMPUTE_DE..Y[9].cla_unit         11     0.273      0.000      0.273 
              COMPUTE_DE..Y[7].cla_unit         11     0.271      0.000      0.271 
              COMPUTE_DE..Y[8].cla_unit         11     0.270      0.000      0.270 
              COMPUTE_DE..[10].cla_unit         11     0.262      0.000      0.262 
              COMPUTE_DE..Y[6].cla_unit         11     0.262      0.000      0.262 
              COMPUTE_DE..[11].cla_unit          7     0.174      0.000      0.174 
          u_merge                               42     2.530      4.219      6.748 
            csa_row[10].u_fa                     1     0.060      0.000      0.060 
            csa_row[11].u_fa                     1     0.060      0.000      0.060 
            csa_row[12].u_fa                     1     0.060      0.000      0.060 
            csa_row[13].u_fa                     1     0.060      0.000      0.060 
            csa_row[14].u_fa                     1     0.060      0.000      0.060 
            csa_row[15].u_fa                     1     0.060      0.000      0.060 
            csa_row[16].u_fa                     1     0.060      0.000      0.060 
            csa_row[17].u_fa                     1     0.060      0.000      0.060 
            csa_row[18].u_fa                     1     0.060      0.000      0.060 
            csa_row[19].u_fa                     1     0.060      0.000      0.060 
            csa_row[20].u_fa                     1     0.060      0.000      0.060 
            csa_row[21].u_fa                     1     0.060      0.000      0.060 
            csa_row[22].u_fa                     1     0.060      0.000      0.060 
            csa_row[23].u_fa                     1     0.060      0.000      0.060 
            csa_row[24].u_fa                     1     0.060      0.527      0.588 
            csa_row[25].u_fa                     1     0.060      0.000      0.060 
            csa_row[26].u_fa                     1     0.060      0.000      0.060 
            csa_row[27].u_fa                     1     0.060      0.527      0.588 
            csa_row[28].u_fa                     1     0.060      0.000      0.060 
            csa_row[29].u_fa                     1     0.060      0.527      0.588 
            csa_row[30].u_fa                     1     0.060      0.527      0.588 
            csa_row[31].u_fa                     1     0.060      0.000      0.060 
            csa_row[32].u_fa                     1     0.060      0.000      0.060 
            csa_row[33].u_fa                     1     0.060      0.000      0.060 
            csa_row[34].u_fa                     1     0.060      0.000      0.060 
            csa_row[35].u_fa                     1     0.060      0.527      0.588 
            csa_row[36].u_fa                     1     0.060      0.000      0.060 
            csa_row[37].u_fa                     1     0.060      0.000      0.060 
            csa_row[38].u_fa                     1     0.060      0.000      0.060 
            csa_row[39].u_fa                     1     0.060      0.000      0.060 
            csa_row[40].u_fa                     1     0.060      0.527      0.588 
            csa_row[41].u_fa                     1     0.060      0.527      0.588 
            csa_row[42].u_fa                     1     0.060      0.527      0.588 
            csa_row[43].u_fa                     1     0.060      0.000      0.060 
            csa_row[44].u_fa                     1     0.060      0.000      0.060 
            csa_row[45].u_fa                     1     0.060      0.000      0.060 
            csa_row[46].u_fa                     1     0.060      0.000      0.060 
            csa_row[6].u_fa                      1     0.060      0.000      0.060 
            csa_row[7].u_fa                      1     0.060      0.000      0.060 
            csa_row[8].u_fa                      1     0.060      0.000      0.060 
            csa_row[9].u_fa                      1     0.060      0.000      0.060 
            csa_row[47].u_fa                     1     0.050      0.000      0.050 
      NOR_UNIT                                 178     4.945     22.148     27.093 
        SHF_left_unit                          124     3.529     15.504     19.033 
      MAN_ROUNDING_UNIT                         24     1.387      1.688      3.074 
      MUL_EXP_ADJUST_UNIT                       45     1.284     45.966     47.250 
        CLA_8BIT_UNIT                           30     0.950     27.762     28.712 
          CLA_4BIT_UNIT_1                       11     0.460     14.847     15.307 
          CLA_4BIT_UNIT_0                       18     0.457     12.914     13.371 
      LOPD_UNIT                                 58     1.200      7.383      8.583 
        LOPD_16bit_UNIT_MSB                     34     0.772      2.953      3.725 
          LOPD_8bit_unit_0                      14     0.312      1.688      2.000 
          LOPD_8bit_unit_1                      14     0.303      1.055      1.358 
        LOPD_8bit_UNIT_LSB                      14     0.288      2.320      2.608 
      EXP_ROUNDING_UNIT                         15     0.530      1.266      1.795 
      PSC_UNIT                                  12     0.378     10.294     10.672 
    mul0                                      1449   147.442    492.935    640.377 
      MAN_MUL_UNIT                            1074   136.837    322.174    459.011 
        MUL_UNIT_MAN_UNIT                     1066   136.346    322.174    458.520 
          u_booth                              348    89.455    268.806    358.261 
          u_wallace                            394    35.682      0.000     35.682 
            STAGE_GEN[0].u_stage               116    11.746      0.000     11.746 
            STAGE_GEN[1].u_stage                85     8.192      0.000      8.192 
            STAGE_GEN[2].u_stage                61     5.842      0.000      5.842 
            STAGE_GEN[3].u_stage                45     3.976      0.000      3.976 
            STAGE_GEN[4].u_stage                44     3.348      0.000      3.348 
            STAGE_GEN[5].u_stage                43     2.578      0.000      2.578 
          u_cla                                282     8.680     44.930     53.610 
            cla_tree                           201     4.652      2.637      7.289 
              MULTI_GROUP.next_level            32     0.785      0.000      0.785 
                COMPUTE_DE..Y[1].cla_unit       11     0.273      0.000      0.273 
                COMPUTE_DE..Y[2].cla_unit        8     0.194      0.000      0.194 
                COMPUTE_DE..Y[0].cla_unit        2     0.066      0.000      0.066 
                MULTI_GROUP.next_level           1     0.033      0.000      0.033 
                  COMPUTE_DE..Y[0].cla_unit      1     0.033      0.000      0.033 
              COMPUTE_DE..Y[9].cla_unit         11     0.273      0.000      0.273 
              COMPUTE_DE..Y[2].cla_unit         11     0.273      0.000      0.273 
              COMPUTE_DE..Y[3].cla_unit         11     0.273      0.000      0.273 
              COMPUTE_DE..Y[4].cla_unit         11     0.273      0.000      0.273 
              COMPUTE_DE..Y[5].cla_unit         11     0.270      0.000      0.270 
              COMPUTE_DE..Y[8].cla_unit         11     0.269      0.000      0.269 
              COMPUTE_DE..Y[6].cla_unit         11     0.269      0.000      0.269 
              COMPUTE_DE..[10].cla_unit         11     0.264      0.000      0.264 
              COMPUTE_DE..Y[7].cla_unit         11     0.259      0.000      0.259 
              COMPUTE_DE..[11].cla_unit          7     0.163      0.000      0.163 
          u_merge                               42     2.530      8.438     10.967 
            csa_row[10].u_fa                     1     0.060      0.000      0.060 
            csa_row[11].u_fa                     1     0.060      0.000      0.060 
            csa_row[12].u_fa                     1     0.060      0.000      0.060 
            csa_row[13].u_fa                     1     0.060      0.000      0.060 
            csa_row[14].u_fa                     1     0.060      0.000      0.060 
            csa_row[15].u_fa                     1     0.060      0.000      0.060 
            csa_row[16].u_fa                     1     0.060      0.000      0.060 
            csa_row[17].u_fa                     1     0.060      0.000      0.060 
            csa_row[18].u_fa                     1     0.060      0.000      0.060 
            csa_row[19].u_fa                     1     0.060      0.000      0.060 
            csa_row[20].u_fa                     1     0.060      0.000      0.060 
            csa_row[21].u_fa                     1     0.060      0.000      0.060 
            csa_row[22].u_fa                     1     0.060      0.000      0.060 
            csa_row[23].u_fa                     1     0.060      0.527      0.588 
            csa_row[24].u_fa                     1     0.060      0.000      0.060 
            csa_row[25].u_fa                     1     0.060      0.527      0.588 
            csa_row[26].u_fa                     1     0.060      0.527      0.588 
            csa_row[27].u_fa                     1     0.060      0.527      0.588 
            csa_row[28].u_fa                     1     0.060      0.527      0.588 
            csa_row[29].u_fa                     1     0.060      0.000      0.060 
            csa_row[30].u_fa                     1     0.060      0.527      0.588 
            csa_row[31].u_fa                     1     0.060      0.000      0.060 
            csa_row[32].u_fa                     1     0.060      0.000      0.060 
            csa_row[33].u_fa                     1     0.060      0.527      0.588 
            csa_row[34].u_fa                     1     0.060      0.527      0.588 
            csa_row[35].u_fa                     1     0.060      0.527      0.588 
            csa_row[36].u_fa                     1     0.060      0.000      0.060 
            csa_row[37].u_fa                     1     0.060      0.527      0.588 
            csa_row[38].u_fa                     1     0.060      0.000      0.060 
            csa_row[39].u_fa                     1     0.060      0.527      0.588 
            csa_row[40].u_fa                     1     0.060      0.527      0.588 
            csa_row[41].u_fa                     1     0.060      0.527      0.588 
            csa_row[42].u_fa                     1     0.060      0.000      0.060 
            csa_row[43].u_fa                     1     0.060      0.527      0.588 
            csa_row[44].u_fa                     1     0.060      0.527      0.588 
            csa_row[45].u_fa                     1     0.060      0.527      0.588 
            csa_row[46].u_fa                     1     0.060      0.000      0.060 
            csa_row[6].u_fa                      1     0.060      0.000      0.060 
            csa_row[7].u_fa                      1     0.060      0.000      0.060 
            csa_row[8].u_fa                      1     0.060      0.000      0.060 
            csa_row[9].u_fa                      1     0.060      0.000      0.060 
            csa_row[47].u_fa                     1     0.050      0.000      0.050 
      NOR_UNIT                                 178     4.738     34.699     39.437 
        SHF_left_unit                          124     3.362     22.043     25.405 
      MAN_ROUNDING_UNIT                         24     1.383      3.164      4.547 
      MUL_EXP_ADJUST_UNIT                       45     1.295     47.255     48.550 
        CLA_8BIT_UNIT                           30     0.961     29.051     30.012 
          CLA_4BIT_UNIT_0                       18     0.468     14.203     14.671 
          CLA_4BIT_UNIT_1                       11     0.460     14.847     15.307 
      LOPD_UNIT                                 58     1.159     10.969     12.128 
        LOPD_16bit_UNIT_MSB                     34     0.740      4.957      5.697 
          LOPD_8bit_unit_0                      14     0.296      2.109      2.406 
          LOPD_8bit_unit_1                      14     0.289      2.426      2.715 
        LOPD_8bit_UNIT_LSB                      14     0.270      1.898      2.168 
      EXP_ROUNDING_UNIT                         15     0.530      1.266      1.795 
      PSC_UNIT                                  12     0.375     17.541     17.916 
    add1                                      1137    37.698    962.518   1000.216 
      MAN_ALU                                  219     7.346    209.675    217.021 
        ALU_SUB_UNIT                           120     3.800    118.577    122.377 
          CLA_BLOCK_..CLA_4BIT_UNIT             18     0.642     10.337     10.979 
          CLA_BLOCK_..CLA_4BIT_UNIT             18     0.577     16.476     17.053 
          CLA_BLOCK_..CLA_4BIT_UNIT             18     0.544     16.569     17.112 
          CLA_BLOCK_..CLA_4BIT_UNIT             18     0.534     18.508     19.043 
          CLA_BLOCK_..CLA_4BIT_UNIT             18     0.520     23.075     23.595 
          CLA_BLOCK_..CLA_4BIT_UNIT             15     0.493     21.324     21.817 
      NOR_UNIT                                 208     6.570    100.766    107.336 
        SHF_left_unit                          143     4.376     73.301     77.677 
      SHF_RIGHT_MAN                            137     4.218    179.238    183.456 
      PSC_UNIT                                  87     2.888     88.830     91.718 
      MAN_COMP_24BIT                            78     2.326     57.165     59.491 
        u_i_data_3                              13     0.398     15.004     15.402 
        u_i_data_1                              13     0.396     14.097     14.493 
        u_i_data_2                              13     0.395      4.984      5.379 
        u_i_data_4                              13     0.386      9.199      9.585 
        u_i_data_5                              10     0.306      2.437      2.743 
        u_i_data_0                              10     0.232      8.629      8.861 
      MAN_SWAP_PRE                              46     1.899     56.412     58.311 
      MAN_SWAP                                  52     1.896     37.706     39.602 
      MAN_RND                                   26     1.482     16.415     17.897 
      LOPD_24BIT                                58     1.472     18.450     19.922 
        LOPD_16bit_UNIT_MSB                     34     0.902     11.657     12.559 
          LOPD_8bit_unit_1                      14     0.382      0.676      1.058 
          LOPD_8bit_unit_0                      14     0.370     10.960     11.330 
        LOPD_8bit_UNIT_LSB                      14     0.300      6.523      6.822 
      EXP_ADJUST                                37     1.184     28.494     29.678 
        CLA_8BIT_UNIT                           30     1.084     28.494     29.578 
          CLA_4BIT_UNIT_0                       18     0.579     19.867     20.446 
          CLA_4BIT_UNIT_1                       11     0.478      8.598      9.076 
      EXP_SUB                                   25     0.777     39.578     40.355 
        CLA_8BIT_UNIT                           20     0.702     35.106     35.808 
          CLA_4BIT_UNIT_0                       17     0.608     35.106     35.714 
          CLA_4BIT_UNIT_1                        2     0.072      0.000      0.072 
      EXP_COM_8BIT                              24     0.666     17.025     17.691 
        COMP_LESS_UNIT                          24     0.666     17.025     17.691 
          u_high                                13     0.360      8.257      8.616 
          u_low                                 10     0.231      8.713      8.943 
      EXP_RND                                   15     0.484     12.094     12.578 
      EXP_SWAP                                  13     0.481     21.784     22.265 
      MAN_ALU_PROC_RND                           7     0.249      0.000      0.249 
      SIGN_UNIT                                  1     0.037      0.002      0.039 
    sub2                                      1137    37.483    880.170    917.653 
      MAN_ALU                                  217     7.110    252.507    259.617 
        ALU_SUB_UNIT                           120     3.691    166.529    170.219 
          CLA_BLOCK_..CLA_4BIT_UNIT             18     0.608     28.654     29.261 
          CLA_BLOCK_..CLA_4BIT_UNIT             18     0.560     25.328     25.888 
          CLA_BLOCK_..CLA_4BIT_UNIT             18     0.546     18.686     19.232 
          CLA_BLOCK_..CLA_4BIT_UNIT             18     0.509     24.315     24.825 
          CLA_BLOCK_..CLA_4BIT_UNIT             18     0.509     22.279     22.788 
          CLA_BLOCK_..CLA_4BIT_UNIT             15     0.502     23.972     24.474 
      NOR_UNIT                                 208     6.765     93.548    100.313 
        SHF_left_unit                          143     4.425     66.258     70.683 
      SHF_RIGHT_MAN                            137     3.937    105.356    109.293 
      PSC_UNIT                                  88     2.905     69.048     71.953 
      MAN_COMP_24BIT                            78     2.333     45.562     47.896 
        u_i_data_2                              13     0.420     14.706     15.125 
        u_i_data_4                              13     0.415      0.000      0.415 
        u_i_data_3                              13     0.396     11.411     11.807 
        u_i_data_1                              13     0.391      2.466      2.857 
        u_i_data_5                              10     0.286      7.178      7.465 
        u_i_data_0                              10     0.227      5.167      5.394 
      MAN_SWAP                                  52     1.907     40.940     42.847 
      MAN_SWAP_PRE                              46     1.900     46.976     48.876 
      LOPD_24BIT                                58     1.539     18.107     19.646 
        LOPD_16bit_UNIT_MSB                     34     0.877     12.696     13.573 
          LOPD_8bit_unit_0                      14     0.369     12.020     12.389 
          LOPD_8bit_unit_1                      14     0.353      0.676      1.028 
        LOPD_8bit_UNIT_LSB                      14     0.392      5.411      5.803 
      MAN_RND                                   26     1.488     12.952     14.440 
      EXP_ADJUST                                37     1.175     28.477     29.652 
        CLA_8BIT_UNIT                           30     1.075     28.477     29.553 
          CLA_4BIT_UNIT_0                       18     0.565     14.010     14.574 
          CLA_4BIT_UNIT_1                       11     0.484     14.439     14.923 
      EXP_SUB                                   25     0.793     36.683     37.477 
        CLA_8BIT_UNIT                           20     0.718     32.212     32.930 
          CLA_4BIT_UNIT_0                       17     0.625     32.212     32.837 
          CLA_4BIT_UNIT_1                        2     0.072      0.000      0.072 
      EXP_COM_8BIT                              24     0.653     15.977     16.629 
        COMP_LESS_UNIT                          24     0.653     15.977     16.629 
          u_high                                13     0.355      5.213      5.568 
          u_low                                 10     0.228     10.763     10.991 
      EXP_RND                                   15     0.481     12.522     13.003 
      EXP_SWAP                                  13     0.473     22.398     22.871 
      MAN_ALU_PROC_RND                           7     0.251     10.963     11.215 
      SIGN_UNIT                                  2     0.037      1.986      2.023 
    sub1                                      1139    37.397   1134.605   1172.002 
      MAN_ALU                                  217     7.171    210.310    217.481 
        ALU_SUB_UNIT                           120     3.885     87.035     90.920 
          CLA_BLOCK_..CLA_4BIT_UNIT             18     0.616      0.306      0.922 
          CLA_BLOCK_..CLA_4BIT_UNIT             18     0.583     16.581     17.164 
          CLA_BLOCK_..CLA_4BIT_UNIT             18     0.580     10.878     11.458 
          CLA_BLOCK_..CLA_4BIT_UNIT             18     0.546     19.818     20.365 
          CLA_BLOCK_..CLA_4BIT_UNIT             18     0.531     16.724     17.255 
          CLA_BLOCK_..CLA_4BIT_UNIT             15     0.520     20.143     20.663 
      NOR_UNIT                                 208     6.558    229.424    235.981 
        SHF_left_unit                          143     4.482    120.826    125.308 
      SHF_RIGHT_MAN                            137     4.219    179.200    183.419 
      PSC_UNIT                                  88     2.863     77.880     80.743 
      MAN_COMP_24BIT                            78     2.326     57.165     59.491 
        u_i_data_3                              13     0.398     15.004     15.402 
        u_i_data_1                              13     0.396     14.097     14.493 
        u_i_data_2                              13     0.395      4.984      5.379 
        u_i_data_4                              13     0.386      9.199      9.585 
        u_i_data_5                              10     0.306      2.437      2.743 
        u_i_data_0                              10     0.232      8.629      8.861 
      MAN_SWAP                                  52     1.896     37.390     39.285 
      MAN_SWAP_PRE                              46     1.896     56.000     57.895 
      MAN_RND                                   26     1.506     21.814     23.320 
      LOPD_24BIT                                58     1.319     31.150     32.468 
        LOPD_16bit_UNIT_MSB                     34     0.781     26.108     26.888 
          LOPD_8bit_unit_1                      14     0.321     16.535     16.856 
          LOPD_8bit_unit_0                      14     0.303      7.786      8.088 
        LOPD_8bit_UNIT_LSB                      14     0.274      1.448      1.722 
      EXP_ADJUST                                37     1.227     53.960     55.187 
        CLA_8BIT_UNIT                           30     1.038     37.370     38.408 
          CLA_4BIT_UNIT_0                       18     0.579     12.665     13.244 
          CLA_4BIT_UNIT_1                       11     0.437     22.948     23.386 
      EXP_SUB                                   25     0.777     39.578     40.355 
        CLA_8BIT_UNIT                           20     0.702     35.106     35.808 
          CLA_4BIT_UNIT_0                       17     0.608     35.106     35.714 
          CLA_4BIT_UNIT_1                        2     0.072      0.000      0.072 
      EXP_COM_8BIT                              24     0.666     17.025     17.691 
        COMP_LESS_UNIT                          24     0.666     17.025     17.691 
          u_high                                13     0.360      8.257      8.616 
          u_low                                 10     0.231      8.713      8.943 
      EXP_SWAP                                  13     0.481     21.784     22.265 
      EXP_RND                                   15     0.477      7.511      7.988 
      MAN_ALU_PROC_RND                           7     0.249      0.000      0.249 
      SIGN_UNIT                                  2     0.041      0.002      0.043 
    add2                                      1137    37.322   1180.974   1218.296 
      MAN_ALU                                  219     7.327    251.074    258.401 
        ALU_SUB_UNIT                           120     3.842    115.937    119.779 
          CLA_BLOCK_..CLA_4BIT_UNIT             18     0.630     16.052     16.682 
          CLA_BLOCK_..CLA_4BIT_UNIT             18     0.565      8.613      9.179 
          CLA_BLOCK_..CLA_4BIT_UNIT             18     0.548     26.394     26.942 
          CLA_BLOCK_..CLA_4BIT_UNIT             18     0.543     20.139     20.681 
          CLA_BLOCK_..CLA_4BIT_UNIT             18     0.536     17.094     17.630 
          CLA_BLOCK_..CLA_4BIT_UNIT             15     0.519     22.227     22.746 
      NOR_UNIT                                 208     6.503    269.883    276.387 
        SHF_left_unit                          143     4.391    156.559    160.949 
      SHF_RIGHT_MAN                            137     3.943    105.474    109.417 
      PSC_UNIT                                  87     2.923     77.419     80.342 
      MAN_COMP_24BIT                            78     2.333     45.562     47.896 
        u_i_data_2                              13     0.420     14.706     15.125 
        u_i_data_4                              13     0.415      0.000      0.415 
        u_i_data_3                              13     0.396     11.411     11.807 
        u_i_data_1                              13     0.391      2.466      2.857 
        u_i_data_5                              10     0.286      7.178      7.465 
        u_i_data_0                              10     0.227      5.167      5.394 
      MAN_SWAP                                  52     1.907     41.362     43.269 
      MAN_SWAP_PRE                              46     1.904     47.388     49.291 
      MAN_RND                                   26     1.496     32.157     33.652 
      LOPD_24BIT                                58     1.312     29.769     31.080 
        LOPD_16bit_UNIT_MSB                     34     0.774     16.815     17.589 
          LOPD_8bit_unit_1                      14     0.325     10.878     11.203 
          LOPD_8bit_unit_0                      14     0.296      4.139      4.435 
        LOPD_8bit_UNIT_LSB                      14     0.275      9.224      9.499 
      EXP_ADJUST                                37     1.231     61.839     63.069 
        CLA_8BIT_UNIT                           30     1.042     45.248     46.291 
          CLA_4BIT_UNIT_0                       18     0.578     20.787     21.366 
          CLA_4BIT_UNIT_1                       11     0.442     22.704     23.146 
      EXP_SUB                                   25     0.793     36.683     37.477 
        CLA_8BIT_UNIT                           20     0.718     32.212     32.930 
          CLA_4BIT_UNIT_0                       17     0.625     32.212     32.837 
          CLA_4BIT_UNIT_1                        2     0.072      0.000      0.072 
      EXP_COM_8BIT                              24     0.653     15.977     16.629 
        COMP_LESS_UNIT                          24     0.653     15.977     16.629 
          u_high                                13     0.355      5.213      5.568 
          u_low                                 10     0.228     10.763     10.991 
      EXP_RND                                   15     0.486     14.599     15.086 
      EXP_SWAP                                  13     0.473     22.398     22.871 
      MAN_ALU_PROC_RND                           7     0.251     10.963     11.215 
      SIGN_UNIT                                  1     0.030      1.775      1.806 
    sub0                                      1111    33.644    934.706    968.351 
      MAN_ALU                                  217     7.216    281.036    288.251 
        ALU_SUB_UNIT                           120     3.770    137.843    141.614 
          CLA_BLOCK_..CLA_4BIT_UNIT             18     0.622     21.689     22.310 
          CLA_BLOCK_..CLA_4BIT_UNIT             18     0.567     22.934     23.501 
          CLA_BLOCK_..CLA_4BIT_UNIT             18     0.563     18.527     19.089 
          CLA_BLOCK_..CLA_4BIT_UNIT             18     0.561     17.451     18.012 
          CLA_BLOCK_..CLA_4BIT_UNIT             18     0.506     21.828     22.334 
          CLA_BLOCK_..CLA_4BIT_UNIT             15     0.496     18.373     18.869 
      NOR_UNIT                                 208     6.679    211.574    218.253 
        SHF_left_unit                          143     4.404    150.275    154.680 
      SHF_RIGHT_MAN                            136     2.890     59.527     62.418 
      MAN_COMP_24BIT                            78     2.468      9.756     12.224 
        u_i_data_3                              13     0.424      1.059      1.483 
        u_i_data_1                              13     0.414      1.266      1.680 
        u_i_data_2                              13     0.413      1.797      2.211 
        u_i_data_4                              13     0.405      0.950      1.356 
        u_i_data_5                              10     0.301      2.730      3.031 
        u_i_data_0                              10     0.257      1.953      2.210 
      MAN_SWAP                                  50     1.927     19.880     21.807 
      MAN_RND                                   26     1.497     39.967     41.464 
      LOPD_24BIT                                58     1.442     35.153     36.595 
        LOPD_16bit_UNIT_MSB                     34     0.840     21.100     21.940 
          LOPD_8bit_unit_0                      14     0.361     11.941     12.302 
          LOPD_8bit_unit_1                      14     0.327      9.149      9.476 
        LOPD_8bit_UNIT_LSB                      14     0.337     13.918     14.254 
      EXP_ADJUST                                37     1.168     31.847     33.015 
        CLA_8BIT_UNIT                           30     1.069     31.847     32.915 
          CLA_4BIT_UNIT_0                       18     0.573     17.499     18.071 
          CLA_4BIT_UNIT_1                       11     0.466     14.348     14.814 
      MAN_SWAP_PRE                              46     1.104     16.137     17.241 
      EXP_SUB                                   25     0.760     50.054     50.814 
        CLA_8BIT_UNIT                           20     0.656     50.054     50.710 
          CLA_4BIT_UNIT_0                       17     0.565     40.733     41.298 
          CLA_4BIT_UNIT_1                        2     0.070      9.321      9.391 
      PSC_UNIT                                  22     0.602      3.541      4.143 
      EXP_RND                                   15     0.490     14.177     14.667 
      EXP_SWAP                                  16     0.448     26.125     26.573 
      EXP_COM_8BIT                               7     0.262      3.569      3.831 
        COMP_LESS_UNIT                           7     0.262      3.569      3.831 
          u_high                                 4     0.125      3.574      3.699 
          u_low                                  2     0.054     -0.004      0.050 
      MAN_ALU_PROC_RND                           7     0.246      0.000      0.246 
      SIGN_UNIT                                  2     0.051      3.982      4.033 
    add0                                      1019    31.993    847.027    879.021 
      MAN_ALU                                  219     7.429    291.317    298.746 
        ALU_SUB_UNIT                           120     3.769    155.085    158.853 
          CLA_BLOCK_..CLA_4BIT_UNIT             18     0.618     25.424     26.042 
          CLA_BLOCK_..CLA_4BIT_UNIT             18     0.587     20.409     20.996 
          CLA_BLOCK_..CLA_4BIT_UNIT             18     0.561     25.034     25.595 
          CLA_BLOCK_..CLA_4BIT_UNIT             18     0.553     23.012     23.565 
          CLA_BLOCK_..CLA_4BIT_UNIT             18     0.514     25.150     25.664 
          CLA_BLOCK_..CLA_4BIT_UNIT             15     0.485     18.563     19.048 
      NOR_UNIT                                 208     7.043    153.865    160.908 
        SHF_left_unit                          143     4.626     77.400     82.026 
      SHF_RIGHT_MAN                            134     2.832     58.613     61.446 
      MAN_COMP_24BIT                            78     2.557     14.741     17.298 
        u_i_data_3                              13     0.465      0.000      0.465 
        u_i_data_2                              13     0.438      1.652      2.089 
        u_i_data_4                              13     0.409      1.794      2.202 
        u_i_data_1                              13     0.408      1.583      1.991 
        u_i_data_5                              10     0.327      7.858      8.185 
        u_i_data_0                              10     0.256      1.225      1.481 
      MAN_SWAP                                  50     1.949     13.349     15.297 
      LOPD_24BIT                                58     1.516     50.379     51.895 
        LOPD_16bit_UNIT_MSB                     34     0.905     27.048     27.954 
          LOPD_8bit_unit_0                      14     0.418      7.271      7.689 
          LOPD_8bit_unit_1                      14     0.345     17.974     18.319 
        LOPD_8bit_UNIT_LSB                      14     0.353     19.466     19.819 
      MAN_RND                                   26     1.491     14.025     15.516 
      EXP_ADJUST                                37     1.158     63.375     64.533 
        CLA_8BIT_UNIT                           30     0.970     46.883     47.853 
          CLA_4BIT_UNIT_0                       18     0.517     22.627     23.144 
          CLA_4BIT_UNIT_1                       11     0.427     22.613     23.040 
      MAN_SWAP_PRE                              46     0.862      8.543      9.405 
      EXP_SUB                                   25     0.767     49.099     49.866 
        CLA_8BIT_UNIT                           20     0.663     49.099     49.762 
          CLA_4BIT_UNIT_0                       17     0.572     40.727     41.299 
          CLA_4BIT_UNIT_1                        2     0.070      8.372      8.442 
      PSC_UNIT                                  23     0.633      3.302      3.934 
      EXP_RND                                   15     0.495     12.100     12.595 
      EXP_SWAP                                  16     0.434     26.159     26.592 
      EXP_COM_8BIT                               7     0.297      1.957      2.254 
        COMP_LESS_UNIT                           7     0.297      1.957      2.254 
          u_high                                 4     0.122      1.790      1.912 
          u_low                                  2     0.064      0.167      0.231 
      MAN_ALU_PROC_RND                           7     0.246      0.000      0.246 
      SIGN_UNIT                                  1     0.034      0.004      0.038 
    mul2                                         8     0.218      0.188      0.406 
      PSC_UNIT                                   7     0.188      0.188      0.376 
    mul1                                         8     0.190      0.098      0.287 
      PSC_UNIT                                   7     0.160      0.098      0.257 
  DETECT_START_STAGE1                            3     0.213     12.971     13.184 

