============================================================
  Generated by:           Genus(TM) Synthesis Solution GENUS15.20 - 15.20-p004_1
  Generated on:           Jan 05 2026  09:41:01 am
  Module:                 FFT_8Points
  Wireload mode:          enclosed
  Area mode:              timing library
============================================================

                                                 Leakage    Dynamic     Total   
                 Instance                 Cells Power(nW)  Power(nW)  Power(nW) 
--------------------------------------------------------------------------------
FFT_8Points                               67066  4852.067 199332.086 204184.153 
  BFU8_07                                 28084  1810.318  43581.618  45391.936 
    INPUT_DATA_5                           5066   343.633   7633.139   7976.772 
      mul1_add                             1409   101.470   1927.039   2028.509 
        MAN_MUL_UNIT                       1014    77.058   1479.429   1556.488 
          MUL_UNIT_MAN_UNIT                1006    76.617   1478.601   1555.218 
            m1                              442    29.744    575.182    604.925 
              m2                            191    11.843    243.554    255.397 
                csa_tree_add_46_27_groupi    51     3.775     58.175     61.951 
                m4                           50     2.846     75.485     78.330 
                  m2                          4     0.236      6.374      6.610 
                  m1                          4     0.196      4.469      4.665 
                m3                           50     2.846     55.783     58.628 
                  m2                          4     0.230      9.690      9.920 
                  m1                          4     0.196      4.416      4.612 
                m2                           20     1.198     32.692     33.890 
                  m2                          4     0.218      5.145      5.363 
                  m1                          4     0.196      4.469      4.665 
                m1                           20     1.179     21.419     22.598 
                  m2                          4     0.223      9.073      9.295 
                  m1                          4     0.196      4.416      4.612 
              m1                            187    11.728    187.381    199.110 
                csa_tree_add_46_27_groupi    51     3.835     60.267     64.102 
                m4                           50     2.843     94.470     97.312 
                  m2                          4     0.229      9.695      9.924 
                  m1                          4     0.227      4.836      5.062 
                m3                           46     2.585      0.000      2.585 
                  m1                          4     0.221      0.000      0.221 
                  m2                          4     0.221      0.000      0.221 
                m1                           20     1.246      0.000      1.246 
                  m1                          4     0.221      0.000      0.221 
                  m2                          4     0.216      0.000      0.216 
                m2                           20     1.220     32.645     33.865 
                  m1                          4     0.227      5.139      5.366 
                  m2                          4     0.223      9.076      9.299 
              csa_tree_add_74_27_groupi      64     6.172    144.246    150.418 
            m2                              241    19.422    411.819    431.241 
              m1                            109     8.646    140.557    149.203 
                csa_tree_add_46_27_groupi    51     3.796     86.381     90.178 
                m3                           21     1.773      0.000      1.773 
                  m1                          4     0.205      0.000      0.205 
                  m2                          4     0.205      0.000      0.205 
                m4                           21     1.708     36.414     38.121 
                  m2                          4     0.229      9.999     10.228 
                  m1                          4     0.227      5.443      5.670 
                m2                            8     0.685     17.762     18.447 
                m1                            8     0.683      0.000      0.683 
              m2                            109     8.527    207.280    215.807 
                csa_tree_add_46_27_groupi    51     3.833    100.295    104.128 
                m3                           21     1.731     44.261     45.992 
                  m2                          4     0.230      9.994     10.224 
                  m1                          4     0.205      5.344      5.549 
                m4                           21     1.639     43.283     44.921 
                  m2                          4     0.236      6.982      7.217 
                  m1                          4     0.196      4.165      4.361 
                m1                            8     0.670      8.985      9.655 
                m2                            8     0.654     10.457     11.111 
            m3                              152    10.852    134.315    145.166 
              m1                            144     9.666    110.863    120.528 
                csa_tree_add_46_27_groupi    48     3.537     70.313     73.850 
                m2                           36     2.423     21.765     24.188 
                  m3                          4     0.227      6.051      6.277 
                  m1                          4     0.221      0.000      0.221 
                m4                           30     1.947      0.000      1.947 
                  m1                          4     0.184      0.000      0.184 
                m1                           18     1.107     18.785     19.892 
                  m3                          4     0.236      6.365      6.601 
                  m1                          4     0.221      0.000      0.221 
                m3                           12     0.651      0.000      0.651 
                  m1                          4     0.184      0.000      0.184 
            csa_tree_a..108_35_groupi        66     9.064    212.030    221.094 
            m4                              105     7.536    145.255    152.791 
              csa_tree_add_46_27_groupi      51     3.785     93.868     97.653 
              m3                             21     1.710     30.836     32.546 
                m2                            4     0.236      6.973      7.209 
                m1                            4     0.221      0.000      0.221 
              m4                             17     0.960      0.000      0.960 
                m1                            4     0.184      0.000      0.184 
              m1                              8     0.652     20.551     21.203 
              m2                              8     0.429      0.000      0.429 
        NOR_UNIT                            177    11.469    198.040    209.510 
          SHF_left_unit                     121     7.771    121.998    129.769 
        MUL_EXP_ADJUST_UNIT                  45     2.838     25.089     27.927 
          CLA_8BIT_UNIT                      30     2.124     15.944     18.068 
            CLA_4BIT_UNIT_0                  18     1.150      7.953      9.103 
            CLA_4BIT_UNIT_1                  11     0.912      7.992      8.904 
        MAN_ROUNDING_UNIT                    24     2.763     41.663     44.426 
        LOPD_UNIT                            58     2.753     44.372     47.125 
          LOPD_16bit_UNIT_MSB                34     1.552     28.608     30.160 
            LOPD_8bit_unit_1                 14     0.626     14.668     15.294 
            LOPD_8bit_unit_0                 14     0.608     13.940     14.549 
          LOPD_8bit_UNIT_LSB                 14     0.647     15.533     16.180 
        EXP_ROUNDING_UNIT                    15     0.971      7.104      8.075 
        MUL_EXP_UNIT                         21     0.869     11.098     11.967 
        PSC_UNIT                             12     0.609     11.847     12.456 
      mul1_sub                             1409    99.471   2333.253   2432.723 
        MAN_MUL_UNIT                       1014    75.099   1724.737   1799.836 
          MUL_UNIT_MAN_UNIT                1006    74.659   1719.683   1794.342 
            m1                              442    29.378    641.967    671.346 
              m2                            191    11.816    210.389    222.205 
                csa_tree_add_46_27_groupi    51     3.769     63.450     67.219 
                m4                           50     2.868     40.126     42.994 
                  m2                          4     0.236      6.374      6.610 
                  m1                          4     0.221      0.000      0.221 
                m3                           50     2.814     74.948     77.762 
                  m2                          4     0.205      6.259      6.464 
                  m1                          4     0.186      0.000      0.186 
                m2                           20     1.192     16.866     18.058 
                  m1                          4     0.221      0.000      0.221 
                  m2                          4     0.218      5.145      5.363 
                m1                           20     1.173     14.998     16.171 
                  m2                          4     0.187      3.480      3.667 
                  m1                          4     0.186      0.000      0.186 
              m1                            187    11.703    276.639    288.342 
                csa_tree_add_46_27_groupi    51     3.739     77.645     81.384 
                m4                           50     2.902     74.960     77.862 
                  m1                          4     0.227      4.836      5.062 
                  m2                          4     0.222      0.000      0.222 
                m3                           46     2.613     78.027     80.640 
                  m2                          4     0.196      4.418      4.614 
                  m1                          4     0.195      8.598      8.793 
                m2                           20     1.251     16.346     17.596 
                  m1                          4     0.227      5.139      5.366 
                  m2                          4     0.166      0.000      0.166 
                m1                           20     1.199     29.661     30.860 
                  m1                          4     0.195      7.839      8.034 
                  m2                          4     0.187      3.479      3.666 
              csa_tree_add_74_27_groupi      64     5.860    154.939    160.799 
            m2                              241    19.020    420.100    439.120 
              m1                            109     8.455    219.055    227.511 
                csa_tree_add_46_27_groupi    51     3.823     95.166     98.989 
                m3                           21     1.710     52.765     54.475 
                  m1                          4     0.211      9.071      9.282 
                  m2                          4     0.205      5.651      5.857 
                m4                           21     1.698     20.388     22.086 
                  m1                          4     0.227      5.443      5.670 
                  m2                          4     0.222      0.000      0.222 
                m1                            8     0.642     26.209     26.851 
                m2                            8     0.582     24.528     25.110 
              m2                            109     8.438    175.215    183.653 
                csa_tree_add_46_27_groupi    51     3.756     81.085     84.841 
                m4                           21     1.710     30.860     32.570 
                  m2                          4     0.236      6.982      7.217 
                  m1                          4     0.221      0.000      0.221 
                m3                           21     1.676     17.021     18.698 
                  m1                          4     0.222      0.000      0.222 
                  m2                          4     0.205      5.651      5.857 
                m2                            8     0.652     20.891     21.543 
                m1                            8     0.643     25.358     26.001 
            m3                              152    10.411    226.347    236.758 
              m1                            144     9.460    215.135    224.594 
                csa_tree_add_46_27_groupi    48     3.484     76.736     80.220 
                m2                           36     2.441     53.454     55.894 
                  m1                          4     0.234      0.000      0.234 
                  m3                          4     0.212      7.515      7.728 
                m4                           30     1.870     41.395     43.264 
                  m1                          4     0.192      6.677      6.869 
                m1                           18     1.087     27.583     28.670 
                  m1                          4     0.234      0.000      0.234 
                  m3                          4     0.203      7.822      8.025 
                m3                           12     0.579     15.967     16.545 
                  m1                          4     0.192      5.462      5.654 
            csa_tree_a..108_35_groupi        66     8.479    261.676    270.155 
            m4                              105     7.371    169.592    176.963 
              csa_tree_add_46_27_groupi      51     3.746     77.375     81.121 
              m3                             21     1.646     41.647     43.294 
                m1                            4     0.234      0.000      0.234 
                m2                            4     0.203      7.518      7.721 
              m4                             17     0.946     30.555     31.502 
                m1                            4     0.192      5.614      5.806 
              m1                              8     0.661      8.560      9.222 
              m2                              8     0.371     11.454     11.825 
        NOR_UNIT                            177    11.710    303.168    314.878 
          SHF_left_unit                     121     7.936    179.995    187.931 
        MUL_EXP_ADJUST_UNIT                  45     2.836     51.151     53.987 
          CLA_8BIT_UNIT                      30     2.069     37.915     39.984 
            CLA_4BIT_UNIT_0                  18     1.095     29.923     31.018 
            CLA_4BIT_UNIT_1                  11     0.912      7.992      8.904 
        MAN_ROUNDING_UNIT                    24     2.776     45.585     48.361 
        LOPD_UNIT                            58     2.692     61.285     63.977 
          LOPD_16bit_UNIT_MSB                34     1.509     28.110     29.619 
            LOPD_8bit_unit_0                 14     0.621     19.092     19.713 
            LOPD_8bit_unit_1                 14     0.574      6.211      6.785 
          LOPD_8bit_UNIT_LSB                 14     0.671     23.518     24.189 
        MUL_EXP_UNIT                         21     0.983     27.687     28.670 
        EXP_ROUNDING_UNIT                    15     0.971      7.104      8.075 
        PSC_UNIT                             12     0.472      4.936      5.408 
      DATA_A_RE                            1127    71.557   1642.390   1713.947 
        MAN_ALU                             219    14.004    313.918    327.922 
          ALU_SUB_UNIT                      120     7.439    175.311    182.750 
            CLA_BLOCK_..CLA_4BIT_UNIT        18     1.233     40.017     41.250 
            CLA_BLOCK_..CLA_4BIT_UNIT        18     1.155      0.000      1.155 
            CLA_BLOCK_..CLA_4BIT_UNIT        18     1.064     20.947     22.010 
            CLA_BLOCK_..CLA_4BIT_UNIT        18     1.063     39.951     41.014 
            CLA_BLOCK_..CLA_4BIT_UNIT        15     0.992     27.049     28.041 
            CLA_BLOCK_..CLA_4BIT_UNIT        18     0.952     28.230     29.182 
        NOR_UNIT                            207    13.114    331.489    344.602 
          SHF_left_unit                     142     8.789    246.140    254.929 
        SHF_RIGHT_MAN                       129     8.341    287.795    296.136 
        PSC_UNIT                             90     5.047     91.834     96.881 
        MAN_COMP_24BIT                       80     4.507     64.982     69.488 
          u_i_data_4                         13     0.794     23.974     24.768 
          u_i_data_3                         13     0.776      3.210      3.987 
          u_i_data_1                         13     0.735      6.594      7.329 
          u_i_data_2                         13     0.731     12.257     12.988 
          u_i_data_5                         12     0.651      0.000      0.651 
          u_i_data_0                         10     0.487     14.961     15.447 
        MAN_SWAP                             48     3.610     76.400     80.011 
        LOPD_24BIT                           58     2.968     38.897     41.865 
          LOPD_16bit_UNIT_MSB                34     1.725     27.167     28.892 
            LOPD_8bit_unit_1                 14     0.724      8.633      9.356 
            LOPD_8bit_unit_0                 14     0.690     18.525     19.216 
          LOPD_8bit_UNIT_LSB                 14     0.704     11.267     11.971 
        MAN_SWAP_PRE                         46     2.913     81.846     84.759 
        MAN_RND                              26     2.867     42.854     45.721 
        EXP_ADJUST                           37     2.283     17.892     20.175 
          CLA_8BIT_UNIT                      30     2.097     17.892     19.989 
            CLA_4BIT_UNIT_0                  18     1.110      8.565      9.675 
            CLA_4BIT_UNIT_1                  11     0.925      9.327     10.252 
        EXP_SUB                              25     1.419     60.562     61.981 
          CLA_8BIT_UNIT                      20     1.304     56.247     57.551 
            CLA_4BIT_UNIT_0                  17     1.119     56.247     57.365 
            CLA_4BIT_UNIT_1                   2     0.141      0.000      0.141 
        EXP_COM_8BIT                         24     1.172     14.450     15.622 
          COMP_LESS_UNIT                     24     1.172     14.450     15.622 
            u_high                           13     0.594      3.178      3.772 
            u_low                            10     0.484     11.272     11.756 
        EXP_RND                              15     0.945      7.723      8.668 
        EXP_SWAP                             13     0.715     14.702     15.418 
        MAN_ALU_PROC_RND                      7     0.474     20.069     20.543 
        SIGN_UNIT                             1     0.065      6.430      6.496 
      DATA_A_IM                            1121    71.135   1730.457   1801.593 
        MAN_ALU                             215    13.893    219.181    233.074 
          ALU_SUB_UNIT                      120     7.458     93.096    100.554 
            CLA_BLOCK_..CLA_4BIT_UNIT        18     1.225     28.263     29.488 
            CLA_BLOCK_..CLA_4BIT_UNIT        18     1.193      0.517      1.710 
            CLA_BLOCK_..CLA_4BIT_UNIT        18     1.120      0.514      1.634 
            CLA_BLOCK_..CLA_4BIT_UNIT        18     1.012      7.973      8.986 
            CLA_BLOCK_..CLA_4BIT_UNIT        15     0.981     25.346     26.327 
            CLA_BLOCK_..CLA_4BIT_UNIT        18     0.917     25.667     26.584 
        NOR_UNIT                            207    12.727    404.139    416.866 
          SHF_left_unit                     142     8.803    238.451    247.254 
        SHF_RIGHT_MAN                       130     8.605    284.813    293.417 
        PSC_UNIT                             86     4.885     86.859     91.744 
        MAN_COMP_24BIT                       80     4.507     64.981     69.487 
          u_i_data_4                         13     0.794     23.971     24.765 
          u_i_data_3                         13     0.776      3.211      3.987 
          u_i_data_1                         13     0.735      6.593      7.328 
          u_i_data_2                         13     0.731     12.249     12.980 
          u_i_data_5                         12     0.651      0.000      0.651 
          u_i_data_0                         10     0.487     14.971     15.458 
        MAN_SWAP                             48     3.628     76.875     80.503 
        MAN_SWAP_PRE                         46     2.915     83.228     86.144 
        MAN_RND                              26     2.874     49.074     51.948 
        LOPD_24BIT                           58     2.789     45.397     48.186 
          LOPD_16bit_UNIT_MSB                34     1.733     30.031     31.764 
            LOPD_8bit_unit_0                 14     0.767     13.577     14.344 
            LOPD_8bit_unit_1                 14     0.662     13.656     14.318 
          LOPD_8bit_UNIT_LSB                 14     0.526      9.817     10.343 
        EXP_ADJUST                           37     2.309     83.389     85.699 
          CLA_8BIT_UNIT                      30     1.943     57.269     59.212 
            CLA_4BIT_UNIT_0                  18     1.072     31.689     32.761 
            CLA_4BIT_UNIT_1                  11     0.818     23.171     23.989 
        EXP_SUB                              25     1.419     61.472     62.891 
          CLA_8BIT_UNIT                      20     1.304     57.157     58.460 
            CLA_4BIT_UNIT_0                  17     1.119     57.157     58.275 
            CLA_4BIT_UNIT_1                   2     0.141      0.000      0.141 
        EXP_COM_8BIT                         24     1.172     14.450     15.622 
          COMP_LESS_UNIT                     24     1.172     14.450     15.622 
            u_high                           13     0.594      3.178      3.772 
            u_low                            10     0.484     11.272     11.756 
        EXP_RND                              15     0.958     10.942     11.900 
        EXP_SWAP                             13     0.715     14.702     15.418 
        MAN_ALU_PROC_RND                      7     0.474     20.068     20.543 
        SIGN_UNIT                             2     0.079      3.862      3.941 
    INPUT_DATA_7                           5066   343.193   8521.015   8864.207 
      mul1_add                             1409   102.306   2060.533   2162.839 
        MAN_MUL_UNIT                       1014    77.581   1401.172   1478.754 
          MUL_UNIT_MAN_UNIT                1006    77.072   1382.150   1459.221 
            m1                              442    30.017    462.877    492.895 
              m2                            191    11.926    116.629    128.555 
                csa_tree_add_46_27_groupi    51     3.752     63.676     67.428 
                m3                           50     2.888      0.000      2.888 
                  m1                          4     0.221      0.000      0.221 
                  m2                          4     0.205      0.000      0.205 
                m4                           50     2.837     41.202     44.039 
                  m2                          4     0.205      0.000      0.205 
                  m1                          4     0.196      4.469      4.665 
                m1                           20     1.246      0.000      1.246 
                  m1                          4     0.221      0.000      0.221 
                  m2                          4     0.216      0.000      0.216 
                m2                           20     1.204     11.751     12.955 
                  m2                          4     0.216      0.000      0.216 
                  m1                          4     0.196      4.469      4.665 
              m1                            187    11.588    232.084    243.672 
                csa_tree_add_46_27_groupi    51     3.704     93.242     96.946 
                m4                           50     2.898     22.057     24.955 
                  m1                          4     0.212      7.667      7.879 
                  m2                          4     0.205      0.000      0.205 
                m3                           46     2.541     79.677     82.218 
                  m2                          4     0.228      9.227      9.454 
                  m1                          4     0.212      7.676      7.888 
                m2                           20     1.237      6.755      7.992 
                  m2                          4     0.216      0.000      0.216 
                  m1                          4     0.212      6.755      6.968 
                m1                           20     1.209     30.352     31.561 
                  m2                          4     0.223      9.075      9.297 
                  m1                          4     0.212      6.613      6.825 
              csa_tree_add_74_27_groupi      64     6.502    114.165    120.667 
            m2                              241    19.807    290.343    310.150 
              m1                            109     8.693    160.320    169.013 
                csa_tree_add_46_27_groupi    51     3.796     81.217     85.013 
                m4                           21     1.803     14.125     15.928 
                  m1                          4     0.212      6.604      6.816 
                  m2                          4     0.205      0.000      0.205 
                m3                           21     1.733     43.871     45.603 
                  m2                          4     0.230      9.997     10.226 
                  m1                          4     0.203      7.223      7.426 
                m2                            8     0.690      4.089      4.779 
                m1                            8     0.671     17.018     17.689 
              m2                            109     8.624     99.329    107.953 
                csa_tree_add_46_27_groupi    51     3.746     60.237     63.983 
                m3                           21     1.773      0.000      1.773 
                  m1                          4     0.205      0.000      0.205 
                  m2                          4     0.205      0.000      0.205 
                m4                           21     1.739     27.081     28.820 
                  m2                          4     0.205      0.000      0.205 
                  m1                          4     0.196      4.165      4.361 
                m1                            8     0.683      0.000      0.683 
                m2                            8     0.683     12.011     12.694 
            m3                              152    10.507    234.077    244.583 
              m1                            144     9.382    203.459    212.841 
                csa_tree_add_46_27_groupi    48     3.515     74.236     77.751 
                m2                           36     2.369     66.165     68.534 
                  m1                          4     0.212      8.276      8.489 
                  m3                          4     0.212      7.515      7.728 
                m4                           30     1.845     21.197     23.042 
                  m1                          4     0.184      0.000      0.184 
                m1                           18     1.067     26.318     27.384 
                  m1                          4     0.212      7.213      7.426 
                  m3                          4     0.203      7.822      8.025 
                m3                           12     0.586     15.544     16.130 
                  m1                          4     0.184      0.000      0.184 
            csa_tree_a..108_35_groupi        66     9.169    215.352    224.520 
            m4                              105     7.572    179.501    187.073 
              csa_tree_add_46_27_groupi      51     3.844     92.865     96.709 
              m3                             21     1.734     40.689     42.422 
                m1                            4     0.212      6.606      6.818 
                m2                            4     0.203      7.518      7.721 
              m4                             17     0.922     23.447     24.370 
                m1                            4     0.184      0.000      0.184 
              m1                              8     0.670     12.381     13.051 
              m2                              8     0.402     10.119     10.521 
        NOR_UNIT                            177    11.278    316.690    327.968 
          SHF_left_unit                     121     7.582    176.158    183.741 
        MUL_EXP_ADJUST_UNIT                  45     3.040     31.370     34.409 
          CLA_8BIT_UNIT                      30     2.143     18.188     20.332 
            CLA_4BIT_UNIT_0                  18     1.177     10.153     11.331 
            CLA_4BIT_UNIT_1                  11     0.912      7.992      8.904 
        MAN_ROUNDING_UNIT                    24     2.774     46.043     48.817 
        LOPD_UNIT                            58     2.742     62.690     65.432 
          LOPD_16bit_UNIT_MSB                34     1.568     32.312     33.880 
            LOPD_8bit_unit_0                 14     0.649     13.332     13.981 
            LOPD_8bit_unit_1                 14     0.606     16.171     16.777 
          LOPD_8bit_UNIT_LSB                 14     0.672     19.658     20.330 
        MUL_EXP_UNIT                         21     0.990     22.729     23.719 
        EXP_ROUNDING_UNIT                    15     0.933      7.104      8.036 
        PSC_UNIT                             12     0.748     21.809     22.557 
      mul1_sub                             1409   100.794   2441.542   2542.337 
        MAN_MUL_UNIT                       1014    76.574   1814.355   1890.929 
          MUL_UNIT_MAN_UNIT                1006    76.080   1792.299   1868.379 
            m1                              442    29.912    693.160    723.071 
              m2                            191    11.815    302.843    314.658 
                csa_tree_add_46_27_groupi    51     3.712     75.333     79.045 
                m3                           50     2.876     76.610     79.485 
                  m2                          4     0.205      6.259      6.464 
                  m1                          4     0.196      4.416      4.612 
                m4                           50     2.818     93.667     96.485 
                  m2                          4     0.230      9.690      9.920 
                  m1                          4     0.212      7.710      7.923 
                m2                           20     1.209     30.385     31.594 
                  m2                          4     0.223      9.073      9.295 
                  m1                          4     0.212      6.799      7.011 
                m1                           20     1.200     26.848     28.048 
                  m1                          4     0.196      4.416      4.612 
                  m2                          4     0.187      3.480      3.667 
              m1                            187    11.683    238.814    250.497 
                csa_tree_add_46_27_groupi    51     3.748     71.711     75.459 
                m4                           50     2.895     56.247     59.142 
                  m1                          4     0.221      0.000      0.221 
                  m2                          4     0.205      6.258      6.464 
                m3                           46     2.599     69.623     72.222 
                  m1                          4     0.196      4.115      4.311 
                  m2                          4     0.196      4.418      4.614 
                m2                           20     1.242     14.991     16.233 
                  m1                          4     0.221      0.000      0.221 
                  m2                          4     0.187      3.477      3.664 
                m1                           20     1.200     26.241     27.441 
                  m1                          4     0.196      4.419      4.615 
                  m2                          4     0.187      3.479      3.666 
              csa_tree_add_74_27_groupi      64     6.414    151.503    157.917 
            m2                              241    19.398    439.470    458.868 
              m1                            109     8.490    176.724    185.214 
                csa_tree_add_46_27_groupi    51     3.783     71.246     75.029 
                m4                           21     1.721     16.105     17.826 
                  m1                          4     0.221      0.000      0.221 
                  m2                          4     0.205      5.651      5.856 
                m3                           21     1.681     45.252     46.933 
                  m1                          4     0.205      5.348      5.553 
                  m2                          4     0.205      5.651      5.857 
                m2                            8     0.665     21.822     22.487 
                m1                            8     0.639     22.300     22.939 
              m2                            109     8.431    218.076    226.507 
                csa_tree_add_46_27_groupi    51     3.697     90.450     94.148 
                m4                           21     1.742     43.625     45.367 
                  m2                          4     0.230      9.994     10.224 
                  m1                          4     0.212      6.951      7.163 
                m3                           21     1.681     45.551     47.232 
                  m1                          4     0.205      5.344      5.549 
                  m2                          4     0.205      5.651      5.857 
                m2                            8     0.671     16.151     16.823 
                m1                            8     0.639     22.299     22.939 
            m3                              152    10.298    248.964    259.261 
              m1                            144     9.206    231.527    240.733 
                csa_tree_add_46_27_groupi    48     3.479     74.176     77.655 
                m2                           36     2.369     66.165     68.534 
                  m1                          4     0.212      8.276      8.489 
                  m3                          4     0.212      7.515      7.728 
                m4                           30     1.779     53.190     54.969 
                  m1                          4     0.192      6.677      6.869 
                m1                           18     1.067     26.318     27.384 
                  m1                          4     0.212      7.213      7.426 
                  m3                          4     0.203      7.822      8.025 
                m3                           12     0.513     11.678     12.191 
                  m1                          4     0.192      5.462      5.654 
            csa_tree_a..108_35_groupi        66     9.103    224.835    233.938 
            m4                              105     7.369    185.870    193.240 
              csa_tree_add_46_27_groupi      51     3.719     90.923     94.641 
              m3                             21     1.734     40.689     42.422 
                m1                            4     0.212      6.606      6.818 
                m2                            4     0.203      7.518      7.721 
              m4                             17     0.898     25.438     26.336 
                m1                            4     0.192      5.614      5.806 
              m1                              8     0.670     12.381     13.051 
              m2                              8     0.349     16.439     16.789 
        NOR_UNIT                            177    11.231    280.519    291.750 
          SHF_left_unit                     121     7.605    213.220    220.825 
        MUL_EXP_ADJUST_UNIT                  45     3.060     27.554     30.614 
          CLA_8BIT_UNIT                      30     2.150     18.176     20.326 
            CLA_4BIT_UNIT_0                  18     1.184     10.141     11.325 
            CLA_4BIT_UNIT_1                  11     0.912      7.992      8.904 
        MAN_ROUNDING_UNIT                    24     2.773     38.501     41.274 
        LOPD_UNIT                            58     2.723     64.978     67.701 
          LOPD_16bit_UNIT_MSB                34     1.601     40.576     42.177 
            LOPD_8bit_unit_0                 14     0.644     14.669     15.314 
            LOPD_8bit_unit_1                 14     0.642     20.299     20.941 
          LOPD_8bit_UNIT_LSB                 14     0.638      4.950      5.588 
        EXP_ROUNDING_UNIT                    15     0.933      7.104      8.036 
        MUL_EXP_UNIT                         21     0.925     11.146     12.071 
        PSC_UNIT                             12     0.608     24.023     24.631 
      DATA_A_RE                            1127    70.542   1939.135   2009.678 
        MAN_ALU                             219    14.197    325.414    339.611 
          ALU_SUB_UNIT                      120     7.604    162.154    169.758 
            CLA_BLOCK_..CLA_4BIT_UNIT        18     1.304     20.212     21.516 
            CLA_BLOCK_..CLA_4BIT_UNIT        18     1.157     25.025     26.182 
            CLA_BLOCK_..CLA_4BIT_UNIT        18     1.097     25.363     26.460 
            CLA_BLOCK_..CLA_4BIT_UNIT        18     1.067     17.198     18.265 
            CLA_BLOCK_..CLA_4BIT_UNIT        18     1.024     41.199     42.222 
            CLA_BLOCK_..CLA_4BIT_UNIT        15     0.931     19.016     19.947 
        NOR_UNIT                            207    12.692    367.891    380.583 
          SHF_left_unit                     142     8.634    270.574    279.207 
        SHF_RIGHT_MAN                       129     8.420    336.377    344.797 
        PSC_UNIT                             90     4.788    110.191    114.980 
        MAN_COMP_24BIT                       80     4.415    113.712    118.127 
          u_i_data_4                         13     0.745     29.742     30.487 
          u_i_data_3                         13     0.743      9.459     10.201 
          u_i_data_2                         13     0.730     28.577     29.308 
          u_i_data_1                         13     0.709     15.219     15.929 
          u_i_data_5                         12     0.663      3.850      4.513 
          u_i_data_0                         10     0.462     18.779     19.242 
        MAN_SWAP                             48     3.546    105.570    109.116 
        MAN_RND                              26     2.872     50.359     53.230 
        LOPD_24BIT                           58     2.853     63.628     66.481 
          LOPD_16bit_UNIT_MSB                34     1.629     36.137     37.766 
            LOPD_8bit_unit_1                 14     0.661     12.942     13.602 
            LOPD_8bit_unit_0                 14     0.658     23.187     23.844 
          LOPD_8bit_UNIT_LSB                 14     0.685     27.028     27.714 
        MAN_SWAP_PRE                         46     2.809    106.262    109.072 
        EXP_ADJUST                           37     2.322     40.553     42.875 
          CLA_8BIT_UNIT                      30     2.136     40.553     42.689 
            CLA_4BIT_UNIT_0                  18     1.157     31.183     32.340 
            CLA_4BIT_UNIT_1                  11     0.925      9.327     10.252 
        EXP_SUB                              25     1.417     59.732     61.148 
          CLA_8BIT_UNIT                      20     1.317     58.029     59.346 
            CLA_4BIT_UNIT_0                  17     1.132     58.029     59.161 
            CLA_4BIT_UNIT_1                   2     0.141      0.000      0.141 
        EXP_COM_8BIT                         24     1.134     10.473     11.607 
          COMP_LESS_UNIT                     24     1.134     10.473     11.607 
            u_high                           13     0.594      3.178      3.772 
            u_low                            10     0.446      7.295      7.741 
        EXP_RND                              15     0.952     14.805     15.757 
        EXP_SWAP                             13     0.700     21.443     22.143 
        MAN_ALU_PROC_RND                      7     0.442     12.807     13.249 
        SIGN_UNIT                             1     0.061      2.761      2.821 
      DATA_A_IM                            1121    69.550   2079.804   2149.354 
        MAN_ALU                             215    13.563    359.280    372.842 
          ALU_SUB_UNIT                      120     7.194    213.747    220.940 
            CLA_BLOCK_..CLA_4BIT_UNIT        18     1.155     41.744     42.899 
            CLA_BLOCK_..CLA_4BIT_UNIT        15     1.061      2.899      3.960 
            CLA_BLOCK_..CLA_4BIT_UNIT        18     1.044     28.469     29.514 
            CLA_BLOCK_..CLA_4BIT_UNIT        18     1.031     38.244     39.276 
            CLA_BLOCK_..CLA_4BIT_UNIT        18     0.994     40.773     41.768 
            CLA_BLOCK_..CLA_4BIT_UNIT        18     0.948     39.580     40.529 
        NOR_UNIT                            207    12.575    394.515    407.089 
          SHF_left_unit                     142     8.769    217.534    226.302 
        SHF_RIGHT_MAN                       130     8.542    346.876    355.417 
        PSC_UNIT                             86     4.653    108.878    113.531 
        MAN_COMP_24BIT                       80     4.415    113.711    118.126 
          u_i_data_4                         13     0.745     29.739     30.485 
          u_i_data_3                         13     0.743      9.460     10.202 
          u_i_data_2                         13     0.730     28.569     29.299 
          u_i_data_1                         13     0.709     15.219     15.928 
          u_i_data_5                         12     0.663      3.850      4.513 
          u_i_data_0                         10     0.462     18.790     19.252 
        MAN_SWAP                             48     3.572    106.974    110.546 
        MAN_RND                              26     2.879     38.723     41.602 
        MAN_SWAP_PRE                         46     2.797    105.637    108.434 
        LOPD_24BIT                           58     2.605     43.735     46.340 
          LOPD_16bit_UNIT_MSB                34     1.515     21.415     22.930 
            LOPD_8bit_unit_1                 14     0.598      4.323      4.921 
            LOPD_8bit_unit_0                 14     0.597     14.295     14.892 
          LOPD_8bit_UNIT_LSB                 14     0.560     16.771     17.330 
        EXP_ADJUST                           37     2.378     72.074     74.452 
          CLA_8BIT_UNIT                      30     2.012     45.953     47.965 
            CLA_4BIT_UNIT_0                  18     1.149     20.200     21.349 
            CLA_4BIT_UNIT_1                  11     0.818     23.171     23.989 
        EXP_SUB                              25     1.417     60.336     61.753 
          CLA_8BIT_UNIT                      20     1.317     58.634     59.951 
            CLA_4BIT_UNIT_0                  17     1.132     58.634     59.766 
            CLA_4BIT_UNIT_1                   2     0.141      0.000      0.141 
        EXP_COM_8BIT                         24     1.134     10.473     11.607 
          COMP_LESS_UNIT                     24     1.134     10.473     11.607 
            u_high                           13     0.594      3.178      3.772 
            u_low                            10     0.446      7.295      7.741 
        EXP_RND                              15     0.933      7.723      8.656 
        EXP_SWAP                             13     0.700     21.443     22.143 
        MAN_ALU_PROC_RND                      7     0.442     12.807     13.249 
        SIGN_UNIT                             2     0.087      3.855      3.942 
    BFU2_UNIT3                             4488   284.468   6293.822   6578.290 
      DATA_A_IM                            1123    72.022   2007.985   2080.008 
        MAN_ALU                             219    13.997    417.734    431.730 
          ALU_SUB_UNIT                      120     7.153    242.621    249.773 
            CLA_BLOCK_..CLA_4BIT_UNIT        18     1.192     40.687     41.879 
            CLA_BLOCK_..CLA_4BIT_UNIT        18     1.063     35.012     36.075 
            CLA_BLOCK_..CLA_4BIT_UNIT        18     1.018     40.898     41.917 
            CLA_BLOCK_..CLA_4BIT_UNIT        18     1.012     35.308     36.320 
            CLA_BLOCK_..CLA_4BIT_UNIT        18     0.998     35.952     36.950 
            CLA_BLOCK_..CLA_4BIT_UNIT        15     0.921     30.917     31.838 
        NOR_UNIT                            207    13.269    406.530    419.799 
          SHF_left_unit                     142     9.175    263.748    272.922 
        SHF_RIGHT_MAN                       129     8.017    169.380    177.397 
        PSC_UNIT                             87     5.301     89.447     94.748 
        MAN_COMP_24BIT                       80     4.660     92.504     97.163 
          u_i_data_4                         13     0.789     13.837     14.626 
          u_i_data_3                         13     0.777      4.872      5.649 
          u_i_data_1                         13     0.743      7.773      8.516 
          u_i_data_2                         13     0.721      7.492      8.213 
          u_i_data_5                         12     0.651     10.821     11.473 
          u_i_data_0                         10     0.523     14.843     15.366 
        MAN_SWAP                             48     3.333    138.015    141.348 
        MAN_SWAP_PRE                         46     3.298     88.796     92.094 
        MAN_RND                              26     2.962     33.972     36.934 
        LOPD_24BIT                           58     2.777     85.772     88.550 
          LOPD_16bit_UNIT_MSB                34     1.638     53.858     55.496 
            LOPD_8bit_unit_0                 14     0.689     19.572     20.261 
            LOPD_8bit_unit_1                 14     0.641     28.670     29.312 
          LOPD_8bit_UNIT_LSB                 14     0.665     20.353     21.017 
        EXP_ADJUST                           37     2.233     80.122     82.355 
          CLA_8BIT_UNIT                      30     1.877     57.869     59.746 
            CLA_4BIT_UNIT_0                  18     0.997     32.491     33.487 
            CLA_4BIT_UNIT_1                  11     0.826     22.970     23.797 
        EXP_SUB                              25     1.409    105.029    106.438 
          CLA_8BIT_UNIT                      20     1.278     95.910     97.189 
            CLA_4BIT_UNIT_0                  17     1.097     85.235     86.333 
            CLA_4BIT_UNIT_1                   2     0.146     10.668     10.814 
        EXP_COM_8BIT                         24     1.290     78.882     80.171 
          COMP_LESS_UNIT                     24     1.290     78.882     80.171 
            u_high                           13     0.731     22.832     23.563 
            u_low                            10     0.467     16.044     16.511 
        EXP_RND                              15     0.952     14.802     15.754 
        EXP_SWAP                             13     0.768     31.423     32.192 
        MAN_ALU_PROC_RND                      7     0.481     17.089     17.569 
        SIGN_UNIT                             1     0.052      2.769      2.822 
      DATA_B_IM                            1121    71.843   1734.703   1806.545 
        MAN_ALU                             215    14.268    245.329    259.597 
          ALU_SUB_UNIT                      120     7.650     98.265    105.915 
            CLA_BLOCK_..CLA_4BIT_UNIT        18     1.237     24.665     25.902 
            CLA_BLOCK_..CLA_4BIT_UNIT        18     1.133     16.057     17.190 
            CLA_BLOCK_..CLA_4BIT_UNIT        18     1.111     10.755     11.866 
            CLA_BLOCK_..CLA_4BIT_UNIT        15     1.058     15.594     16.652 
            CLA_BLOCK_..CLA_4BIT_UNIT        18     1.043      7.696      8.739 
            CLA_BLOCK_..CLA_4BIT_UNIT        18     1.021     19.637     20.658 
        NOR_UNIT                            207    12.576    330.194    342.770 
          SHF_left_unit                     142     8.636    203.376    212.011 
        SHF_RIGHT_MAN                       129     8.018    169.331    177.348 
        PSC_UNIT                             88     5.488     90.687     96.176 
        MAN_COMP_24BIT                       80     4.660     92.504     97.163 
          u_i_data_4                         13     0.789     13.837     14.626 
          u_i_data_3                         13     0.777      4.872      5.649 
          u_i_data_1                         13     0.743      7.773      8.516 
          u_i_data_2                         13     0.721      7.492      8.213 
          u_i_data_5                         12     0.651     10.821     11.473 
          u_i_data_0                         10     0.523     14.843     15.366 
        MAN_SWAP                             48     3.346    139.239    142.585 
        MAN_SWAP_PRE                         46     3.289     88.796     92.085 
        MAN_RND                              26     2.948     53.713     56.662 
        LOPD_24BIT                           58     2.636     31.953     34.590 
          LOPD_16bit_UNIT_MSB                34     1.503     13.649     15.152 
            LOPD_8bit_unit_0                 14     0.629      4.564      5.193 
            LOPD_8bit_unit_1                 14     0.562      6.278      6.840 
          LOPD_8bit_UNIT_LSB                 14     0.617     12.524     13.141 
        EXP_ADJUST                           37     2.285     73.431     75.716 
          CLA_8BIT_UNIT                      30     2.046     69.340     71.386 
            CLA_4BIT_UNIT_0                  18     1.116     34.995     36.111 
            CLA_4BIT_UNIT_1                  11     0.868     31.942     32.810 
        EXP_SUB                              25     1.409    105.029    106.438 
          CLA_8BIT_UNIT                      20     1.278     95.910     97.189 
            CLA_4BIT_UNIT_0                  17     1.097     85.235     86.333 
            CLA_4BIT_UNIT_1                   2     0.146     10.668     10.814 
        EXP_COM_8BIT                         24     1.290     78.882     80.171 
          COMP_LESS_UNIT                     24     1.290     78.882     80.171 
            u_high                           13     0.731     22.832     23.563 
            u_low                            10     0.467     16.044     16.511 
        EXP_RND                              15     0.974     22.522     23.496 
        EXP_SWAP                             13     0.768     31.423     32.192 
        MAN_ALU_PROC_RND                      7     0.481     17.089     17.569 
        SIGN_UNIT                             2     0.065      3.052      3.117 
      DATA_A_RE                            1123    70.791   1339.208   1409.999 
        MAN_ALU                             219    14.568    291.205    305.773 
          ALU_SUB_UNIT                      120     7.670    164.634    172.304 
            CLA_BLOCK_..CLA_4BIT_UNIT        18     1.144     29.952     31.096 
            CLA_BLOCK_..CLA_4BIT_UNIT        18     1.144     29.424     30.568 
            CLA_BLOCK_..CLA_4BIT_UNIT        18     1.125     17.954     19.079 
            CLA_BLOCK_..CLA_4BIT_UNIT        18     1.119     17.515     18.634 
            CLA_BLOCK_..CLA_4BIT_UNIT        18     1.091     32.411     33.502 
            CLA_BLOCK_..CLA_4BIT_UNIT        15     1.060     23.800     24.860 
        NOR_UNIT                            207    12.653    321.870    334.523 
          SHF_left_unit                     142     8.564    236.852    245.416 
        SHF_RIGHT_MAN                       129     8.148     94.798    102.946 
        PSC_UNIT                             87     4.762     74.387     79.148 
        MAN_COMP_24BIT                       80     4.583    106.710    111.293 
          u_i_data_2                         13     0.817     21.045     21.863 
          u_i_data_4                         13     0.780     16.751     17.531 
          u_i_data_3                         13     0.779     14.865     15.644 
          u_i_data_1                         13     0.705     20.364     21.069 
          u_i_data_5                         12     0.650      9.034      9.685 
          u_i_data_0                         10     0.460     12.197     12.656 
        MAN_SWAP                             48     3.706     75.208     78.914 
        MAN_SWAP_PRE                         46     2.879     91.473     94.352 
        MAN_RND                              26     2.825     52.856     55.681 
        LOPD_24BIT                           58     2.802     63.109     65.912 
          LOPD_16bit_UNIT_MSB                34     1.648     39.155     40.803 
            LOPD_8bit_unit_0                 14     0.698     20.248     20.945 
            LOPD_8bit_unit_1                 14     0.658     18.891     19.549 
          LOPD_8bit_UNIT_LSB                 14     0.629     23.261     23.890 
        EXP_ADJUST                           37     2.318     19.402     21.720 
          CLA_8BIT_UNIT                      30     2.132     19.402     21.534 
            CLA_4BIT_UNIT_0                  18     1.166     10.749     11.915 
            CLA_4BIT_UNIT_1                  11     0.912      8.610      9.522 
        EXP_COM_8BIT                         24     1.395      9.349     10.744 
          COMP_LESS_UNIT                     24     1.395      9.349     10.744 
            u_high                           13     0.786      6.682      7.468 
            u_low                            10     0.500      2.667      3.167 
        EXP_SUB                              25     1.363      2.131      3.494 
          CLA_8BIT_UNIT                      20     1.233      0.125      1.358 
            CLA_4BIT_UNIT_0                  17     1.038      0.125      1.163 
            CLA_4BIT_UNIT_1                   2     0.151      0.000      0.151 
        EXP_RND                              15     0.933      7.723      8.656 
        EXP_SWAP                             13     0.691     12.059     12.750 
        MAN_ALU_PROC_RND                      7     0.431      0.000      0.431 
        SIGN_UNIT                             1     0.053      2.769      2.822 
      DATA_B_RE                            1121    69.811   1211.927   1281.738 
        MAN_ALU                             215    13.883    310.572    324.455 
          ALU_SUB_UNIT                      120     7.114    218.669    225.783 
            CLA_BLOCK_..CLA_4BIT_UNIT        18     1.312     23.763     25.075 
            CLA_BLOCK_..CLA_4BIT_UNIT        18     1.022     37.370     38.392 
            CLA_BLOCK_..CLA_4BIT_UNIT        18     1.004     37.184     38.188 
            CLA_BLOCK_..CLA_4BIT_UNIT        18     0.970     36.917     37.887 
            CLA_BLOCK_..CLA_4BIT_UNIT        18     0.942     22.095     23.037 
            CLA_BLOCK_..CLA_4BIT_UNIT        15     0.919     37.512     38.431 
        NOR_UNIT                            207    12.356    233.506    245.862 
          SHF_left_unit                     142     8.458    168.783    177.242 
        SHF_RIGHT_MAN                       129     8.148     94.795    102.943 
        PSC_UNIT                             88     4.995     68.494     73.489 
        MAN_COMP_24BIT                       80     4.583    106.710    111.293 
          u_i_data_2                         13     0.817     21.045     21.863 
          u_i_data_4                         13     0.780     16.751     17.531 
          u_i_data_3                         13     0.779     14.865     15.644 
          u_i_data_1                         13     0.705     20.364     21.069 
          u_i_data_5                         12     0.650      9.034      9.685 
          u_i_data_0                         10     0.460     12.197     12.656 
        MAN_SWAP                             48     3.719     76.139     79.858 
        MAN_SWAP_PRE                         46     2.866     90.849     93.715 
        MAN_RND                              26     2.859     35.457     38.316 
        LOPD_24BIT                           58     2.526     24.498     27.024 
          LOPD_16bit_UNIT_MSB                34     1.408      6.631      8.039 
            LOPD_8bit_unit_1                 14     0.553      3.658      4.211 
            LOPD_8bit_unit_0                 14     0.538      2.973      3.510 
          LOPD_8bit_UNIT_LSB                 14     0.564     17.636     18.200 
        EXP_ADJUST                           37     2.318     19.402     21.720 
          CLA_8BIT_UNIT                      30     2.132     19.402     21.534 
            CLA_4BIT_UNIT_0                  18     1.166     10.749     11.915 
            CLA_4BIT_UNIT_1                  11     0.912      8.610      9.522 
        EXP_COM_8BIT                         24     1.395      9.349     10.744 
          COMP_LESS_UNIT                     24     1.395      9.349     10.744 
            u_high                           13     0.786      6.682      7.468 
            u_low                            10     0.500      2.667      3.167 
        EXP_SUB                              25     1.363      2.131      3.494 
          CLA_8BIT_UNIT                      20     1.233      0.125      1.358 
            CLA_4BIT_UNIT_0                  17     1.038      0.125      1.163 
            CLA_4BIT_UNIT_1                   2     0.151      0.000      0.151 
        EXP_RND                              15     0.933      7.723      8.656 
        EXP_SWAP                             13     0.691     12.059     12.750 
        MAN_ALU_PROC_RND                      7     0.431      0.000      0.431 
        SIGN_UNIT                             2     0.065      3.052      3.117 
    BFU2_UNIT1                             4488   280.473   6582.076   6862.549 
      DATA_A_IM                            1123    70.402   1750.775   1821.177 
        MAN_ALU                             219    13.358    370.310    383.668 
          ALU_SUB_UNIT                      120     6.792    182.877    189.669 
            CLA_BLOCK_..CLA_4BIT_UNIT        18     1.147     43.072     44.219 
            CLA_BLOCK_..CLA_4BIT_UNIT        18     0.970     34.658     35.629 
            CLA_BLOCK_..CLA_4BIT_UNIT        18     0.955     18.120     19.074 
            CLA_BLOCK_..CLA_4BIT_UNIT        18     0.944     18.608     19.552 
            CLA_BLOCK_..CLA_4BIT_UNIT        18     0.933     34.140     35.073 
            CLA_BLOCK_..CLA_4BIT_UNIT        15     0.928     29.167     30.095 
        NOR_UNIT                            207    12.968    401.006    413.973 
          SHF_left_unit                     142     8.852    271.832    280.684 
        SHF_RIGHT_MAN                       129     7.800    245.515    253.315 
        PSC_UNIT                             87     4.918     64.355     69.273 
        MAN_COMP_24BIT                       80     4.566     76.139     80.705 
          u_i_data_4                         13     0.777     18.721     19.499 
          u_i_data_3                         13     0.763     11.086     11.849 
          u_i_data_1                         13     0.741      8.877      9.618 
          u_i_data_2                         13     0.733     19.591     20.324 
          u_i_data_5                         12     0.610      5.689      6.299 
          u_i_data_0                         10     0.522      8.255      8.776 
        MAN_SWAP                             48     3.561     92.341     95.902 
        MAN_SWAP_PRE                         46     3.178    112.394    115.572 
        MAN_RND                              26     2.940     32.787     35.727 
        LOPD_24BIT                           58     2.714     48.560     51.274 
          LOPD_16bit_UNIT_MSB                34     1.625     25.876     27.501 
            LOPD_8bit_unit_0                 14     0.672      7.492      8.164 
            LOPD_8bit_unit_1                 14     0.641     15.578     16.218 
          LOPD_8bit_UNIT_LSB                 14     0.567     17.135     17.702 
        EXP_ADJUST                           37     2.334     34.720     37.053 
          CLA_8BIT_UNIT                      30     2.094     30.628     32.723 
            CLA_4BIT_UNIT_0                  18     1.121     22.018     23.139 
            CLA_4BIT_UNIT_1                  11     0.912      8.610      9.522 
        EXP_SUB                              25     1.384     50.661     52.044 
          CLA_8BIT_UNIT                      20     1.223     45.858     47.081 
            CLA_4BIT_UNIT_0                  17     1.033     35.190     36.222 
            CLA_4BIT_UNIT_1                   2     0.146     10.668     10.814 
        EXP_COM_8BIT                         24     1.288     68.922     70.210 
          COMP_LESS_UNIT                     24     1.288     68.922     70.210 
            u_high                           13     0.731     22.832     23.563 
            u_low                            10     0.465      6.084      6.549 
        EXP_RND                              15     0.965     11.586     12.550 
        EXP_SWAP                             13     0.834     29.543     30.376 
        MAN_ALU_PROC_RND                      7     0.477     23.105     23.581 
        SIGN_UNIT                             1     0.052      3.550      3.602 
      DATA_B_IM                            1121    70.212   1530.064   1600.276 
        MAN_ALU                             215    13.822    368.570    382.393 
          ALU_SUB_UNIT                      120     7.303    220.547    227.851 
            CLA_BLOCK_..CLA_4BIT_UNIT        18     1.201     40.265     41.466 
            CLA_BLOCK_..CLA_4BIT_UNIT        18     1.083     39.372     40.455 
            CLA_BLOCK_..CLA_4BIT_UNIT        15     1.030     26.498     27.528 
            CLA_BLOCK_..CLA_4BIT_UNIT        18     1.025     32.622     33.647 
            CLA_BLOCK_..CLA_4BIT_UNIT        18     1.009     38.704     39.713 
            CLA_BLOCK_..CLA_4BIT_UNIT        18     0.976     24.879     25.855 
        NOR_UNIT                            207    12.142    220.423    232.565 
          SHF_left_unit                     142     8.380    154.773    163.154 
        SHF_RIGHT_MAN                       129     7.800    246.231    254.030 
        PSC_UNIT                             88     5.133     74.866     79.998 
        MAN_COMP_24BIT                       80     4.566     76.139     80.705 
          u_i_data_4                         13     0.777     18.721     19.499 
          u_i_data_3                         13     0.763     11.086     11.849 
          u_i_data_1                         13     0.741      8.877      9.618 
          u_i_data_2                         13     0.733     19.591     20.324 
          u_i_data_5                         12     0.610      5.689      6.299 
          u_i_data_0                         10     0.522      8.255      8.776 
        MAN_SWAP                             48     3.574     93.119     96.693 
        MAN_SWAP_PRE                         46     3.165    112.394    115.559 
        MAN_RND                              26     2.942     42.255     45.197 
        LOPD_24BIT                           58     2.697     17.807     20.505 
          LOPD_16bit_UNIT_MSB                34     1.603     12.483     14.086 
            LOPD_8bit_unit_0                 14     0.685      4.166      4.851 
            LOPD_8bit_unit_1                 14     0.615      8.317      8.931 
          LOPD_8bit_UNIT_LSB                 14     0.555      5.325      5.880 
        EXP_ADJUST                           37     2.290     26.786     29.076 
          CLA_8BIT_UNIT                      30     2.104     26.786     28.890 
            CLA_4BIT_UNIT_0                  18     1.130     18.176     19.306 
            CLA_4BIT_UNIT_1                  11     0.912      8.610      9.522 
        EXP_SUB                              25     1.384     50.661     52.044 
          CLA_8BIT_UNIT                      20     1.223     45.858     47.081 
            CLA_4BIT_UNIT_0                  17     1.033     35.190     36.222 
            CLA_4BIT_UNIT_1                   2     0.146     10.668     10.814 
        EXP_COM_8BIT                         24     1.288     68.922     70.210 
          COMP_LESS_UNIT                     24     1.288     68.922     70.210 
            u_high                           13     0.731     22.832     23.563 
            u_low                            10     0.465      6.084      6.549 
        EXP_RND                              15     0.958     10.942     11.900 
        EXP_SWAP                             13     0.834     29.543     30.376 
        MAN_ALU_PROC_RND                      7     0.477     23.105     23.581 
        SIGN_UNIT                             2     0.069      0.687      0.756 
      DATA_B_RE                            1121    69.955   1662.427   1732.381 
        MAN_ALU                             215    13.970    359.473    373.443 
          ALU_SUB_UNIT                      120     7.340    181.979    189.319 
            CLA_BLOCK_..CLA_4BIT_UNIT        18     1.271     14.996     16.267 
            CLA_BLOCK_..CLA_4BIT_UNIT        18     1.102     12.716     13.818 
            CLA_BLOCK_..CLA_4BIT_UNIT        18     1.065     31.971     33.036 
            CLA_BLOCK_..CLA_4BIT_UNIT        15     1.016     32.600     33.616 
            CLA_BLOCK_..CLA_4BIT_UNIT        18     0.967     37.997     38.964 
            CLA_BLOCK_..CLA_4BIT_UNIT        18     0.946     30.778     31.723 
        NOR_UNIT                            207    12.120    318.328    330.448 
          SHF_left_unit                     142     8.322    227.220    235.542 
        SHF_RIGHT_MAN                       129     8.043    292.681    300.724 
        PSC_UNIT                             88     4.977     92.356     97.333 
        MAN_COMP_24BIT                       80     4.459    100.203    104.662 
          u_i_data_4                         13     0.751     18.185     18.936 
          u_i_data_1                         13     0.749     33.204     33.953 
          u_i_data_2                         13     0.746     16.681     17.427 
          u_i_data_3                         13     0.714      0.000      0.714 
          u_i_data_5                         12     0.651     12.398     13.049 
          u_i_data_0                         10     0.466     17.551     18.017 
        MAN_SWAP                             48     3.626     79.847     83.472 
        MAN_RND                              26     2.938     46.636     49.574 
        MAN_SWAP_PRE                         46     2.796    100.894    103.690 
        LOPD_24BIT                           58     2.651     38.166     40.817 
          LOPD_16bit_UNIT_MSB                34     1.565     26.713     28.279 
            LOPD_8bit_unit_1                 14     0.649     14.354     15.003 
            LOPD_8bit_unit_0                 14     0.599     12.359     12.958 
          LOPD_8bit_UNIT_LSB                 14     0.532     11.221     11.753 
        EXP_ADJUST                           37     2.310     17.175     19.484 
          CLA_8BIT_UNIT                      30     2.124     17.175     19.298 
            CLA_4BIT_UNIT_0                  18     1.150      8.564      9.714 
            CLA_4BIT_UNIT_1                  11     0.912      8.610      9.522 
        EXP_SUB                              25     1.436     85.623     87.059 
          CLA_8BIT_UNIT                      20     1.306     79.909     81.215 
            CLA_4BIT_UNIT_0                  17     1.116     70.624     71.739 
            CLA_4BIT_UNIT_1                   2     0.155      7.107      7.262 
        EXP_COM_8BIT                         24     1.368     13.449     14.816 
          COMP_LESS_UNIT                     24     1.368     13.449     14.816 
            u_high                           13     0.786      6.682      7.468 
            u_low                            10     0.456      6.767      7.223 
        EXP_RND                              15     0.971      7.723      8.694 
        EXP_SWAP                             13     0.738     17.579     18.318 
        MAN_ALU_PROC_RND                      7     0.475     21.379     21.854 
        SIGN_UNIT                             2     0.058      1.955      2.014 
      DATA_A_RE                            1123    69.905   1638.810   1708.715 
        MAN_ALU                             219    13.811    388.494    402.305 
          ALU_SUB_UNIT                      120     7.112    217.926    225.038 
            CLA_BLOCK_..CLA_4BIT_UNIT        18     1.194     38.880     40.075 
            CLA_BLOCK_..CLA_4BIT_UNIT        18     1.045     37.047     38.091 
            CLA_BLOCK_..CLA_4BIT_UNIT        18     1.013     42.301     43.314 
            CLA_BLOCK_..CLA_4BIT_UNIT        18     0.975     11.169     12.144 
            CLA_BLOCK_..CLA_4BIT_UNIT        18     0.963     35.978     36.941 
            CLA_BLOCK_..CLA_4BIT_UNIT        15     0.962     30.474     31.436 
        NOR_UNIT                            207    12.363    295.508    307.871 
          SHF_left_unit                     142     8.419    207.712    216.131 
        SHF_RIGHT_MAN                       129     8.044    292.631    300.675 
        PSC_UNIT                             87     4.849     77.882     82.732 
        MAN_COMP_24BIT                       80     4.459    100.203    104.662 
          u_i_data_4                         13     0.751     18.185     18.936 
          u_i_data_1                         13     0.749     33.204     33.953 
          u_i_data_2                         13     0.746     16.681     17.427 
          u_i_data_3                         13     0.714      0.000      0.714 
          u_i_data_5                         12     0.651     12.398     13.049 
          u_i_data_0                         10     0.466     17.551     18.017 
        MAN_SWAP                             48     3.607     79.524     83.132 
        MAN_RND                              26     2.928     43.591     46.519 
        MAN_SWAP_PRE                         46     2.809    101.518    104.328 
        LOPD_24BIT                           58     2.699     37.139     39.838 
          LOPD_16bit_UNIT_MSB                34     1.595     21.902     23.497 
            LOPD_8bit_unit_1                 14     0.649     14.354     15.003 
            LOPD_8bit_unit_0                 14     0.629      7.547      8.176 
          LOPD_8bit_UNIT_LSB                 14     0.551     15.006     15.557 
        EXP_ADJUST                           37     2.310     17.175     19.484 
          CLA_8BIT_UNIT                      30     2.124     17.175     19.298 
            CLA_4BIT_UNIT_0                  18     1.150      8.564      9.714 
            CLA_4BIT_UNIT_1                  11     0.912      8.610      9.522 
        EXP_SUB                              25     1.436     85.623     87.059 
          CLA_8BIT_UNIT                      20     1.306     79.909     81.215 
            CLA_4BIT_UNIT_0                  17     1.116     70.624     71.739 
            CLA_4BIT_UNIT_1                   2     0.155      7.107      7.262 
        EXP_COM_8BIT                         24     1.368     13.449     14.816 
          COMP_LESS_UNIT                     24     1.368     13.449     14.816 
            u_high                           13     0.786      6.682      7.468 
            u_low                            10     0.456      6.767      7.223 
        EXP_RND                              15     0.971      7.723      8.694 
        EXP_SWAP                             13     0.738     17.579     18.318 
        MAN_ALU_PROC_RND                      7     0.475     21.379     21.854 
        SIGN_UNIT                             1     0.044      2.761      2.806 
    BFU2_UNIT0                             4486   279.672   7366.696   7646.367 
      DATA_A_IM                            1122    71.293   1763.548   1834.841 
        MAN_ALU                             219    13.607    348.198    361.805 
          ALU_SUB_UNIT                      120     7.211    185.178    192.389 
            CLA_BLOCK_..CLA_4BIT_UNIT        18     1.220     41.102     42.322 
            CLA_BLOCK_..CLA_4BIT_UNIT        18     1.072     22.251     23.323 
            CLA_BLOCK_..CLA_4BIT_UNIT        18     1.045     29.309     30.354 
            CLA_BLOCK_..CLA_4BIT_UNIT        15     0.976     27.072     28.049 
            CLA_BLOCK_..CLA_4BIT_UNIT        18     0.976     23.334     24.310 
            CLA_BLOCK_..CLA_4BIT_UNIT        18     0.941     27.762     28.703 
        NOR_UNIT                            207    13.077    258.949    272.026 
          SHF_left_unit                     142     8.782    130.036    138.819 
        SHF_RIGHT_MAN                       129     8.124    249.068    257.192 
        PSC_UNIT                             86     5.152     70.305     75.457 
        MAN_COMP_24BIT                       80     4.343    111.506    115.849 
          u_i_data_1                         13     0.747     18.232     18.979 
          u_i_data_2                         13     0.733     18.682     19.415 
          u_i_data_4                         13     0.730     20.754     21.484 
          u_i_data_3                         13     0.720     20.598     21.317 
          u_i_data_5                         12     0.556     11.569     12.125 
          u_i_data_0                         10     0.498     19.475     19.973 
        MAN_SWAP                             48     3.544    103.268    106.812 
        MAN_SWAP_PRE                         46     3.170    132.135    135.304 
        MAN_RND                              26     2.952     34.874     37.827 
        LOPD_24BIT                           58     2.811     65.538     68.349 
          LOPD_16bit_UNIT_MSB                34     1.585     34.930     36.515 
            LOPD_8bit_unit_0                 14     0.639      9.702     10.341 
            LOPD_8bit_unit_1                 14     0.634     22.421     23.055 
          LOPD_8bit_UNIT_LSB                 14     0.714     24.597     25.311 
        EXP_ADJUST                           37     2.424     89.261     91.685 
          CLA_8BIT_UNIT                      30     2.068     59.595     61.663 
            CLA_4BIT_UNIT_0                  18     1.126     25.461     26.587 
            CLA_4BIT_UNIT_1                  11     0.888     31.726     32.614 
        EXP_SUB                              25     1.381     58.181     59.561 
          CLA_8BIT_UNIT                      20     1.235     50.461     51.696 
            CLA_4BIT_UNIT_0                  17     1.064     50.454     51.518 
            CLA_4BIT_UNIT_1                   2     0.137      0.000      0.137 
        EXP_COM_8BIT                         24     1.250     71.827     73.077 
          COMP_LESS_UNIT                     24     1.250     71.827     73.077 
            u_high                           13     0.662     18.323     18.985 
            u_low                            10     0.513     13.311     13.824 
        EXP_RND                              15     0.963     19.305     20.268 
        EXP_SWAP                             13     0.894     43.114     44.009 
        MAN_ALU_PROC_RND                      7     0.466      0.000      0.466 
        SIGN_UNIT                             1     0.068      0.691      0.759 
      DATA_B_IM                            1121    70.554   1897.450   1968.004 
        MAN_ALU                             215    13.409    380.866    394.275 
          ALU_SUB_UNIT                      120     7.111    192.184    199.296 
            CLA_BLOCK_..CLA_4BIT_UNIT        18     1.170     34.457     35.627 
            CLA_BLOCK_..CLA_4BIT_UNIT        18     1.107     29.537     30.644 
            CLA_BLOCK_..CLA_4BIT_UNIT        18     0.990     21.172     22.162 
            CLA_BLOCK_..CLA_4BIT_UNIT        15     0.978     27.947     28.924 
            CLA_BLOCK_..CLA_4BIT_UNIT        18     0.964     30.580     31.544 
            CLA_BLOCK_..CLA_4BIT_UNIT        18     0.956     31.186     32.142 
        NOR_UNIT                            207    12.682    345.292    357.974 
          SHF_left_unit                     142     8.698    215.267    223.965 
        SHF_RIGHT_MAN                       130     8.151    259.459    267.610 
        PSC_UNIT                             87     5.182    103.628    108.810 
        MAN_COMP_24BIT                       80     4.343    111.516    115.859 
          u_i_data_1                         13     0.747     18.232     18.979 
          u_i_data_2                         13     0.733     18.673     19.407 
          u_i_data_4                         13     0.730     20.752     21.482 
          u_i_data_3                         13     0.720     20.599     21.318 
          u_i_data_5                         12     0.556     11.574     12.130 
          u_i_data_0                         10     0.498     19.491     19.988 
        MAN_SWAP                             48     3.562    103.442    107.004 
        MAN_SWAP_PRE                         46     3.161    130.904    134.065 
        MAN_RND                              26     2.944     40.919     43.863 
        LOPD_24BIT                           58     2.695     72.444     75.138 
          LOPD_16bit_UNIT_MSB                34     1.612     42.547     44.159 
            LOPD_8bit_unit_0                 14     0.653     17.926     18.579 
            LOPD_8bit_unit_1                 14     0.652     19.010     19.662 
          LOPD_8bit_UNIT_LSB                 14     0.605     18.567     19.171 
        EXP_ADJUST                           37     2.396     45.092     47.488 
          CLA_8BIT_UNIT                      30     2.001     21.875     23.876 
            CLA_4BIT_UNIT_0                  18     1.065     12.098     13.163 
            CLA_4BIT_UNIT_1                  11     0.881      9.772     10.653 
        EXP_SUB                              25     1.381     58.634     60.015 
          CLA_8BIT_UNIT                      20     1.235     50.914     52.149 
            CLA_4BIT_UNIT_0                  17     1.064     50.907     51.971 
            CLA_4BIT_UNIT_1                   2     0.137      0.000      0.137 
        EXP_COM_8BIT                         24     1.250     71.827     73.077 
          COMP_LESS_UNIT                     24     1.250     71.827     73.077 
            u_high                           13     0.662     18.323     18.985 
            u_low                            10     0.513     13.311     13.824 
        EXP_RND                              15     0.931     10.943     11.874 
        EXP_SWAP                             13     0.894     43.114     44.009 
        MAN_ALU_PROC_RND                      7     0.466      0.000      0.466 
        SIGN_UNIT                             2     0.085      3.996      4.080 
      DATA_B_RE                            1121    69.315   1983.963   2053.278 
        MAN_ALU                             215    13.607    318.405    332.012 
          ALU_SUB_UNIT                      120     7.385    193.635    201.020 
            CLA_BLOCK_..CLA_4BIT_UNIT        18     1.185     35.552     36.738 
            CLA_BLOCK_..CLA_4BIT_UNIT        18     1.086     33.763     34.849 
            CLA_BLOCK_..CLA_4BIT_UNIT        18     1.070     27.463     28.533 
            CLA_BLOCK_..CLA_4BIT_UNIT        18     1.062     32.762     33.824 
            CLA_BLOCK_..CLA_4BIT_UNIT        15     1.017     32.330     33.346 
            CLA_BLOCK_..CLA_4BIT_UNIT        18     0.991     11.792     12.783 
        NOR_UNIT                            207    12.397    443.328    455.725 
          SHF_left_unit                     142     8.341    297.623    305.964 
        SHF_RIGHT_MAN                       130     7.836    319.486    327.321 
        PSC_UNIT                             87     4.916     89.080     93.996 
        MAN_COMP_24BIT                       80     4.257     96.090    100.346 
          u_i_data_2                         13     0.735     17.894     18.629 
          u_i_data_1                         13     0.728      5.405      6.133 
          u_i_data_4                         13     0.693     15.134     15.827 
          u_i_data_3                         13     0.677     20.380     21.057 
          u_i_data_5                         12     0.555     12.822     13.377 
          u_i_data_0                         10     0.492     20.262     20.754 
        MAN_SWAP                             48     3.480    130.964    134.444 
        MAN_SWAP_PRE                         46     3.025    141.098    144.123 
        MAN_RND                              26     2.888     37.817     40.704 
        LOPD_24BIT                           58     2.828     69.389     72.217 
          LOPD_16bit_UNIT_MSB                34     1.687     52.109     53.795 
            LOPD_8bit_unit_1                 14     0.714     30.101     30.816 
            LOPD_8bit_unit_0                 14     0.676     14.255     14.931 
          LOPD_8bit_UNIT_LSB                 14     0.606      6.884      7.490 
        EXP_ADJUST                           37     2.353     73.625     75.978 
          CLA_8BIT_UNIT                      30     2.000     52.458     54.457 
            CLA_4BIT_UNIT_0                  18     1.129     26.878     28.007 
            CLA_4BIT_UNIT_1                  11     0.817     23.172     23.989 
        EXP_SUB                              25     1.423     26.996     28.419 
          CLA_8BIT_UNIT                      20     1.293     21.586     22.879 
            CLA_4BIT_UNIT_0                  17     1.121     10.310     11.431 
            CLA_4BIT_UNIT_1                   2     0.146     11.275     11.422 
        EXP_COM_8BIT                         24     1.216     69.873     71.089 
          COMP_LESS_UNIT                     24     1.216     69.873     71.089 
            u_high                           13     0.676     26.231     26.908 
            u_low                            10     0.445      3.797      4.242 
        EXP_RND                              15     0.964     14.805     15.769 
        EXP_SWAP                             13     0.834     30.003     30.837 
        MAN_ALU_PROC_RND                      7     0.458     22.190     22.648 
        SIGN_UNIT                             2     0.061      3.996      4.057 
      DATA_A_RE                            1122    68.510   1721.735   1790.245 
        MAN_ALU                             219    13.196    270.744    283.940 
          ALU_SUB_UNIT                      120     6.902    143.567    150.469 
            CLA_BLOCK_..CLA_4BIT_UNIT        18     1.206     31.032     32.238 
            CLA_BLOCK_..CLA_4BIT_UNIT        18     1.051     39.597     40.648 
            CLA_BLOCK_..CLA_4BIT_UNIT        18     0.973     25.046     26.019 
            CLA_BLOCK_..CLA_4BIT_UNIT        18     0.932      8.543      9.475 
            CLA_BLOCK_..CLA_4BIT_UNIT        18     0.923     14.723     15.646 
            CLA_BLOCK_..CLA_4BIT_UNIT        15     0.889     19.812     20.700 
        NOR_UNIT                            207    12.368    342.059    354.427 
          SHF_left_unit                     142     8.379    202.897    211.276 
        SHF_RIGHT_MAN                       129     7.782    316.550    324.333 
        PSC_UNIT                             86     4.808     62.231     67.039 
        MAN_COMP_24BIT                       80     4.257     96.093    100.349 
          u_i_data_2                         13     0.735     17.903     18.638 
          u_i_data_1                         13     0.728      5.405      6.133 
          u_i_data_4                         13     0.693     15.138     15.831 
          u_i_data_3                         13     0.677     20.379     21.056 
          u_i_data_5                         12     0.555     12.811     13.366 
          u_i_data_0                         10     0.492     20.264     20.756 
        MAN_SWAP                             48     3.462    130.192    133.654 
        MAN_SWAP_PRE                         46     3.046    141.411    144.456 
        MAN_RND                              26     2.893     46.250     49.143 
        LOPD_24BIT                           58     2.667     34.633     37.300 
          LOPD_16bit_UNIT_MSB                34     1.456     17.419     18.876 
            LOPD_8bit_unit_0                 14     0.607     10.539     11.146 
            LOPD_8bit_unit_1                 14     0.539      6.872      7.411 
          LOPD_8bit_UNIT_LSB                 14     0.643     17.214     17.857 
        EXP_ADJUST                           37     2.294     34.545     36.839 
          CLA_8BIT_UNIT                      30     2.094     30.834     32.928 
            CLA_4BIT_UNIT_0                  18     1.121     22.023     23.144 
            CLA_4BIT_UNIT_1                  11     0.912      8.811      9.723 
        EXP_SUB                              25     1.423     27.907     29.331 
          CLA_8BIT_UNIT                      20     1.293     22.497     23.790 
            CLA_4BIT_UNIT_0                  17     1.121     10.310     11.431 
            CLA_4BIT_UNIT_1                   2     0.146     12.187     12.333 
        EXP_COM_8BIT                         24     1.216     69.873     71.089 
          COMP_LESS_UNIT                     24     1.216     69.873     71.089 
            u_high                           13     0.676     26.231     26.908 
            u_low                            10     0.445      3.797      4.242 
        EXP_RND                              15     0.965     11.586     12.550 
        EXP_SWAP                             13     0.834     30.003     30.837 
        MAN_ALU_PROC_RND                      7     0.458     22.189     22.648 
        SIGN_UNIT                             1     0.052      0.691      0.743 
    BFU2_UNIT2                             4486   278.761   7171.561   7450.322 
      DATA_A_RE                            1122    70.510   1844.603   1915.113 
        MAN_ALU                             219    13.565    386.454    400.020 
          ALU_SUB_UNIT                      120     7.234    234.596    241.830 
            CLA_BLOCK_..CLA_4BIT_UNIT        18     1.195     43.206     44.401 
            CLA_BLOCK_..CLA_4BIT_UNIT        18     1.053     34.568     35.621 
            CLA_BLOCK_..CLA_4BIT_UNIT        18     1.041     22.158     23.199 
            CLA_BLOCK_..CLA_4BIT_UNIT        18     1.035     35.328     36.363 
            CLA_BLOCK_..CLA_4BIT_UNIT        15     1.007     33.655     34.661 
            CLA_BLOCK_..CLA_4BIT_UNIT        18     0.962     37.020     37.982 
        NOR_UNIT                            207    12.884    368.185    381.069 
          SHF_left_unit                     142     8.833    227.948    236.781 
        SHF_RIGHT_MAN                       129     7.894    325.704    333.597 
        PSC_UNIT                             86     4.853     81.943     86.796 
        MAN_COMP_24BIT                       80     4.235    106.696    110.930 
          u_i_data_2                         13     0.730     20.703     21.433 
          u_i_data_1                         13     0.705     24.983     25.689 
          u_i_data_4                         13     0.688     14.676     15.363 
          u_i_data_3                         13     0.683     20.166     20.849 
          u_i_data_5                         12     0.580      9.760     10.340 
          u_i_data_0                         10     0.476     14.322     14.798 
        MAN_SWAP                             48     3.438     88.769     92.207 
        MAN_SWAP_PRE                         46     3.424     77.440     80.865 
        MAN_RND                              26     2.958     53.343     56.301 
        LOPD_24BIT                           58     2.876     53.995     56.871 
          LOPD_16bit_UNIT_MSB                34     1.692     27.763     29.455 
            LOPD_8bit_unit_1                 14     0.713     21.069     21.782 
            LOPD_8bit_unit_0                 14     0.666      3.888      4.554 
          LOPD_8bit_UNIT_LSB                 14     0.668     20.451     21.120 
        EXP_ADJUST                           37     2.380     47.943     50.323 
          CLA_8BIT_UNIT                      30     2.141     43.852     45.992 
            CLA_4BIT_UNIT_0                  18     1.121     22.023     23.144 
            CLA_4BIT_UNIT_1                  11     0.958     21.829     22.787 
        EXP_SUB                              25     1.378     37.883     39.261 
          CLA_8BIT_UNIT                      20     1.217     32.776     33.993 
            CLA_4BIT_UNIT_0                  17     1.037     32.776     33.813 
            CLA_4BIT_UNIT_1                   2     0.137      0.000      0.137 
        EXP_COM_8BIT                         24     1.193     23.916     25.109 
          COMP_LESS_UNIT                     24     1.193     23.916     25.109 
            u_high                           13     0.662     18.323     18.985 
            u_low                            10     0.460      5.584      6.044 
        EXP_SWAP                             13     0.982     31.435     32.417 
        EXP_RND                              15     0.977     19.305     20.282 
        MAN_ALU_PROC_RND                      7     0.477     20.656     21.133 
        SIGN_UNIT                             1     0.082      0.000      0.082 
      DATA_B_RE                            1121    69.947   1564.391   1634.337 
        MAN_ALU                             215    13.355    270.750    284.105 
          ALU_SUB_UNIT                      120     7.091    134.245    141.336 
            CLA_BLOCK_..CLA_4BIT_UNIT        18     1.230     36.575     37.805 
            CLA_BLOCK_..CLA_4BIT_UNIT        18     1.047     14.866     15.912 
            CLA_BLOCK_..CLA_4BIT_UNIT        18     1.013     29.656     30.670 
            CLA_BLOCK_..CLA_4BIT_UNIT        18     1.002     16.471     17.473 
            CLA_BLOCK_..CLA_4BIT_UNIT        15     0.932     24.948     25.880 
            CLA_BLOCK_..CLA_4BIT_UNIT        18     0.891      9.071      9.962 
        NOR_UNIT                            207    12.345    279.031    291.376 
          SHF_left_unit                     142     8.471    198.913    207.384 
        SHF_RIGHT_MAN                       130     7.901    328.922    336.824 
        PSC_UNIT                             87     5.226     77.634     82.860 
        MAN_COMP_24BIT                       80     4.235    106.684    110.919 
          u_i_data_2                         13     0.730     20.692     21.422 
          u_i_data_1                         13     0.705     24.982     25.687 
          u_i_data_4                         13     0.688     14.674     15.362 
          u_i_data_3                         13     0.683     20.166     20.849 
          u_i_data_5                         12     0.580      9.764     10.344 
          u_i_data_0                         10     0.476     14.320     14.796 
        MAN_SWAP                             48     3.456     89.392     92.848 
        MAN_SWAP_PRE                         46     3.412     78.065     81.477 
        MAN_RND                              26     2.927     40.120     43.047 
        LOPD_24BIT                           58     2.761     46.431     49.192 
          LOPD_16bit_UNIT_MSB                34     1.598     24.556     26.154 
            LOPD_8bit_unit_1                 14     0.682     18.132     18.815 
            LOPD_8bit_unit_0                 14     0.612      6.424      7.036 
          LOPD_8bit_UNIT_LSB                 14     0.596     21.874     22.470 
        EXP_ADJUST                           37     2.336     40.009     42.345 
          CLA_8BIT_UNIT                      30     2.150     40.009     42.159 
            CLA_4BIT_UNIT_0                  18     1.130     18.180     19.310 
            CLA_4BIT_UNIT_1                  11     0.958     21.829     22.787 
        EXP_SUB                              25     1.378     38.186     39.563 
          CLA_8BIT_UNIT                      20     1.217     33.079     34.296 
            CLA_4BIT_UNIT_0                  17     1.037     33.079     34.116 
            CLA_4BIT_UNIT_1                   2     0.137      0.000      0.137 
        EXP_COM_8BIT                         24     1.193     23.916     25.109 
          COMP_LESS_UNIT                     24     1.193     23.916     25.109 
            u_high                           13     0.662     18.323     18.985 
            u_low                            10     0.460      5.584      6.044 
        EXP_SWAP                             13     0.982     31.435     32.417 
        EXP_RND                              15     0.970     18.661     19.632 
        MAN_ALU_PROC_RND                      7     0.477     20.657     21.134 
        SIGN_UNIT                             2     0.089      0.000      0.089 
      DATA_B_IM                            1121    69.434   1769.802   1839.235 
        MAN_ALU                             215    13.540    346.631    360.171 
          ALU_SUB_UNIT                      120     7.227    207.484    214.710 
            CLA_BLOCK_..CLA_4BIT_UNIT        18     1.135     25.009     26.144 
            CLA_BLOCK_..CLA_4BIT_UNIT        18     1.094     31.018     32.113 
            CLA_BLOCK_..CLA_4BIT_UNIT        18     1.015     29.992     31.007 
            CLA_BLOCK_..CLA_4BIT_UNIT        18     1.008     37.610     38.618 
            CLA_BLOCK_..CLA_4BIT_UNIT        15     1.001     33.693     34.694 
            CLA_BLOCK_..CLA_4BIT_UNIT        18     1.001     36.492     37.493 
        NOR_UNIT                            207    12.536    274.209    286.745 
          SHF_left_unit                     142     8.549    200.414    208.962 
        SHF_RIGHT_MAN                       130     8.184    316.573    324.757 
        PSC_UNIT                             87     4.847     92.195     97.041 
        MAN_COMP_24BIT                       80     4.374     77.787     82.161 
          u_i_data_4                         13     0.756      6.433      7.190 
          u_i_data_3                         13     0.745      8.083      8.828 
          u_i_data_1                         13     0.728     18.881     19.608 
          u_i_data_2                         13     0.707     13.788     14.495 
          u_i_data_5                         12     0.577     10.675     11.252 
          u_i_data_0                         10     0.439     15.840     16.280 
        MAN_SWAP                             48     3.493    120.176    123.669 
        MAN_SWAP_PRE                         46     3.018    132.953    135.972 
        LOPD_24BIT                           58     2.887     23.623     26.511 
          LOPD_16bit_UNIT_MSB                34     1.666     15.918     17.585 
            LOPD_8bit_unit_1                 14     0.706      0.805      1.511 
            LOPD_8bit_unit_0                 14     0.650     15.104     15.754 
          LOPD_8bit_UNIT_LSB                 14     0.668      7.474      8.141 
        MAN_RND                              26     2.857     35.431     38.289 
        EXP_ADJUST                           37     2.296     31.241     33.537 
          CLA_8BIT_UNIT                      30     2.110     31.241     33.351 
            CLA_4BIT_UNIT_0                  18     1.144     22.386     23.530 
            CLA_4BIT_UNIT_1                  11     0.912      8.811      9.723 
        EXP_SUB                              25     1.385     64.582     65.967 
          CLA_8BIT_UNIT                      20     1.255     59.172     60.426 
            CLA_4BIT_UNIT_0                  17     1.064     47.896     48.961 
            CLA_4BIT_UNIT_1                   2     0.146     11.275     11.422 
        EXP_COM_8BIT                         24     1.221     83.462     84.683 
          COMP_LESS_UNIT                     24     1.221     83.462     84.683 
            u_high                           13     0.676     26.231     26.908 
            u_low                            10     0.453     17.220     17.673 
        EXP_RND                              15     0.939     11.586     12.524 
        EXP_SWAP                             13     0.812     30.935     31.747 
        MAN_ALU_PROC_RND                      7     0.474     20.068     20.542 
        SIGN_UNIT                             2     0.061      3.996      4.057 
      DATA_A_IM                            1122    68.870   1992.766   2061.637 
        MAN_ALU                             219    13.298    328.478    341.777 
          ALU_SUB_UNIT                      120     6.926    175.667    182.593 
            CLA_BLOCK_..CLA_4BIT_UNIT        18     1.247     35.031     36.278 
            CLA_BLOCK_..CLA_4BIT_UNIT        18     0.997     27.341     28.339 
            CLA_BLOCK_..CLA_4BIT_UNIT        18     0.973     29.864     30.837 
            CLA_BLOCK_..CLA_4BIT_UNIT        18     0.959     17.657     18.616 
            CLA_BLOCK_..CLA_4BIT_UNIT        18     0.948     26.766     27.714 
            CLA_BLOCK_..CLA_4BIT_UNIT        15     0.891     35.400     36.291 
        NOR_UNIT                            207    12.308    383.455    395.763 
          SHF_left_unit                     142     8.235    236.861    245.096 
        SHF_RIGHT_MAN                       129     8.134    309.238    317.372 
        PSC_UNIT                             86     4.731     99.090    103.820 
        MAN_COMP_24BIT                       80     4.374     77.796     82.170 
          u_i_data_4                         13     0.756      6.435      7.191 
          u_i_data_3                         13     0.745      8.082      8.828 
          u_i_data_1                         13     0.728     18.883     19.610 
          u_i_data_2                         13     0.707     13.797     14.504 
          u_i_data_5                         12     0.577     10.671     11.249 
          u_i_data_0                         10     0.439     15.841     16.280 
        MAN_SWAP                             48     3.459    119.555    123.014 
        MAN_SWAP_PRE                         46     3.035    133.890    136.925 
        MAN_RND                              26     2.903     50.116     53.019 
        LOPD_24BIT                           58     2.675     48.439     51.114 
          LOPD_16bit_UNIT_MSB                34     1.592     31.128     32.720 
            LOPD_8bit_unit_1                 14     0.660     24.113     24.773 
            LOPD_8bit_unit_0                 14     0.628      4.220      4.847 
          LOPD_8bit_UNIT_LSB                 14     0.567     11.530     12.097 
        EXP_ADJUST                           37     2.292     75.635     77.927 
          CLA_8BIT_UNIT                      30     2.042     71.604     73.646 
            CLA_4BIT_UNIT_0                  18     1.112     37.058     38.170 
            CLA_4BIT_UNIT_1                  11     0.868     32.143     33.011 
        EXP_SUB                              25     1.385     64.584     65.968 
          CLA_8BIT_UNIT                      20     1.255     59.173     60.428 
            CLA_4BIT_UNIT_0                  17     1.064     46.986     48.051 
            CLA_4BIT_UNIT_1                   2     0.146     12.187     12.333 
        EXP_COM_8BIT                         24     1.221     83.462     84.683 
          COMP_LESS_UNIT                     24     1.221     83.462     84.683 
            u_high                           13     0.676     26.231     26.908 
            u_low                            10     0.453     17.220     17.673 
        EXP_RND                              15     0.980     18.660     19.640 
        EXP_SWAP                             13     0.812     30.935     31.747 
        MAN_ALU_PROC_RND                      7     0.474     20.069     20.543 
        SIGN_UNIT                             1     0.052      0.691      0.743 
  BFU4_06                                  8973   637.615   3107.923   3745.538 
    BFU2_UNIT1                             4486   318.806   1554.690   1873.496 
      DATA_A_RE                            1122    79.977    329.597    409.574 
        MAN_ALU                             219    15.598    108.812    124.410 
          ALU_SUB_UNIT                      120     8.195      6.440     14.635 
            CLA_BLOCK_..CLA_4BIT_UNIT        18     1.381      0.000      1.381 
            CLA_BLOCK_..CLA_4BIT_UNIT        18     1.198      0.000      1.198 
            CLA_BLOCK_..CLA_4BIT_UNIT        18     1.198      0.000      1.198 
            CLA_BLOCK_..CLA_4BIT_UNIT        18     1.159      0.000      1.159 
            CLA_BLOCK_..CLA_4BIT_UNIT        15     1.106      0.000      1.106 
            CLA_BLOCK_..CLA_4BIT_UNIT        18     1.103      6.440      7.543 
        NOR_UNIT                            207    14.306      0.000     14.306 
          SHF_left_unit                     142     9.574      0.000      9.574 
        SHF_RIGHT_MAN                       129     7.944     11.084     19.028 
        PSC_UNIT                             86     6.733     45.248     51.982 
        MAN_COMP_24BIT                       80     4.795      3.297      8.093 
          u_i_data_2                         13     0.851      0.000      0.851 
          u_i_data_1                         13     0.814      0.000      0.814 
          u_i_data_3                         13     0.814      0.000      0.814 
          u_i_data_4                         13     0.814      0.000      0.814 
          u_i_data_5                         12     0.616      3.297      3.913 
          u_i_data_0                         10     0.511      0.000      0.511 
        MAN_SWAP                             48     3.972      8.774     12.746 
        MAN_SWAP_PRE                         46     3.912      8.309     12.220 
        LOPD_24BIT                           58     3.256      0.000      3.256 
          LOPD_16bit_UNIT_MSB                34     1.894      0.000      1.894 
            LOPD_8bit_unit_0                 14     0.851      0.000      0.851 
            LOPD_8bit_unit_1                 14     0.775      0.000      0.775 
          LOPD_8bit_UNIT_LSB                 14     0.823      0.000      0.823 
        MAN_RND                              26     2.939      0.000      2.939 
        EXP_ADJUST                           37     2.453      0.000      2.453 
          CLA_8BIT_UNIT                      30     2.267      0.000      2.267 
            CLA_4BIT_UNIT_0                  18     1.188      0.000      1.188 
            CLA_4BIT_UNIT_1                  11     1.017      0.000      1.017 
        EXP_COM_8BIT                         24     1.424      0.000      1.424 
          COMP_LESS_UNIT                     24     1.424      0.000      1.424 
            u_high                           13     0.831      0.000      0.831 
            u_low                            10     0.528      0.000      0.528 
        EXP_SUB                              25     1.417      0.000      1.417 
          CLA_8BIT_UNIT                      20     1.211      0.000      1.211 
            CLA_4BIT_UNIT_0                  17     1.068      0.000      1.068 
            CLA_4BIT_UNIT_1                   2     0.117      0.000      0.117 
        EXP_SWAP                             13     1.106      0.000      1.106 
        EXP_RND                              15     1.003      0.000      1.003 
        MAN_ALU_PROC_RND                      7     0.466      0.000      0.466 
        SIGN_UNIT                             1     0.068      2.623      2.690 
      DATA_B_IM                            1121    79.929    320.412    400.341 
        MAN_ALU                             215    15.547    104.066    119.614 
          ALU_SUB_UNIT                      120     8.151      6.744     14.895 
            CLA_BLOCK_..CLA_4BIT_UNIT        18     1.381      0.000      1.381 
            CLA_BLOCK_..CLA_4BIT_UNIT        18     1.198      0.000      1.198 
            CLA_BLOCK_..CLA_4BIT_UNIT        18     1.159      0.000      1.159 
            CLA_BLOCK_..CLA_4BIT_UNIT        18     1.159      0.000      1.159 
            CLA_BLOCK_..CLA_4BIT_UNIT        15     1.106      0.000      1.106 
            CLA_BLOCK_..CLA_4BIT_UNIT        18     1.103      6.744      7.847 
        NOR_UNIT                            207    14.253      0.000     14.253 
          SHF_left_unit                     142     9.575      0.000      9.575 
        SHF_RIGHT_MAN                       130     7.995     11.082     19.076 
        PSC_UNIT                             87     6.729     41.147     47.875 
        MAN_COMP_24BIT                       80     4.795      3.299      8.095 
          u_i_data_2                         13     0.851      0.000      0.851 
          u_i_data_1                         13     0.814      0.000      0.814 
          u_i_data_3                         13     0.814      0.000      0.814 
          u_i_data_4                         13     0.814      0.000      0.814 
          u_i_data_5                         12     0.616      3.299      3.915 
          u_i_data_0                         10     0.511      0.000      0.511 
        MAN_SWAP                             48     3.982      8.777     12.759 
        MAN_SWAP_PRE                         46     3.899      7.684     11.583 
        LOPD_24BIT                           58     3.256      0.000      3.256 
          LOPD_16bit_UNIT_MSB                34     1.894      0.000      1.894 
            LOPD_8bit_unit_0                 14     0.851      0.000      0.851 
            LOPD_8bit_unit_1                 14     0.775      0.000      0.775 
          LOPD_8bit_UNIT_LSB                 14     0.823      0.000      0.823 
        MAN_RND                              26     2.939      0.000      2.939 
        EXP_ADJUST                           37     2.453      0.000      2.453 
          CLA_8BIT_UNIT                      30     2.267      0.000      2.267 
            CLA_4BIT_UNIT_0                  18     1.188      0.000      1.188 
            CLA_4BIT_UNIT_1                  11     1.017      0.000      1.017 
        EXP_COM_8BIT                         24     1.424      0.000      1.424 
          COMP_LESS_UNIT                     24     1.424      0.000      1.424 
            u_high                           13     0.831      0.000      0.831 
            u_low                            10     0.528      0.000      0.528 
        EXP_SUB                              25     1.417      0.000      1.417 
          CLA_8BIT_UNIT                      20     1.211      0.000      1.211 
            CLA_4BIT_UNIT_0                  17     1.068      0.000      1.068 
            CLA_4BIT_UNIT_1                   2     0.117      0.000      0.117 
        EXP_SWAP                             13     1.106      0.000      1.106 
        EXP_RND                              15     1.003      0.000      1.003 
        MAN_ALU_PROC_RND                      7     0.466      0.000      0.466 
        SIGN_UNIT                             2     0.080      2.907      2.988 
      DATA_A_IM                            1122    79.485    459.880    539.366 
        MAN_ALU                             219    14.671    106.043    120.714 
          ALU_SUB_UNIT                      120     6.927      0.514      7.441 
            CLA_BLOCK_..CLA_4BIT_UNIT        18     1.060      0.000      1.060 
            CLA_BLOCK_..CLA_4BIT_UNIT        18     1.060      0.000      1.060 
            CLA_BLOCK_..CLA_4BIT_UNIT        18     1.057      0.000      1.057 
            CLA_BLOCK_..CLA_4BIT_UNIT        18     1.033      0.514      1.547 
            CLA_BLOCK_..CLA_4BIT_UNIT        18     1.006      0.000      1.006 
            CLA_BLOCK_..CLA_4BIT_UNIT        15     0.976      0.000      0.976 
        NOR_UNIT                            207    14.634     43.226     57.861 
          SHF_left_unit                     142     9.607      6.598     16.205 
        SHF_RIGHT_MAN                       129     7.944     11.084     19.028 
        PSC_UNIT                             86     6.770     48.841     55.611 
        MAN_COMP_24BIT                       80     4.795      3.297      8.093 
          u_i_data_2                         13     0.851      0.000      0.851 
          u_i_data_1                         13     0.814      0.000      0.814 
          u_i_data_3                         13     0.814      0.000      0.814 
          u_i_data_4                         13     0.814      0.000      0.814 
          u_i_data_5                         12     0.616      3.297      3.913 
          u_i_data_0                         10     0.511      0.000      0.511 
        MAN_SWAP                             48     3.972      8.774     12.746 
        MAN_SWAP_PRE                         46     3.912      8.309     12.220 
        LOPD_24BIT                           58     3.333     34.069     37.402 
          LOPD_16bit_UNIT_MSB                34     1.938     13.669     15.607 
            LOPD_8bit_unit_0                 14     0.851      0.000      0.851 
            LOPD_8bit_unit_1                 14     0.802      5.780      6.582 
          LOPD_8bit_UNIT_LSB                 14     0.823      0.000      0.823 
        MAN_RND                              26     2.947      0.001      2.948 
        EXP_ADJUST                           37     2.545     36.568     39.113 
          CLA_8BIT_UNIT                      30     2.215     25.766     27.982 
            CLA_4BIT_UNIT_0                  18     1.183      4.154      5.337 
            CLA_4BIT_UNIT_1                  11     0.978     21.607     22.585 
        EXP_COM_8BIT                         24     1.424      0.000      1.424 
          COMP_LESS_UNIT                     24     1.424      0.000      1.424 
            u_high                           13     0.831      0.000      0.831 
            u_low                            10     0.528      0.000      0.528 
        EXP_SUB                              25     1.417      0.000      1.417 
          CLA_8BIT_UNIT                      20     1.211      0.000      1.211 
            CLA_4BIT_UNIT_0                  17     1.068      0.000      1.068 
            CLA_4BIT_UNIT_1                   2     0.117      0.000      0.117 
        EXP_SWAP                             13     1.106      0.000      1.106 
        EXP_RND                              15     0.986     14.805     15.791 
        MAN_ALU_PROC_RND                      7     0.466      0.000      0.466 
        SIGN_UNIT                             1     0.067      2.623      2.690 
      DATA_B_RE                            1121    79.414    444.801    524.215 
        MAN_ALU                             215    14.595    103.302    117.897 
          ALU_SUB_UNIT                      120     6.852      0.514      7.366 
            CLA_BLOCK_..CLA_4BIT_UNIT        18     1.060      0.000      1.060 
            CLA_BLOCK_..CLA_4BIT_UNIT        18     1.057      0.000      1.057 
            CLA_BLOCK_..CLA_4BIT_UNIT        18     1.033      0.514      1.547 
            CLA_BLOCK_..CLA_4BIT_UNIT        18     1.006      0.000      1.006 
            CLA_BLOCK_..CLA_4BIT_UNIT        18     1.006      0.000      1.006 
            CLA_BLOCK_..CLA_4BIT_UNIT        15     0.976      0.000      0.976 
        NOR_UNIT                            207    14.573     42.513     57.085 
          SHF_left_unit                     142     9.608      6.204     15.811 
        SHF_RIGHT_MAN                       130     7.995     11.082     19.076 
        PSC_UNIT                             87     6.775     37.554     44.329 
        MAN_COMP_24BIT                       80     4.795      3.299      8.095 
          u_i_data_2                         13     0.851      0.000      0.851 
          u_i_data_1                         13     0.814      0.000      0.814 
          u_i_data_3                         13     0.814      0.000      0.814 
          u_i_data_4                         13     0.814      0.000      0.814 
          u_i_data_5                         12     0.616      3.299      3.915 
          u_i_data_0                         10     0.511      0.000      0.511 
        MAN_SWAP                             48     3.982      8.777     12.759 
        MAN_SWAP_PRE                         46     3.899      7.684     11.583 
        LOPD_24BIT                           58     3.333     34.069     37.402 
          LOPD_16bit_UNIT_MSB                34     1.938     13.669     15.607 
            LOPD_8bit_unit_0                 14     0.851      0.000      0.851 
            LOPD_8bit_unit_1                 14     0.802      5.780      6.582 
          LOPD_8bit_UNIT_LSB                 14     0.823      0.000      0.823 
        MAN_RND                              26     2.947      0.001      2.948 
        EXP_ADJUST                           37     2.545     36.569     39.113 
          CLA_8BIT_UNIT                      30     2.215     25.766     27.982 
            CLA_4BIT_UNIT_0                  18     1.183      4.154      5.337 
            CLA_4BIT_UNIT_1                  11     0.978     21.607     22.585 
        EXP_COM_8BIT                         24     1.424      0.000      1.424 
          COMP_LESS_UNIT                     24     1.424      0.000      1.424 
            u_high                           13     0.831      0.000      0.831 
            u_low                            10     0.528      0.000      0.528 
        EXP_SUB                              25     1.417      0.000      1.417 
          CLA_8BIT_UNIT                      20     1.211      0.000      1.211 
            CLA_4BIT_UNIT_0                  17     1.068      0.000      1.068 
            CLA_4BIT_UNIT_1                   2     0.117      0.000      0.117 
        EXP_SWAP                             13     1.106      0.000      1.106 
        EXP_RND                              15     0.986     14.805     15.791 
        MAN_ALU_PROC_RND                      7     0.466      0.000      0.466 
        SIGN_UNIT                             2     0.080      2.907      2.988 
    BFU2_UNIT0                             4486   318.783   1548.795   1867.578 
      DATA_A_IM                            1122    79.977    329.597    409.574 
        MAN_ALU                             219    15.598    108.812    124.410 
          ALU_SUB_UNIT                      120     8.195      6.440     14.635 
            CLA_BLOCK_..CLA_4BIT_UNIT        18     1.381      0.000      1.381 
            CLA_BLOCK_..CLA_4BIT_UNIT        18     1.198      0.000      1.198 
            CLA_BLOCK_..CLA_4BIT_UNIT        18     1.198      0.000      1.198 
            CLA_BLOCK_..CLA_4BIT_UNIT        18     1.159      0.000      1.159 
            CLA_BLOCK_..CLA_4BIT_UNIT        15     1.106      0.000      1.106 
            CLA_BLOCK_..CLA_4BIT_UNIT        18     1.103      6.440      7.543 
        NOR_UNIT                            207    14.306      0.000     14.306 
          SHF_left_unit                     142     9.574      0.000      9.574 
        SHF_RIGHT_MAN                       129     7.944     11.084     19.028 
        PSC_UNIT                             86     6.733     45.248     51.982 
        MAN_COMP_24BIT                       80     4.795      3.297      8.093 
          u_i_data_2                         13     0.851      0.000      0.851 
          u_i_data_1                         13     0.814      0.000      0.814 
          u_i_data_3                         13     0.814      0.000      0.814 
          u_i_data_4                         13     0.814      0.000      0.814 
          u_i_data_5                         12     0.616      3.297      3.913 
          u_i_data_0                         10     0.511      0.000      0.511 
        MAN_SWAP                             48     3.972      8.774     12.746 
        MAN_SWAP_PRE                         46     3.912      8.309     12.220 
        LOPD_24BIT                           58     3.256      0.000      3.256 
          LOPD_16bit_UNIT_MSB                34     1.894      0.000      1.894 
            LOPD_8bit_unit_0                 14     0.851      0.000      0.851 
            LOPD_8bit_unit_1                 14     0.775      0.000      0.775 
          LOPD_8bit_UNIT_LSB                 14     0.823      0.000      0.823 
        MAN_RND                              26     2.939      0.000      2.939 
        EXP_ADJUST                           37     2.453      0.000      2.453 
          CLA_8BIT_UNIT                      30     2.267      0.000      2.267 
            CLA_4BIT_UNIT_0                  18     1.188      0.000      1.188 
            CLA_4BIT_UNIT_1                  11     1.017      0.000      1.017 
        EXP_COM_8BIT                         24     1.424      0.000      1.424 
          COMP_LESS_UNIT                     24     1.424      0.000      1.424 
            u_high                           13     0.831      0.000      0.831 
            u_low                            10     0.528      0.000      0.528 
        EXP_SUB                              25     1.417      0.000      1.417 
          CLA_8BIT_UNIT                      20     1.211      0.000      1.211 
            CLA_4BIT_UNIT_0                  17     1.068      0.000      1.068 
            CLA_4BIT_UNIT_1                   2     0.117      0.000      0.117 
        EXP_SWAP                             13     1.106      0.000      1.106 
        EXP_RND                              15     1.003      0.000      1.003 
        MAN_ALU_PROC_RND                      7     0.466      0.000      0.466 
        SIGN_UNIT                             1     0.068      2.623      2.690 
      DATA_A_RE                            1122    79.977    329.597    409.574 
        MAN_ALU                             219    15.598    108.812    124.410 
          ALU_SUB_UNIT                      120     8.195      6.440     14.635 
            CLA_BLOCK_..CLA_4BIT_UNIT        18     1.381      0.000      1.381 
            CLA_BLOCK_..CLA_4BIT_UNIT        18     1.198      0.000      1.198 
            CLA_BLOCK_..CLA_4BIT_UNIT        18     1.198      0.000      1.198 
            CLA_BLOCK_..CLA_4BIT_UNIT        18     1.159      0.000      1.159 
            CLA_BLOCK_..CLA_4BIT_UNIT        15     1.106      0.000      1.106 
            CLA_BLOCK_..CLA_4BIT_UNIT        18     1.103      6.440      7.543 
        NOR_UNIT                            207    14.306      0.000     14.306 
          SHF_left_unit                     142     9.574      0.000      9.574 
        SHF_RIGHT_MAN                       129     7.944     11.084     19.028 
        PSC_UNIT                             86     6.733     45.248     51.982 
        MAN_COMP_24BIT                       80     4.795      3.297      8.093 
          u_i_data_2                         13     0.851      0.000      0.851 
          u_i_data_1                         13     0.814      0.000      0.814 
          u_i_data_3                         13     0.814      0.000      0.814 
          u_i_data_4                         13     0.814      0.000      0.814 
          u_i_data_5                         12     0.616      3.297      3.913 
          u_i_data_0                         10     0.511      0.000      0.511 
        MAN_SWAP                             48     3.972      8.774     12.746 
        MAN_SWAP_PRE                         46     3.912      8.309     12.220 
        LOPD_24BIT                           58     3.256      0.000      3.256 
          LOPD_16bit_UNIT_MSB                34     1.894      0.000      1.894 
            LOPD_8bit_unit_0                 14     0.851      0.000      0.851 
            LOPD_8bit_unit_1                 14     0.775      0.000      0.775 
          LOPD_8bit_UNIT_LSB                 14     0.823      0.000      0.823 
        MAN_RND                              26     2.939      0.000      2.939 
        EXP_ADJUST                           37     2.453      0.000      2.453 
          CLA_8BIT_UNIT                      30     2.267      0.000      2.267 
            CLA_4BIT_UNIT_0                  18     1.188      0.000      1.188 
            CLA_4BIT_UNIT_1                  11     1.017      0.000      1.017 
        EXP_COM_8BIT                         24     1.424      0.000      1.424 
          COMP_LESS_UNIT                     24     1.424      0.000      1.424 
            u_high                           13     0.831      0.000      0.831 
            u_low                            10     0.528      0.000      0.528 
        EXP_SUB                              25     1.417      0.000      1.417 
          CLA_8BIT_UNIT                      20     1.211      0.000      1.211 
            CLA_4BIT_UNIT_0                  17     1.068      0.000      1.068 
            CLA_4BIT_UNIT_1                   2     0.117      0.000      0.117 
        EXP_SWAP                             13     1.106      0.000      1.106 
        EXP_RND                              15     1.003      0.000      1.003 
        MAN_ALU_PROC_RND                      7     0.466      0.000      0.466 
        SIGN_UNIT                             1     0.068      2.623      2.690 
      DATA_B_IM                            1121    79.414    444.801    524.215 
        MAN_ALU                             215    14.595    103.302    117.897 
          ALU_SUB_UNIT                      120     6.852      0.514      7.366 
            CLA_BLOCK_..CLA_4BIT_UNIT        18     1.060      0.000      1.060 
            CLA_BLOCK_..CLA_4BIT_UNIT        18     1.057      0.000      1.057 
            CLA_BLOCK_..CLA_4BIT_UNIT        18     1.033      0.514      1.547 
            CLA_BLOCK_..CLA_4BIT_UNIT        18     1.006      0.000      1.006 
            CLA_BLOCK_..CLA_4BIT_UNIT        18     1.006      0.000      1.006 
            CLA_BLOCK_..CLA_4BIT_UNIT        15     0.976      0.000      0.976 
        NOR_UNIT                            207    14.573     42.513     57.085 
          SHF_left_unit                     142     9.608      6.204     15.811 
        SHF_RIGHT_MAN                       130     7.995     11.082     19.076 
        PSC_UNIT                             87     6.775     37.554     44.329 
        MAN_COMP_24BIT                       80     4.795      3.299      8.095 
          u_i_data_2                         13     0.851      0.000      0.851 
          u_i_data_1                         13     0.814      0.000      0.814 
          u_i_data_3                         13     0.814      0.000      0.814 
          u_i_data_4                         13     0.814      0.000      0.814 
          u_i_data_5                         12     0.616      3.299      3.915 
          u_i_data_0                         10     0.511      0.000      0.511 
        MAN_SWAP                             48     3.982      8.777     12.759 
        MAN_SWAP_PRE                         46     3.899      7.684     11.583 
        LOPD_24BIT                           58     3.333     34.069     37.402 
          LOPD_16bit_UNIT_MSB                34     1.938     13.669     15.607 
            LOPD_8bit_unit_0                 14     0.851      0.000      0.851 
            LOPD_8bit_unit_1                 14     0.802      5.780      6.582 
          LOPD_8bit_UNIT_LSB                 14     0.823      0.000      0.823 
        MAN_RND                              26     2.947      0.001      2.948 
        EXP_ADJUST                           37     2.545     36.569     39.113 
          CLA_8BIT_UNIT                      30     2.215     25.766     27.982 
            CLA_4BIT_UNIT_0                  18     1.183      4.154      5.337 
            CLA_4BIT_UNIT_1                  11     0.978     21.607     22.585 
        EXP_COM_8BIT                         24     1.424      0.000      1.424 
          COMP_LESS_UNIT                     24     1.424      0.000      1.424 
            u_high                           13     0.831      0.000      0.831 
            u_low                            10     0.528      0.000      0.528 
        EXP_SUB                              25     1.417      0.000      1.417 
          CLA_8BIT_UNIT                      20     1.211      0.000      1.211 
            CLA_4BIT_UNIT_0                  17     1.068      0.000      1.068 
            CLA_4BIT_UNIT_1                   2     0.117      0.000      0.117 
        EXP_SWAP                             13     1.106      0.000      1.106 
        EXP_RND                              15     0.986     14.805     15.791 
        MAN_ALU_PROC_RND                      7     0.466      0.000      0.466 
        SIGN_UNIT                             2     0.080      2.907      2.988 
      DATA_B_RE                            1121    79.414    444.801    524.215 
        MAN_ALU                             215    14.595    103.302    117.897 
          ALU_SUB_UNIT                      120     6.852      0.514      7.366 
            CLA_BLOCK_..CLA_4BIT_UNIT        18     1.060      0.000      1.060 
            CLA_BLOCK_..CLA_4BIT_UNIT        18     1.057      0.000      1.057 
            CLA_BLOCK_..CLA_4BIT_UNIT        18     1.033      0.514      1.547 
            CLA_BLOCK_..CLA_4BIT_UNIT        18     1.006      0.000      1.006 
            CLA_BLOCK_..CLA_4BIT_UNIT        18     1.006      0.000      1.006 
            CLA_BLOCK_..CLA_4BIT_UNIT        15     0.976      0.000      0.976 
        NOR_UNIT                            207    14.573     42.513     57.085 
          SHF_left_unit                     142     9.608      6.204     15.811 
        SHF_RIGHT_MAN                       130     7.995     11.082     19.076 
        PSC_UNIT                             87     6.775     37.554     44.329 
        MAN_COMP_24BIT                       80     4.795      3.299      8.095 
          u_i_data_2                         13     0.851      0.000      0.851 
          u_i_data_1                         13     0.814      0.000      0.814 
          u_i_data_3                         13     0.814      0.000      0.814 
          u_i_data_4                         13     0.814      0.000      0.814 
          u_i_data_5                         12     0.616      3.299      3.915 
          u_i_data_0                         10     0.511      0.000      0.511 
        MAN_SWAP                             48     3.982      8.777     12.759 
        MAN_SWAP_PRE                         46     3.899      7.684     11.583 
        LOPD_24BIT                           58     3.333     34.069     37.402 
          LOPD_16bit_UNIT_MSB                34     1.938     13.669     15.607 
            LOPD_8bit_unit_0                 14     0.851      0.000      0.851 
            LOPD_8bit_unit_1                 14     0.802      5.780      6.582 
          LOPD_8bit_UNIT_LSB                 14     0.823      0.000      0.823 
        MAN_RND                              26     2.947      0.001      2.948 
        EXP_ADJUST                           37     2.545     36.569     39.113 
          CLA_8BIT_UNIT                      30     2.215     25.766     27.982 
            CLA_4BIT_UNIT_0                  18     1.183      4.154      5.337 
            CLA_4BIT_UNIT_1                  11     0.978     21.607     22.585 
        EXP_COM_8BIT                         24     1.424      0.000      1.424 
          COMP_LESS_UNIT                     24     1.424      0.000      1.424 
            u_high                           13     0.831      0.000      0.831 
            u_low                            10     0.528      0.000      0.528 
        EXP_SUB                              25     1.417      0.000      1.417 
          CLA_8BIT_UNIT                      20     1.211      0.000      1.211 
            CLA_4BIT_UNIT_0                  17     1.068      0.000      1.068 
            CLA_4BIT_UNIT_1                   2     0.117      0.000      0.117 
        EXP_SWAP                             13     1.106      0.000      1.106 
        EXP_RND                              15     0.986     14.805     15.791 
        MAN_ALU_PROC_RND                      7     0.466      0.000      0.466 
        SIGN_UNIT                             2     0.080      2.907      2.988 
  BFU4_17                                  8973   637.615   3107.923   3745.538 
    BFU2_UNIT1                             4486   318.806   1554.690   1873.496 
      DATA_A_RE                            1122    79.977    329.597    409.574 
        MAN_ALU                             219    15.598    108.812    124.410 
          ALU_SUB_UNIT                      120     8.195      6.440     14.635 
            CLA_BLOCK_..CLA_4BIT_UNIT        18     1.381      0.000      1.381 
            CLA_BLOCK_..CLA_4BIT_UNIT        18     1.198      0.000      1.198 
            CLA_BLOCK_..CLA_4BIT_UNIT        18     1.198      0.000      1.198 
            CLA_BLOCK_..CLA_4BIT_UNIT        18     1.159      0.000      1.159 
            CLA_BLOCK_..CLA_4BIT_UNIT        15     1.106      0.000      1.106 
            CLA_BLOCK_..CLA_4BIT_UNIT        18     1.103      6.440      7.543 
        NOR_UNIT                            207    14.306      0.000     14.306 
          SHF_left_unit                     142     9.574      0.000      9.574 
        SHF_RIGHT_MAN                       129     7.944     11.084     19.028 
        PSC_UNIT                             86     6.733     45.248     51.982 
        MAN_COMP_24BIT                       80     4.795      3.297      8.093 
          u_i_data_2                         13     0.851      0.000      0.851 
          u_i_data_1                         13     0.814      0.000      0.814 
          u_i_data_3                         13     0.814      0.000      0.814 
          u_i_data_4                         13     0.814      0.000      0.814 
          u_i_data_5                         12     0.616      3.297      3.913 
          u_i_data_0                         10     0.511      0.000      0.511 
        MAN_SWAP                             48     3.972      8.774     12.746 
        MAN_SWAP_PRE                         46     3.912      8.309     12.220 
        LOPD_24BIT                           58     3.256      0.000      3.256 
          LOPD_16bit_UNIT_MSB                34     1.894      0.000      1.894 
            LOPD_8bit_unit_0                 14     0.851      0.000      0.851 
            LOPD_8bit_unit_1                 14     0.775      0.000      0.775 
          LOPD_8bit_UNIT_LSB                 14     0.823      0.000      0.823 
        MAN_RND                              26     2.939      0.000      2.939 
        EXP_ADJUST                           37     2.453      0.000      2.453 
          CLA_8BIT_UNIT                      30     2.267      0.000      2.267 
            CLA_4BIT_UNIT_0                  18     1.188      0.000      1.188 
            CLA_4BIT_UNIT_1                  11     1.017      0.000      1.017 
        EXP_COM_8BIT                         24     1.424      0.000      1.424 
          COMP_LESS_UNIT                     24     1.424      0.000      1.424 
            u_high                           13     0.831      0.000      0.831 
            u_low                            10     0.528      0.000      0.528 
        EXP_SUB                              25     1.417      0.000      1.417 
          CLA_8BIT_UNIT                      20     1.211      0.000      1.211 
            CLA_4BIT_UNIT_0                  17     1.068      0.000      1.068 
            CLA_4BIT_UNIT_1                   2     0.117      0.000      0.117 
        EXP_SWAP                             13     1.106      0.000      1.106 
        EXP_RND                              15     1.003      0.000      1.003 
        MAN_ALU_PROC_RND                      7     0.466      0.000      0.466 
        SIGN_UNIT                             1     0.068      2.623      2.690 
      DATA_B_IM                            1121    79.929    320.412    400.341 
        MAN_ALU                             215    15.547    104.066    119.614 
          ALU_SUB_UNIT                      120     8.151      6.744     14.895 
            CLA_BLOCK_..CLA_4BIT_UNIT        18     1.381      0.000      1.381 
            CLA_BLOCK_..CLA_4BIT_UNIT        18     1.198      0.000      1.198 
            CLA_BLOCK_..CLA_4BIT_UNIT        18     1.159      0.000      1.159 
            CLA_BLOCK_..CLA_4BIT_UNIT        18     1.159      0.000      1.159 
            CLA_BLOCK_..CLA_4BIT_UNIT        15     1.106      0.000      1.106 
            CLA_BLOCK_..CLA_4BIT_UNIT        18     1.103      6.744      7.847 
        NOR_UNIT                            207    14.253      0.000     14.253 
          SHF_left_unit                     142     9.575      0.000      9.575 
        SHF_RIGHT_MAN                       130     7.995     11.082     19.076 
        PSC_UNIT                             87     6.729     41.147     47.875 
        MAN_COMP_24BIT                       80     4.795      3.299      8.095 
          u_i_data_2                         13     0.851      0.000      0.851 
          u_i_data_1                         13     0.814      0.000      0.814 
          u_i_data_3                         13     0.814      0.000      0.814 
          u_i_data_4                         13     0.814      0.000      0.814 
          u_i_data_5                         12     0.616      3.299      3.915 
          u_i_data_0                         10     0.511      0.000      0.511 
        MAN_SWAP                             48     3.982      8.777     12.759 
        MAN_SWAP_PRE                         46     3.899      7.684     11.583 
        LOPD_24BIT                           58     3.256      0.000      3.256 
          LOPD_16bit_UNIT_MSB                34     1.894      0.000      1.894 
            LOPD_8bit_unit_0                 14     0.851      0.000      0.851 
            LOPD_8bit_unit_1                 14     0.775      0.000      0.775 
          LOPD_8bit_UNIT_LSB                 14     0.823      0.000      0.823 
        MAN_RND                              26     2.939      0.000      2.939 
        EXP_ADJUST                           37     2.453      0.000      2.453 
          CLA_8BIT_UNIT                      30     2.267      0.000      2.267 
            CLA_4BIT_UNIT_0                  18     1.188      0.000      1.188 
            CLA_4BIT_UNIT_1                  11     1.017      0.000      1.017 
        EXP_COM_8BIT                         24     1.424      0.000      1.424 
          COMP_LESS_UNIT                     24     1.424      0.000      1.424 
            u_high                           13     0.831      0.000      0.831 
            u_low                            10     0.528      0.000      0.528 
        EXP_SUB                              25     1.417      0.000      1.417 
          CLA_8BIT_UNIT                      20     1.211      0.000      1.211 
            CLA_4BIT_UNIT_0                  17     1.068      0.000      1.068 
            CLA_4BIT_UNIT_1                   2     0.117      0.000      0.117 
        EXP_SWAP                             13     1.106      0.000      1.106 
        EXP_RND                              15     1.003      0.000      1.003 
        MAN_ALU_PROC_RND                      7     0.466      0.000      0.466 
        SIGN_UNIT                             2     0.080      2.907      2.988 
      DATA_A_IM                            1122    79.485    459.880    539.366 
        MAN_ALU                             219    14.671    106.043    120.714 
          ALU_SUB_UNIT                      120     6.927      0.514      7.441 
            CLA_BLOCK_..CLA_4BIT_UNIT        18     1.060      0.000      1.060 
            CLA_BLOCK_..CLA_4BIT_UNIT        18     1.060      0.000      1.060 
            CLA_BLOCK_..CLA_4BIT_UNIT        18     1.057      0.000      1.057 
            CLA_BLOCK_..CLA_4BIT_UNIT        18     1.033      0.514      1.547 
            CLA_BLOCK_..CLA_4BIT_UNIT        18     1.006      0.000      1.006 
            CLA_BLOCK_..CLA_4BIT_UNIT        15     0.976      0.000      0.976 
        NOR_UNIT                            207    14.634     43.226     57.861 
          SHF_left_unit                     142     9.607      6.598     16.205 
        SHF_RIGHT_MAN                       129     7.944     11.084     19.028 
        PSC_UNIT                             86     6.770     48.841     55.611 
        MAN_COMP_24BIT                       80     4.795      3.297      8.093 
          u_i_data_2                         13     0.851      0.000      0.851 
          u_i_data_1                         13     0.814      0.000      0.814 
          u_i_data_3                         13     0.814      0.000      0.814 
          u_i_data_4                         13     0.814      0.000      0.814 
          u_i_data_5                         12     0.616      3.297      3.913 
          u_i_data_0                         10     0.511      0.000      0.511 
        MAN_SWAP                             48     3.972      8.774     12.746 
        MAN_SWAP_PRE                         46     3.912      8.309     12.220 
        LOPD_24BIT                           58     3.333     34.069     37.402 
          LOPD_16bit_UNIT_MSB                34     1.938     13.669     15.607 
            LOPD_8bit_unit_0                 14     0.851      0.000      0.851 
            LOPD_8bit_unit_1                 14     0.802      5.780      6.582 
          LOPD_8bit_UNIT_LSB                 14     0.823      0.000      0.823 
        MAN_RND                              26     2.947      0.001      2.948 
        EXP_ADJUST                           37     2.545     36.568     39.113 
          CLA_8BIT_UNIT                      30     2.215     25.766     27.982 
            CLA_4BIT_UNIT_0                  18     1.183      4.154      5.337 
            CLA_4BIT_UNIT_1                  11     0.978     21.607     22.585 
        EXP_COM_8BIT                         24     1.424      0.000      1.424 
          COMP_LESS_UNIT                     24     1.424      0.000      1.424 
            u_high                           13     0.831      0.000      0.831 
            u_low                            10     0.528      0.000      0.528 
        EXP_SUB                              25     1.417      0.000      1.417 
          CLA_8BIT_UNIT                      20     1.211      0.000      1.211 
            CLA_4BIT_UNIT_0                  17     1.068      0.000      1.068 
            CLA_4BIT_UNIT_1                   2     0.117      0.000      0.117 
        EXP_SWAP                             13     1.106      0.000      1.106 
        EXP_RND                              15     0.986     14.805     15.791 
        MAN_ALU_PROC_RND                      7     0.466      0.000      0.466 
        SIGN_UNIT                             1     0.067      2.623      2.690 
      DATA_B_RE                            1121    79.414    444.801    524.215 
        MAN_ALU                             215    14.595    103.302    117.897 
          ALU_SUB_UNIT                      120     6.852      0.514      7.366 
            CLA_BLOCK_..CLA_4BIT_UNIT        18     1.060      0.000      1.060 
            CLA_BLOCK_..CLA_4BIT_UNIT        18     1.057      0.000      1.057 
            CLA_BLOCK_..CLA_4BIT_UNIT        18     1.033      0.514      1.547 
            CLA_BLOCK_..CLA_4BIT_UNIT        18     1.006      0.000      1.006 
            CLA_BLOCK_..CLA_4BIT_UNIT        18     1.006      0.000      1.006 
            CLA_BLOCK_..CLA_4BIT_UNIT        15     0.976      0.000      0.976 
        NOR_UNIT                            207    14.573     42.513     57.085 
          SHF_left_unit                     142     9.608      6.204     15.811 
        SHF_RIGHT_MAN                       130     7.995     11.082     19.076 
        PSC_UNIT                             87     6.775     37.554     44.329 
        MAN_COMP_24BIT                       80     4.795      3.299      8.095 
          u_i_data_2                         13     0.851      0.000      0.851 
          u_i_data_1                         13     0.814      0.000      0.814 
          u_i_data_3                         13     0.814      0.000      0.814 
          u_i_data_4                         13     0.814      0.000      0.814 
          u_i_data_5                         12     0.616      3.299      3.915 
          u_i_data_0                         10     0.511      0.000      0.511 
        MAN_SWAP                             48     3.982      8.777     12.759 
        MAN_SWAP_PRE                         46     3.899      7.684     11.583 
        LOPD_24BIT                           58     3.333     34.069     37.402 
          LOPD_16bit_UNIT_MSB                34     1.938     13.669     15.607 
            LOPD_8bit_unit_0                 14     0.851      0.000      0.851 
            LOPD_8bit_unit_1                 14     0.802      5.780      6.582 
          LOPD_8bit_UNIT_LSB                 14     0.823      0.000      0.823 
        MAN_RND                              26     2.947      0.001      2.948 
        EXP_ADJUST                           37     2.545     36.569     39.113 
          CLA_8BIT_UNIT                      30     2.215     25.766     27.982 
            CLA_4BIT_UNIT_0                  18     1.183      4.154      5.337 
            CLA_4BIT_UNIT_1                  11     0.978     21.607     22.585 
        EXP_COM_8BIT                         24     1.424      0.000      1.424 
          COMP_LESS_UNIT                     24     1.424      0.000      1.424 
            u_high                           13     0.831      0.000      0.831 
            u_low                            10     0.528      0.000      0.528 
        EXP_SUB                              25     1.417      0.000      1.417 
          CLA_8BIT_UNIT                      20     1.211      0.000      1.211 
            CLA_4BIT_UNIT_0                  17     1.068      0.000      1.068 
            CLA_4BIT_UNIT_1                   2     0.117      0.000      0.117 
        EXP_SWAP                             13     1.106      0.000      1.106 
        EXP_RND                              15     0.986     14.805     15.791 
        MAN_ALU_PROC_RND                      7     0.466      0.000      0.466 
        SIGN_UNIT                             2     0.080      2.907      2.988 
    BFU2_UNIT0                             4486   318.783   1548.795   1867.578 
      DATA_A_IM                            1122    79.977    329.597    409.574 
        MAN_ALU                             219    15.598    108.812    124.410 
          ALU_SUB_UNIT                      120     8.195      6.440     14.635 
            CLA_BLOCK_..CLA_4BIT_UNIT        18     1.381      0.000      1.381 
            CLA_BLOCK_..CLA_4BIT_UNIT        18     1.198      0.000      1.198 
            CLA_BLOCK_..CLA_4BIT_UNIT        18     1.198      0.000      1.198 
            CLA_BLOCK_..CLA_4BIT_UNIT        18     1.159      0.000      1.159 
            CLA_BLOCK_..CLA_4BIT_UNIT        15     1.106      0.000      1.106 
            CLA_BLOCK_..CLA_4BIT_UNIT        18     1.103      6.440      7.543 
        NOR_UNIT                            207    14.306      0.000     14.306 
          SHF_left_unit                     142     9.574      0.000      9.574 
        SHF_RIGHT_MAN                       129     7.944     11.084     19.028 
        PSC_UNIT                             86     6.733     45.248     51.982 
        MAN_COMP_24BIT                       80     4.795      3.297      8.093 
          u_i_data_2                         13     0.851      0.000      0.851 
          u_i_data_1                         13     0.814      0.000      0.814 
          u_i_data_3                         13     0.814      0.000      0.814 
          u_i_data_4                         13     0.814      0.000      0.814 
          u_i_data_5                         12     0.616      3.297      3.913 
          u_i_data_0                         10     0.511      0.000      0.511 
        MAN_SWAP                             48     3.972      8.774     12.746 
        MAN_SWAP_PRE                         46     3.912      8.309     12.220 
        LOPD_24BIT                           58     3.256      0.000      3.256 
          LOPD_16bit_UNIT_MSB                34     1.894      0.000      1.894 
            LOPD_8bit_unit_0                 14     0.851      0.000      0.851 
            LOPD_8bit_unit_1                 14     0.775      0.000      0.775 
          LOPD_8bit_UNIT_LSB                 14     0.823      0.000      0.823 
        MAN_RND                              26     2.939      0.000      2.939 
        EXP_ADJUST                           37     2.453      0.000      2.453 
          CLA_8BIT_UNIT                      30     2.267      0.000      2.267 
            CLA_4BIT_UNIT_0                  18     1.188      0.000      1.188 
            CLA_4BIT_UNIT_1                  11     1.017      0.000      1.017 
        EXP_COM_8BIT                         24     1.424      0.000      1.424 
          COMP_LESS_UNIT                     24     1.424      0.000      1.424 
            u_high                           13     0.831      0.000      0.831 
            u_low                            10     0.528      0.000      0.528 
        EXP_SUB                              25     1.417      0.000      1.417 
          CLA_8BIT_UNIT                      20     1.211      0.000      1.211 
            CLA_4BIT_UNIT_0                  17     1.068      0.000      1.068 
            CLA_4BIT_UNIT_1                   2     0.117      0.000      0.117 
        EXP_SWAP                             13     1.106      0.000      1.106 
        EXP_RND                              15     1.003      0.000      1.003 
        MAN_ALU_PROC_RND                      7     0.466      0.000      0.466 
        SIGN_UNIT                             1     0.068      2.623      2.690 
      DATA_A_RE                            1122    79.977    329.597    409.574 
        MAN_ALU                             219    15.598    108.812    124.410 
          ALU_SUB_UNIT                      120     8.195      6.440     14.635 
            CLA_BLOCK_..CLA_4BIT_UNIT        18     1.381      0.000      1.381 
            CLA_BLOCK_..CLA_4BIT_UNIT        18     1.198      0.000      1.198 
            CLA_BLOCK_..CLA_4BIT_UNIT        18     1.198      0.000      1.198 
            CLA_BLOCK_..CLA_4BIT_UNIT        18     1.159      0.000      1.159 
            CLA_BLOCK_..CLA_4BIT_UNIT        15     1.106      0.000      1.106 
            CLA_BLOCK_..CLA_4BIT_UNIT        18     1.103      6.440      7.543 
        NOR_UNIT                            207    14.306      0.000     14.306 
          SHF_left_unit                     142     9.574      0.000      9.574 
        SHF_RIGHT_MAN                       129     7.944     11.084     19.028 
        PSC_UNIT                             86     6.733     45.248     51.982 
        MAN_COMP_24BIT                       80     4.795      3.297      8.093 
          u_i_data_2                         13     0.851      0.000      0.851 
          u_i_data_1                         13     0.814      0.000      0.814 
          u_i_data_3                         13     0.814      0.000      0.814 
          u_i_data_4                         13     0.814      0.000      0.814 
          u_i_data_5                         12     0.616      3.297      3.913 
          u_i_data_0                         10     0.511      0.000      0.511 
        MAN_SWAP                             48     3.972      8.774     12.746 
        MAN_SWAP_PRE                         46     3.912      8.309     12.220 
        LOPD_24BIT                           58     3.256      0.000      3.256 
          LOPD_16bit_UNIT_MSB                34     1.894      0.000      1.894 
            LOPD_8bit_unit_0                 14     0.851      0.000      0.851 
            LOPD_8bit_unit_1                 14     0.775      0.000      0.775 
          LOPD_8bit_UNIT_LSB                 14     0.823      0.000      0.823 
        MAN_RND                              26     2.939      0.000      2.939 
        EXP_ADJUST                           37     2.453      0.000      2.453 
          CLA_8BIT_UNIT                      30     2.267      0.000      2.267 
            CLA_4BIT_UNIT_0                  18     1.188      0.000      1.188 
            CLA_4BIT_UNIT_1                  11     1.017      0.000      1.017 
        EXP_COM_8BIT                         24     1.424      0.000      1.424 
          COMP_LESS_UNIT                     24     1.424      0.000      1.424 
            u_high                           13     0.831      0.000      0.831 
            u_low                            10     0.528      0.000      0.528 
        EXP_SUB                              25     1.417      0.000      1.417 
          CLA_8BIT_UNIT                      20     1.211      0.000      1.211 
            CLA_4BIT_UNIT_0                  17     1.068      0.000      1.068 
            CLA_4BIT_UNIT_1                   2     0.117      0.000      0.117 
        EXP_SWAP                             13     1.106      0.000      1.106 
        EXP_RND                              15     1.003      0.000      1.003 
        MAN_ALU_PROC_RND                      7     0.466      0.000      0.466 
        SIGN_UNIT                             1     0.068      2.623      2.690 
      DATA_B_IM                            1121    79.414    444.801    524.215 
        MAN_ALU                             215    14.595    103.302    117.897 
          ALU_SUB_UNIT                      120     6.852      0.514      7.366 
            CLA_BLOCK_..CLA_4BIT_UNIT        18     1.060      0.000      1.060 
            CLA_BLOCK_..CLA_4BIT_UNIT        18     1.057      0.000      1.057 
            CLA_BLOCK_..CLA_4BIT_UNIT        18     1.033      0.514      1.547 
            CLA_BLOCK_..CLA_4BIT_UNIT        18     1.006      0.000      1.006 
            CLA_BLOCK_..CLA_4BIT_UNIT        18     1.006      0.000      1.006 
            CLA_BLOCK_..CLA_4BIT_UNIT        15     0.976      0.000      0.976 
        NOR_UNIT                            207    14.573     42.513     57.085 
          SHF_left_unit                     142     9.608      6.204     15.811 
        SHF_RIGHT_MAN                       130     7.995     11.082     19.076 
        PSC_UNIT                             87     6.775     37.554     44.329 
        MAN_COMP_24BIT                       80     4.795      3.299      8.095 
          u_i_data_2                         13     0.851      0.000      0.851 
          u_i_data_1                         13     0.814      0.000      0.814 
          u_i_data_3                         13     0.814      0.000      0.814 
          u_i_data_4                         13     0.814      0.000      0.814 
          u_i_data_5                         12     0.616      3.299      3.915 
          u_i_data_0                         10     0.511      0.000      0.511 
        MAN_SWAP                             48     3.982      8.777     12.759 
        MAN_SWAP_PRE                         46     3.899      7.684     11.583 
        LOPD_24BIT                           58     3.333     34.069     37.402 
          LOPD_16bit_UNIT_MSB                34     1.938     13.669     15.607 
            LOPD_8bit_unit_0                 14     0.851      0.000      0.851 
            LOPD_8bit_unit_1                 14     0.802      5.780      6.582 
          LOPD_8bit_UNIT_LSB                 14     0.823      0.000      0.823 
        MAN_RND                              26     2.947      0.001      2.948 
        EXP_ADJUST                           37     2.545     36.569     39.113 
          CLA_8BIT_UNIT                      30     2.215     25.766     27.982 
            CLA_4BIT_UNIT_0                  18     1.183      4.154      5.337 
            CLA_4BIT_UNIT_1                  11     0.978     21.607     22.585 
        EXP_COM_8BIT                         24     1.424      0.000      1.424 
          COMP_LESS_UNIT                     24     1.424      0.000      1.424 
            u_high                           13     0.831      0.000      0.831 
            u_low                            10     0.528      0.000      0.528 
        EXP_SUB                              25     1.417      0.000      1.417 
          CLA_8BIT_UNIT                      20     1.211      0.000      1.211 
            CLA_4BIT_UNIT_0                  17     1.068      0.000      1.068 
            CLA_4BIT_UNIT_1                   2     0.117      0.000      0.117 
        EXP_SWAP                             13     1.106      0.000      1.106 
        EXP_RND                              15     0.986     14.805     15.791 
        MAN_ALU_PROC_RND                      7     0.466      0.000      0.466 
        SIGN_UNIT                             2     0.080      2.907      2.988 
      DATA_B_RE                            1121    79.414    444.801    524.215 
        MAN_ALU                             215    14.595    103.302    117.897 
          ALU_SUB_UNIT                      120     6.852      0.514      7.366 
            CLA_BLOCK_..CLA_4BIT_UNIT        18     1.060      0.000      1.060 
            CLA_BLOCK_..CLA_4BIT_UNIT        18     1.057      0.000      1.057 
            CLA_BLOCK_..CLA_4BIT_UNIT        18     1.033      0.514      1.547 
            CLA_BLOCK_..CLA_4BIT_UNIT        18     1.006      0.000      1.006 
            CLA_BLOCK_..CLA_4BIT_UNIT        18     1.006      0.000      1.006 
            CLA_BLOCK_..CLA_4BIT_UNIT        15     0.976      0.000      0.976 
        NOR_UNIT                            207    14.573     42.513     57.085 
          SHF_left_unit                     142     9.608      6.204     15.811 
        SHF_RIGHT_MAN                       130     7.995     11.082     19.076 
        PSC_UNIT                             87     6.775     37.554     44.329 
        MAN_COMP_24BIT                       80     4.795      3.299      8.095 
          u_i_data_2                         13     0.851      0.000      0.851 
          u_i_data_1                         13     0.814      0.000      0.814 
          u_i_data_3                         13     0.814      0.000      0.814 
          u_i_data_4                         13     0.814      0.000      0.814 
          u_i_data_5                         12     0.616      3.299      3.915 
          u_i_data_0                         10     0.511      0.000      0.511 
        MAN_SWAP                             48     3.982      8.777     12.759 
        MAN_SWAP_PRE                         46     3.899      7.684     11.583 
        LOPD_24BIT                           58     3.333     34.069     37.402 
          LOPD_16bit_UNIT_MSB                34     1.938     13.669     15.607 
            LOPD_8bit_unit_0                 14     0.851      0.000      0.851 
            LOPD_8bit_unit_1                 14     0.802      5.780      6.582 
          LOPD_8bit_UNIT_LSB                 14     0.823      0.000      0.823 
        MAN_RND                              26     2.947      0.001      2.948 
        EXP_ADJUST                           37     2.545     36.569     39.113 
          CLA_8BIT_UNIT                      30     2.215     25.766     27.982 
            CLA_4BIT_UNIT_0                  18     1.183      4.154      5.337 
            CLA_4BIT_UNIT_1                  11     0.978     21.607     22.585 
        EXP_COM_8BIT                         24     1.424      0.000      1.424 
          COMP_LESS_UNIT                     24     1.424      0.000      1.424 
            u_high                           13     0.831      0.000      0.831 
            u_low                            10     0.528      0.000      0.528 
        EXP_SUB                              25     1.417      0.000      1.417 
          CLA_8BIT_UNIT                      20     1.211      0.000      1.211 
            CLA_4BIT_UNIT_0                  17     1.068      0.000      1.068 
            CLA_4BIT_UNIT_1                   2     0.117      0.000      0.117 
        EXP_SWAP                             13     1.106      0.000      1.106 
        EXP_RND                              15     0.986     14.805     15.791 
        MAN_ALU_PROC_RND                      7     0.466      0.000      0.466 
        SIGN_UNIT                             2     0.080      2.907      2.988 
  BFU2_S1_04                               4486   282.667   8676.412   8959.079 
    DATA_B_IM                              1121    71.821   1741.504   1813.324 
      NOR_UNIT                              207    14.215    128.426    142.640 
        SHF_left_unit                       142     9.250     92.117    101.366 
      MAN_ALU                               215    13.244    218.484    231.728 
        ALU_SUB_UNIT                        120     6.952      3.731     10.683 
          CLA_BLOCK_..CLA_4BIT_UNIT          18     1.085      0.517      1.602 
          CLA_BLOCK_..CLA_4BIT_UNIT          18     1.071      0.554      1.625 
          CLA_BLOCK_..CLA_4BIT_UNIT          18     1.022      0.541      1.563 
          CLA_BLOCK_..CLA_4BIT_UNIT          15     1.022      1.034      2.056 
          CLA_BLOCK_..CLA_4BIT_UNIT          18     1.019      0.543      1.562 
          CLA_BLOCK_..CLA_4BIT_UNIT          18     1.019      0.543      1.562 
      SHF_RIGHT_MAN                         130     7.801    424.125    431.927 
      PSC_UNIT                               87     5.143    130.049    135.191 
      MAN_COMP_24BIT                         80     4.295     56.573     60.868 
        u_i_data_2                           13     0.724      9.669     10.392 
        u_i_data_1                           13     0.717      9.601     10.319 
        u_i_data_3                           13     0.717      9.647     10.365 
        u_i_data_4                           13     0.717      9.641     10.358 
        u_i_data_5                           12     0.556      8.790      9.346 
        u_i_data_0                           10     0.490      9.225      9.715 
      MAN_SWAP                               48     3.477    181.755    185.232 
      MAN_SWAP_PRE                           46     3.440    177.903    181.343 
      LOPD_24BIT                             58     3.333     34.069     37.402 
        LOPD_16bit_UNIT_MSB                  34     1.938     13.669     15.607 
          LOPD_8bit_unit_0                   14     0.851      0.000      0.851 
          LOPD_8bit_unit_1                   14     0.802      5.780      6.582 
        LOPD_8bit_UNIT_LSB                   14     0.823      0.000      0.823 
      MAN_RND                                26     2.947      0.001      2.948 
      EXP_ADJUST                             37     2.401     77.490     79.891 
        CLA_8BIT_UNIT                        30     2.071     66.688     68.759 
          CLA_4BIT_UNIT_0                    18     1.128     37.851     38.979 
          CLA_4BIT_UNIT_1                    11     0.898     26.254     27.152 
      EXP_SUB                                25     1.414     19.907     21.322 
        CLA_8BIT_UNIT                        20     1.284     10.485     11.769 
          CLA_4BIT_UNIT_0                    17     1.122     10.485     11.607 
          CLA_4BIT_UNIT_1                     2     0.137      0.000      0.137 
      EXP_COM_8BIT                           24     1.272     18.678     19.950 
        COMP_LESS_UNIT                       24     1.272     18.678     19.950 
          u_high                             13     0.717      9.531     10.249 
          u_low                              10     0.490      9.147      9.637 
      EXP_RND                                15     0.999     11.586     12.585 
      EXP_SWAP                               13     0.968     50.107     51.074 
      MAN_ALU_PROC_RND                        7     0.466      0.000      0.466 
      SIGN_UNIT                               2     0.080      2.905      2.986 
    DATA_B_RE                              1121    71.821   1741.440   1813.260 
      NOR_UNIT                              207    14.215    128.426    142.640 
        SHF_left_unit                       142     9.250     92.117    101.366 
      MAN_ALU                               215    13.244    218.484    231.728 
        ALU_SUB_UNIT                        120     6.952      3.731     10.683 
          CLA_BLOCK_..CLA_4BIT_UNIT          18     1.085      0.517      1.602 
          CLA_BLOCK_..CLA_4BIT_UNIT          18     1.071      0.554      1.625 
          CLA_BLOCK_..CLA_4BIT_UNIT          18     1.022      0.541      1.563 
          CLA_BLOCK_..CLA_4BIT_UNIT          15     1.022      1.034      2.056 
          CLA_BLOCK_..CLA_4BIT_UNIT          18     1.019      0.543      1.562 
          CLA_BLOCK_..CLA_4BIT_UNIT          18     1.019      0.543      1.562 
      SHF_RIGHT_MAN                         130     7.801    424.125    431.927 
      PSC_UNIT                               87     5.143    130.033    135.176 
      MAN_COMP_24BIT                         80     4.295     56.573     60.868 
        u_i_data_2                           13     0.724      9.669     10.392 
        u_i_data_1                           13     0.717      9.601     10.319 
        u_i_data_3                           13     0.717      9.647     10.365 
        u_i_data_4                           13     0.717      9.641     10.358 
        u_i_data_5                           12     0.556      8.790      9.346 
        u_i_data_0                           10     0.490      9.225      9.715 
      MAN_SWAP                               48     3.477    181.755    185.232 
      MAN_SWAP_PRE                           46     3.440    177.879    181.319 
      LOPD_24BIT                             58     3.333     34.069     37.402 
        LOPD_16bit_UNIT_MSB                  34     1.938     13.669     15.607 
          LOPD_8bit_unit_0                   14     0.851      0.000      0.851 
          LOPD_8bit_unit_1                   14     0.802      5.780      6.582 
        LOPD_8bit_UNIT_LSB                   14     0.823      0.000      0.823 
      MAN_RND                                26     2.947      0.001      2.948 
      EXP_ADJUST                             37     2.401     77.490     79.891 
        CLA_8BIT_UNIT                        30     2.071     66.688     68.759 
          CLA_4BIT_UNIT_0                    18     1.128     37.851     38.979 
          CLA_4BIT_UNIT_1                    11     0.898     26.254     27.152 
      EXP_SUB                                25     1.414     19.907     21.322 
        CLA_8BIT_UNIT                        20     1.284     10.485     11.769 
          CLA_4BIT_UNIT_0                    17     1.122     10.485     11.607 
          CLA_4BIT_UNIT_1                     2     0.137      0.000      0.137 
      EXP_COM_8BIT                           24     1.272     18.678     19.950 
        COMP_LESS_UNIT                       24     1.272     18.678     19.950 
          u_high                             13     0.717      9.531     10.249 
          u_low                              10     0.490      9.147      9.637 
      EXP_RND                                15     0.999     11.586     12.585 
      EXP_SWAP                               13     0.968     50.107     51.074 
      MAN_ALU_PROC_RND                        7     0.466      0.000      0.466 
      SIGN_UNIT                               2     0.080      2.905      2.986 
    DATA_A_IM                              1122    69.513   2596.764   2666.277 
      MAN_ALU                               219    13.569    605.566    619.135 
        ALU_SUB_UNIT                        120     7.349    244.075    251.424 
          CLA_BLOCK_..CLA_4BIT_UNIT          18     1.299     37.102     38.401 
          CLA_BLOCK_..CLA_4BIT_UNIT          18     1.045     38.798     39.844 
          CLA_BLOCK_..CLA_4BIT_UNIT          18     1.045     39.101     40.146 
          CLA_BLOCK_..CLA_4BIT_UNIT          18     1.013     41.497     42.509 
          CLA_BLOCK_..CLA_4BIT_UNIT          18     1.008     36.059     37.067 
          CLA_BLOCK_..CLA_4BIT_UNIT          15     0.966     27.711     28.677 
      NOR_UNIT                              207    12.633    541.116    553.750 
        SHF_left_unit                       142     8.471    353.238    361.709 
      SHF_RIGHT_MAN                         129     7.825    413.340    421.164 
      PSC_UNIT                               86     5.014    134.862    139.876 
      MAN_COMP_24BIT                         80     4.295     56.567     60.862 
        u_i_data_2                           13     0.724      9.676     10.400 
        u_i_data_1                           13     0.717      9.601     10.319 
        u_i_data_3                           13     0.717      9.646     10.363 
        u_i_data_4                           13     0.717      9.643     10.361 
        u_i_data_5                           12     0.556      8.784      9.340 
        u_i_data_0                           10     0.490      9.216      9.706 
      MAN_SWAP_PRE                           46     3.453    177.768    181.221 
      MAN_SWAP                               48     3.451    180.648    184.100 
      MAN_RND                                26     2.960     80.969     83.928 
      LOPD_24BIT                             58     2.723     60.323     63.046 
        LOPD_16bit_UNIT_MSB                  34     1.580     38.364     39.944 
          LOPD_8bit_unit_0                   14     0.665     22.705     23.370 
          LOPD_8bit_unit_1                   14     0.622     15.644     16.266 
        LOPD_8bit_UNIT_LSB                   14     0.590     21.958     22.548 
      EXP_ADJUST                             37     2.313     67.756     70.069 
        CLA_8BIT_UNIT                        30     2.113     64.045     66.158 
          CLA_4BIT_UNIT_0                    18     1.118     34.963     36.081 
          CLA_4BIT_UNIT_1                    11     0.934     26.679     27.613 
      EXP_SUB                                25     1.414     19.907     21.322 
        CLA_8BIT_UNIT                        20     1.284     10.485     11.769 
          CLA_4BIT_UNIT_0                    17     1.122     10.485     11.607 
          CLA_4BIT_UNIT_1                     2     0.137      0.000      0.137 
      EXP_COM_8BIT                           24     1.272     18.678     19.950 
        COMP_LESS_UNIT                       24     1.272     18.678     19.950 
          u_high                             13     0.717      9.531     10.249 
          u_low                              10     0.490      9.147      9.637 
      EXP_RND                                15     1.003      0.000      1.003 
      EXP_SWAP                               13     0.968     50.107     51.074 
      MAN_ALU_PROC_RND                        7     0.466      0.000      0.466 
      SIGN_UNIT                               1     0.068      2.621      2.689 
    DATA_A_RE                              1122    69.513   2596.705   2666.217 
      MAN_ALU                               219    13.569    605.566    619.135 
        ALU_SUB_UNIT                        120     7.349    244.075    251.424 
          CLA_BLOCK_..CLA_4BIT_UNIT          18     1.299     37.102     38.401 
          CLA_BLOCK_..CLA_4BIT_UNIT          18     1.045     38.798     39.844 
          CLA_BLOCK_..CLA_4BIT_UNIT          18     1.045     39.101     40.146 
          CLA_BLOCK_..CLA_4BIT_UNIT          18     1.013     41.497     42.509 
          CLA_BLOCK_..CLA_4BIT_UNIT          18     1.008     36.059     37.067 
          CLA_BLOCK_..CLA_4BIT_UNIT          15     0.966     27.711     28.677 
      NOR_UNIT                              207    12.633    541.116    553.750 
        SHF_left_unit                       142     8.471    353.238    361.709 
      SHF_RIGHT_MAN                         129     7.825    413.340    421.164 
      PSC_UNIT                               86     5.014    134.851    139.865 
      MAN_COMP_24BIT                         80     4.295     56.567     60.862 
        u_i_data_2                           13     0.724      9.676     10.400 
        u_i_data_1                           13     0.717      9.601     10.319 
        u_i_data_3                           13     0.717      9.646     10.363 
        u_i_data_4                           13     0.717      9.643     10.361 
        u_i_data_5                           12     0.556      8.784      9.340 
        u_i_data_0                           10     0.490      9.216      9.706 
      MAN_SWAP_PRE                           46     3.453    177.744    181.197 
      MAN_SWAP                               48     3.451    180.648    184.100 
      MAN_RND                                26     2.960     80.969     83.928 
      LOPD_24BIT                             58     2.723     60.323     63.046 
        LOPD_16bit_UNIT_MSB                  34     1.580     38.364     39.944 
          LOPD_8bit_unit_0                   14     0.665     22.705     23.370 
          LOPD_8bit_unit_1                   14     0.622     15.644     16.266 
        LOPD_8bit_UNIT_LSB                   14     0.590     21.958     22.548 
      EXP_ADJUST                             37     2.313     67.756     70.069 
        CLA_8BIT_UNIT                        30     2.113     64.045     66.158 
          CLA_4BIT_UNIT_0                    18     1.118     34.963     36.081 
          CLA_4BIT_UNIT_1                    11     0.934     26.679     27.613 
      EXP_SUB                                25     1.414     19.907     21.322 
        CLA_8BIT_UNIT                        20     1.284     10.485     11.769 
          CLA_4BIT_UNIT_0                    17     1.122     10.485     11.607 
          CLA_4BIT_UNIT_1                     2     0.137      0.000      0.137 
      EXP_COM_8BIT                           24     1.272     18.678     19.950 
        COMP_LESS_UNIT                       24     1.272     18.678     19.950 
          u_high                             13     0.717      9.531     10.249 
          u_low                              10     0.490      9.147      9.637 
      EXP_RND                                15     1.003      0.000      1.003 
      EXP_SWAP                               13     0.968     50.107     51.074 
      MAN_ALU_PROC_RND                        7     0.466      0.000      0.466 
      SIGN_UNIT                               1     0.068      2.621      2.689 
  BFU2_S1_15                               4486   282.667   8676.289   8958.955 
    DATA_B_IM                              1121    71.821   1741.440   1813.260 
      NOR_UNIT                              207    14.215    128.426    142.640 
        SHF_left_unit                       142     9.250     92.117    101.366 
      MAN_ALU                               215    13.244    218.484    231.728 
        ALU_SUB_UNIT                        120     6.952      3.731     10.683 
          CLA_BLOCK_..CLA_4BIT_UNIT          18     1.085      0.517      1.602 
          CLA_BLOCK_..CLA_4BIT_UNIT          18     1.071      0.554      1.625 
          CLA_BLOCK_..CLA_4BIT_UNIT          18     1.022      0.541      1.563 
          CLA_BLOCK_..CLA_4BIT_UNIT          15     1.022      1.034      2.056 
          CLA_BLOCK_..CLA_4BIT_UNIT          18     1.019      0.543      1.562 
          CLA_BLOCK_..CLA_4BIT_UNIT          18     1.019      0.543      1.562 
      SHF_RIGHT_MAN                         130     7.801    424.125    431.927 
      PSC_UNIT                               87     5.143    130.033    135.176 
      MAN_COMP_24BIT                         80     4.295     56.573     60.868 
        u_i_data_2                           13     0.724      9.669     10.392 
        u_i_data_1                           13     0.717      9.601     10.319 
        u_i_data_3                           13     0.717      9.647     10.365 
        u_i_data_4                           13     0.717      9.641     10.358 
        u_i_data_5                           12     0.556      8.790      9.346 
        u_i_data_0                           10     0.490      9.225      9.715 
      MAN_SWAP                               48     3.477    181.755    185.232 
      MAN_SWAP_PRE                           46     3.440    177.879    181.319 
      LOPD_24BIT                             58     3.333     34.069     37.402 
        LOPD_16bit_UNIT_MSB                  34     1.938     13.669     15.607 
          LOPD_8bit_unit_0                   14     0.851      0.000      0.851 
          LOPD_8bit_unit_1                   14     0.802      5.780      6.582 
        LOPD_8bit_UNIT_LSB                   14     0.823      0.000      0.823 
      MAN_RND                                26     2.947      0.001      2.948 
      EXP_ADJUST                             37     2.401     77.490     79.891 
        CLA_8BIT_UNIT                        30     2.071     66.688     68.759 
          CLA_4BIT_UNIT_0                    18     1.128     37.851     38.979 
          CLA_4BIT_UNIT_1                    11     0.898     26.254     27.152 
      EXP_SUB                                25     1.414     19.907     21.322 
        CLA_8BIT_UNIT                        20     1.284     10.485     11.769 
          CLA_4BIT_UNIT_0                    17     1.122     10.485     11.607 
          CLA_4BIT_UNIT_1                     2     0.137      0.000      0.137 
      EXP_COM_8BIT                           24     1.272     18.678     19.950 
        COMP_LESS_UNIT                       24     1.272     18.678     19.950 
          u_high                             13     0.717      9.531     10.249 
          u_low                              10     0.490      9.147      9.637 
      EXP_RND                                15     0.999     11.586     12.585 
      EXP_SWAP                               13     0.968     50.107     51.074 
      MAN_ALU_PROC_RND                        7     0.466      0.000      0.466 
      SIGN_UNIT                               2     0.080      2.905      2.986 
    DATA_B_RE                              1121    71.821   1741.440   1813.260 
      NOR_UNIT                              207    14.215    128.426    142.640 
        SHF_left_unit                       142     9.250     92.117    101.366 
      MAN_ALU                               215    13.244    218.484    231.728 
        ALU_SUB_UNIT                        120     6.952      3.731     10.683 
          CLA_BLOCK_..CLA_4BIT_UNIT          18     1.085      0.517      1.602 
          CLA_BLOCK_..CLA_4BIT_UNIT          18     1.071      0.554      1.625 
          CLA_BLOCK_..CLA_4BIT_UNIT          18     1.022      0.541      1.563 
          CLA_BLOCK_..CLA_4BIT_UNIT          15     1.022      1.034      2.056 
          CLA_BLOCK_..CLA_4BIT_UNIT          18     1.019      0.543      1.562 
          CLA_BLOCK_..CLA_4BIT_UNIT          18     1.019      0.543      1.562 
      SHF_RIGHT_MAN                         130     7.801    424.125    431.927 
      PSC_UNIT                               87     5.143    130.033    135.176 
      MAN_COMP_24BIT                         80     4.295     56.573     60.868 
        u_i_data_2                           13     0.724      9.669     10.392 
        u_i_data_1                           13     0.717      9.601     10.319 
        u_i_data_3                           13     0.717      9.647     10.365 
        u_i_data_4                           13     0.717      9.641     10.358 
        u_i_data_5                           12     0.556      8.790      9.346 
        u_i_data_0                           10     0.490      9.225      9.715 
      MAN_SWAP                               48     3.477    181.755    185.232 
      MAN_SWAP_PRE                           46     3.440    177.879    181.319 
      LOPD_24BIT                             58     3.333     34.069     37.402 
        LOPD_16bit_UNIT_MSB                  34     1.938     13.669     15.607 
          LOPD_8bit_unit_0                   14     0.851      0.000      0.851 
          LOPD_8bit_unit_1                   14     0.802      5.780      6.582 
        LOPD_8bit_UNIT_LSB                   14     0.823      0.000      0.823 
      MAN_RND                                26     2.947      0.001      2.948 
      EXP_ADJUST                             37     2.401     77.490     79.891 
        CLA_8BIT_UNIT                        30     2.071     66.688     68.759 
          CLA_4BIT_UNIT_0                    18     1.128     37.851     38.979 
          CLA_4BIT_UNIT_1                    11     0.898     26.254     27.152 
      EXP_SUB                                25     1.414     19.907     21.322 
        CLA_8BIT_UNIT                        20     1.284     10.485     11.769 
          CLA_4BIT_UNIT_0                    17     1.122     10.485     11.607 
          CLA_4BIT_UNIT_1                     2     0.137      0.000      0.137 
      EXP_COM_8BIT                           24     1.272     18.678     19.950 
        COMP_LESS_UNIT                       24     1.272     18.678     19.950 
          u_high                             13     0.717      9.531     10.249 
          u_low                              10     0.490      9.147      9.637 
      EXP_RND                                15     0.999     11.586     12.585 
      EXP_SWAP                               13     0.968     50.107     51.074 
      MAN_ALU_PROC_RND                        7     0.466      0.000      0.466 
      SIGN_UNIT                               2     0.080      2.905      2.986 
    DATA_A_IM                              1122    69.513   2596.705   2666.217 
      MAN_ALU                               219    13.569    605.566    619.135 
        ALU_SUB_UNIT                        120     7.349    244.075    251.424 
          CLA_BLOCK_..CLA_4BIT_UNIT          18     1.299     37.102     38.401 
          CLA_BLOCK_..CLA_4BIT_UNIT          18     1.045     38.798     39.844 
          CLA_BLOCK_..CLA_4BIT_UNIT          18     1.045     39.101     40.146 
          CLA_BLOCK_..CLA_4BIT_UNIT          18     1.013     41.497     42.509 
          CLA_BLOCK_..CLA_4BIT_UNIT          18     1.008     36.059     37.067 
          CLA_BLOCK_..CLA_4BIT_UNIT          15     0.966     27.711     28.677 
      NOR_UNIT                              207    12.633    541.116    553.750 
        SHF_left_unit                       142     8.471    353.238    361.709 
      SHF_RIGHT_MAN                         129     7.825    413.340    421.164 
      PSC_UNIT                               86     5.014    134.851    139.865 
      MAN_COMP_24BIT                         80     4.295     56.567     60.862 
        u_i_data_2                           13     0.724      9.676     10.400 
        u_i_data_1                           13     0.717      9.601     10.319 
        u_i_data_3                           13     0.717      9.646     10.363 
        u_i_data_4                           13     0.717      9.643     10.361 
        u_i_data_5                           12     0.556      8.784      9.340 
        u_i_data_0                           10     0.490      9.216      9.706 
      MAN_SWAP_PRE                           46     3.453    177.744    181.197 
      MAN_SWAP                               48     3.451    180.648    184.100 
      MAN_RND                                26     2.960     80.969     83.928 
      LOPD_24BIT                             58     2.723     60.323     63.046 
        LOPD_16bit_UNIT_MSB                  34     1.580     38.364     39.944 
          LOPD_8bit_unit_0                   14     0.665     22.705     23.370 
          LOPD_8bit_unit_1                   14     0.622     15.644     16.266 
        LOPD_8bit_UNIT_LSB                   14     0.590     21.958     22.548 
      EXP_ADJUST                             37     2.313     67.756     70.069 
        CLA_8BIT_UNIT                        30     2.113     64.045     66.158 
          CLA_4BIT_UNIT_0                    18     1.118     34.963     36.081 
          CLA_4BIT_UNIT_1                    11     0.934     26.679     27.613 
      EXP_SUB                                25     1.414     19.907     21.322 
        CLA_8BIT_UNIT                        20     1.284     10.485     11.769 
          CLA_4BIT_UNIT_0                    17     1.122     10.485     11.607 
          CLA_4BIT_UNIT_1                     2     0.137      0.000      0.137 
      EXP_COM_8BIT                           24     1.272     18.678     19.950 
        COMP_LESS_UNIT                       24     1.272     18.678     19.950 
          u_high                             13     0.717      9.531     10.249 
          u_low                              10     0.490      9.147      9.637 
      EXP_RND                                15     1.003      0.000      1.003 
      EXP_SWAP                               13     0.968     50.107     51.074 
      MAN_ALU_PROC_RND                        7     0.466      0.000      0.466 
      SIGN_UNIT                               1     0.068      2.621      2.689 
    DATA_A_RE                              1122    69.513   2596.705   2666.217 
      MAN_ALU                               219    13.569    605.566    619.135 
        ALU_SUB_UNIT                        120     7.349    244.075    251.424 
          CLA_BLOCK_..CLA_4BIT_UNIT          18     1.299     37.102     38.401 
          CLA_BLOCK_..CLA_4BIT_UNIT          18     1.045     38.798     39.844 
          CLA_BLOCK_..CLA_4BIT_UNIT          18     1.045     39.101     40.146 
          CLA_BLOCK_..CLA_4BIT_UNIT          18     1.013     41.497     42.509 
          CLA_BLOCK_..CLA_4BIT_UNIT          18     1.008     36.059     37.067 
          CLA_BLOCK_..CLA_4BIT_UNIT          15     0.966     27.711     28.677 
      NOR_UNIT                              207    12.633    541.116    553.750 
        SHF_left_unit                       142     8.471    353.238    361.709 
      SHF_RIGHT_MAN                         129     7.825    413.340    421.164 
      PSC_UNIT                               86     5.014    134.851    139.865 
      MAN_COMP_24BIT                         80     4.295     56.567     60.862 
        u_i_data_2                           13     0.724      9.676     10.400 
        u_i_data_1                           13     0.717      9.601     10.319 
        u_i_data_3                           13     0.717      9.646     10.363 
        u_i_data_4                           13     0.717      9.643     10.361 
        u_i_data_5                           12     0.556      8.784      9.340 
        u_i_data_0                           10     0.490      9.216      9.706 
      MAN_SWAP_PRE                           46     3.453    177.744    181.197 
      MAN_SWAP                               48     3.451    180.648    184.100 
      MAN_RND                                26     2.960     80.969     83.928 
      LOPD_24BIT                             58     2.723     60.323     63.046 
        LOPD_16bit_UNIT_MSB                  34     1.580     38.364     39.944 
          LOPD_8bit_unit_0                   14     0.665     22.705     23.370 
          LOPD_8bit_unit_1                   14     0.622     15.644     16.266 
        LOPD_8bit_UNIT_LSB                   14     0.590     21.958     22.548 
      EXP_ADJUST                             37     2.313     67.756     70.069 
        CLA_8BIT_UNIT                        30     2.113     64.045     66.158 
          CLA_4BIT_UNIT_0                    18     1.118     34.963     36.081 
          CLA_4BIT_UNIT_1                    11     0.934     26.679     27.613 
      EXP_SUB                                25     1.414     19.907     21.322 
        CLA_8BIT_UNIT                        20     1.284     10.485     11.769 
          CLA_4BIT_UNIT_0                    17     1.122     10.485     11.607 
          CLA_4BIT_UNIT_1                     2     0.137      0.000      0.137 
      EXP_COM_8BIT                           24     1.272     18.678     19.950 
        COMP_LESS_UNIT                       24     1.272     18.678     19.950 
          u_high                             13     0.717      9.531     10.249 
          u_low                              10     0.490      9.147      9.637 
      EXP_RND                                15     1.003      0.000      1.003 
      EXP_SWAP                               13     0.968     50.107     51.074 
      MAN_ALU_PROC_RND                        7     0.466      0.000      0.466 
      SIGN_UNIT                               1     0.068      2.621      2.689 
  BFU2_S1_26                               4486   282.667   8676.289   8958.955 
    DATA_B_IM                              1121    71.821   1741.440   1813.260 
      NOR_UNIT                              207    14.215    128.426    142.640 
        SHF_left_unit                       142     9.250     92.117    101.366 
      MAN_ALU                               215    13.244    218.484    231.728 
        ALU_SUB_UNIT                        120     6.952      3.731     10.683 
          CLA_BLOCK_..CLA_4BIT_UNIT          18     1.085      0.517      1.602 
          CLA_BLOCK_..CLA_4BIT_UNIT          18     1.071      0.554      1.625 
          CLA_BLOCK_..CLA_4BIT_UNIT          18     1.022      0.541      1.563 
          CLA_BLOCK_..CLA_4BIT_UNIT          15     1.022      1.034      2.056 
          CLA_BLOCK_..CLA_4BIT_UNIT          18     1.019      0.543      1.562 
          CLA_BLOCK_..CLA_4BIT_UNIT          18     1.019      0.543      1.562 
      SHF_RIGHT_MAN                         130     7.801    424.125    431.927 
      PSC_UNIT                               87     5.143    130.033    135.176 
      MAN_COMP_24BIT                         80     4.295     56.573     60.868 
        u_i_data_2                           13     0.724      9.669     10.392 
        u_i_data_1                           13     0.717      9.601     10.319 
        u_i_data_3                           13     0.717      9.647     10.365 
        u_i_data_4                           13     0.717      9.641     10.358 
        u_i_data_5                           12     0.556      8.790      9.346 
        u_i_data_0                           10     0.490      9.225      9.715 
      MAN_SWAP                               48     3.477    181.755    185.232 
      MAN_SWAP_PRE                           46     3.440    177.879    181.319 
      LOPD_24BIT                             58     3.333     34.069     37.402 
        LOPD_16bit_UNIT_MSB                  34     1.938     13.669     15.607 
          LOPD_8bit_unit_0                   14     0.851      0.000      0.851 
          LOPD_8bit_unit_1                   14     0.802      5.780      6.582 
        LOPD_8bit_UNIT_LSB                   14     0.823      0.000      0.823 
      MAN_RND                                26     2.947      0.001      2.948 
      EXP_ADJUST                             37     2.401     77.490     79.891 
        CLA_8BIT_UNIT                        30     2.071     66.688     68.759 
          CLA_4BIT_UNIT_0                    18     1.128     37.851     38.979 
          CLA_4BIT_UNIT_1                    11     0.898     26.254     27.152 
      EXP_SUB                                25     1.414     19.907     21.322 
        CLA_8BIT_UNIT                        20     1.284     10.485     11.769 
          CLA_4BIT_UNIT_0                    17     1.122     10.485     11.607 
          CLA_4BIT_UNIT_1                     2     0.137      0.000      0.137 
      EXP_COM_8BIT                           24     1.272     18.678     19.950 
        COMP_LESS_UNIT                       24     1.272     18.678     19.950 
          u_high                             13     0.717      9.531     10.249 
          u_low                              10     0.490      9.147      9.637 
      EXP_RND                                15     0.999     11.586     12.585 
      EXP_SWAP                               13     0.968     50.107     51.074 
      MAN_ALU_PROC_RND                        7     0.466      0.000      0.466 
      SIGN_UNIT                               2     0.080      2.905      2.986 
    DATA_B_RE                              1121    71.821   1741.440   1813.260 
      NOR_UNIT                              207    14.215    128.426    142.640 
        SHF_left_unit                       142     9.250     92.117    101.366 
      MAN_ALU                               215    13.244    218.484    231.728 
        ALU_SUB_UNIT                        120     6.952      3.731     10.683 
          CLA_BLOCK_..CLA_4BIT_UNIT          18     1.085      0.517      1.602 
          CLA_BLOCK_..CLA_4BIT_UNIT          18     1.071      0.554      1.625 
          CLA_BLOCK_..CLA_4BIT_UNIT          18     1.022      0.541      1.563 
          CLA_BLOCK_..CLA_4BIT_UNIT          15     1.022      1.034      2.056 
          CLA_BLOCK_..CLA_4BIT_UNIT          18     1.019      0.543      1.562 
          CLA_BLOCK_..CLA_4BIT_UNIT          18     1.019      0.543      1.562 
      SHF_RIGHT_MAN                         130     7.801    424.125    431.927 
      PSC_UNIT                               87     5.143    130.033    135.176 
      MAN_COMP_24BIT                         80     4.295     56.573     60.868 
        u_i_data_2                           13     0.724      9.669     10.392 
        u_i_data_1                           13     0.717      9.601     10.319 
        u_i_data_3                           13     0.717      9.647     10.365 
        u_i_data_4                           13     0.717      9.641     10.358 
        u_i_data_5                           12     0.556      8.790      9.346 
        u_i_data_0                           10     0.490      9.225      9.715 
      MAN_SWAP                               48     3.477    181.755    185.232 
      MAN_SWAP_PRE                           46     3.440    177.879    181.319 
      LOPD_24BIT                             58     3.333     34.069     37.402 
        LOPD_16bit_UNIT_MSB                  34     1.938     13.669     15.607 
          LOPD_8bit_unit_0                   14     0.851      0.000      0.851 
          LOPD_8bit_unit_1                   14     0.802      5.780      6.582 
        LOPD_8bit_UNIT_LSB                   14     0.823      0.000      0.823 
      MAN_RND                                26     2.947      0.001      2.948 
      EXP_ADJUST                             37     2.401     77.490     79.891 
        CLA_8BIT_UNIT                        30     2.071     66.688     68.759 
          CLA_4BIT_UNIT_0                    18     1.128     37.851     38.979 
          CLA_4BIT_UNIT_1                    11     0.898     26.254     27.152 
      EXP_SUB                                25     1.414     19.907     21.322 
        CLA_8BIT_UNIT                        20     1.284     10.485     11.769 
          CLA_4BIT_UNIT_0                    17     1.122     10.485     11.607 
          CLA_4BIT_UNIT_1                     2     0.137      0.000      0.137 
      EXP_COM_8BIT                           24     1.272     18.678     19.950 
        COMP_LESS_UNIT                       24     1.272     18.678     19.950 
          u_high                             13     0.717      9.531     10.249 
          u_low                              10     0.490      9.147      9.637 
      EXP_RND                                15     0.999     11.586     12.585 
      EXP_SWAP                               13     0.968     50.107     51.074 
      MAN_ALU_PROC_RND                        7     0.466      0.000      0.466 
      SIGN_UNIT                               2     0.080      2.905      2.986 
    DATA_A_IM                              1122    69.513   2596.705   2666.217 
      MAN_ALU                               219    13.569    605.566    619.135 
        ALU_SUB_UNIT                        120     7.349    244.075    251.424 
          CLA_BLOCK_..CLA_4BIT_UNIT          18     1.299     37.102     38.401 
          CLA_BLOCK_..CLA_4BIT_UNIT          18     1.045     38.798     39.844 
          CLA_BLOCK_..CLA_4BIT_UNIT          18     1.045     39.101     40.146 
          CLA_BLOCK_..CLA_4BIT_UNIT          18     1.013     41.497     42.509 
          CLA_BLOCK_..CLA_4BIT_UNIT          18     1.008     36.059     37.067 
          CLA_BLOCK_..CLA_4BIT_UNIT          15     0.966     27.711     28.677 
      NOR_UNIT                              207    12.633    541.116    553.750 
        SHF_left_unit                       142     8.471    353.238    361.709 
      SHF_RIGHT_MAN                         129     7.825    413.340    421.164 
      PSC_UNIT                               86     5.014    134.851    139.865 
      MAN_COMP_24BIT                         80     4.295     56.567     60.862 
        u_i_data_2                           13     0.724      9.676     10.400 
        u_i_data_1                           13     0.717      9.601     10.319 
        u_i_data_3                           13     0.717      9.646     10.363 
        u_i_data_4                           13     0.717      9.643     10.361 
        u_i_data_5                           12     0.556      8.784      9.340 
        u_i_data_0                           10     0.490      9.216      9.706 
      MAN_SWAP_PRE                           46     3.453    177.744    181.197 
      MAN_SWAP                               48     3.451    180.648    184.100 
      MAN_RND                                26     2.960     80.969     83.928 
      LOPD_24BIT                             58     2.723     60.323     63.046 
        LOPD_16bit_UNIT_MSB                  34     1.580     38.364     39.944 
          LOPD_8bit_unit_0                   14     0.665     22.705     23.370 
          LOPD_8bit_unit_1                   14     0.622     15.644     16.266 
        LOPD_8bit_UNIT_LSB                   14     0.590     21.958     22.548 
      EXP_ADJUST                             37     2.313     67.756     70.069 
        CLA_8BIT_UNIT                        30     2.113     64.045     66.158 
          CLA_4BIT_UNIT_0                    18     1.118     34.963     36.081 
          CLA_4BIT_UNIT_1                    11     0.934     26.679     27.613 
      EXP_SUB                                25     1.414     19.907     21.322 
        CLA_8BIT_UNIT                        20     1.284     10.485     11.769 
          CLA_4BIT_UNIT_0                    17     1.122     10.485     11.607 
          CLA_4BIT_UNIT_1                     2     0.137      0.000      0.137 
      EXP_COM_8BIT                           24     1.272     18.678     19.950 
        COMP_LESS_UNIT                       24     1.272     18.678     19.950 
          u_high                             13     0.717      9.531     10.249 
          u_low                              10     0.490      9.147      9.637 
      EXP_RND                                15     1.003      0.000      1.003 
      EXP_SWAP                               13     0.968     50.107     51.074 
      MAN_ALU_PROC_RND                        7     0.466      0.000      0.466 
      SIGN_UNIT                               1     0.068      2.621      2.689 
    DATA_A_RE                              1122    69.513   2596.705   2666.217 
      MAN_ALU                               219    13.569    605.566    619.135 
        ALU_SUB_UNIT                        120     7.349    244.075    251.424 
          CLA_BLOCK_..CLA_4BIT_UNIT          18     1.299     37.102     38.401 
          CLA_BLOCK_..CLA_4BIT_UNIT          18     1.045     38.798     39.844 
          CLA_BLOCK_..CLA_4BIT_UNIT          18     1.045     39.101     40.146 
          CLA_BLOCK_..CLA_4BIT_UNIT          18     1.013     41.497     42.509 
          CLA_BLOCK_..CLA_4BIT_UNIT          18     1.008     36.059     37.067 
          CLA_BLOCK_..CLA_4BIT_UNIT          15     0.966     27.711     28.677 
      NOR_UNIT                              207    12.633    541.116    553.750 
        SHF_left_unit                       142     8.471    353.238    361.709 
      SHF_RIGHT_MAN                         129     7.825    413.340    421.164 
      PSC_UNIT                               86     5.014    134.851    139.865 
      MAN_COMP_24BIT                         80     4.295     56.567     60.862 
        u_i_data_2                           13     0.724      9.676     10.400 
        u_i_data_1                           13     0.717      9.601     10.319 
        u_i_data_3                           13     0.717      9.646     10.363 
        u_i_data_4                           13     0.717      9.643     10.361 
        u_i_data_5                           12     0.556      8.784      9.340 
        u_i_data_0                           10     0.490      9.216      9.706 
      MAN_SWAP_PRE                           46     3.453    177.744    181.197 
      MAN_SWAP                               48     3.451    180.648    184.100 
      MAN_RND                                26     2.960     80.969     83.928 
      LOPD_24BIT                             58     2.723     60.323     63.046 
        LOPD_16bit_UNIT_MSB                  34     1.580     38.364     39.944 
          LOPD_8bit_unit_0                   14     0.665     22.705     23.370 
          LOPD_8bit_unit_1                   14     0.622     15.644     16.266 
        LOPD_8bit_UNIT_LSB                   14     0.590     21.958     22.548 
      EXP_ADJUST                             37     2.313     67.756     70.069 
        CLA_8BIT_UNIT                        30     2.113     64.045     66.158 
          CLA_4BIT_UNIT_0                    18     1.118     34.963     36.081 
          CLA_4BIT_UNIT_1                    11     0.934     26.679     27.613 
      EXP_SUB                                25     1.414     19.907     21.322 
        CLA_8BIT_UNIT                        20     1.284     10.485     11.769 
          CLA_4BIT_UNIT_0                    17     1.122     10.485     11.607 
          CLA_4BIT_UNIT_1                     2     0.137      0.000      0.137 
      EXP_COM_8BIT                           24     1.272     18.678     19.950 
        COMP_LESS_UNIT                       24     1.272     18.678     19.950 
          u_high                             13     0.717      9.531     10.249 
          u_low                              10     0.490      9.147      9.637 
      EXP_RND                                15     1.003      0.000      1.003 
      EXP_SWAP                               13     0.968     50.107     51.074 
      MAN_ALU_PROC_RND                        7     0.466      0.000      0.466 
      SIGN_UNIT                               1     0.068      2.621      2.689 
  BFU2_S1_37                               4486   282.667   8676.289   8958.955 
    DATA_B_IM                              1121    71.821   1741.440   1813.260 
      NOR_UNIT                              207    14.215    128.426    142.640 
        SHF_left_unit                       142     9.250     92.117    101.366 
      MAN_ALU                               215    13.244    218.484    231.728 
        ALU_SUB_UNIT                        120     6.952      3.731     10.683 
          CLA_BLOCK_..CLA_4BIT_UNIT          18     1.085      0.517      1.602 
          CLA_BLOCK_..CLA_4BIT_UNIT          18     1.071      0.554      1.625 
          CLA_BLOCK_..CLA_4BIT_UNIT          18     1.022      0.541      1.563 
          CLA_BLOCK_..CLA_4BIT_UNIT          15     1.022      1.034      2.056 
          CLA_BLOCK_..CLA_4BIT_UNIT          18     1.019      0.543      1.562 
          CLA_BLOCK_..CLA_4BIT_UNIT          18     1.019      0.543      1.562 
      SHF_RIGHT_MAN                         130     7.801    424.125    431.927 
      PSC_UNIT                               87     5.143    130.033    135.176 
      MAN_COMP_24BIT                         80     4.295     56.573     60.868 
        u_i_data_2                           13     0.724      9.669     10.392 
        u_i_data_1                           13     0.717      9.601     10.319 
        u_i_data_3                           13     0.717      9.647     10.365 
        u_i_data_4                           13     0.717      9.641     10.358 
        u_i_data_5                           12     0.556      8.790      9.346 
        u_i_data_0                           10     0.490      9.225      9.715 
      MAN_SWAP                               48     3.477    181.755    185.232 
      MAN_SWAP_PRE                           46     3.440    177.879    181.319 
      LOPD_24BIT                             58     3.333     34.069     37.402 
        LOPD_16bit_UNIT_MSB                  34     1.938     13.669     15.607 
          LOPD_8bit_unit_0                   14     0.851      0.000      0.851 
          LOPD_8bit_unit_1                   14     0.802      5.780      6.582 
        LOPD_8bit_UNIT_LSB                   14     0.823      0.000      0.823 
      MAN_RND                                26     2.947      0.001      2.948 
      EXP_ADJUST                             37     2.401     77.490     79.891 
        CLA_8BIT_UNIT                        30     2.071     66.688     68.759 
          CLA_4BIT_UNIT_0                    18     1.128     37.851     38.979 
          CLA_4BIT_UNIT_1                    11     0.898     26.254     27.152 
      EXP_SUB                                25     1.414     19.907     21.322 
        CLA_8BIT_UNIT                        20     1.284     10.485     11.769 
          CLA_4BIT_UNIT_0                    17     1.122     10.485     11.607 
          CLA_4BIT_UNIT_1                     2     0.137      0.000      0.137 
      EXP_COM_8BIT                           24     1.272     18.678     19.950 
        COMP_LESS_UNIT                       24     1.272     18.678     19.950 
          u_high                             13     0.717      9.531     10.249 
          u_low                              10     0.490      9.147      9.637 
      EXP_RND                                15     0.999     11.586     12.585 
      EXP_SWAP                               13     0.968     50.107     51.074 
      MAN_ALU_PROC_RND                        7     0.466      0.000      0.466 
      SIGN_UNIT                               2     0.080      2.905      2.986 
    DATA_B_RE                              1121    71.821   1741.440   1813.260 
      NOR_UNIT                              207    14.215    128.426    142.640 
        SHF_left_unit                       142     9.250     92.117    101.366 
      MAN_ALU                               215    13.244    218.484    231.728 
        ALU_SUB_UNIT                        120     6.952      3.731     10.683 
          CLA_BLOCK_..CLA_4BIT_UNIT          18     1.085      0.517      1.602 
          CLA_BLOCK_..CLA_4BIT_UNIT          18     1.071      0.554      1.625 
          CLA_BLOCK_..CLA_4BIT_UNIT          18     1.022      0.541      1.563 
          CLA_BLOCK_..CLA_4BIT_UNIT          15     1.022      1.034      2.056 
          CLA_BLOCK_..CLA_4BIT_UNIT          18     1.019      0.543      1.562 
          CLA_BLOCK_..CLA_4BIT_UNIT          18     1.019      0.543      1.562 
      SHF_RIGHT_MAN                         130     7.801    424.125    431.927 
      PSC_UNIT                               87     5.143    130.033    135.176 
      MAN_COMP_24BIT                         80     4.295     56.573     60.868 
        u_i_data_2                           13     0.724      9.669     10.392 
        u_i_data_1                           13     0.717      9.601     10.319 
        u_i_data_3                           13     0.717      9.647     10.365 
        u_i_data_4                           13     0.717      9.641     10.358 
        u_i_data_5                           12     0.556      8.790      9.346 
        u_i_data_0                           10     0.490      9.225      9.715 
      MAN_SWAP                               48     3.477    181.755    185.232 
      MAN_SWAP_PRE                           46     3.440    177.879    181.319 
      LOPD_24BIT                             58     3.333     34.069     37.402 
        LOPD_16bit_UNIT_MSB                  34     1.938     13.669     15.607 
          LOPD_8bit_unit_0                   14     0.851      0.000      0.851 
          LOPD_8bit_unit_1                   14     0.802      5.780      6.582 
        LOPD_8bit_UNIT_LSB                   14     0.823      0.000      0.823 
      MAN_RND                                26     2.947      0.001      2.948 
      EXP_ADJUST                             37     2.401     77.490     79.891 
        CLA_8BIT_UNIT                        30     2.071     66.688     68.759 
          CLA_4BIT_UNIT_0                    18     1.128     37.851     38.979 
          CLA_4BIT_UNIT_1                    11     0.898     26.254     27.152 
      EXP_SUB                                25     1.414     19.907     21.322 
        CLA_8BIT_UNIT                        20     1.284     10.485     11.769 
          CLA_4BIT_UNIT_0                    17     1.122     10.485     11.607 
          CLA_4BIT_UNIT_1                     2     0.137      0.000      0.137 
      EXP_COM_8BIT                           24     1.272     18.678     19.950 
        COMP_LESS_UNIT                       24     1.272     18.678     19.950 
          u_high                             13     0.717      9.531     10.249 
          u_low                              10     0.490      9.147      9.637 
      EXP_RND                                15     0.999     11.586     12.585 
      EXP_SWAP                               13     0.968     50.107     51.074 
      MAN_ALU_PROC_RND                        7     0.466      0.000      0.466 
      SIGN_UNIT                               2     0.080      2.905      2.986 
    DATA_A_IM                              1122    69.513   2596.705   2666.217 
      MAN_ALU                               219    13.569    605.566    619.135 
        ALU_SUB_UNIT                        120     7.349    244.075    251.424 
          CLA_BLOCK_..CLA_4BIT_UNIT          18     1.299     37.102     38.401 
          CLA_BLOCK_..CLA_4BIT_UNIT          18     1.045     38.798     39.844 
          CLA_BLOCK_..CLA_4BIT_UNIT          18     1.045     39.101     40.146 
          CLA_BLOCK_..CLA_4BIT_UNIT          18     1.013     41.497     42.509 
          CLA_BLOCK_..CLA_4BIT_UNIT          18     1.008     36.059     37.067 
          CLA_BLOCK_..CLA_4BIT_UNIT          15     0.966     27.711     28.677 
      NOR_UNIT                              207    12.633    541.116    553.750 
        SHF_left_unit                       142     8.471    353.238    361.709 
      SHF_RIGHT_MAN                         129     7.825    413.340    421.164 
      PSC_UNIT                               86     5.014    134.851    139.865 
      MAN_COMP_24BIT                         80     4.295     56.567     60.862 
        u_i_data_2                           13     0.724      9.676     10.400 
        u_i_data_1                           13     0.717      9.601     10.319 
        u_i_data_3                           13     0.717      9.646     10.363 
        u_i_data_4                           13     0.717      9.643     10.361 
        u_i_data_5                           12     0.556      8.784      9.340 
        u_i_data_0                           10     0.490      9.216      9.706 
      MAN_SWAP_PRE                           46     3.453    177.744    181.197 
      MAN_SWAP                               48     3.451    180.648    184.100 
      MAN_RND                                26     2.960     80.969     83.928 
      LOPD_24BIT                             58     2.723     60.323     63.046 
        LOPD_16bit_UNIT_MSB                  34     1.580     38.364     39.944 
          LOPD_8bit_unit_0                   14     0.665     22.705     23.370 
          LOPD_8bit_unit_1                   14     0.622     15.644     16.266 
        LOPD_8bit_UNIT_LSB                   14     0.590     21.958     22.548 
      EXP_ADJUST                             37     2.313     67.756     70.069 
        CLA_8BIT_UNIT                        30     2.113     64.045     66.158 
          CLA_4BIT_UNIT_0                    18     1.118     34.963     36.081 
          CLA_4BIT_UNIT_1                    11     0.934     26.679     27.613 
      EXP_SUB                                25     1.414     19.907     21.322 
        CLA_8BIT_UNIT                        20     1.284     10.485     11.769 
          CLA_4BIT_UNIT_0                    17     1.122     10.485     11.607 
          CLA_4BIT_UNIT_1                     2     0.137      0.000      0.137 
      EXP_COM_8BIT                           24     1.272     18.678     19.950 
        COMP_LESS_UNIT                       24     1.272     18.678     19.950 
          u_high                             13     0.717      9.531     10.249 
          u_low                              10     0.490      9.147      9.637 
      EXP_RND                                15     1.003      0.000      1.003 
      EXP_SWAP                               13     0.968     50.107     51.074 
      MAN_ALU_PROC_RND                        7     0.466      0.000      0.466 
      SIGN_UNIT                               1     0.068      2.621      2.689 
    DATA_A_RE                              1122    69.513   2596.705   2666.217 
      MAN_ALU                               219    13.569    605.566    619.135 
        ALU_SUB_UNIT                        120     7.349    244.075    251.424 
          CLA_BLOCK_..CLA_4BIT_UNIT          18     1.299     37.102     38.401 
          CLA_BLOCK_..CLA_4BIT_UNIT          18     1.045     38.798     39.844 
          CLA_BLOCK_..CLA_4BIT_UNIT          18     1.045     39.101     40.146 
          CLA_BLOCK_..CLA_4BIT_UNIT          18     1.013     41.497     42.509 
          CLA_BLOCK_..CLA_4BIT_UNIT          18     1.008     36.059     37.067 
          CLA_BLOCK_..CLA_4BIT_UNIT          15     0.966     27.711     28.677 
      NOR_UNIT                              207    12.633    541.116    553.750 
        SHF_left_unit                       142     8.471    353.238    361.709 
      SHF_RIGHT_MAN                         129     7.825    413.340    421.164 
      PSC_UNIT                               86     5.014    134.851    139.865 
      MAN_COMP_24BIT                         80     4.295     56.567     60.862 
        u_i_data_2                           13     0.724      9.676     10.400 
        u_i_data_1                           13     0.717      9.601     10.319 
        u_i_data_3                           13     0.717      9.646     10.363 
        u_i_data_4                           13     0.717      9.643     10.361 
        u_i_data_5                           12     0.556      8.784      9.340 
        u_i_data_0                           10     0.490      9.216      9.706 
      MAN_SWAP_PRE                           46     3.453    177.744    181.197 
      MAN_SWAP                               48     3.451    180.648    184.100 
      MAN_RND                                26     2.960     80.969     83.928 
      LOPD_24BIT                             58     2.723     60.323     63.046 
        LOPD_16bit_UNIT_MSB                  34     1.580     38.364     39.944 
          LOPD_8bit_unit_0                   14     0.665     22.705     23.370 
          LOPD_8bit_unit_1                   14     0.622     15.644     16.266 
        LOPD_8bit_UNIT_LSB                   14     0.590     21.958     22.548 
      EXP_ADJUST                             37     2.313     67.756     70.069 
        CLA_8BIT_UNIT                        30     2.113     64.045     66.158 
          CLA_4BIT_UNIT_0                    18     1.118     34.963     36.081 
          CLA_4BIT_UNIT_1                    11     0.934     26.679     27.613 
      EXP_SUB                                25     1.414     19.907     21.322 
        CLA_8BIT_UNIT                        20     1.284     10.485     11.769 
          CLA_4BIT_UNIT_0                    17     1.122     10.485     11.607 
          CLA_4BIT_UNIT_1                     2     0.137      0.000      0.137 
      EXP_COM_8BIT                           24     1.272     18.678     19.950 
        COMP_LESS_UNIT                       24     1.272     18.678     19.950 
          u_high                             13     0.717      9.531     10.249 
          u_low                              10     0.490      9.147      9.637 
      EXP_RND                                15     1.003      0.000      1.003 
      EXP_SWAP                               13     0.968     50.107     51.074 
      MAN_ALU_PROC_RND                        7     0.466      0.000      0.466 
      SIGN_UNIT                               1     0.068      2.621      2.689 
  DETECT_START_STAGE1                         3     0.403     18.542     18.945 

