============================================================
  Generated by:           Genus(TM) Synthesis Solution GENUS15.20 - 15.20-p004_1
  Generated on:           Jan 04 2026  02:23:04 pm
  Module:                 FFT_8Points
  Wireload mode:          enclosed
  Area mode:              timing library
============================================================

                                                 Leakage    Dynamic     Total   
                 Instance                 Cells Power(nW)  Power(nW)  Power(nW) 
--------------------------------------------------------------------------------
FFT_8Points                               65991 67044.496 264588.140 331632.636 
  BFU8_07                                 27984 26805.319  58197.180  85002.499 
    INPUT_DATA_5                           5040  5291.669   9878.630  15170.300 
      mul1_add                             1399  1626.143   2453.924   4080.067 
        MAN_MUL_UNIT                       1006  1287.004   1895.781   3182.785 
          MUL_UNIT_MAN_UNIT                 998  1282.630   1894.190   3176.820 
            m1                              440   513.275    744.460   1257.734 
              m2                            189   208.308    320.194    528.501 
                csa_tree_add_46_27_groupi    50    60.632     83.960    144.592 
                m4                           50    52.227     93.454    145.681 
                  m2                          4     4.224      6.543     10.767 
                  m1                          4     3.876      5.593      9.470 
                m3                           49    50.822     71.300    122.122 
                  m2                          4     4.047     12.048     16.095 
                  m1                          4     3.874      5.534      9.408 
                m2                           20    22.933     43.596     66.528 
                  m2                          4     4.224      7.016     11.240 
                  m1                          4     3.876      5.593      9.470 
                m1                           20    21.694     27.884     49.578 
                  m2                          4     4.047     12.521     16.568 
                  m1                          4     3.874      5.534      9.408 
              m1                            187   200.374    233.281    433.655 
                csa_tree_add_46_27_groupi    51    64.855     70.910    135.765 
                m4                           50    51.269    119.397    170.665 
                  m1                          4     4.222      7.649     11.871 
                  m2                          4     4.044     12.029     16.072 
                m3                           46    42.242      0.000     42.242 
                  m1                          4     3.438      0.000      3.438 
                  m2                          4     3.438      0.000      3.438 
                m2                           20    22.162     42.974     65.136 
                  m1                          4     4.222      7.019     11.241 
                  m2                          4     4.044     12.501     16.545 
                m1                           20    19.846      0.000     19.846 
                  m1                          4     3.438      0.000      3.438 
                  m2                          4     3.438      0.000      3.438 
              csa_tree_add_74_27_groupi      64   104.593    190.985    295.578 
            m2                              239   325.076    521.072    846.148 
              m2                            107   147.418    263.917    411.335 
                csa_tree_add_46_27_groupi    49    65.490    126.667    192.158 
                m3                           21    28.589     54.943     83.531 
                  m2                          4     4.047     12.836     16.883 
                  m1                          4     3.874      5.219      9.093 
                m4                           21    27.732     55.290     83.023 
                  m2                          4     4.224      7.646     11.870 
                  m1                          4     3.876      5.278      9.154 
                m1                            8    12.967     12.723     25.690 
                m2                            8    12.639     14.295     26.934 
              m1                            109   142.976    174.909    317.885 
                csa_tree_add_46_27_groupi    51    62.718    106.173    168.891 
                m4                           21    28.731     47.263     75.994 
                  m1                          4     4.222      7.649     11.871 
                  m2                          4     4.044     12.817     16.860 
                m3                           21    27.229      0.000     27.229 
                  m1                          4     3.438      0.000      3.438 
                  m2                          4     3.438      0.000      3.438 
                m2                            8    12.371     21.474     33.845 
                m1                            8    11.926      0.000     11.926 
            m3                              151   184.380    171.737    356.117 
              m1                            143   167.327    141.206    308.533 
                csa_tree_add_46_27_groupi    47    60.303     89.351    149.654 
                m2                           36    41.149     29.114     70.263 
                  m3                          4     4.192      8.636     12.827 
                  m1                          4     3.412      0.000      3.412 
                m4                           30    36.870      0.000     36.870 
                  m1                          4     3.412      0.000      3.412 
                m1                           18    19.495     22.741     42.236 
                  m3                          4     4.222      6.586     10.808 
                  m1                          4     3.438      0.000      3.438 
                m3                           12     9.511      0.000      9.511 
                  m1                          4     3.412      0.000      3.412 
            csa_tree_a..108_35_groupi        66   135.217    277.288    412.505 
            m4                              102   124.682    179.633    304.315 
              csa_tree_add_46_27_groupi      48    61.600    112.202    173.801 
              m3                             21    27.855     38.897     66.753 
                m2                            4     4.222      7.690     11.911 
                m1                            4     3.438      0.000      3.438 
              m4                             17    16.878      0.000     16.878 
                m1                            4     3.438      0.000      3.438 
              m1                              8    13.045     28.534     41.579 
              m2                              8     5.304      0.000      5.304 
        NOR_UNIT                            175   130.838    234.682    365.520 
          SHF_left_unit                     121    90.283    150.821    241.103 
        MAN_ROUNDING_UNIT                    24    53.381     51.527    104.908 
        MUL_EXP_ADJUST_UNIT                  45    50.155     31.578     81.733 
          CLA_8BIT_UNIT                      30    37.609     20.622     58.232 
            CLA_4BIT_UNIT_0                  18    19.835     10.503     30.338 
            CLA_4BIT_UNIT_1                  11    16.800     10.119     26.920 
        LOPD_UNIT                            58    35.141     54.612     89.753 
          LOPD_16bit_UNIT_MSB                34    21.338     37.022     58.360 
            LOPD_8bit_unit_0                 14     8.791     17.707     26.499 
            LOPD_8bit_unit_1                 14     8.594     19.314     27.908 
          LOPD_8bit_UNIT_LSB                 14     8.362     17.189     25.551 
        EXP_ROUNDING_UNIT                    15    14.911      8.761     23.672 
        MUL_EXP_UNIT                         21    13.086     13.920     27.005 
        PSC_UNIT                             12     7.093     15.032     22.125 
      mul1_sub                             1398  1616.331   2989.508   4605.840 
        MAN_MUL_UNIT                       1005  1284.533   2211.769   3496.302 
          MUL_UNIT_MAN_UNIT                 997  1281.072   2204.473   3485.546 
            m1                              439   515.179    816.968   1332.147 
              m2                            189   212.269    272.069    484.338 
                csa_tree_add_46_27_groupi    50    63.565     91.383    154.948 
                m4                           50    52.831     44.894     97.725 
                  m2                          4     4.224      6.543     10.767 
                  m1                          4     3.438      0.000      3.438 
                m3                           49    51.927     93.447    145.374 
                  m1                          4     4.316      0.000      4.316 
                  m2                          4     3.876      6.162     10.039 
                m1                           20    22.065     19.745     41.810 
                  m1                          4     4.316      0.000      4.316 
                  m2                          4     3.876      5.059      8.935 
                m2                           20    21.881     22.600     44.481 
                  m2                          4     4.224      7.016     11.240 
                  m1                          4     3.438      0.000      3.438 
              m1                            186   203.083    343.342    546.425 
                csa_tree_add_46_27_groupi    51    62.784     98.404    161.187 
                m4                           49    50.430     90.488    140.918 
                  m2                          4     4.316      0.000      4.316 
                  m1                          4     4.222      7.019     11.241 
                m3                           46    46.100     95.587    141.687 
                  m1                          4     4.053     11.286     15.339 
                  m2                          4     3.876      5.527      9.403 
                m2                           20    22.291     21.254     43.546 
                  m2                          4     4.316      0.000      4.316 
                  m1                          4     4.222      7.019     11.241 
                m1                           20    21.478     37.609     59.087 
                  m1                          4     4.053      9.868     13.921 
                  m2                          4     3.876      5.054      8.931 
              csa_tree_add_74_27_groupi      64    99.827    201.557    301.384 
            m2                              239   328.107    530.856    858.963 
              m1                            109   147.554    276.195    423.748 
                csa_tree_add_46_27_groupi    51    63.243    116.013    179.257 
                m4                           21    29.773     26.848     56.621 
                  m2                          4     4.316      0.000      4.316 
                  m1                          4     4.222      7.649     11.871 
                m3                           21    29.123     65.530     94.653 
                  m1                          4     4.053     10.656     14.709 
                  m2                          4     3.876      5.527      9.403 
                m2                            8    12.808     32.129     44.937 
                m1                            8    12.606     35.674     48.280 
              m2                            107   147.004    222.079    369.083 
                csa_tree_add_46_27_groupi    49    63.668     98.420    162.088 
                m3                           21    29.545     20.239     49.783 
                  m1                          4     4.316      0.000      4.316 
                  m2                          4     3.876      5.532      9.408 
                m4                           21    27.857     38.452     66.309 
                  m2                          4     4.224      7.646     11.870 
                  m1                          4     3.438      0.000      3.438 
                m2                            8    13.047     29.241     42.287 
                m1                            8    12.888     35.727     48.615 
            m3                              151   177.844    291.846    469.690 
              m1                            143   161.836    276.735    438.572 
                csa_tree_add_46_27_groupi    47    55.915     96.662    152.577 
                m2                           36    41.531     68.546    110.077 
                  m1                          4     4.627      0.000      4.627 
                  m3                          4     3.588      9.430     13.019 
                m4                           30    34.453     54.289     88.743 
                  m1                          4     3.846      9.237     13.083 
                m1                           18    20.394     35.417     55.811 
                  m1                          4     4.653      0.000      4.653 
                  m3                          4     3.614      9.588     13.202 
                m3                           12     9.543     21.820     31.364 
                  m1                          4     3.846      6.716     10.562 
            csa_tree_a..108_35_groupi        66   134.499    342.235    476.733 
            m4                              102   125.444    222.568    348.012 
              csa_tree_add_46_27_groupi      48    61.452    100.279    161.731 
              m3                             21    29.116     53.618     82.734 
                m1                            4     4.653      0.000      4.653 
                m2                            4     3.614      9.273     12.887 
              m4                             17    16.997     39.023     56.020 
                m1                            4     3.876      6.300     10.177 
              m1                              8    13.058     12.127     25.185 
              m2                              8     4.822     17.521     22.343 
        NOR_UNIT                            175   128.493    383.928    512.421 
          SHF_left_unit                     121    90.015    231.454    321.469 
        MAN_ROUNDING_UNIT                    24    53.334     56.431    109.765 
        MUL_EXP_ADJUST_UNIT                  45    49.189     66.573    115.762 
          CLA_8BIT_UNIT                      30    36.416     50.448     86.864 
            CLA_4BIT_UNIT_0                  18    18.642     40.329     58.971 
            CLA_4BIT_UNIT_1                  11    16.800     10.119     26.920 
        LOPD_UNIT                            58    36.032     72.584    108.615 
          LOPD_16bit_UNIT_MSB                34    21.640     34.004     55.643 
            LOPD_8bit_unit_0                 14     9.247     23.630     32.877 
            LOPD_8bit_unit_1                 14     8.178      6.844     15.022 
          LOPD_8bit_UNIT_LSB                 14     9.000     25.248     34.249 
        EXP_ROUNDING_UNIT                    15    14.911      8.761     23.672 
        MUL_EXP_UNIT                         21    13.824     34.781     48.605 
        PSC_UNIT                             12     4.858      7.168     12.026 
      DATA_A_IM                            1119  1033.381   2290.818   3324.199 
        MAN_ALU                             219   237.584    285.993    523.577 
          ALU_SUB_UNIT                      124   133.981    121.454    255.435 
            CLA_BLOCK_..CLA_4BIT_UNIT        20    24.121     37.343     61.464 
            CLA_BLOCK_..CLA_4BIT_UNIT        18    20.703     11.012     31.715 
            CLA_BLOCK_..CLA_4BIT_UNIT        18    20.114      0.864     20.977 
            CLA_BLOCK_..CLA_4BIT_UNIT        15    19.900     32.874     52.774 
            CLA_BLOCK_..CLA_4BIT_UNIT        18    19.670      0.844     20.513 
            CLA_BLOCK_..CLA_4BIT_UNIT        18    18.580     31.963     50.543 
        NOR_UNIT                            205   144.123    524.702    668.826 
          SHF_left_unit                     142    96.436    305.597    402.033 
        SHF_RIGHT_MAN                       130    82.323    382.695    465.018 
        MAN_SWAP                             48    76.406    103.721    180.126 
        PSC_UNIT                             86    75.618    110.966    186.585 
        MAN_COMP_24BIT                       78    73.363     80.326    153.689 
          u_i_data_4                         13    14.320     31.526     45.846 
          u_i_data_1                         13    13.383      8.627     22.010 
          u_i_data_2                         13    12.546     16.621     29.167 
          u_i_data_5                         10    12.369      0.000     12.369 
          u_i_data_3                         13    10.246      4.593     14.839 
          u_i_data_0                         10     5.884     18.800     24.684 
        MAN_SWAP_PRE                         46    56.398    115.319    171.716 
        MAN_RND                              26    55.160     60.644    115.804 
        EXP_ADJUST                           37    41.487    110.895    152.382 
          CLA_8BIT_UNIT                      30    35.824     74.173    109.997 
            CLA_4BIT_UNIT_0                  18    19.762     42.494     62.256 
            CLA_4BIT_UNIT_1                  11    15.055     28.379     43.434 
        LOPD_24BIT                           58    35.209     54.321     89.531 
          LOPD_16bit_UNIT_MSB                34    22.788     35.643     58.432 
            LOPD_8bit_unit_0                 14     9.614     14.537     24.151 
            LOPD_8bit_unit_1                 14     8.969     17.618     26.587 
          LOPD_8bit_UNIT_LSB                 14     7.271     12.136     19.407 
        EXP_SUB                              26    25.531     82.354    107.886 
          CLA_8BIT_UNIT                      21    23.922     77.495    101.417 
            CLA_4BIT_UNIT_0                  18    19.286     77.495     96.781 
            CLA_4BIT_UNIT_1                   2     3.816      0.000      3.816 
        EXP_COM_8BIT                         24    17.825     18.583     36.408 
          COMP_LESS_UNIT                     24    17.825     18.583     36.408 
            u_high                           13    11.216      5.364     16.581 
            u_low                            10     5.701     13.219     18.920 
        EXP_SWAP                             13    15.431     19.008     34.438 
        EXP_RND                              15    14.899     13.259     28.158 
        MAN_ALU_PROC_RND                      7     9.057     27.199     36.256 
        SIGN_UNIT                             2     1.202      3.753      4.955 
      DATA_A_RE                            1124  1015.813   2144.380   3160.194 
        MAN_ALU                             221   225.053    412.612    637.666 
          ALU_SUB_UNIT                      124   131.732    229.970    361.702 
            CLA_BLOCK_..CLA_4BIT_UNIT        20    23.264     50.184     73.448 
            CLA_BLOCK_..CLA_4BIT_UNIT        18    20.537      0.000     20.537 
            CLA_BLOCK_..CLA_4BIT_UNIT        18    19.802     35.591     55.393 
            CLA_BLOCK_..CLA_4BIT_UNIT        15    19.283     35.168     54.451 
            CLA_BLOCK_..CLA_4BIT_UNIT        18    18.987     29.866     48.852 
            CLA_BLOCK_..CLA_4BIT_UNIT        18    18.741     53.453     72.193 
        NOR_UNIT                            205   135.578    405.981    541.559 
          SHF_left_unit                     142    91.090    303.058    394.148 
        SHF_RIGHT_MAN                       130    82.323    382.695    465.018 
        MAN_SWAP                             48    76.337    106.911    183.248 
        PSC_UNIT                             90    75.827    116.313    192.140 
        MAN_COMP_24BIT                       78    73.363     80.325    153.688 
          u_i_data_4                         13    14.320     31.526     45.846 
          u_i_data_1                         13    13.383      8.627     22.010 
          u_i_data_2                         13    12.546     16.620     29.166 
          u_i_data_5                         10    12.369      0.000     12.369 
          u_i_data_3                         13    10.246      4.593     14.839 
          u_i_data_0                         10     5.884     18.800     24.684 
        MAN_SWAP_PRE                         46    56.432    114.586    171.018 
        MAN_RND                              26    54.070     53.331    107.401 
        EXP_ADJUST                           37    42.565     21.821     64.386 
          CLA_8BIT_UNIT                      30    38.574     21.821     60.395 
            CLA_4BIT_UNIT_0                  18    20.800     11.277     32.076 
            CLA_4BIT_UNIT_1                  11    16.800     10.545     27.345 
        LOPD_24BIT                           58    39.126     47.161     86.287 
          LOPD_16bit_UNIT_MSB                34    22.799     32.288     55.087 
            LOPD_8bit_unit_1                 14     9.438      8.486     17.924 
            LOPD_8bit_unit_0                 14     9.208     23.750     32.958 
          LOPD_8bit_UNIT_LSB                 14    10.729     14.071     24.801 
        EXP_SUB                              26    25.531     82.354    107.886 
          CLA_8BIT_UNIT                      21    23.922     77.495    101.417 
            CLA_4BIT_UNIT_0                  18    19.286     77.495     96.781 
            CLA_4BIT_UNIT_1                   2     3.816      0.000      3.816 
        EXP_COM_8BIT                         24    17.825     18.583     36.408 
          COMP_LESS_UNIT                     24    17.825     18.583     36.408 
            u_high                           13    11.216      5.364     16.581 
            u_low                            10     5.701     13.219     18.920 
        EXP_SWAP                             13    15.431     19.008     34.438 
        EXP_RND                              15    14.887      9.321     24.208 
        MAN_ALU_PROC_RND                      7     9.057     27.199     36.256 
        SIGN_UNIT                             1     1.201      9.407     10.608 
    INPUT_DATA_7                           5040  5231.208  11109.485  16340.693 
      mul1_add                             1399  1598.587   2666.695   4265.282 
        MAN_MUL_UNIT                       1006  1257.146   1819.372   3076.518 
          MUL_UNIT_MAN_UNIT                 998  1250.735   1796.783   3047.518 
            m1                              440   495.828    597.167   1092.995 
              m1                            187   197.304    301.617    498.921 
                csa_tree_add_46_27_groupi    51    62.598    121.488    184.087 
                m4                           50    49.078     28.861     77.938 
                  m1                          4     3.614     10.357     13.971 
                  m2                          4     3.438      0.000      3.438 
                m3                           46    44.382    103.471    147.852 
                  m2                          4     4.047     13.149     17.196 
                  m1                          4     3.614     10.160     13.774 
                m1                           20    21.224     38.859     60.082 
                  m2                          4     4.047     12.518     16.565 
                  m1                          4     3.614      8.427     12.041 
                m2                           20    20.023      8.939     28.962 
                  m1                          4     3.614      8.939     12.553 
                  m2                          4     3.438      0.000      3.438 
              m2                            189   196.862    146.857    343.719 
                csa_tree_add_46_27_groupi    50    59.187     78.519    137.706 
                m4                           50    49.357     53.007    102.365 
                  m1                          4     3.876      5.593      9.470 
                  m2                          4     3.438      0.000      3.438 
                m3                           49    47.860      0.000     47.860 
                  m1                          4     3.438      0.000      3.438 
                  m2                          4     3.438      0.000      3.438 
                m2                           20    20.611     15.331     35.942 
                  m1                          4     3.876      5.593      9.470 
                  m2                          4     3.438      0.000      3.438 
                m1                           20    19.846      0.000     19.846 
                  m1                          4     3.438      0.000      3.438 
                  m2                          4     3.438      0.000      3.438 
              csa_tree_add_74_27_groupi      64   101.662    148.693    250.355 
            m2                              239   317.231    367.481    684.712 
              m1                            109   141.242    199.042    340.284 
                csa_tree_add_46_27_groupi    51    60.912     93.665    154.577 
                m3                           21    28.099     56.901     85.000 
                  m2                          4     4.047     12.833     16.880 
                  m1                          4     3.614      9.530     13.144 
                m4                           21    27.637     19.545     47.182 
                  m1                          4     3.614      9.569     13.183 
                  m2                          4     3.438      0.000      3.438 
                m1                            8    12.649     23.390     36.039 
                m2                            8    11.945      5.541     17.486 
              m2                            107   139.031    128.655    267.686 
                csa_tree_add_46_27_groupi    49    59.328     76.847    136.175 
                m4                           21    28.246     34.851     63.097 
                  m1                          4     3.876      5.278      9.154 
                  m2                          4     3.438      0.000      3.438 
                m3                           21    27.229      0.000     27.229 
                  m1                          4     3.438      0.000      3.438 
                  m2                          4     3.438      0.000      3.438 
                m2                            8    12.302     16.957     29.259 
                m1                            8    11.926      0.000     11.926 
            m3                              151   178.755    305.743    484.498 
              m1                            143   161.666    264.961    426.627 
                csa_tree_add_46_27_groupi    47    59.053     96.339    155.392 
                m2                           36    39.449     83.910    123.359 
                  m1                          4     3.588     11.142     14.730 
                  m3                          4     3.588      9.430     13.019 
                m4                           30    35.599     28.534     64.132 
                  m1                          4     3.412      0.000      3.412 
                m1                           18    18.531     34.087     52.618 
                  m1                          4     3.614      9.567     13.181 
                  m3                          4     3.614      9.588     13.202 
                m3                           12     9.034     22.091     31.125 
                  m1                          4     3.412      0.000      3.412 
            csa_tree_a..108_35_groupi        66   134.987    284.649    419.637 
            m4                              102   123.933    241.743    365.677 
              csa_tree_add_46_27_groupi      48    62.687    129.797    192.484 
              m3                             21    27.833     53.412     81.245 
                m1                            4     3.614      9.567     13.181 
                m2                            4     3.614      9.273     12.887 
              m4                             17    15.925     28.610     44.536 
                m1                            4     3.438      0.000      3.438 
              m1                              8    12.347     16.697     29.043 
              m2                              8     5.142     13.227     18.369 
        NOR_UNIT                            175   127.238    399.270    526.507 
          SHF_left_unit                     121    88.297    229.603    317.900 
        MAN_ROUNDING_UNIT                    24    53.690     57.131    110.821 
        MUL_EXP_ADJUST_UNIT                  45    53.323     39.620     92.943 
          CLA_8BIT_UNIT                      30    39.475     23.696     63.171 
            CLA_4BIT_UNIT_0                  18    21.531     13.511     35.042 
            CLA_4BIT_UNIT_1                  11    16.800     10.119     26.920 
        LOPD_UNIT                            58    36.069     77.178    113.247 
          LOPD_16bit_UNIT_MSB                34    21.147     38.616     59.763 
            LOPD_8bit_unit_1                 14     8.554     19.813     28.367 
            LOPD_8bit_unit_0                 14     8.378     15.287     23.665 
          LOPD_8bit_UNIT_LSB                 14     9.461     23.341     32.802 
        EXP_ROUNDING_UNIT                    15    14.787      8.761     23.548 
        MUL_EXP_UNIT                         21    13.962     28.761     42.723 
        PSC_UNIT                             12    10.602     26.974     37.576 
      mul1_sub                             1398  1593.407   3162.127   4755.534 
        MAN_MUL_UNIT                       1005  1264.585   2345.517   3610.102 
          MUL_UNIT_MAN_UNIT                 997  1259.206   2319.474   3578.680 
            m1                              439   501.266    886.292   1387.559 
              m1                            186   200.351    307.826    508.177 
                csa_tree_add_46_27_groupi    51    63.761    101.355    165.116 
                m4                           49    48.966     68.539    117.505 
                  m2                          4     3.876      6.173     10.050 
                  m1                          4     3.438      0.000      3.438 
                m3                           46    45.787     84.584    130.371 
                  m1                          4     3.876      5.208      9.084 
                  m2                          4     3.876      5.527      9.403 
                m1                           20    21.301     33.264     54.566 
                  m1                          4     3.876      5.523      9.400 
                  m2                          4     3.876      5.054      8.931 
                m2                           20    20.536     20.083     40.619 
                  m2                          4     3.876      5.070      8.946 
                  m1                          4     3.438      0.000      3.438 
              m2                            189   199.958    379.022    578.979 
                csa_tree_add_46_27_groupi    50    57.695     97.388    155.083 
                m3                           49    50.804     94.014    144.818 
                  m1                          4     3.876      5.534      9.411 
                  m2                          4     3.876      6.162     10.039 
                m4                           50    48.934    113.278    162.212 
                  m2                          4     4.047     12.048     16.095 
                  m1                          4     3.614     10.522     14.136 
                m1                           20    21.301     34.387     55.688 
                  m1                          4     3.876      5.534      9.411 
                  m2                          4     3.876      5.059      8.935 
                m2                           20    21.224     39.954     61.178 
                  m2                          4     4.047     12.521     16.568 
                  m1                          4     3.614      8.946     12.560 
              csa_tree_add_74_27_groupi      64   100.957    199.445    300.402 
            m2                              239   323.569    576.071    899.640 
              m1                            109   145.624    241.698    387.322 
                csa_tree_add_46_27_groupi    51    63.313    108.758    172.071 
                m3                           21    28.828     55.751     84.579 
                  m1                          4     3.876      5.208      9.084 
                  m2                          4     3.876      5.527      9.403 
                m4                           21    27.811     19.479     47.290 
                  m2                          4     3.876      5.543      9.419 
                  m1                          4     3.438      0.000      3.438 
                m2                            8    13.049     27.923     40.972 
                m1                            8    12.624     29.786     42.410 
              m2                            107   142.558    277.216    419.775 
                csa_tree_add_46_27_groupi    49    60.359    112.455    172.814 
                m3                           21    28.828     55.625     84.453 
                  m1                          4     3.876      5.219      9.096 
                  m2                          4     3.876      5.532      9.408 
                m4                           21    28.099     55.730     83.829 
                  m2                          4     4.047     12.836     16.883 
                  m1                          4     3.614      8.946     12.560 
                m2                            8    12.649     22.973     35.621 
                m1                            8    12.624     30.434     43.058 
            m3                              151   175.695    323.037    498.732 
              m1                            143   158.824    299.686    458.509 
                csa_tree_add_46_27_groupi    47    58.171     98.755    156.925 
                m2                           36    39.449     83.910    123.359 
                  m1                          4     3.588     11.142     14.730 
                  m3                          4     3.588      9.430     13.019 
                m4                           30    33.544     67.963    101.508 
                  m1                          4     3.846      9.237     13.083 
                m1                           18    18.531     34.087     52.618 
                  m1                          4     3.614      9.567     13.181 
                  m3                          4     3.614      9.588     13.202 
                m3                           12     9.128     14.971     24.099 
                  m1                          4     3.846      6.716     10.562 
            csa_tree_a..108_35_groupi        66   136.676    297.160    433.836 
            m4                              102   122.000    236.913    358.913 
              csa_tree_add_46_27_groupi      48    60.410    110.851    171.261 
              m3                             21    27.833     53.412     81.245 
                m1                            4     3.614      9.567     13.181 
                m2                            4     3.614      9.273     12.887 
              m4                             17    16.500     33.060     49.561 
                m1                            4     3.876      6.300     10.177 
              m1                              8    12.347     16.697     29.043 
              m2                              8     4.910     22.893     27.803 
        NOR_UNIT                            175   124.005    359.629    483.635 
          SHF_left_unit                     121    86.100    278.610    364.710 
        MAN_ROUNDING_UNIT                    24    53.783     47.457    101.239 
        MUL_EXP_ADJUST_UNIT                  45    52.863     34.990     87.854 
          CLA_8BIT_UNIT                      30    39.410     23.646     63.056 
            CLA_4BIT_UNIT_0                  18    21.466     13.461     34.927 
            CLA_4BIT_UNIT_1                  11    16.800     10.119     26.920 
        LOPD_UNIT                            58    35.004     80.245    115.249 
          LOPD_16bit_UNIT_MSB                34    21.587     47.471     69.058 
            LOPD_8bit_unit_1                 14     9.093     23.622     32.714 
            LOPD_8bit_unit_0                 14     8.317     16.854     25.171 
          LOPD_8bit_UNIT_LSB                 14     8.229      5.825     14.054 
        EXP_ROUNDING_UNIT                    15    14.787      8.761     23.548 
        MUL_EXP_UNIT                         21    13.059     13.214     26.274 
        PSC_UNIT                             12     6.961     30.461     37.421 
      DATA_A_IM                            1119  1021.642   2747.875   3769.517 
        MAN_ALU                             219   233.029    465.269    698.298 
          ALU_SUB_UNIT                      124   132.827    269.314    402.141 
            CLA_BLOCK_..CLA_4BIT_UNIT        20    24.793     50.314     75.106 
            CLA_BLOCK_..CLA_4BIT_UNIT        18    20.582     35.168     55.750 
            CLA_BLOCK_..CLA_4BIT_UNIT        15    20.333      3.522     23.855 
            CLA_BLOCK_..CLA_4BIT_UNIT        18    18.854     49.495     68.349 
            CLA_BLOCK_..CLA_4BIT_UNIT        18    18.490     51.012     69.501 
            CLA_BLOCK_..CLA_4BIT_UNIT        18    18.429     50.838     69.267 
        NOR_UNIT                            205   145.136    511.048    656.184 
          SHF_left_unit                     142    96.999    278.947    375.947 
        SHF_RIGHT_MAN                       130    82.956    460.170    543.126 
        MAN_SWAP                             48    75.926    144.181    220.107 
        MAN_COMP_24BIT                       78    73.427    142.057    215.484 
          u_i_data_4                         13    13.823     38.666     52.488 
          u_i_data_2                         13    13.242     35.952     49.194 
          u_i_data_1                         13    12.525     19.774     32.299 
          u_i_data_5                         10    11.853      5.882     17.735 
          u_i_data_3                         13    11.395     12.717     24.112 
          u_i_data_0                         10     5.796     23.788     29.583 
        PSC_UNIT                             86    72.598    138.755    211.353 
        MAN_SWAP_PRE                         46    57.088    140.690    197.778 
        MAN_RND                              26    54.722     48.054    102.776 
        EXP_ADJUST                           37    41.665     93.310    134.975 
          CLA_8BIT_UNIT                      30    36.003     56.587     92.590 
            CLA_4BIT_UNIT_0                  18    19.972     24.644     44.617 
            CLA_4BIT_UNIT_1                  11    15.055     28.379     43.434 
        LOPD_24BIT                           58    32.804     52.696     85.500 
          LOPD_16bit_UNIT_MSB                34    19.569     25.267     44.837 
            LOPD_8bit_unit_1                 14     8.118      5.562     13.681 
            LOPD_8bit_unit_0                 14     7.425     16.217     23.642 
          LOPD_8bit_UNIT_LSB                 14     8.086     20.886     28.972 
        EXP_SUB                              26    26.040     82.626    108.667 
          CLA_8BIT_UNIT                      21    24.605     79.882    104.487 
            CLA_4BIT_UNIT_0                  18    19.969     79.882     99.851 
            CLA_4BIT_UNIT_1                   2     3.816      0.000      3.816 
        EXP_COM_8BIT                         24    17.709     17.086     34.795 
          COMP_LESS_UNIT                     24    17.709     17.086     34.795 
            u_high                           13    11.216      5.364     16.581 
            u_low                            10     5.585     11.722     17.307 
        EXP_SWAP                             13    15.375     27.341     42.716 
        EXP_RND                              15    14.787      9.321     24.109 
        MAN_ALU_PROC_RND                      7     8.855     17.738     26.593 
        SIGN_UNIT                             2     1.430      2.361      3.790 
      DATA_A_RE                            1124  1017.572   2532.788   3550.359 
        MAN_ALU                             221   228.931    430.847    659.778 
          ALU_SUB_UNIT                      124   131.538    207.829    339.366 
            CLA_BLOCK_..CLA_4BIT_UNIT        20    22.365     25.802     48.168 
            CLA_BLOCK_..CLA_4BIT_UNIT        18    20.643     21.612     42.255 
            CLA_BLOCK_..CLA_4BIT_UNIT        18    20.177     33.433     53.610 
            CLA_BLOCK_..CLA_4BIT_UNIT        15    19.556     22.629     42.185 
            CLA_BLOCK_..CLA_4BIT_UNIT        18    19.411     37.229     56.639 
            CLA_BLOCK_..CLA_4BIT_UNIT        18    18.915     51.694     70.609 
        NOR_UNIT                            205   141.299    443.925    585.224 
          SHF_left_unit                     142    95.064    330.772    425.836 
        SHF_RIGHT_MAN                       130    82.956    460.170    543.126 
        MAN_SWAP                             48    75.857    148.770    224.627 
        MAN_COMP_24BIT                       78    73.427    142.057    215.485 
          u_i_data_4                         13    13.823     38.666     52.488 
          u_i_data_2                         13    13.242     35.953     49.194 
          u_i_data_1                         13    12.525     19.774     32.299 
          u_i_data_5                         10    11.853      5.882     17.735 
          u_i_data_3                         13    11.395     12.717     24.112 
          u_i_data_0                         10     5.796     23.788     29.583 
        PSC_UNIT                             90    71.521    140.524    212.045 
        MAN_SWAP_PRE                         46    57.114    140.690    197.804 
        MAN_RND                              26    54.482     62.534    117.016 
        EXP_ADJUST                           37    42.596     50.104     92.700 
          CLA_8BIT_UNIT                      30    38.605     50.104     88.709 
            CLA_4BIT_UNIT_0                  18    20.661     39.493     60.154 
            CLA_4BIT_UNIT_1                  11    16.800     10.545     27.345 
        LOPD_24BIT                           58    37.318     78.296    115.613 
          LOPD_16bit_UNIT_MSB                34    22.053     42.005     64.058 
            LOPD_8bit_unit_0                 14     9.229     27.736     36.965 
            LOPD_8bit_unit_1                 14     8.670     14.217     22.888 
          LOPD_8bit_UNIT_LSB                 14     9.666     35.490     45.156 
        EXP_SUB                              26    26.040     82.626    108.667 
          CLA_8BIT_UNIT                      21    24.605     79.882    104.487 
            CLA_4BIT_UNIT_0                  18    19.969     79.882     99.851 
            CLA_4BIT_UNIT_1                   2     3.816      0.000      3.816 
        EXP_COM_8BIT                         24    17.709     17.086     34.795 
          COMP_LESS_UNIT                     24    17.709     17.086     34.795 
            u_high                           13    11.216      5.364     16.581 
            u_low                            10     5.585     11.722     17.307 
        EXP_SWAP                             13    15.375     27.341     42.716 
        EXP_RND                              15    14.849     17.928     32.777 
        MAN_ALU_PROC_RND                      7     8.855     17.738     26.593 
        SIGN_UNIT                             1     1.181      3.446      4.626 
    BFU2_UNIT2                             4482  4095.981   9589.863  13685.844 
      DATA_B_RE                            1121  1033.685   2006.272   3039.957 
        MAN_ALU                             219   231.749    348.351    580.100 
          ALU_SUB_UNIT                      124   127.063    170.729    297.792 
            CLA_BLOCK_..CLA_4BIT_UNIT        20    23.436     45.634     69.070 
            CLA_BLOCK_..CLA_4BIT_UNIT        18    20.256     21.411     41.668 
            CLA_BLOCK_..CLA_4BIT_UNIT        18    20.100     18.869     38.969 
            CLA_BLOCK_..CLA_4BIT_UNIT        15    18.443     31.158     49.601 
            CLA_BLOCK_..CLA_4BIT_UNIT        18    18.069     35.523     53.593 
            CLA_BLOCK_..CLA_4BIT_UNIT        18    16.366     11.656     28.023 
        NOR_UNIT                            205   142.059    338.856    480.915 
          SHF_left_unit                     142    95.905    243.925    339.830 
        SHF_RIGHT_MAN                       130    82.102    426.231    508.333 
        MAN_SWAP                             48    75.974    121.764    197.738 
        MAN_SWAP_PRE                         46    73.088    105.100    178.188 
        MAN_COMP_24BIT                       78    70.737    141.896    212.633 
          u_i_data_4                         13    13.503     18.791     32.293 
          u_i_data_2                         13    13.099     27.575     40.674 
          u_i_data_1                         13    12.516     35.955     48.471 
          u_i_data_3                         13    11.568     24.841     36.409 
          u_i_data_5                         10     9.632     13.588     23.220 
          u_i_data_0                         10     5.756     18.707     24.463 
        PSC_UNIT                             88    63.179    101.689    164.868 
        MAN_RND                              26    54.986     49.976    104.963 
        EXP_ADJUST                           37    41.697     49.973     91.670 
          CLA_8BIT_UNIT                      30    37.707     49.973     87.679 
            CLA_4BIT_UNIT_0                  18    20.316     22.611     42.927 
            CLA_4BIT_UNIT_1                  11    16.417     27.361     43.778 
        LOPD_24BIT                           58    34.982     53.454     88.436 
          LOPD_16bit_UNIT_MSB                34    20.800     26.321     47.121 
            LOPD_8bit_unit_1                 14     8.930     20.454     29.384 
            LOPD_8bit_unit_0                 14     7.521      5.867     13.389 
          LOPD_8bit_UNIT_LSB                 14     8.896     27.134     36.029 
        EXP_SUB                              26    25.849     54.233     80.082 
          CLA_8BIT_UNIT                      21    23.718     46.944     70.662 
            CLA_4BIT_UNIT_0                  18    19.447     46.944     66.391 
            CLA_4BIT_UNIT_1                   2     3.451      0.000      3.451 
        EXP_SWAP                             13    20.467     39.892     60.360 
        EXP_COM_8BIT                         24    18.326     33.329     51.655 
          COMP_LESS_UNIT                     24    18.326     33.329     51.655 
            u_high                           13    11.412     24.001     35.413 
            u_low                            10     5.772      9.281     15.053 
        EXP_RND                              15    14.998     22.608     37.606 
        MAN_ALU_PROC_RND                      7     9.616     26.852     36.469 
        SIGN_UNIT                             2     1.541      0.000      1.541 
      DATA_A_RE                            1120  1028.994   2402.805   3431.799 
        MAN_ALU                             221   225.962    501.174    727.136 
          ALU_SUB_UNIT                      124   130.781    299.242    430.022 
            CLA_BLOCK_..CLA_4BIT_UNIT        20    22.680     58.824     81.504 
            CLA_BLOCK_..CLA_4BIT_UNIT        15    21.028     42.736     63.764 
            CLA_BLOCK_..CLA_4BIT_UNIT        18    20.056     44.752     64.809 
            CLA_BLOCK_..CLA_4BIT_UNIT        18    18.775     47.695     66.470 
            CLA_BLOCK_..CLA_4BIT_UNIT        18    18.692     45.156     63.849 
            CLA_BLOCK_..CLA_4BIT_UNIT        18    18.012     25.415     43.427 
        NOR_UNIT                            205   138.968    462.263    601.231 
          SHF_left_unit                     142    94.530    285.074    379.604 
        SHF_RIGHT_MAN                       130    82.102    426.231    508.333 
        MAN_SWAP                             48    75.905    123.651    199.555 
        MAN_SWAP_PRE                         46    73.114    105.100    178.214 
        MAN_COMP_24BIT                       78    70.737    141.897    212.633 
          u_i_data_4                         13    13.503     18.791     32.293 
          u_i_data_2                         13    13.099     27.575     40.675 
          u_i_data_1                         13    12.516     35.955     48.471 
          u_i_data_3                         13    11.568     24.841     36.409 
          u_i_data_5                         10     9.632     13.588     23.220 
          u_i_data_0                         10     5.756     18.707     24.463 
        PSC_UNIT                             86    66.301    118.009    184.310 
        MAN_RND                              26    54.611     66.223    120.834 
        EXP_ADJUST                           37    40.702     59.737    100.439 
          CLA_8BIT_UNIT                      30    36.484     54.578     91.062 
            CLA_4BIT_UNIT_0                  18    19.093     27.217     46.310 
            CLA_4BIT_UNIT_1                  11    16.417     27.361     43.778 
        LOPD_24BIT                           58    37.275     68.430    105.705 
          LOPD_16bit_UNIT_MSB                34    22.762     35.409     58.171 
            LOPD_8bit_unit_1                 14     9.863     27.016     36.879 
            LOPD_8bit_unit_0                 14     8.783      4.853     13.636 
          LOPD_8bit_UNIT_LSB                 14     9.207     26.077     35.284 
        EXP_SUB                              26    25.849     54.233     80.082 
          CLA_8BIT_UNIT                      21    23.718     46.944     70.662 
            CLA_4BIT_UNIT_0                  18    19.447     46.944     66.391 
            CLA_4BIT_UNIT_1                   2     3.451      0.000      3.451 
        EXP_SWAP                             13    20.467     39.892     60.360 
        EXP_COM_8BIT                         24    18.326     33.329     51.655 
          COMP_LESS_UNIT                     24    18.326     33.329     51.655 
            u_high                           13    11.412     24.001     35.413 
            u_low                            10     5.772      9.281     15.053 
        EXP_RND                              15    14.960     23.340     38.300 
        MAN_ALU_PROC_RND                      7     9.616     26.852     36.469 
        SIGN_UNIT                             1     1.507      0.000      1.507 
      DATA_B_IM                            1121  1024.981   2444.806   3469.787 
        MAN_ALU                             219   235.062    452.194    687.256 
          ALU_SUB_UNIT                      124   132.437    265.037    397.474 
            CLA_BLOCK_..CLA_4BIT_UNIT        20    22.975     33.074     56.049 
            CLA_BLOCK_..CLA_4BIT_UNIT        18    20.849     40.064     60.912 
            CLA_BLOCK_..CLA_4BIT_UNIT        15    20.325     43.846     64.171 
            CLA_BLOCK_..CLA_4BIT_UNIT        18    19.655     47.303     66.957 
            CLA_BLOCK_..CLA_4BIT_UNIT        18    19.440     45.818     65.258 
            CLA_BLOCK_..CLA_4BIT_UNIT        18    17.966     38.071     56.037 
        NOR_UNIT                            205   140.167    333.729    473.896 
          SHF_left_unit                     142    94.099    245.638    339.736 
        SHF_RIGHT_MAN                       130    80.390    419.623    500.013 
        MAN_SWAP                             48    75.654    154.155    229.809 
        MAN_COMP_24BIT                       78    71.033     95.297    166.330 
          u_i_data_3                         13    14.090     10.687     24.777 
          u_i_data_2                         13    12.882     18.555     31.437 
          u_i_data_4                         13    12.874      7.652     20.527 
          u_i_data_1                         13    12.322     23.943     36.265 
          u_i_data_5                         10     9.259      9.278     18.538 
          u_i_data_0                         10     5.338     20.105     25.443 
        PSC_UNIT                             88    67.424    133.285    200.709 
        MAN_SWAP_PRE                         46    63.837    284.881    348.718 
        MAN_RND                              26    54.830     44.100     98.931 
        EXP_ADJUST                           37    43.292     39.772     83.064 
          CLA_8BIT_UNIT                      30    39.301     39.772     79.074 
            CLA_4BIT_UNIT_0                  18    21.358     28.846     50.204 
            CLA_4BIT_UNIT_1                  11    16.800     10.860     27.660 
        LOPD_24BIT                           58    37.199     27.948     65.146 
          LOPD_16bit_UNIT_MSB                34    22.075     18.254     40.329 
            LOPD_8bit_unit_0                 14     9.018     17.146     26.164 
            LOPD_8bit_unit_1                 14     8.903      1.056      9.959 
          LOPD_8bit_UNIT_LSB                 14     9.682      9.293     18.975 
        EXP_SUB                              26    26.684     91.646    118.330 
          CLA_8BIT_UNIT                      21    24.901     84.357    109.258 
            CLA_4BIT_UNIT_0                  18    20.980     67.565     88.546 
            CLA_4BIT_UNIT_1                   2     3.100     16.791     19.892 
        EXP_SWAP                             13    17.678     65.319     82.998 
        EXP_COM_8BIT                         24    17.573    117.983    135.556 
          COMP_LESS_UNIT                     24    17.573    117.983    135.556 
            u_high                           13    10.951     34.299     45.249 
            u_low                            10     5.684     19.817     25.501 
        EXP_RND                              15    14.836     13.996     28.833 
        MAN_ALU_PROC_RND                      7     9.056     27.199     36.255 
        SIGN_UNIT                             2     1.267      4.950      6.217 
      DATA_A_IM                            1120  1008.321   2735.980   3744.301 
        MAN_ALU                             221   224.294    432.692    656.986 
          ALU_SUB_UNIT                      124   124.743    226.167    350.910 
            CLA_BLOCK_..CLA_4BIT_UNIT        20    22.408     42.504     64.911 
            CLA_BLOCK_..CLA_4BIT_UNIT        18    19.271     35.190     54.461 
            CLA_BLOCK_..CLA_4BIT_UNIT        15    18.540     44.018     62.558 
            CLA_BLOCK_..CLA_4BIT_UNIT        18    18.521     24.282     42.803 
            CLA_BLOCK_..CLA_4BIT_UNIT        18    17.894     39.966     57.861 
            CLA_BLOCK_..CLA_4BIT_UNIT        18    16.961     33.533     50.494 
        NOR_UNIT                            205   135.143    483.229    618.371 
          SHF_left_unit                     142    90.017    298.166    388.183 
        SHF_RIGHT_MAN                       130    80.390    419.623    500.013 
        MAN_SWAP                             48    75.585    158.771    234.357 
        MAN_COMP_24BIT                       78    71.033     95.296    166.329 
          u_i_data_3                         13    14.090     10.687     24.777 
          u_i_data_2                         13    12.882     18.554     31.436 
          u_i_data_4                         13    12.874      7.652     20.527 
          u_i_data_1                         13    12.322     23.943     36.265 
          u_i_data_5                         10     9.259      9.278     18.538 
          u_i_data_0                         10     5.338     20.105     25.443 
        MAN_SWAP_PRE                         46    63.876    284.175    348.050 
        PSC_UNIT                             86    63.709    119.875    183.584 
        MAN_RND                              26    54.869     61.935    116.804 
        EXP_ADJUST                           37    42.171     97.342    139.513 
          CLA_8BIT_UNIT                      30    37.941     92.365    130.306 
            CLA_4BIT_UNIT_0                  18    20.306     49.684     69.989 
            CLA_4BIT_UNIT_1                  11    16.719     39.423     56.142 
        LOPD_24BIT                           58    36.590     57.774     94.364 
          LOPD_16bit_UNIT_MSB                34    22.273     35.229     57.502 
            LOPD_8bit_unit_1                 14     9.186     27.720     36.906 
            LOPD_8bit_unit_0                 14     8.880      4.020     12.900 
          LOPD_8bit_UNIT_LSB                 14     9.012     15.600     24.613 
        EXP_SUB                              26    26.684     91.646    118.330 
          CLA_8BIT_UNIT                      21    24.901     84.357    109.258 
            CLA_4BIT_UNIT_0                  18    20.980     67.565     88.546 
            CLA_4BIT_UNIT_1                   2     3.100     16.791     19.892 
        EXP_SWAP                             13    17.678     65.319     82.998 
        EXP_COM_8BIT                         24    17.573    117.983    135.556 
          COMP_LESS_UNIT                     24    17.573    117.983    135.556 
            u_high                           13    10.951     34.299     45.249 
            u_low                            10     5.684     19.817     25.501 
        EXP_RND                              15    15.322     22.590     37.912 
        MAN_ALU_PROC_RND                      7     9.056     27.199     36.255 
        SIGN_UNIT                             1     1.393      0.819      2.212 
    BFU2_UNIT0                             4482  4072.858  10137.766  14210.624 
      DATA_B_RE                            1121  1023.721   2702.051   3725.772 
        MAN_ALU                             219   236.268    416.194    652.462 
          ALU_SUB_UNIT                      124   135.758    247.031    382.789 
            CLA_BLOCK_..CLA_4BIT_UNIT        20    23.134     46.713     69.847 
            CLA_BLOCK_..CLA_4BIT_UNIT        18    20.944     15.408     36.352 
            CLA_BLOCK_..CLA_4BIT_UNIT        18    20.590     40.519     61.108 
            CLA_BLOCK_..CLA_4BIT_UNIT        18    20.043     35.758     55.801 
            CLA_BLOCK_..CLA_4BIT_UNIT        15    19.911     40.834     60.745 
            CLA_BLOCK_..CLA_4BIT_UNIT        18    19.571     43.181     62.752 
        NOR_UNIT                            205   132.763    579.217    711.980 
          SHF_left_unit                     142    86.704    385.705    472.408 
        SHF_RIGHT_MAN                       130    81.886    415.841    497.727 
        MAN_SWAP                             48    74.907    171.770    246.677 
        MAN_COMP_24BIT                       78    71.606    127.802    199.407 
          u_i_data_2                         13    13.641     23.496     37.137 
          u_i_data_1                         13    13.504      7.322     20.826 
          u_i_data_4                         13    12.726     21.484     34.211 
          u_i_data_3                         13    12.485     28.061     40.546 
          u_i_data_5                         10     8.472     16.331     24.802 
          u_i_data_0                         10     5.712     25.862     31.574 
        PSC_UNIT                             88    67.270     95.860    163.130 
        MAN_SWAP_PRE                         46    63.675    290.264    353.938 
        MAN_RND                              26    54.776     46.489    101.265 
        EXP_ADJUST                           37    40.630     95.166    135.796 
          CLA_8BIT_UNIT                      30    35.265     65.280    100.545 
            CLA_4BIT_UNIT_0                  18    19.239     33.286     52.525 
            CLA_4BIT_UNIT_1                  11    15.019     28.694     43.713 
        LOPD_24BIT                           58    38.219     84.327    122.545 
          LOPD_16bit_UNIT_MSB                34    24.605     63.452     88.057 
            LOPD_8bit_unit_1                 14    10.225     36.298     46.523 
            LOPD_8bit_unit_0                 14     9.897     17.081     26.978 
          LOPD_8bit_UNIT_LSB                 14     8.430      8.333     16.763 
        EXP_SUB                              26    28.297     32.694     60.991 
          CLA_8BIT_UNIT                      21    26.514     25.405     51.919 
            CLA_4BIT_UNIT_0                  18    22.766      8.613     31.380 
            CLA_4BIT_UNIT_1                   2     3.100     16.791     19.892 
        EXP_COM_8BIT                         24    17.649    104.037    121.686 
          COMP_LESS_UNIT                     24    17.649    104.037    121.686 
            u_high                           13    10.951     34.299     45.249 
            u_low                            10     5.727      6.098     11.825 
        EXP_SWAP                             13    17.497     62.526     80.023 
        EXP_RND                              15    14.948     17.934     32.882 
        MAN_ALU_PROC_RND                      7     9.543     28.380     37.923 
        SIGN_UNIT                             2     1.267      4.950      6.217 
      DATA_B_IM                            1121  1022.765   2587.120   3609.884 
        MAN_ALU                             219   231.598    501.152    732.750 
          ALU_SUB_UNIT                      124   132.241    251.541    383.782 
            CLA_BLOCK_..CLA_4BIT_UNIT        20    24.613     44.989     69.603 
            CLA_BLOCK_..CLA_4BIT_UNIT        15    20.193     36.088     56.281 
            CLA_BLOCK_..CLA_4BIT_UNIT        18    20.154     38.689     58.844 
            CLA_BLOCK_..CLA_4BIT_UNIT        18    19.101     39.196     58.297 
            CLA_BLOCK_..CLA_4BIT_UNIT        18    18.599     26.573     45.171 
            CLA_BLOCK_..CLA_4BIT_UNIT        18    18.051     39.538     57.589 
        NOR_UNIT                            205   136.554    457.002    593.557 
          SHF_left_unit                     142    90.246    280.289    370.535 
        SHF_RIGHT_MAN                       130    83.278    333.020    416.298 
        MAN_SWAP                             48    74.372    135.543    209.915 
        MAN_COMP_24BIT                       78    72.076    145.389    217.465 
          u_i_data_1                         13    13.215     27.339     40.553 
          u_i_data_4                         13    13.173     26.746     39.920 
          u_i_data_3                         13    12.864     27.551     40.416 
          u_i_data_2                         13    12.761     22.703     35.464 
          u_i_data_5                         10     9.055     13.905     22.961 
          u_i_data_0                         10     6.136     24.547     30.683 
        PSC_UNIT                             88    65.982    100.383    166.365 
        MAN_SWAP_PRE                         46    64.849    282.395    347.244 
        MAN_RND                              26    55.383     50.229    105.612 
        EXP_ADJUST                           37    41.360     60.384    101.744 
          CLA_8BIT_UNIT                      30    35.957     27.773     63.729 
            CLA_4BIT_UNIT_0                  18    19.629     15.062     34.691 
            CLA_4BIT_UNIT_1                  11    15.158     12.669     27.828 
        LOPD_24BIT                           58    36.174     84.925    121.099 
          LOPD_16bit_UNIT_MSB                34    22.321     47.573     69.894 
            LOPD_8bit_unit_1                 14     9.452     22.337     31.788 
            LOPD_8bit_unit_0                 14     8.596     18.156     26.752 
          LOPD_8bit_UNIT_LSB                 14     8.685     23.865     32.550 
        EXP_SUB                              26    26.550     78.605    105.155 
          CLA_8BIT_UNIT                      21    24.592     69.201     93.794 
            CLA_4BIT_UNIT_0                  18    20.408     69.174     89.583 
            CLA_4BIT_UNIT_1                   2     3.451      0.000      3.451 
        EXP_COM_8BIT                         24    18.649    103.242    121.891 
          COMP_LESS_UNIT                     24    18.649    103.242    121.891 
            u_high                           13    11.412     24.001     35.413 
            u_low                            10     6.117     15.134     21.251 
        EXP_SWAP                             13    18.431     83.027    101.458 
        EXP_RND                              15    14.925     13.247     28.172 
        MAN_ALU_PROC_RND                      7     9.779      0.000      9.779 
        SIGN_UNIT                             2     1.498      4.950      6.449 
      DATA_A_IM                            1120  1019.284   2472.289   3491.573 
        MAN_ALU                             221   227.337    469.940    697.277 
          ALU_SUB_UNIT                      124   130.108    249.284    379.393 
            CLA_BLOCK_..CLA_4BIT_UNIT        20    22.528     57.638     80.166 
            CLA_BLOCK_..CLA_4BIT_UNIT        18    20.041     35.126     55.167 
            CLA_BLOCK_..CLA_4BIT_UNIT        18    19.352     32.512     51.864 
            CLA_BLOCK_..CLA_4BIT_UNIT        15    19.261     35.100     54.360 
            CLA_BLOCK_..CLA_4BIT_UNIT        18    19.067     29.723     48.790 
            CLA_BLOCK_..CLA_4BIT_UNIT        18    18.814     39.847     58.661 
        NOR_UNIT                            205   132.717    339.500    472.217 
          SHF_left_unit                     142    88.512    165.808    254.320 
        SHF_RIGHT_MAN                       130    83.278    333.020    416.298 
        MAN_SWAP                             48    74.312    138.640    212.952 
        MAN_COMP_24BIT                       78    72.076    145.388    217.464 
          u_i_data_1                         13    13.215     27.339     40.553 
          u_i_data_4                         13    13.173     26.746     39.920 
          u_i_data_3                         13    12.864     27.551     40.416 
          u_i_data_2                         13    12.761     22.702     35.463 
          u_i_data_5                         10     9.055     13.905     22.961 
          u_i_data_0                         10     6.136     24.547     30.683 
        PSC_UNIT                             86    67.348    100.194    167.542 
        MAN_SWAP_PRE                         46    64.883    281.681    346.564 
        MAN_RND                              26    56.085     43.070     99.155 
        EXP_ADJUST                           37    41.119    116.013    157.131 
          CLA_8BIT_UNIT                      30    35.842     74.975    110.816 
            CLA_4BIT_UNIT_0                  18    19.394     32.594     51.988 
            CLA_4BIT_UNIT_1                  11    15.441     39.080     54.521 
        LOPD_24BIT                           58    37.895     78.213    116.108 
          LOPD_16bit_UNIT_MSB                34    21.347     39.801     61.148 
            LOPD_8bit_unit_1                 14     8.953     26.333     35.286 
            LOPD_8bit_unit_0                 14     8.278      9.928     18.206 
          LOPD_8bit_UNIT_LSB                 14    11.154     31.068     42.223 
        EXP_SUB                              26    26.550     78.605    105.155 
          CLA_8BIT_UNIT                      21    24.592     69.201     93.794 
            CLA_4BIT_UNIT_0                  18    20.408     69.174     89.583 
            CLA_4BIT_UNIT_1                   2     3.451      0.000      3.451 
        EXP_COM_8BIT                         24    18.649    103.242    121.891 
          COMP_LESS_UNIT                     24    18.649    103.242    121.891 
            u_high                           13    11.412     24.001     35.413 
            u_low                            10     6.117     15.134     21.251 
        EXP_SWAP                             13    18.431     83.027    101.458 
        EXP_RND                              15    15.036     23.340     38.376 
        MAN_ALU_PROC_RND                      7     9.779      0.000      9.779 
        SIGN_UNIT                             1     1.441      0.819      2.260 
      DATA_A_RE                            1120  1007.088   2376.306   3383.394 
        MAN_ALU                             221   221.216    357.013    578.229 
          ALU_SUB_UNIT                      124   124.129    183.935    308.064 
            CLA_BLOCK_..CLA_4BIT_UNIT        20    23.075     41.668     64.743 
            CLA_BLOCK_..CLA_4BIT_UNIT        18    19.766     49.885     69.651 
            CLA_BLOCK_..CLA_4BIT_UNIT        15    18.953     23.674     42.627 
            CLA_BLOCK_..CLA_4BIT_UNIT        18    18.429     33.798     52.226 
            CLA_BLOCK_..CLA_4BIT_UNIT        18    16.273     10.756     27.029 
            CLA_BLOCK_..CLA_4BIT_UNIT        18    16.171     17.663     33.834 
        NOR_UNIT                            205   139.716    427.047    566.763 
          SHF_left_unit                     142    94.780    248.798    343.579 
        SHF_RIGHT_MAN                       130    81.886    415.841    497.727 
        MAN_SWAP                             48    74.847    175.501    250.348 
        MAN_COMP_24BIT                       78    71.606    127.801    199.407 
          u_i_data_2                         13    13.641     23.495     37.136 
          u_i_data_1                         13    13.504      7.322     20.826 
          u_i_data_4                         13    12.726     21.484     34.211 
          u_i_data_3                         13    12.485     28.061     40.546 
          u_i_data_5                         10     8.472     16.331     24.802 
          u_i_data_0                         10     5.712     25.862     31.574 
        PSC_UNIT                             86    64.251     91.280    155.532 
        MAN_SWAP_PRE                         46    63.709    289.550    353.259 
        MAN_RND                              26    54.218     57.429    111.647 
        EXP_ADJUST                           37    40.780     42.629     83.409 
          CLA_8BIT_UNIT                      30    36.867     38.077     74.944 
            CLA_4BIT_UNIT_0                  18    19.093     27.217     46.310 
            CLA_4BIT_UNIT_1                  11    16.800     10.860     27.660 
        LOPD_24BIT                           58    33.620     42.616     76.236 
          LOPD_16bit_UNIT_MSB                34    19.111     18.594     37.705 
            LOPD_8bit_unit_0                 14     8.270     11.588     19.858 
            LOPD_8bit_unit_1                 14     6.687      6.955     13.642 
          LOPD_8bit_UNIT_LSB                 14     9.223     24.022     33.245 
        EXP_SUB                              26    28.297     32.694     60.991 
          CLA_8BIT_UNIT                      21    26.514     25.405     51.919 
            CLA_4BIT_UNIT_0                  18    22.766      8.613     31.380 
            CLA_4BIT_UNIT_1                   2     3.100     16.791     19.892 
        EXP_COM_8BIT                         24    17.649    104.037    121.686 
          COMP_LESS_UNIT                     24    17.649    104.037    121.686 
            u_high                           13    10.951     34.299     45.249 
            u_low                            10     5.727      6.098     11.825 
        EXP_SWAP                             13    17.497     62.526     80.023 
        EXP_RND                              15    14.860     13.996     28.857 
        MAN_ALU_PROC_RND                      7     9.543     28.380     37.923 
        SIGN_UNIT                             1     1.393      0.819      2.212 
    BFU2_UNIT1                             4468  4065.219   8831.221  12896.440 
      DATA_B_IM                            1117  1030.040   2139.772   3169.812 
        MAN_ALU                             217   238.878    479.441    718.319 
          ALU_SUB_UNIT                      122   131.995    284.733    416.727 
            CLA_BLOCK_..CLA_4BIT_UNIT        18    22.326     51.461     73.786 
            CLA_BLOCK_..CLA_4BIT_UNIT        15    20.576     34.056     54.633 
            CLA_BLOCK_..CLA_4BIT_UNIT        18    19.915     48.663     68.578 
            CLA_BLOCK_..CLA_4BIT_UNIT        18    19.760     32.076     51.837 
            CLA_BLOCK_..CLA_4BIT_UNIT        18    19.468     42.615     62.083 
            CLA_BLOCK_..CLA_4BIT_UNIT        18    18.746     53.277     72.023 
        NOR_UNIT                            205   143.457    271.691    415.148 
          SHF_left_unit                     142    97.332    193.746    291.078 
        MAN_SWAP                             48    77.140    120.221    197.362 
        SHF_RIGHT_MAN                       130    73.039    336.098    409.137 
        MAN_COMP_24BIT                       78    72.840     96.344    169.184 
          u_i_data_4                         13    13.883     23.910     37.793 
          u_i_data_2                         13    13.506     26.706     40.212 
          u_i_data_3                         13    13.397     15.691     29.088 
          u_i_data_1                         13    11.845     13.392     25.237 
          u_i_data_5                         10     9.364      6.029     15.392 
          u_i_data_0                         10     6.323     10.531     16.854 
        PSC_UNIT                             87    68.154    121.614    189.768 
        MAN_SWAP_PRE                         46    63.939    244.828    308.767 
        MAN_RND                              26    55.984     52.207    108.191 
        EXP_ADJUST                           37    42.081     33.465     75.546 
          CLA_8BIT_UNIT                      30    38.090     33.465     71.555 
            CLA_4BIT_UNIT_0                  18    20.316     22.605     42.921 
            CLA_4BIT_UNIT_1                  11    16.800     10.860     27.660 
        LOPD_24BIT                           58    34.592     21.307     55.899 
          LOPD_16bit_UNIT_MSB                34    21.384     14.762     36.145 
            LOPD_8bit_unit_0                 14     8.832      5.547     14.379 
            LOPD_8bit_unit_1                 14     8.203      9.215     17.418 
          LOPD_8bit_UNIT_LSB                 14     7.611      6.545     14.157 
        EXP_SUB                              25    27.685     72.335    100.020 
          CLA_8BIT_UNIT                      20    25.554     65.676     91.230 
            CLA_4BIT_UNIT_0                  17    21.633     48.884     70.518 
            CLA_4BIT_UNIT_1                   2     3.100     16.791     19.892 
        EXP_COM_8BIT                         24    18.392    101.675    120.067 
          COMP_LESS_UNIT                     24    18.392    101.675    120.067 
            u_high                           13    11.665     29.575     41.240 
            u_low                            10     5.789      8.210     13.999 
        EXP_SWAP                             13    17.835     63.125     80.961 
        EXP_RND                              15    14.898     13.265     28.163 
        MAN_ALU_PROC_RND                      7     9.614     29.846     39.460 
        SIGN_UNIT                             2     1.323      0.809      2.132 
      DATA_B_RE                            1117  1016.428   2151.421   3167.850 
        MAN_ALU                             217   238.701    467.824    706.525 
          ALU_SUB_UNIT                      122   132.654    233.016    365.670 
            CLA_BLOCK_..CLA_4BIT_UNIT        18    22.306     20.382     42.688 
            CLA_BLOCK_..CLA_4BIT_UNIT        15    21.044     41.294     62.338 
            CLA_BLOCK_..CLA_4BIT_UNIT        18    19.616     41.107     60.722 
            CLA_BLOCK_..CLA_4BIT_UNIT        18    19.558     38.210     57.768 
            CLA_BLOCK_..CLA_4BIT_UNIT        18    19.542     48.139     67.681 
            CLA_BLOCK_..CLA_4BIT_UNIT        18    19.286     14.788     34.074 
        NOR_UNIT                            205   144.282    389.784    534.066 
          SHF_left_unit                     142    96.860    278.660    375.520 
        MAN_COMP_24BIT                       78    76.361    130.647    207.008 
          u_i_data_4                         13    15.077     23.148     38.225 
          u_i_data_2                         13    14.191     20.816     35.007 
          u_i_data_3                         13    14.001      0.000     14.001 
          u_i_data_1                         13    12.304     45.499     57.802 
          u_i_data_5                         10    10.458     16.350     26.808 
          u_i_data_0                         10     5.725     22.231     27.955 
        MAN_SWAP                             48    76.038    107.933    183.971 
        SHF_RIGHT_MAN                       130    74.979    399.272    474.251 
        PSC_UNIT                             87    63.966    108.862    172.828 
        MAN_SWAP_PRE                         46    55.982    135.310    191.292 
        MAN_RND                              26    55.186     58.001    113.187 
        EXP_ADJUST                           37    41.600     22.130     63.730 
          CLA_8BIT_UNIT                      30    37.609     22.130     59.740 
            CLA_4BIT_UNIT_0                  18    19.835     11.271     31.106 
            CLA_4BIT_UNIT_1                  11    16.800     10.860     27.660 
        LOPD_24BIT                           58    33.971     48.050     82.021 
          LOPD_16bit_UNIT_MSB                34    20.718     32.485     53.203 
            LOPD_8bit_unit_1                 14     8.651     18.698     27.349 
            LOPD_8bit_unit_0                 14     8.109     13.787     21.896 
          LOPD_8bit_UNIT_LSB                 14     7.812     15.164     22.976 
        EXP_SUB                              25    26.479    121.673    148.152 
          CLA_8BIT_UNIT                      20    24.696    113.753    138.449 
            CLA_4BIT_UNIT_0                  17    20.876     98.358    119.234 
            CLA_4BIT_UNIT_1                   2     2.925     12.502     15.427 
        EXP_COM_8BIT                         24    17.748     18.887     36.635 
          COMP_LESS_UNIT                     24    17.748     18.887     36.635 
            u_high                           13    11.445      9.385     20.831 
            u_low                            10     5.487      9.501     14.988 
        EXP_SWAP                             13    15.561     22.381     37.943 
        EXP_RND                              15    14.910      9.327     24.237 
        MAN_ALU_PROC_RND                      7     9.186     28.464     37.650 
        SIGN_UNIT                             2     0.973      2.518      3.491 
      DATA_A_IM                            1117  1010.054   2405.510   3415.564 
        MAN_ALU                             219   227.056    481.792    708.848 
          ALU_SUB_UNIT                      122   123.886    230.948    354.835 
            CLA_BLOCK_..CLA_4BIT_UNIT        18    23.849     55.689     79.538 
            CLA_BLOCK_..CLA_4BIT_UNIT        15    19.047     35.722     54.769 
            CLA_BLOCK_..CLA_4BIT_UNIT        18    18.311     23.036     41.347 
            CLA_BLOCK_..CLA_4BIT_UNIT        18    17.490     42.990     60.480 
            CLA_BLOCK_..CLA_4BIT_UNIT        18    17.354     23.574     40.928 
            CLA_BLOCK_..CLA_4BIT_UNIT        18    16.686     42.948     59.634 
        NOR_UNIT                            205   137.756    504.863    642.619 
          SHF_left_unit                     142    93.525    340.264    433.789 
        MAN_SWAP                             48    77.097    120.913    198.010 
        SHF_RIGHT_MAN                       130    72.983    337.135    410.118 
        MAN_COMP_24BIT                       78    72.840     96.344    169.184 
          u_i_data_4                         13    13.883     23.910     37.793 
          u_i_data_2                         13    13.506     26.706     40.212 
          u_i_data_3                         13    13.397     15.691     29.088 
          u_i_data_1                         13    11.845     13.392     25.237 
          u_i_data_5                         10     9.364      6.028     15.392 
          u_i_data_0                         10     6.323     10.531     16.854 
        PSC_UNIT                             86    66.594     83.984    150.579 
        MAN_SWAP_PRE                         46    63.939    244.828    308.767 
        MAN_RND                              26    54.779     40.846     95.626 
        EXP_ADJUST                           37    41.086     43.229     84.315 
          CLA_8BIT_UNIT                      30    36.867     38.071     74.938 
            CLA_4BIT_UNIT_0                  18    19.093     27.211     46.304 
            CLA_4BIT_UNIT_1                  11    16.800     10.860     27.660 
        LOPD_24BIT                           58    35.722     59.333     95.055 
          LOPD_16bit_UNIT_MSB                34    21.902     30.263     52.166 
            LOPD_8bit_unit_0                 14     8.960      8.047     17.006 
            LOPD_8bit_unit_1                 14     8.826     18.677     27.503 
          LOPD_8bit_UNIT_LSB                 14     8.494     22.527     31.021 
        EXP_SUB                              25    27.685     72.335    100.020 
          CLA_8BIT_UNIT                      20    25.554     65.676     91.230 
            CLA_4BIT_UNIT_0                  17    21.633     48.884     70.518 
            CLA_4BIT_UNIT_1                   2     3.100     16.791     19.892 
        EXP_COM_8BIT                         24    18.392    101.675    120.067 
          COMP_LESS_UNIT                     24    18.392    101.675    120.067 
            u_high                           13    11.665     29.575     41.240 
            u_low                            10     5.789      8.210     13.999 
        EXP_SWAP                             13    17.835     63.125     80.961 
        EXP_RND                              15    14.860     13.996     28.857 
        MAN_ALU_PROC_RND                      7     9.614     29.846     39.460 
        SIGN_UNIT                             1     1.393      4.378      5.772 
      DATA_A_RE                            1117  1008.697   2134.518   3143.215 
        MAN_ALU                             219   231.239    504.051    735.291 
          ALU_SUB_UNIT                      122   128.675    276.715    405.390 
            CLA_BLOCK_..CLA_4BIT_UNIT        18    24.393     50.452     74.845 
            CLA_BLOCK_..CLA_4BIT_UNIT        15    19.674     37.593     57.267 
            CLA_BLOCK_..CLA_4BIT_UNIT        18    18.892     45.680     64.573 
            CLA_BLOCK_..CLA_4BIT_UNIT        18    18.752     45.916     64.668 
            CLA_BLOCK_..CLA_4BIT_UNIT        18    18.108     14.047     32.156 
            CLA_BLOCK_..CLA_4BIT_UNIT        18    17.953     53.023     70.976 
        NOR_UNIT                            205   141.850    358.665    500.514 
          SHF_left_unit                     142    95.104    254.192    349.297 
        MAN_COMP_24BIT                       78    76.361    130.647    207.008 
          u_i_data_4                         13    15.077     23.148     38.225 
          u_i_data_2                         13    14.191     20.816     35.007 
          u_i_data_3                         13    14.001      0.000     14.001 
          u_i_data_1                         13    12.304     45.499     57.802 
          u_i_data_5                         10    10.458     16.350     26.808 
          u_i_data_0                         10     5.725     22.231     27.955 
        MAN_SWAP                             48    75.961    112.589    188.550 
        SHF_RIGHT_MAN                       130    74.923    400.309    475.232 
        PSC_UNIT                             86    64.359     99.274    163.633 
        MAN_SWAP_PRE                         46    55.982    135.310    191.292 
        MAN_RND                              26    55.733     54.250    109.983 
        EXP_ADJUST                           37    41.600     22.130     63.730 
          CLA_8BIT_UNIT                      30    37.609     22.130     59.740 
            CLA_4BIT_UNIT_0                  18    19.835     11.271     31.106 
            CLA_4BIT_UNIT_1                  11    16.800     10.860     27.660 
        LOPD_24BIT                           58    35.048     47.598     82.646 
          LOPD_16bit_UNIT_MSB                34    21.121     28.575     49.697 
            LOPD_8bit_unit_1                 14     8.651     18.712     27.362 
            LOPD_8bit_unit_0                 14     8.512      9.864     18.376 
          LOPD_8bit_UNIT_LSB                 14     8.485     18.622     27.107 
        EXP_SUB                              25    26.479    121.673    148.152 
          CLA_8BIT_UNIT                      20    24.696    113.753    138.449 
            CLA_4BIT_UNIT_0                  17    20.876     98.358    119.234 
            CLA_4BIT_UNIT_1                   2     2.925     12.502     15.427 
        EXP_COM_8BIT                         24    17.748     18.887     36.635 
          COMP_LESS_UNIT                     24    17.748     18.887     36.635 
            u_high                           13    11.445      9.385     20.831 
            u_low                            10     5.487      9.501     14.988 
        EXP_SWAP                             13    15.561     22.381     37.943 
        EXP_RND                              15    14.910      9.327     24.237 
        MAN_ALU_PROC_RND                      7     9.186     28.464     37.650 
        SIGN_UNIT                             1     1.290      3.603      4.893 
    BFU2_UNIT3                             4468  4046.785   8629.600  12676.385 
      DATA_A_RE                            1117  1018.546   1711.124   2729.670 
        MAN_ALU                             219   238.912    383.460    622.373 
          ALU_SUB_UNIT                      122   137.241    216.107    353.348 
            CLA_BLOCK_..CLA_4BIT_UNIT        18    24.893     38.305     63.198 
            CLA_BLOCK_..CLA_4BIT_UNIT        18    20.562     22.942     43.505 
            CLA_BLOCK_..CLA_4BIT_UNIT        18    20.365     22.080     42.445 
            CLA_BLOCK_..CLA_4BIT_UNIT        18    20.277     45.755     66.032 
            CLA_BLOCK_..CLA_4BIT_UNIT        15    19.863     30.953     50.816 
            CLA_BLOCK_..CLA_4BIT_UNIT        18    19.811     38.303     58.114 
        NOR_UNIT                            205   141.178    392.709    533.887 
          SHF_left_unit                     142    95.163    290.250    385.413 
        SHF_RIGHT_MAN                       130    78.138    117.076    195.214 
        MAN_COMP_24BIT                       78    78.028    136.574    214.602 
          u_i_data_3                         13    15.459     19.004     34.462 
          u_i_data_2                         13    14.636     25.268     39.903 
          u_i_data_4                         13    14.554     22.127     36.680 
          u_i_data_1                         13    11.817     29.983     41.800 
          u_i_data_5                         10    11.007     10.666     21.673 
          u_i_data_0                         10     5.455     15.726     21.180 
        MAN_SWAP                             48    75.790     99.551    175.340 
        PSC_UNIT                             86    65.944     98.972    164.916 
        MAN_SWAP_PRE                         46    55.997    121.786    177.783 
        MAN_RND                              26    54.613     65.482    120.095 
        EXP_ADJUST                           37    43.393     25.185     68.578 
          CLA_8BIT_UNIT                      30    39.403     25.185     64.588 
            CLA_4BIT_UNIT_0                  18    21.459     14.259     35.718 
            CLA_4BIT_UNIT_1                  11    16.800     10.860     27.660 
        LOPD_24BIT                           58    38.371     80.398    118.769 
          LOPD_16bit_UNIT_MSB                34    22.963     49.676     72.639 
            LOPD_8bit_unit_0                 14     9.954     25.496     35.450 
            LOPD_8bit_unit_1                 14     8.940     24.119     33.059 
          LOPD_8bit_UNIT_LSB                 14     9.656     29.520     39.175 
        EXP_SUB                              25    24.896      2.934     27.830 
          CLA_8BIT_UNIT                      20    23.113      0.190     23.303 
            CLA_4BIT_UNIT_0                  17    19.904      0.190     20.094 
            CLA_4BIT_UNIT_1                   2     2.389      0.000      2.389 
        EXP_COM_8BIT                         24    17.928     13.306     31.234 
          COMP_LESS_UNIT                     24    17.928     13.306     31.234 
            u_high                           13    11.445      9.385     20.831 
            u_low                            10     5.696      3.921      9.617 
        EXP_SWAP                             13    15.354     15.329     30.683 
        EXP_RND                              15    14.786      9.327     24.114 
        MAN_ALU_PROC_RND                      7     7.833      0.000      7.833 
        SIGN_UNIT                             1     1.235      3.634      4.869 
      DATA_B_RE                            1117  1013.173   1543.497   2556.670 
        MAN_ALU                             217   237.313    399.760    637.072 
          ALU_SUB_UNIT                      122   127.847    281.024    408.871 
            CLA_BLOCK_..CLA_4BIT_UNIT        18    21.832     30.189     52.021 
            CLA_BLOCK_..CLA_4BIT_UNIT        15    19.667     47.404     67.071 
            CLA_BLOCK_..CLA_4BIT_UNIT        18    19.099     45.714     64.813 
            CLA_BLOCK_..CLA_4BIT_UNIT        18    18.818     50.182     69.000 
            CLA_BLOCK_..CLA_4BIT_UNIT        18    18.407     46.806     65.212 
            CLA_BLOCK_..CLA_4BIT_UNIT        18    18.093     28.569     46.662 
        NOR_UNIT                            205   143.808    278.020    421.827 
          SHF_left_unit                     142    95.873    204.338    300.212 
        SHF_RIGHT_MAN                       130    78.224    117.074    195.297 
        MAN_COMP_24BIT                       78    78.028    136.574    214.602 
          u_i_data_3                         13    15.459     19.004     34.462 
          u_i_data_2                         13    14.636     25.268     39.903 
          u_i_data_4                         13    14.554     22.127     36.680 
          u_i_data_1                         13    11.817     29.983     41.800 
          u_i_data_5                         10    11.007     10.666     21.673 
          u_i_data_0                         10     5.455     15.726     21.180 
        MAN_SWAP                             48    75.876     96.875    172.750 
        PSC_UNIT                             87    64.823     98.639    163.462 
        MAN_SWAP_PRE                         46    55.997    121.786    177.783 
        MAN_RND                              26    54.173     43.941     98.113 
        EXP_ADJUST                           37    43.393     25.185     68.578 
          CLA_8BIT_UNIT                      30    39.403     25.185     64.588 
            CLA_4BIT_UNIT_0                  18    21.459     14.259     35.718 
            CLA_4BIT_UNIT_1                  11    16.800     10.860     27.660 
        LOPD_24BIT                           58    32.270     29.437     61.707 
          LOPD_16bit_UNIT_MSB                34    18.054      7.851     25.905 
            LOPD_8bit_unit_1                 14     7.377      4.028     11.405 
            LOPD_8bit_unit_0                 14     6.718      3.823     10.541 
          LOPD_8bit_UNIT_LSB                 14     8.774     21.186     29.960 
        EXP_SUB                              25    24.896      2.934     27.830 
          CLA_8BIT_UNIT                      20    23.113      0.190     23.303 
            CLA_4BIT_UNIT_0                  17    19.904      0.190     20.094 
            CLA_4BIT_UNIT_1                   2     2.389      0.000      2.389 
        EXP_COM_8BIT                         24    17.928     13.306     31.234 
          COMP_LESS_UNIT                     24    17.928     13.306     31.234 
            u_high                           13    11.445      9.385     20.831 
            u_low                            10     5.696      3.921      9.617 
        EXP_SWAP                             13    15.354     15.329     30.683 
        EXP_RND                              15    14.786      9.327     24.114 
        MAN_ALU_PROC_RND                      7     7.833      0.000      7.833 
        SIGN_UNIT                             2     1.202      3.918      5.120 
      DATA_B_IM                            1117  1010.120   2501.033   3511.152 
        MAN_ALU                             217   232.946    314.574    547.520 
          ALU_SUB_UNIT                      122   134.978    123.820    258.798 
            CLA_BLOCK_..CLA_4BIT_UNIT        18    23.549     32.488     56.037 
            CLA_BLOCK_..CLA_4BIT_UNIT        18    20.628     24.557     45.185 
            CLA_BLOCK_..CLA_4BIT_UNIT        18    20.398     12.195     32.593 
            CLA_BLOCK_..CLA_4BIT_UNIT        18    20.231     21.049     41.280 
            CLA_BLOCK_..CLA_4BIT_UNIT        18    19.884      9.848     29.732 
            CLA_BLOCK_..CLA_4BIT_UNIT        15    19.726     20.237     39.964 
        NOR_UNIT                            205   139.526    416.990    556.516 
          SHF_left_unit                     142    94.156    256.926    351.082 
        MAN_COMP_24BIT                       78    76.414    128.131    204.545 
          u_i_data_2                         13    14.541      9.622     24.164 
          u_i_data_4                         13    14.029     18.002     32.031 
          u_i_data_3                         13    13.676      6.094     19.770 
          u_i_data_1                         13    13.615     12.935     26.550 
          u_i_data_5                         10    10.216     10.481     20.697 
          u_i_data_0                         10     6.435     19.596     26.031 
        PSC_UNIT                             87    71.661    131.647    203.308 
        MAN_SWAP                             48    68.512    272.370    340.882 
        SHF_RIGHT_MAN                       130    68.344    245.106    313.450 
        MAN_SWAP_PRE                         46    64.192    203.456    267.648 
        MAN_RND                              26    55.448     66.230    121.678 
        EXP_ADJUST                           37    41.760     91.703    133.463 
          CLA_8BIT_UNIT                      30    37.541     86.545    124.086 
            CLA_4BIT_UNIT_0                  18    19.906     43.864     63.770 
            CLA_4BIT_UNIT_1                  11    16.719     39.423     56.142 
        LOPD_24BIT                           58    33.693     39.095     72.788 
          LOPD_16bit_UNIT_MSB                34    19.632     16.734     36.366 
            LOPD_8bit_unit_0                 14     7.906      5.291     13.197 
            LOPD_8bit_unit_1                 14     7.610      7.903     15.513 
          LOPD_8bit_UNIT_LSB                 14     8.755     15.419     24.173 
        EXP_SUB                              25    26.971    146.742    173.713 
          CLA_8BIT_UNIT                      20    25.187    134.278    159.466 
            CLA_4BIT_UNIT_0                  17    21.353    117.459    138.812 
            CLA_4BIT_UNIT_1                   2     3.100     16.791     19.892 
        EXP_COM_8BIT                         24    17.880    114.126    132.006 
          COMP_LESS_UNIT                     24    17.880    114.126    132.006 
            u_high                           13    11.665     29.575     41.240 
            u_low                            10     5.276     20.661     25.937 
        EXP_SWAP                             13    17.867     66.485     84.352 
        EXP_RND                              15    15.272     27.259     42.531 
        MAN_ALU_PROC_RND                      7     9.964     22.562     32.526 
        SIGN_UNIT                             2     1.200      3.914      5.115 
      DATA_A_IM                            1117  1004.946   2873.946   3878.892 
        MAN_ALU                             219   233.326    545.113    778.439 
          ALU_SUB_UNIT                      122   129.471    315.282    444.753 
            CLA_BLOCK_..CLA_4BIT_UNIT        18    23.628     51.885     75.513 
            CLA_BLOCK_..CLA_4BIT_UNIT        15    19.635     38.932     58.567 
            CLA_BLOCK_..CLA_4BIT_UNIT        18    19.325     45.354     64.679 
            CLA_BLOCK_..CLA_4BIT_UNIT        18    18.955     48.617     67.572 
            CLA_BLOCK_..CLA_4BIT_UNIT        18    18.349     46.509     64.857 
            CLA_BLOCK_..CLA_4BIT_UNIT        18    18.329     51.755     70.083 
        NOR_UNIT                            205   137.308    538.178    675.485 
          SHF_left_unit                     142    90.961    346.182    437.144 
        MAN_COMP_24BIT                       78    76.414    128.131    204.545 
          u_i_data_2                         13    14.541      9.622     24.164 
          u_i_data_4                         13    14.029     18.002     32.031 
          u_i_data_3                         13    13.676      6.094     19.770 
          u_i_data_1                         13    13.615     12.935     26.550 
          u_i_data_5                         10    10.216     10.480     20.697 
          u_i_data_0                         10     6.435     19.596     26.031 
        PSC_UNIT                             86    69.982    114.582    184.564 
        MAN_SWAP                             48    68.464    274.663    343.127 
        SHF_RIGHT_MAN                       130    68.305    245.620    313.925 
        MAN_SWAP_PRE                         46    64.192    203.456    267.648 
        MAN_RND                              26    55.051     41.856     96.907 
        EXP_ADJUST                           37    40.260    100.640    140.900 
          CLA_8BIT_UNIT                      30    34.826     69.202    104.028 
            CLA_4BIT_UNIT_0                  18    18.800     37.207     56.007 
            CLA_4BIT_UNIT_1                  11    15.019     28.696     43.715 
        LOPD_24BIT                           58    37.854    102.279    140.133 
          LOPD_16bit_UNIT_MSB                34    22.714     62.214     84.927 
            LOPD_8bit_unit_0                 14     9.260     21.763     31.023 
            LOPD_8bit_unit_1                 14     9.076     33.394     42.471 
          LOPD_8bit_UNIT_LSB                 14     9.882     26.180     36.063 
        EXP_SUB                              25    26.971    147.057    174.029 
          CLA_8BIT_UNIT                      20    25.187    134.594    159.781 
            CLA_4BIT_UNIT_0                  17    21.353    117.775    139.127 
            CLA_4BIT_UNIT_1                   2     3.100     16.791     19.892 
        EXP_COM_8BIT                         24    17.880    114.126    132.006 
          COMP_LESS_UNIT                     24    17.880    114.126    132.006 
            u_high                           13    11.665     29.575     41.240 
            u_low                            10     5.276     20.661     25.937 
        EXP_SWAP                             13    17.867     66.485     84.352 
        EXP_RND                              15    14.848     17.934     32.782 
        MAN_ALU_PROC_RND                      7     9.964     22.562     32.526 
        SIGN_UNIT                             1     1.234      3.624      4.858 
  BFU4_17                                  8965  8485.911  16378.968  24864.879 
    BFU2_UNIT0                             4482  4267.953   7487.768  11755.721 
      DATA_B_RE                            1121  1113.968    902.940   2016.908 
        MAN_ALU                             219   259.933    170.348    430.281 
          ALU_SUB_UNIT                      124   136.961     22.350    159.311 
            CLA_BLOCK_..CLA_4BIT_UNIT        20    26.373      0.000     26.373 
            CLA_BLOCK_..CLA_4BIT_UNIT        15    21.673      0.000     21.673 
            CLA_BLOCK_..CLA_4BIT_UNIT        18    20.629      0.843     21.472 
            CLA_BLOCK_..CLA_4BIT_UNIT        18    20.263      0.000     20.263 
            CLA_BLOCK_..CLA_4BIT_UNIT        18    20.220      0.000     20.220 
            CLA_BLOCK_..CLA_4BIT_UNIT        18    18.567     13.897     32.464 
        NOR_UNIT                            205   123.728    163.915    287.644 
          SHF_left_unit                     142    82.097     70.562    152.658 
        PSC_UNIT                             88   105.083     91.608    196.691 
        MAN_COMP_24BIT                       78    91.093     17.117    108.210 
          u_i_data_2                         13    17.058      0.000     17.058 
          u_i_data_3                         13    16.666      0.000     16.666 
          u_i_data_4                         13    16.666      0.000     16.666 
          u_i_data_1                         13    15.155     12.320     27.475 
          u_i_data_5                         10    12.679      4.719     17.398 
          u_i_data_0                         10     6.446      0.000      6.446 
        MAN_SWAP                             48    70.541     15.825     86.366 
        SHF_RIGHT_MAN                       130    69.503     13.622     83.125 
        MAN_SWAP_PRE                         46    68.990     16.061     85.051 
        MAN_RND                              26    55.413      0.000     55.413 
        LOPD_24BIT                           58    46.331     31.919     78.250 
          LOPD_16bit_UNIT_MSB                34    29.078     17.504     46.582 
            LOPD_8bit_unit_0                 14    13.291      0.000     13.291 
            LOPD_8bit_unit_1                 14    12.159      6.663     18.823 
          LOPD_8bit_UNIT_LSB                 14    12.224      7.439     19.663 
        EXP_ADJUST                           37    42.293    115.784    158.076 
          CLA_8BIT_UNIT                      30    36.707     81.238    117.945 
            CLA_4BIT_UNIT_0                  18    19.955     47.390     67.346 
            CLA_4BIT_UNIT_1                  11    15.776     30.283     46.058 
        EXP_SUB                              26    26.735      1.799     28.535 
          CLA_8BIT_UNIT                      21    24.258      0.000     24.258 
            CLA_4BIT_UNIT_0                  18    20.160      0.000     20.160 
            CLA_4BIT_UNIT_1                   2     3.451      0.000      3.451 
        EXP_COM_8BIT                         24    21.848     18.914     40.762 
          COMP_LESS_UNIT                     24    21.848     18.914     40.762 
            u_high                           13    13.917     18.867     32.784 
            u_low                            10     6.787      0.000      6.787 
        EXP_SWAP                             13    19.817     19.948     39.765 
        EXP_RND                              15    15.435      9.297     24.732 
        MAN_ALU_PROC_RND                      7     9.779      0.000      9.779 
        SIGN_UNIT                             2     1.565      3.578      5.143 
      DATA_A_RE                            1120  1092.313    783.397   1875.710 
        MAN_ALU                             221   241.201    170.897    412.098 
          ALU_SUB_UNIT                      124   131.198     18.600    149.798 
            CLA_BLOCK_..CLA_4BIT_UNIT        20    21.739      0.000     21.739 
            CLA_BLOCK_..CLA_4BIT_UNIT        18    20.191     10.112     30.302 
            CLA_BLOCK_..CLA_4BIT_UNIT        18    19.936      0.000     19.936 
            CLA_BLOCK_..CLA_4BIT_UNIT        15    19.928      0.000     19.928 
            CLA_BLOCK_..CLA_4BIT_UNIT        18    19.910      0.000     19.910 
            CLA_BLOCK_..CLA_4BIT_UNIT        18    19.056      8.488     27.545 
        NOR_UNIT                            205   124.484     97.978    222.462 
          SHF_left_unit                     142    84.253     23.867    108.120 
        PSC_UNIT                             86   102.844     95.970    198.814 
        MAN_COMP_24BIT                       78    91.093     17.117    108.210 
          u_i_data_2                         13    17.058      0.000     17.058 
          u_i_data_3                         13    16.666      0.000     16.666 
          u_i_data_4                         13    16.666      0.000     16.666 
          u_i_data_1                         13    15.155     12.320     27.475 
          u_i_data_5                         10    12.679      4.719     17.398 
          u_i_data_0                         10     6.446      0.000      6.446 
        MAN_SWAP                             48    70.490     15.825     86.315 
        SHF_RIGHT_MAN                       130    69.503     13.622     83.125 
        MAN_SWAP_PRE                         46    69.015     16.061     85.077 
        MAN_RND                              26    55.463      8.347     63.810 
        LOPD_24BIT                           58    46.176      7.468     53.645 
          LOPD_16bit_UNIT_MSB                34    28.511      0.000     28.511 
            LOPD_8bit_unit_0                 14    13.297      0.000     13.297 
            LOPD_8bit_unit_1                 14    11.034      0.000     11.034 
          LOPD_8bit_UNIT_LSB                 14    12.224      7.444     19.668 
        EXP_ADJUST                           37    40.904     40.615     81.520 
          CLA_8BIT_UNIT                      30    36.992     36.063     73.055 
            CLA_4BIT_UNIT_0                  18    19.849     10.879     30.728 
            CLA_4BIT_UNIT_1                  11    16.169     25.183     41.352 
        EXP_SUB                              26    26.735      1.799     28.535 
          CLA_8BIT_UNIT                      21    24.258      0.000     24.258 
            CLA_4BIT_UNIT_0                  18    20.160      0.000     20.160 
            CLA_4BIT_UNIT_1                   2     3.451      0.000      3.451 
        EXP_COM_8BIT                         24    21.848     18.914     40.762 
          COMP_LESS_UNIT                     24    21.848     18.914     40.762 
            u_high                           13    13.917     18.867     32.784 
            u_low                            10     6.787      0.000      6.787 
        EXP_SWAP                             13    19.817     19.948     39.765 
        EXP_RND                              15    15.373     17.921     33.294 
        MAN_ALU_PROC_RND                      7     9.779      0.000      9.779 
        SIGN_UNIT                             1     1.600      3.300      4.900 
      DATA_B_IM                            1121  1032.251   2372.589   3404.840 
        MAN_ALU                             219   237.886    327.007    564.893 
          ALU_SUB_UNIT                      124   134.533     27.015    161.548 
            CLA_BLOCK_..CLA_4BIT_UNIT        20    24.587      0.883     25.470 
            CLA_BLOCK_..CLA_4BIT_UNIT        15    21.370      1.727     23.097 
            CLA_BLOCK_..CLA_4BIT_UNIT        18    20.622      0.956     21.579 
            CLA_BLOCK_..CLA_4BIT_UNIT        18    20.106      0.976     21.082 
            CLA_BLOCK_..CLA_4BIT_UNIT        18    20.071      0.975     21.047 
            CLA_BLOCK_..CLA_4BIT_UNIT        18    18.540     13.887     32.426 
        NOR_UNIT                            205   113.123    217.651    330.773 
          SHF_left_unit                     142    76.584    164.557    241.140 
        SHF_RIGHT_MAN                       130    84.719    529.339    614.058 
        MAN_COMP_24BIT                       78    76.366     86.429    162.795 
          u_i_data_3                         13    13.623     12.173     25.796 
          u_i_data_4                         13    13.623     12.282     25.905 
          u_i_data_2                         13    13.549     12.995     26.544 
          u_i_data_1                         13    12.540     27.082     39.622 
          u_i_data_5                         10    10.551      9.213     19.765 
          u_i_data_0                         10     6.056     12.606     18.662 
        PSC_UNIT                             88    75.520     91.521    167.042 
        MAN_SWAP                             48    74.246    233.327    307.573 
        MAN_SWAP_PRE                         46    64.162    378.430    442.592 
        MAN_RND                              26    55.425      4.415     59.840 
        LOPD_24BIT                           58    46.742     53.217     99.959 
          LOPD_16bit_UNIT_MSB                34    29.078     17.504     46.582 
            LOPD_8bit_unit_0                 14    13.291      0.000     13.291 
            LOPD_8bit_unit_1                 14    12.159      6.663     18.823 
          LOPD_8bit_UNIT_LSB                 14    12.217      7.439     19.656 
        EXP_ADJUST                           37    40.489     42.712     83.202 
          CLA_8BIT_UNIT                      30    35.717     26.520     62.237 
            CLA_4BIT_UNIT_0                  18    19.366      5.415     24.781 
            CLA_4BIT_UNIT_1                  11    15.183     21.063     36.246 
        EXP_SUB                              26    26.551      0.000     26.551 
          CLA_8BIT_UNIT                      21    23.900      0.000     23.900 
            CLA_4BIT_UNIT_0                  18    20.160      0.000     20.160 
            CLA_4BIT_UNIT_1                   2     3.093      0.000      3.093 
        EXP_COM_8BIT                         24    20.331     91.742    112.073 
          COMP_LESS_UNIT                     24    20.331     91.742    112.073 
            u_high                           13    12.662     28.149     40.811 
            u_low                            10     6.787      0.000      6.787 
        EXP_SWAP                             13    17.406     43.321     60.727 
        EXP_RND                              15    15.246      8.595     23.842 
        MAN_ALU_PROC_RND                      7     9.779      0.000      9.779 
        SIGN_UNIT                             2     1.383      2.208      3.590 
      DATA_A_IM                            1120  1029.421   3428.842   4458.264 
        MAN_ALU                             221   220.465    809.551   1030.016 
          ALU_SUB_UNIT                      124   127.366    312.755    440.121 
            CLA_BLOCK_..CLA_4BIT_UNIT        20    22.863     43.365     66.229 
            CLA_BLOCK_..CLA_4BIT_UNIT        15    19.863     34.124     53.987 
            CLA_BLOCK_..CLA_4BIT_UNIT        18    18.673     54.462     73.135 
            CLA_BLOCK_..CLA_4BIT_UNIT        18    18.571     51.953     70.524 
            CLA_BLOCK_..CLA_4BIT_UNIT        18    18.536     50.889     69.425 
            CLA_BLOCK_..CLA_4BIT_UNIT        18    17.986     45.836     63.822 
        NOR_UNIT                            205   137.394    633.145    770.539 
          SHF_left_unit                     142    93.201    405.800    499.001 
        SHF_RIGHT_MAN                       130    84.719    529.339    614.058 
        MAN_COMP_24BIT                       78    76.366     86.429    162.794 
          u_i_data_3                         13    13.623     12.173     25.796 
          u_i_data_4                         13    13.623     12.282     25.905 
          u_i_data_2                         13    13.549     12.994     26.544 
          u_i_data_1                         13    12.540     27.082     39.622 
          u_i_data_5                         10    10.551      9.213     19.765 
          u_i_data_0                         10     6.056     12.606     18.662 
        PSC_UNIT                             86    74.687    105.662    180.349 
        MAN_SWAP                             48    74.177    238.408    312.586 
        MAN_SWAP_PRE                         46    64.196    377.716    441.913 
        MAN_RND                              26    56.196     95.802    151.999 
        EXP_ADJUST                           37    41.173     35.781     76.954 
          CLA_8BIT_UNIT                      30    37.260     31.229     68.489 
            CLA_4BIT_UNIT_0                  18    19.849     10.879     30.728 
            CLA_4BIT_UNIT_1                  11    16.437     20.349     36.787 
        LOPD_24BIT                           58    34.913     68.035    102.948 
          LOPD_16bit_UNIT_MSB                34    21.359     48.567     69.926 
            LOPD_8bit_unit_0                 14     9.090     28.409     37.499 
            LOPD_8bit_unit_1                 14     8.199     20.098     28.297 
          LOPD_8bit_UNIT_LSB                 14     8.268     19.468     27.736 
        EXP_SUB                              26    26.551      0.000     26.551 
          CLA_8BIT_UNIT                      21    23.900      0.000     23.900 
            CLA_4BIT_UNIT_0                  18    20.160      0.000     20.160 
            CLA_4BIT_UNIT_1                   2     3.093      0.000      3.093 
        EXP_COM_8BIT                         24    20.331     91.742    112.073 
          COMP_LESS_UNIT                     24    20.331     91.742    112.073 
            u_high                           13    12.662     28.149     40.811 
            u_low                            10     6.787      0.000      6.787 
        EXP_SWAP                             13    17.406     43.321     60.727 
        EXP_RND                              15    15.197     13.253     28.450 
        MAN_ALU_PROC_RND                      7     9.779      0.000      9.779 
        SIGN_UNIT                             1     1.417      4.089      5.506 
    BFU2_UNIT1                             4482  4217.601   8884.369  13101.970 
      DATA_A_RE                            1120  1062.554   3089.894   4152.448 
        MAN_ALU                             221   247.566    614.013    861.580 
          ALU_SUB_UNIT                      124   145.179    276.029    421.208 
            CLA_BLOCK_..CLA_4BIT_UNIT        20    26.445     33.643     60.087 
            CLA_BLOCK_..CLA_4BIT_UNIT        15    21.395     31.892     53.286 
            CLA_BLOCK_..CLA_4BIT_UNIT        18    21.345     36.643     57.988 
            CLA_BLOCK_..CLA_4BIT_UNIT        18    21.163     36.317     57.480 
            CLA_BLOCK_..CLA_4BIT_UNIT        18    21.128     35.231     56.360 
            CLA_BLOCK_..CLA_4BIT_UNIT        18    20.913     41.799     62.712 
        NOR_UNIT                            205   141.047    761.257    902.304 
          SHF_left_unit                     142    93.804    494.150    587.954 
        SHF_RIGHT_MAN                       130    77.806    398.034    475.840 
        PSC_UNIT                             86    76.593    102.093    178.686 
        MAN_COMP_24BIT                       78    76.407    168.461    244.868 
          u_i_data_2                         13    14.320     29.587     43.907 
          u_i_data_3                         13    14.305     31.596     45.901 
          u_i_data_4                         13    14.305     31.594     45.899 
          u_i_data_1                         13    12.759     39.618     52.377 
          u_i_data_5                         10     9.907     13.243     23.150 
          u_i_data_0                         10     5.972     18.676     24.648 
        MAN_SWAP                             48    76.297    121.397    197.694 
        MAN_SWAP_PRE                         46    71.188    151.567    222.755 
        MAN_RND                              26    55.275    104.189    159.464 
        EXP_ADJUST                           37    42.445     81.034    123.479 
          CLA_8BIT_UNIT                      30    36.782     44.305     81.087 
            CLA_4BIT_UNIT_0                  18    20.750      9.817     30.566 
            CLA_4BIT_UNIT_1                  11    14.882     34.381     49.262 
        LOPD_24BIT                           58    35.850     88.558    124.408 
          LOPD_16bit_UNIT_MSB                34    21.485     52.605     74.090 
            LOPD_8bit_unit_0                 14     9.090     28.409     37.499 
            LOPD_8bit_unit_1                 14     8.258     20.647     28.905 
          LOPD_8bit_UNIT_LSB                 14     9.060     29.386     38.446 
        EXP_SUB                              26    27.698     38.304     66.001 
          CLA_8BIT_UNIT                      21    25.913     26.155     52.069 
            CLA_4BIT_UNIT_0                  18    21.818      9.364     31.182 
            CLA_4BIT_UNIT_1                   2     3.448     16.791     20.239 
        EXP_SWAP                             13    20.613     47.464     68.077 
        EXP_COM_8BIT                         24    18.688     44.052     62.740 
          COMP_LESS_UNIT                     24    18.688     44.052     62.740 
            u_high                           13    11.860     32.367     44.227 
            u_low                            10     5.880     11.685     17.566 
        EXP_RND                              15    14.836     14.001     28.837 
        MAN_ALU_PROC_RND                      7     8.987     20.624     29.612 
        SIGN_UNIT                             1     1.654      3.277      4.932 
      DATA_A_IM                            1120  1055.793   1615.261   2671.054 
        MAN_ALU                             221   252.972    589.884    842.857 
          ALU_SUB_UNIT                      124   137.508    281.557    419.065 
            CLA_BLOCK_..CLA_4BIT_UNIT        20    24.032     52.573     76.606 
            CLA_BLOCK_..CLA_4BIT_UNIT        18    20.410     46.774     67.183 
            CLA_BLOCK_..CLA_4BIT_UNIT        18    20.375     47.333     67.709 
            CLA_BLOCK_..CLA_4BIT_UNIT        15    20.142     42.888     63.029 
            CLA_BLOCK_..CLA_4BIT_UNIT        18    20.064     37.057     57.121 
            CLA_BLOCK_..CLA_4BIT_UNIT        18    19.431     42.873     62.305 
        NOR_UNIT                            205   124.145    177.171    301.316 
          SHF_left_unit                     142    82.324     77.662    159.986 
        PSC_UNIT                             86   104.681    103.201    207.882 
        MAN_COMP_24BIT                       78    89.108     29.898    119.006 
          u_i_data_2                         13    17.058      0.000     17.058 
          u_i_data_3                         13    16.666      0.000     16.666 
          u_i_data_4                         13    16.666      0.000     16.666 
          u_i_data_1                         13    15.185     13.649     28.834 
          u_i_data_5                         10    11.418      4.784     16.202 
          u_i_data_0                         10     6.446      0.000      6.446 
        MAN_SWAP                             48    71.892     10.333     82.226 
        SHF_RIGHT_MAN                       130    63.142    153.868    217.010 
        MAN_RND                              26    55.444      3.953     59.397 
        MAN_SWAP_PRE                         46    52.055      6.575     58.631 
        LOPD_24BIT                           58    45.946     33.169     79.115 
          LOPD_16bit_UNIT_MSB                34    28.702     18.749     47.451 
            LOPD_8bit_unit_0                 14    13.297      0.000     13.297 
            LOPD_8bit_unit_1                 14    11.780      7.909     19.688 
          LOPD_8bit_UNIT_LSB                 14    12.217      7.444     19.661 
        EXP_ADJUST                           37    43.639    115.724    159.363 
          CLA_8BIT_UNIT                      30    38.046     81.172    119.218 
            CLA_4BIT_UNIT_0                  18    21.984     34.416     56.400 
            CLA_4BIT_UNIT_1                  11    15.119     43.107     58.225 
        EXP_SUB                              26    23.046    126.680    149.726 
          CLA_8BIT_UNIT                      21    20.395    126.680    147.075 
            CLA_4BIT_UNIT_0                  18    17.273    126.653    143.926 
            CLA_4BIT_UNIT_1                   2     2.389      0.000      2.389 
        EXP_COM_8BIT                         24    17.429     39.968     57.397 
          COMP_LESS_UNIT                     24    17.429     39.968     57.397 
            u_high                           13    10.849     19.294     30.143 
            u_low                            10     5.779     20.607     26.385 
        EXP_SWAP                             13    16.265     36.305     52.569 
        EXP_RND                              15    14.998     31.947     46.945 
        MAN_ALU_PROC_RND                      7     9.779      0.000      9.779 
        SIGN_UNIT                             1     1.181      3.279      4.460 
      DATA_B_IM                            1121  1055.225   1669.429   2724.653 
        MAN_ALU                             219   253.982    654.666    908.649 
          ALU_SUB_UNIT                      124   134.923    357.908    492.831 
            CLA_BLOCK_..CLA_4BIT_UNIT        20    24.021     51.515     75.536 
            CLA_BLOCK_..CLA_4BIT_UNIT        15    20.290     47.179     67.469 
            CLA_BLOCK_..CLA_4BIT_UNIT        18    19.682     50.008     69.690 
            CLA_BLOCK_..CLA_4BIT_UNIT        18    19.593     51.746     71.339 
            CLA_BLOCK_..CLA_4BIT_UNIT        18    19.559     52.007     71.566 
            CLA_BLOCK_..CLA_4BIT_UNIT        18    19.438     44.756     64.194 
        NOR_UNIT                            205   124.145    177.162    301.307 
          SHF_left_unit                     142    82.324     77.660    159.984 
        PSC_UNIT                             88   102.836     94.159    196.995 
        MAN_COMP_24BIT                       78    89.108     29.898    119.006 
          u_i_data_2                         13    17.058      0.000     17.058 
          u_i_data_3                         13    16.666      0.000     16.666 
          u_i_data_4                         13    16.666      0.000     16.666 
          u_i_data_1                         13    15.185     13.649     28.834 
          u_i_data_5                         10    11.418      4.784     16.202 
          u_i_data_0                         10     6.446      0.000      6.446 
        MAN_SWAP                             48    71.944      9.861     81.804 
        SHF_RIGHT_MAN                       130    63.142    153.868    217.010 
        MAN_RND                              26    55.444      3.953     59.397 
        MAN_SWAP_PRE                         46    52.030      6.575     58.605 
        LOPD_24BIT                           58    45.940     33.161     79.101 
          LOPD_16bit_UNIT_MSB                34    28.696     18.746     47.441 
            LOPD_8bit_unit_0                 14    13.291      0.000     13.291 
            LOPD_8bit_unit_1                 14    11.780      7.905     19.685 
          LOPD_8bit_UNIT_LSB                 14    12.217      7.439     19.656 
        EXP_ADJUST                           37    43.639    115.715    159.354 
          CLA_8BIT_UNIT                      30    38.046     81.169    119.215 
            CLA_4BIT_UNIT_0                  18    21.984     34.415     56.399 
            CLA_4BIT_UNIT_1                  11    15.119     43.105     58.224 
        EXP_SUB                              26    23.046    126.680    149.726 
          CLA_8BIT_UNIT                      21    20.395    126.680    147.075 
            CLA_4BIT_UNIT_0                  18    17.273    126.653    143.926 
            CLA_4BIT_UNIT_1                   2     2.389      0.000      2.389 
        EXP_COM_8BIT                         24    17.429     39.968     57.397 
          COMP_LESS_UNIT                     24    17.429     39.968     57.397 
            u_high                           13    10.849     19.294     30.143 
            u_low                            10     5.779     20.607     26.385 
        EXP_SWAP                             13    16.265     36.305     52.569 
        EXP_RND                              15    14.998     31.947     46.945 
        MAN_ALU_PROC_RND                      7     9.779      0.000      9.779 
        SIGN_UNIT                             2     1.427      2.200      3.627 
      DATA_B_RE                            1121  1044.029   2509.785   3553.814 
        MAN_ALU                             219   233.702    446.461    680.163 
          ALU_SUB_UNIT                      124   127.250    200.124    327.374 
            CLA_BLOCK_..CLA_4BIT_UNIT        20    21.739      0.000     21.739 
            CLA_BLOCK_..CLA_4BIT_UNIT        18    19.910      0.000     19.910 
            CLA_BLOCK_..CLA_4BIT_UNIT        15    19.863     34.435     54.298 
            CLA_BLOCK_..CLA_4BIT_UNIT        18    19.037     45.310     64.347 
            CLA_BLOCK_..CLA_4BIT_UNIT        18    18.571     51.654     70.224 
            CLA_BLOCK_..CLA_4BIT_UNIT        18    17.386     48.841     66.227 
        NOR_UNIT                            205   130.914    471.623    602.537 
          SHF_left_unit                     142    87.664    307.223    394.887 
        SHF_RIGHT_MAN                       130    77.806    398.034    475.840 
        PSC_UNIT                             88    77.209    117.014    194.223 
        MAN_COMP_24BIT                       78    76.407    168.406    244.813 
          u_i_data_2                         13    14.320     29.532     43.852 
          u_i_data_3                         13    14.305     31.596     45.901 
          u_i_data_4                         13    14.305     31.594     45.899 
          u_i_data_1                         13    12.759     39.618     52.377 
          u_i_data_5                         10     9.907     13.243     23.150 
          u_i_data_0                         10     5.972     18.676     24.648 
        MAN_SWAP                             48    76.365    117.577    193.942 
        MAN_SWAP_PRE                         46    71.154    152.297    223.450 
        MAN_RND                              26    54.807     60.683    115.489 
        EXP_ADJUST                           37    43.078     55.657     98.735 
          CLA_8BIT_UNIT                      30    38.860     50.501     89.360 
            CLA_4BIT_UNIT_0                  18    20.874     39.575     60.448 
            CLA_4BIT_UNIT_1                  11    16.842     10.860     27.702 
        LOPD_24BIT                           58    40.589     57.081     97.670 
          LOPD_16bit_UNIT_MSB                34    21.691     50.539     72.229 
            LOPD_8bit_unit_0                 14     9.296     26.355     35.651 
            LOPD_8bit_unit_1                 14     8.258     20.635     28.893 
          LOPD_8bit_UNIT_LSB                 14    13.438      0.000     13.438 
        EXP_SUB                              26    27.698     38.304     66.001 
          CLA_8BIT_UNIT                      21    25.913     26.155     52.069 
            CLA_4BIT_UNIT_0                  18    21.818      9.364     31.182 
            CLA_4BIT_UNIT_1                   2     3.448     16.791     20.239 
        EXP_SWAP                             13    20.613     47.464     68.077 
        EXP_COM_8BIT                         24    18.688     44.052     62.740 
          COMP_LESS_UNIT                     24    18.688     44.052     62.740 
            u_high                           13    11.860     32.367     44.227 
            u_low                            10     5.880     11.685     17.566 
        EXP_RND                              15    14.986     18.666     33.652 
        MAN_ALU_PROC_RND                      7     8.987     20.624     29.612 
        SIGN_UNIT                             2     1.619      3.555      5.174 
  BFU4_06                                  8965  8450.979  17510.182  25961.161 
    BFU2_UNIT0                             4482  4266.628   8271.696  12538.324 
      DATA_B_IM                            1121  1108.325   1890.926   2999.251 
        MAN_ALU                             219   265.581    508.302    773.883 
          ALU_SUB_UNIT                      124   142.515    225.343    367.858 
            CLA_BLOCK_..CLA_4BIT_UNIT        20    26.373      0.000     26.373 
            CLA_BLOCK_..CLA_4BIT_UNIT        15    21.832     31.273     53.105 
            CLA_BLOCK_..CLA_4BIT_UNIT        18    21.388     35.431     56.819 
            CLA_BLOCK_..CLA_4BIT_UNIT        18    21.345     34.646     55.991 
            CLA_BLOCK_..CLA_4BIT_UNIT        18    19.834     28.855     48.689 
            CLA_BLOCK_..CLA_4BIT_UNIT        18    19.663     42.464     62.127 
        NOR_UNIT                            205   133.498    429.329    562.827 
          SHF_left_unit                     142    89.218    316.543    405.760 
        PSC_UNIT                             88   105.197    105.491    210.688 
        MAN_COMP_24BIT                       78    88.877     40.031    128.908 
          u_i_data_2                         13    17.058      0.000     17.058 
          u_i_data_3                         13    16.666      0.000     16.666 
          u_i_data_4                         13    16.666      0.000     16.666 
          u_i_data_1                         13    14.165     18.768     32.932 
          u_i_data_5                         10    11.971      9.794     21.765 
          u_i_data_0                         10     6.446      0.000      6.446 
        MAN_SWAP                             48    71.446     25.004     96.449 
        SHF_RIGHT_MAN                       130    68.149     85.673    153.822 
        MAN_SWAP_PRE                         46    60.569    129.603    190.172 
        MAN_RND                              26    55.715     70.314    126.029 
        EXP_ADJUST                           37    40.052      8.682     48.733 
          CLA_8BIT_UNIT                      30    36.061      8.682     44.743 
            CLA_4BIT_UNIT_0                  18    19.387      0.000     19.387 
            CLA_4BIT_UNIT_1                  11    15.700      8.682     24.382 
        LOPD_24BIT                           58    39.112     56.358     95.470 
          LOPD_16bit_UNIT_MSB                34    21.860     47.217     69.077 
            LOPD_8bit_unit_0                 14     9.114     28.128     37.242 
            LOPD_8bit_unit_1                 14     8.676     19.028     27.704 
          LOPD_8bit_UNIT_LSB                 14    11.810      9.117     20.927 
        EXP_SUB                              26    26.732     18.591     45.323 
          CLA_8BIT_UNIT                      21    24.255     16.791     41.046 
            CLA_4BIT_UNIT_0                  18    20.160      0.000     20.160 
            CLA_4BIT_UNIT_1                   2     3.448     16.791     20.239 
        EXP_COM_8BIT                         24    20.989     86.151    107.140 
          COMP_LESS_UNIT                     24    20.989     86.151    107.140 
            u_high                           13    13.228     22.511     35.740 
            u_low                            10     6.787      0.000      6.787 
        EXP_SWAP                             13    17.610     39.704     57.314 
        EXP_RND                              15    15.485      4.640     20.124 
        MAN_ALU_PROC_RND                      7     9.779      0.000      9.779 
        SIGN_UNIT                             2     1.384      2.208      3.591 
      DATA_A_IM                            1120  1081.503   1143.380   2224.883 
        MAN_ALU                             221   240.374    237.311    477.685 
          ALU_SUB_UNIT                      124   131.190     55.859    187.050 
            CLA_BLOCK_..CLA_4BIT_UNIT        20    21.739      0.000     21.739 
            CLA_BLOCK_..CLA_4BIT_UNIT        18    19.936      0.000     19.936 
            CLA_BLOCK_..CLA_4BIT_UNIT        15    19.928      0.000     19.928 
            CLA_BLOCK_..CLA_4BIT_UNIT        18    19.722     16.561     36.284 
            CLA_BLOCK_..CLA_4BIT_UNIT        18    19.594     24.131     43.726 
            CLA_BLOCK_..CLA_4BIT_UNIT        18    19.544      5.048     24.592 
        NOR_UNIT                            205   126.573     73.547    200.120 
          SHF_left_unit                     142    85.011     52.201    137.212 
        PSC_UNIT                             86   104.723    103.535    208.258 
        MAN_COMP_24BIT                       78    88.877     40.031    128.908 
          u_i_data_2                         13    17.058      0.000     17.058 
          u_i_data_3                         13    16.666      0.000     16.666 
          u_i_data_4                         13    16.666      0.000     16.666 
          u_i_data_1                         13    14.165     18.768     32.932 
          u_i_data_5                         10    11.971      9.794     21.765 
          u_i_data_0                         10     6.446      0.000      6.446 
        MAN_SWAP                             48    71.385     26.669     98.055 
        SHF_RIGHT_MAN                       130    68.149     85.673    153.822 
        MAN_SWAP_PRE                         46    60.595    129.603    190.197 
        MAN_RND                              26    55.482     12.741     68.223 
        LOPD_24BIT                           58    46.282     55.798    102.081 
          LOPD_16bit_UNIT_MSB                34    28.432     42.756     71.188 
            LOPD_8bit_unit_0                 14    13.222     41.482     54.704 
            LOPD_8bit_unit_1                 14    10.557      1.058     11.615 
          LOPD_8bit_UNIT_LSB                 14    12.253     12.617     24.870 
        EXP_ADJUST                           37    40.052      8.682     48.733 
          CLA_8BIT_UNIT                      30    36.061      8.682     44.743 
            CLA_4BIT_UNIT_0                  18    19.387      0.000     19.387 
            CLA_4BIT_UNIT_1                  11    15.700      8.682     24.382 
        EXP_SUB                              26    26.732     18.591     45.323 
          CLA_8BIT_UNIT                      21    24.255     16.791     41.046 
            CLA_4BIT_UNIT_0                  18    20.160      0.000     20.160 
            CLA_4BIT_UNIT_1                   2     3.448     16.791     20.239 
        EXP_COM_8BIT                         24    20.989     86.151    107.140 
          COMP_LESS_UNIT                     24    20.989     86.151    107.140 
            u_high                           13    13.228     22.511     35.740 
            u_low                            10     6.787      0.000      6.787 
        EXP_SWAP                             13    17.610     39.704     57.314 
        EXP_RND                              15    15.485      4.640     20.124 
        MAN_ALU_PROC_RND                      7     9.779      0.000      9.779 
        SIGN_UNIT                             1     1.418      4.089      5.507 
      DATA_B_RE                            1121  1046.458   2689.350   3735.808 
        MAN_ALU                             219   245.194    678.858    924.052 
          ALU_SUB_UNIT                      124   124.100    322.216    446.316 
            CLA_BLOCK_..CLA_4BIT_UNIT        20    24.141     68.661     92.803 
            CLA_BLOCK_..CLA_4BIT_UNIT        15    18.867     49.480     68.347 
            CLA_BLOCK_..CLA_4BIT_UNIT        18    18.241     38.042     56.283 
            CLA_BLOCK_..CLA_4BIT_UNIT        18    17.625     38.112     55.737 
            CLA_BLOCK_..CLA_4BIT_UNIT        18    17.498     47.820     65.318 
            CLA_BLOCK_..CLA_4BIT_UNIT        18    17.111     48.485     65.595 
        NOR_UNIT                            205   138.284    552.787    691.072 
          SHF_left_unit                     142    92.799    404.849    497.649 
        PSC_UNIT                             88    83.181    193.904    277.085 
        MAN_COMP_24BIT                       78    78.272    159.571    237.843 
          u_i_data_3                         13    14.305     31.596     45.901 
          u_i_data_4                         13    14.305     31.594     45.899 
          u_i_data_2                         13    13.883     27.543     41.426 
          u_i_data_1                         13    13.071     29.066     42.137 
          u_i_data_5                         10    10.875     21.043     31.918 
          u_i_data_0                         10     6.438     17.381     23.820 
        MAN_SWAP                             48    76.029    132.251    208.279 
        SHF_RIGHT_MAN                       130    66.114    209.432    275.546 
        MAN_SWAP_PRE                         46    57.070    127.584    184.654 
        MAN_RND                              26    56.139     91.409    147.548 
        EXP_ADJUST                           37    41.012     15.694     56.706 
          CLA_8BIT_UNIT                      30    37.022     15.694     52.715 
            CLA_4BIT_UNIT_0                  18    19.387      0.000     19.387 
            CLA_4BIT_UNIT_1                  11    16.661     15.694     32.355 
        LOPD_24BIT                           58    36.665     79.768    116.433 
          LOPD_16bit_UNIT_MSB                34    21.565     46.500     68.065 
            LOPD_8bit_unit_0                 14     9.296     26.355     35.651 
            LOPD_8bit_unit_1                 14     8.199     20.084     28.284 
          LOPD_8bit_UNIT_LSB                 14     9.503     32.842     42.345 
        EXP_SUB                              26    29.200    124.095    153.295 
          CLA_8BIT_UNIT                      21    26.723    121.350    148.073 
            CLA_4BIT_UNIT_0                  18    22.552    114.036    136.588 
            CLA_4BIT_UNIT_1                   2     3.275      4.411      7.686 
        EXP_COM_8BIT                         24    20.073      9.100     29.173 
          COMP_LESS_UNIT                     24    20.073      9.100     29.173 
            u_high                           13    12.547      9.022     21.568 
            u_low                            10     6.710      0.078      6.788 
        EXP_SWAP                             13    15.387     13.273     28.660 
        EXP_RND                              15    15.335      9.326     24.661 
        MAN_ALU_PROC_RND                      7     9.779      0.000      9.779 
        SIGN_UNIT                             2     1.202      3.600      4.802 
      DATA_A_RE                            1120  1030.342   2548.040   3578.382 
        MAN_ALU                             221   240.073    598.780    838.853 
          ALU_SUB_UNIT                      124   132.474    339.866    472.341 
            CLA_BLOCK_..CLA_4BIT_UNIT        20    22.503     47.926     70.430 
            CLA_BLOCK_..CLA_4BIT_UNIT        15    20.420     49.883     70.303 
            CLA_BLOCK_..CLA_4BIT_UNIT        18    19.726     42.320     62.046 
            CLA_BLOCK_..CLA_4BIT_UNIT        18    19.659     54.138     73.797 
            CLA_BLOCK_..CLA_4BIT_UNIT        18    19.153     54.165     73.319 
            CLA_BLOCK_..CLA_4BIT_UNIT        18    19.081     50.881     69.962 
        NOR_UNIT                            205   121.345    448.634    569.979 
          SHF_left_unit                     142    80.042    325.896    405.938 
        PSC_UNIT                             86    82.689    206.723    289.411 
        MAN_COMP_24BIT                       78    78.272    159.626    237.898 
          u_i_data_3                         13    14.305     31.596     45.901 
          u_i_data_4                         13    14.305     31.594     45.899 
          u_i_data_2                         13    13.883     27.598     41.481 
          u_i_data_1                         13    13.071     29.066     42.137 
          u_i_data_5                         10    10.875     21.043     31.918 
          u_i_data_0                         10     6.438     17.381     23.820 
        MAN_SWAP                             48    75.977    134.476    210.453 
        SHF_RIGHT_MAN                       130    66.114    209.432    275.546 
        MAN_SWAP_PRE                         46    57.105    126.851    183.956 
        MAN_RND                              26    55.041     32.651     87.692 
        LOPD_24BIT                           58    44.474    125.569    170.043 
          LOPD_16bit_UNIT_MSB                34    29.816     66.641     96.457 
            LOPD_8bit_unit_0                 14    13.222     41.482     54.704 
            LOPD_8bit_unit_1                 14    12.159      6.665     18.824 
          LOPD_8bit_UNIT_LSB                 14     9.503     32.877     42.380 
        EXP_ADJUST                           37    41.583     31.740     73.324 
          CLA_8BIT_UNIT                      30    37.484     26.573     64.057 
            CLA_4BIT_UNIT_0                  18    19.849     10.879     30.728 
            CLA_4BIT_UNIT_1                  11    16.661     15.694     32.355 
        EXP_SUB                              26    29.200    124.095    153.295 
          CLA_8BIT_UNIT                      21    26.723    121.350    148.073 
            CLA_4BIT_UNIT_0                  18    22.552    114.036    136.588 
            CLA_4BIT_UNIT_1                   2     3.275      4.411      7.686 
        EXP_COM_8BIT                         24    20.073      9.100     29.173 
          COMP_LESS_UNIT                     24    20.073      9.100     29.173 
            u_high                           13    12.547      9.022     21.568 
            u_low                            10     6.710      0.078      6.788 
        EXP_SWAP                             13    15.387     13.273     28.660 
        EXP_RND                              15    15.323     13.263     28.587 
        MAN_ALU_PROC_RND                      7     9.779      0.000      9.779 
        SIGN_UNIT                             1     1.235      3.312      4.547 
    BFU2_UNIT1                             4482  4183.821   9238.486  13422.306 
      DATA_A_IM                            1120  1062.659   2376.104   3438.763 
        MAN_ALU                             221   246.542    601.034    847.575 
          ALU_SUB_UNIT                      124   140.863    312.842    453.704 
            CLA_BLOCK_..CLA_4BIT_UNIT        20    24.032     52.573     76.606 
            CLA_BLOCK_..CLA_4BIT_UNIT        15    21.395     31.892     53.286 
            CLA_BLOCK_..CLA_4BIT_UNIT        18    21.163     36.317     57.480 
            CLA_BLOCK_..CLA_4BIT_UNIT        18    21.128     35.231     56.360 
            CLA_BLOCK_..CLA_4BIT_UNIT        18    20.913     41.799     62.712 
            CLA_BLOCK_..CLA_4BIT_UNIT        18    19.557     52.464     72.021 
        NOR_UNIT                            205   132.348    519.730    652.078 
          SHF_left_unit                     142    87.301    320.707    408.008 
        PSC_UNIT                             86    88.974    111.668    200.642 
        MAN_COMP_24BIT                       78    80.131    107.284    187.415 
          u_i_data_1                         13    15.676      0.000     15.676 
          u_i_data_2                         13    14.320     29.587     43.907 
          u_i_data_3                         13    14.305     31.596     45.901 
          u_i_data_4                         13    14.305     31.594     45.899 
          u_i_data_5                         10     9.907     13.243     23.150 
          u_i_data_0                         10     6.446      0.000      6.446 
        MAN_SWAP                             48    74.474     77.647    152.121 
        MAN_SWAP_PRE                         46    72.294     75.409    147.703 
        SHF_RIGHT_MAN                       130    64.683    175.630    240.313 
        MAN_RND                              26    55.709     65.479    121.188 
        EXP_ADJUST                           37    42.335     74.786    117.121 
          CLA_8BIT_UNIT                      30    36.673     38.056     74.729 
            CLA_4BIT_UNIT_0                  18    20.750      9.817     30.566 
            CLA_4BIT_UNIT_1                  11    14.772     28.132     42.904 
        LOPD_24BIT                           58    40.384     59.147     99.531 
          LOPD_16bit_UNIT_MSB                34    21.485     52.605     74.090 
            LOPD_8bit_unit_0                 14     9.090     28.409     37.499 
            LOPD_8bit_unit_1                 14     8.258     20.647     28.905 
          LOPD_8bit_UNIT_LSB                 14    13.438      0.000     13.438 
        EXP_SUB                              26    23.932    145.271    169.203 
          CLA_8BIT_UNIT                      21    21.454    143.472    164.926 
            CLA_4BIT_UNIT_0                  18    17.273    126.653    143.926 
            CLA_4BIT_UNIT_1                   2     3.448     16.791     20.239 
        EXP_SWAP                             13    20.912     39.003     59.915 
        EXP_COM_8BIT                         24    19.100     25.852     44.952 
          COMP_LESS_UNIT                     24    19.100     25.852     44.952 
            u_high                           13    12.002     14.719     26.721 
            u_low                            10     6.150     11.133     17.283 
        EXP_RND                              15    14.963     13.983     28.946 
        MAN_ALU_PROC_RND                      7     9.779      0.000      9.779 
        SIGN_UNIT                             1     1.654      3.277      4.932 
      DATA_B_IM                            1121  1055.959   2361.463   3417.422 
        MAN_ALU                             219   239.574    631.136    870.710 
          ALU_SUB_UNIT                      124   129.474    329.927    459.401 
            CLA_BLOCK_..CLA_4BIT_UNIT        20    24.021     51.515     75.536 
            CLA_BLOCK_..CLA_4BIT_UNIT        15    19.863     34.435     54.298 
            CLA_BLOCK_..CLA_4BIT_UNIT        18    19.559     51.990     71.548 
            CLA_BLOCK_..CLA_4BIT_UNIT        18    18.571     51.654     70.224 
            CLA_BLOCK_..CLA_4BIT_UNIT        18    18.536     50.886     69.422 
            CLA_BLOCK_..CLA_4BIT_UNIT        18    17.386     48.841     66.227 
        NOR_UNIT                            205   130.321    486.082    616.403 
          SHF_left_unit                     142    87.301    320.701    408.003 
        PSC_UNIT                             88    89.781    101.969    191.750 
        MAN_COMP_24BIT                       78    80.131    107.229    187.360 
          u_i_data_1                         13    15.676      0.000     15.676 
          u_i_data_2                         13    14.320     29.532     43.852 
          u_i_data_3                         13    14.305     31.596     45.901 
          u_i_data_4                         13    14.305     31.594     45.899 
          u_i_data_5                         10     9.907     13.243     23.150 
          u_i_data_0                         10     6.446      0.000      6.446 
        MAN_SWAP                             48    74.525     76.683    151.208 
        MAN_SWAP_PRE                         46    72.260     76.138    148.398 
        SHF_RIGHT_MAN                       130    64.683    175.630    240.313 
        MAN_RND                              26    55.728     61.084    116.811 
        EXP_ADJUST                           37    42.922     62.969    105.891 
          CLA_8BIT_UNIT                      30    38.704     57.812     96.516 
            CLA_4BIT_UNIT_0                  18    20.874     39.575     60.448 
            CLA_4BIT_UNIT_1                  11    16.686     18.171     34.857 
        LOPD_24BIT                           58    40.408     58.854     99.262 
          LOPD_16bit_UNIT_MSB                34    21.509     52.312     73.821 
            LOPD_8bit_unit_0                 14     9.114     28.128     37.242 
            LOPD_8bit_unit_1                 14     8.258     20.635     28.893 
          LOPD_8bit_UNIT_LSB                 14    13.438      0.000     13.438 
        EXP_SUB                              26    23.932    145.271    169.203 
          CLA_8BIT_UNIT                      21    21.454    143.472    164.926 
            CLA_4BIT_UNIT_0                  18    17.273    126.653    143.926 
            CLA_4BIT_UNIT_1                   2     3.448     16.791     20.239 
        EXP_SWAP                             13    20.912     39.003     59.915 
        EXP_COM_8BIT                         24    19.100     25.852     44.952 
          COMP_LESS_UNIT                     24    19.100     25.852     44.952 
            u_high                           13    12.002     14.719     26.721 
            u_low                            10     6.150     11.133     17.283 
        EXP_RND                              15    15.162     23.305     38.468 
        MAN_ALU_PROC_RND                      7     9.779      0.000      9.779 
        SIGN_UNIT                             2     1.619      3.555      5.174 
      DATA_B_RE                            1121  1038.887   2230.415   3269.301 
        MAN_ALU                             219   255.263    721.841    977.104 
          ALU_SUB_UNIT                      124   140.906    310.546    451.453 
            CLA_BLOCK_..CLA_4BIT_UNIT        20    24.032     51.515     75.548 
            CLA_BLOCK_..CLA_4BIT_UNIT        15    21.395     32.205     53.599 
            CLA_BLOCK_..CLA_4BIT_UNIT        18    21.163     36.013     57.176 
            CLA_BLOCK_..CLA_4BIT_UNIT        18    21.128     35.228     56.357 
            CLA_BLOCK_..CLA_4BIT_UNIT        18    20.913     42.430     63.343 
            CLA_BLOCK_..CLA_4BIT_UNIT        18    19.557     51.990     71.547 
        NOR_UNIT                            205   132.875    366.735    499.610 
          SHF_left_unit                     142    88.250    268.808    357.059 
        PSC_UNIT                             88    83.856    149.786    233.642 
        MAN_COMP_24BIT                       78    80.131    107.229    187.360 
          u_i_data_1                         13    15.676      0.000     15.676 
          u_i_data_2                         13    14.320     29.532     43.852 
          u_i_data_3                         13    14.305     31.596     45.901 
          u_i_data_4                         13    14.305     31.594     45.899 
          u_i_data_5                         10     9.907     13.243     23.150 
          u_i_data_0                         10     6.446      0.000      6.446 
        MAN_SWAP                             48    74.525     76.683    151.208 
        SHF_RIGHT_MAN                       130    66.284    158.777    225.061 
        MAN_RND                              26    55.740     61.526    117.266 
        MAN_SWAP_PRE                         46    55.157     79.981    135.138 
        EXP_ADJUST                           37    42.334     66.161    108.496 
          CLA_8BIT_UNIT                      30    38.344     66.161    104.505 
            CLA_4BIT_UNIT_0                  18    20.218     50.401     70.619 
            CLA_4BIT_UNIT_1                  11    16.982     15.694     32.676 
        LOPD_24BIT                           58    39.939     47.217     87.156 
          LOPD_16bit_UNIT_MSB                34    20.904     47.217     68.121 
            LOPD_8bit_unit_0                 14     9.114     28.128     37.242 
            LOPD_8bit_unit_1                 14     7.720     19.028     26.748 
          LOPD_8bit_UNIT_LSB                 14    13.438      0.000     13.438 
        EXP_SUB                              26    24.145    121.259    145.403 
          CLA_8BIT_UNIT                      21    21.667    118.514    140.181 
            CLA_4BIT_UNIT_0                  18    18.192    100.927    119.118 
            CLA_4BIT_UNIT_1                   2     2.742     17.560     20.302 
        EXP_COM_8BIT                         24    17.438     41.506     58.944 
          COMP_LESS_UNIT                     24    17.438     41.506     58.944 
            u_high                           13    10.945     20.709     31.654 
            u_low                            10     5.691     20.731     26.422 
        EXP_SWAP                             13    15.873     38.029     53.902 
        EXP_RND                              15    15.075     27.271     42.346 
        MAN_ALU_PROC_RND                      7     9.779      0.000      9.779 
        SIGN_UNIT                             2     1.486      1.399      2.885 
      DATA_A_RE                            1120  1026.317   2270.503   3296.820 
        MAN_ALU                             221   240.520    739.477    979.997 
          ALU_SUB_UNIT                      124   129.480    331.359    460.839 
            CLA_BLOCK_..CLA_4BIT_UNIT        20    24.021     52.573     76.594 
            CLA_BLOCK_..CLA_4BIT_UNIT        15    19.863     34.124     53.987 
            CLA_BLOCK_..CLA_4BIT_UNIT        18    19.559     52.464     72.022 
            CLA_BLOCK_..CLA_4BIT_UNIT        18    18.571     51.953     70.524 
            CLA_BLOCK_..CLA_4BIT_UNIT        18    18.536     50.889     69.425 
            CLA_BLOCK_..CLA_4BIT_UNIT        18    17.386     48.221     65.606 
        NOR_UNIT                            205   132.875    366.792    499.667 
          SHF_left_unit                     142    88.250    268.821    357.071 
        PSC_UNIT                             86    86.219    172.978    259.198 
        MAN_COMP_24BIT                       78    80.131    107.284    187.415 
          u_i_data_1                         13    15.676      0.000     15.676 
          u_i_data_2                         13    14.320     29.587     43.907 
          u_i_data_3                         13    14.305     31.596     45.901 
          u_i_data_4                         13    14.305     31.594     45.899 
          u_i_data_5                         10     9.907     13.243     23.150 
          u_i_data_0                         10     6.446      0.000      6.446 
        MAN_SWAP                             48    74.474     77.647    152.121 
        SHF_RIGHT_MAN                       130    66.284    158.777    225.061 
        MAN_RND                              26    55.740     61.526    117.266 
        MAN_SWAP_PRE                         46    55.192     79.248    134.440 
        EXP_ADJUST                           37    42.334     66.161    108.496 
          CLA_8BIT_UNIT                      30    38.344     66.161    104.505 
            CLA_4BIT_UNIT_0                  18    20.218     50.401     70.619 
            CLA_4BIT_UNIT_1                  11    16.982     15.694     32.676 
        LOPD_24BIT                           58    39.915     47.509     87.424 
          LOPD_16bit_UNIT_MSB                34    20.880     47.509     68.389 
            LOPD_8bit_unit_0                 14     9.090     28.409     37.499 
            LOPD_8bit_unit_1                 14     7.720     19.039     26.760 
          LOPD_8bit_UNIT_LSB                 14    13.438      0.000     13.438 
        EXP_SUB                              26    24.145    121.259    145.403 
          CLA_8BIT_UNIT                      21    21.667    118.514    140.181 
            CLA_4BIT_UNIT_0                  18    18.192    100.927    119.118 
            CLA_4BIT_UNIT_1                   2     2.742     17.560     20.302 
        EXP_COM_8BIT                         24    17.438     41.506     58.944 
          COMP_LESS_UNIT                     24    17.438     41.506     58.944 
            u_high                           13    10.945     20.709     31.654 
            u_low                            10     5.691     20.731     26.422 
        EXP_SWAP                             13    15.873     38.029     53.902 
        EXP_RND                              15    15.075     27.271     42.346 
        MAN_ALU_PROC_RND                      7     9.779      0.000      9.779 
        SIGN_UNIT                             1     1.337      0.028      1.364 
  BFU2_S1_04                               4482  4143.949  11361.502  15505.451 
    DATA_B_IM                              1121  1044.447   3040.616   4085.063 
      MAN_ALU                               219   243.881    500.917    744.798 
        ALU_SUB_UNIT                        124   139.363    213.957    353.321 
          CLA_BLOCK_..CLA_4BIT_UNIT          20    24.587      0.883     25.470 
          CLA_BLOCK_..CLA_4BIT_UNIT          15    21.395     32.202     53.597 
          CLA_BLOCK_..CLA_4BIT_UNIT          18    21.168     36.012     57.181 
          CLA_BLOCK_..CLA_4BIT_UNIT          18    21.134     35.227     56.361 
          CLA_BLOCK_..CLA_4BIT_UNIT          18    19.764     39.973     59.737 
          CLA_BLOCK_..CLA_4BIT_UNIT          18    19.219     16.986     36.206 
      NOR_UNIT                              205   122.072    547.384    669.456 
        SHF_left_unit                       142    79.362    374.048    453.410 
      SHF_RIGHT_MAN                         130    80.009    564.770    644.779 
      MAN_COMP_24BIT                         78    75.240     99.249    174.490 
        u_i_data_3                           13    13.623     12.173     25.796 
        u_i_data_4                           13    13.623     12.282     25.905 
        u_i_data_2                           13    13.549     12.995     26.544 
        u_i_data_1                           13    12.572     23.352     35.924 
        u_i_data_5                           10     9.914     14.372     24.285 
        u_i_data_0                           10     6.056     12.606     18.662 
      MAN_SWAP                               48    74.929    239.069    313.998 
      PSC_UNIT                               88    73.528    154.755    228.283 
      MAN_SWAP_PRE                           46    72.622    241.677    314.299 
      MAN_RND                                26    55.609     65.501    121.110 
      EXP_ADJUST                             37    41.549     81.178    122.726 
        CLA_8BIT_UNIT                        30    36.057     69.737    105.794 
          CLA_4BIT_UNIT_0                    18    20.559     41.782     62.342 
          CLA_4BIT_UNIT_1                    11    14.540     24.483     39.023 
      LOPD_24BIT                             58    40.075    110.210    150.285 
        LOPD_16bit_UNIT_MSB                  34    22.506     73.159     95.664 
          LOPD_8bit_unit_1                   14     9.541     30.646     40.187 
          LOPD_8bit_unit_0                   14     9.095     28.128     37.223 
        LOPD_8bit_UNIT_LSB                   14    12.217      7.439     19.656 
      EXP_SUB                                26    27.350     38.304     65.654 
        CLA_8BIT_UNIT                        21    25.566     26.155     51.721 
          CLA_4BIT_UNIT_0                    18    21.818      9.364     31.182 
          CLA_4BIT_UNIT_1                     2     3.100     16.791     19.892 
      EXP_SWAP                               13    20.402     53.235     73.637 
      EXP_COM_8BIT                           24    19.043     28.135     47.178 
        COMP_LESS_UNIT                       24    19.043     28.135     47.178 
          u_high                             13    12.215     16.386     28.601 
          u_low                              10     5.880     11.749     17.629 
      EXP_RND                                15    15.174     27.243     42.416 
      MAN_ALU_PROC_RND                        7     9.779      0.000      9.779 
      SIGN_UNIT                               2     1.565      3.590      5.155 
    DATA_A_IM                              1120  1033.744   3152.478   4186.222 
      MAN_ALU                               221   220.734    664.799    885.533 
        ALU_SUB_UNIT                        124   127.844    323.758    451.603 
          CLA_BLOCK_..CLA_4BIT_UNIT          20    22.863     43.366     66.229 
          CLA_BLOCK_..CLA_4BIT_UNIT          15    19.863     34.124     53.987 
          CLA_BLOCK_..CLA_4BIT_UNIT          18    18.727     52.428     71.155 
          CLA_BLOCK_..CLA_4BIT_UNIT          18    18.571     51.953     70.524 
          CLA_BLOCK_..CLA_4BIT_UNIT          18    18.536     50.889     69.425 
          CLA_BLOCK_..CLA_4BIT_UNIT          18    18.286     55.429     73.714 
      NOR_UNIT                              205   137.394    633.145    770.539 
        SHF_left_unit                       142    93.201    405.800    499.001 
      SHF_RIGHT_MAN                         130    80.009    564.770    644.779 
      MAN_COMP_24BIT                         78    75.240     99.248    174.489 
        u_i_data_3                           13    13.623     12.173     25.796 
        u_i_data_4                           13    13.623     12.282     25.905 
        u_i_data_2                           13    13.549     12.994     26.544 
        u_i_data_1                           13    12.572     23.352     35.924 
        u_i_data_5                           10     9.914     14.372     24.285 
        u_i_data_0                           10     6.056     12.606     18.662 
      MAN_SWAP                               48    74.861    243.678    318.538 
      PSC_UNIT                               86    73.579    146.585    220.164 
      MAN_SWAP_PRE                           46    72.657    240.949    313.605 
      MAN_RND                                26    56.196     95.802    151.999 
      EXP_ADJUST                             37    40.509     93.453    133.962 
        CLA_8BIT_UNIT                        30    36.597     88.901    125.497 
          CLA_4BIT_UNIT_0                    18    19.070     46.976     66.046 
          CLA_4BIT_UNIT_1                    11    16.610     38.666     55.276 
      LOPD_24BIT                             58    34.913     68.035    102.948 
        LOPD_16bit_UNIT_MSB                  34    21.359     48.567     69.926 
          LOPD_8bit_unit_0                   14     9.090     28.409     37.499 
          LOPD_8bit_unit_1                   14     8.199     20.098     28.297 
        LOPD_8bit_UNIT_LSB                   14     8.268     19.468     27.736 
      EXP_SUB                                26    27.350     38.304     65.654 
        CLA_8BIT_UNIT                        21    25.566     26.155     51.721 
          CLA_4BIT_UNIT_0                    18    21.818      9.364     31.182 
          CLA_4BIT_UNIT_1                     2     3.100     16.791     19.892 
      EXP_SWAP                               13    20.402     53.235     73.637 
      EXP_COM_8BIT                           24    19.043     28.135     47.178 
        COMP_LESS_UNIT                       24    19.043     28.135     47.178 
          u_high                             13    12.215     16.386     28.601 
          u_low                              10     5.880     11.749     17.629 
      EXP_RND                                15    15.561      9.344     24.904 
      MAN_ALU_PROC_RND                        7     9.779      0.000      9.779 
      SIGN_UNIT                               1     1.600      3.312      4.911 
    DATA_B_RE                              1121  1033.355   1785.587   2818.942 
      MAN_ALU                               219   241.908    153.249    395.156 
        ALU_SUB_UNIT                        124   135.876      6.495    142.371 
          CLA_BLOCK_..CLA_4BIT_UNIT          20    24.587      0.883     25.470 
          CLA_BLOCK_..CLA_4BIT_UNIT          15    21.370      1.727     23.097 
          CLA_BLOCK_..CLA_4BIT_UNIT          18    20.622      0.956     21.579 
          CLA_BLOCK_..CLA_4BIT_UNIT          18    20.106      0.976     21.082 
          CLA_BLOCK_..CLA_4BIT_UNIT          18    20.071      0.977     21.048 
          CLA_BLOCK_..CLA_4BIT_UNIT          18    20.071      0.975     21.047 
      NOR_UNIT                              205    99.324      0.000     99.324 
        SHF_left_unit                       142    69.090      0.000     69.090 
      SHF_RIGHT_MAN                         130    84.719    529.339    614.058 
      MAN_COMP_24BIT                         78    77.149     75.189    152.338 
        u_i_data_3                           13    13.623     12.173     25.796 
        u_i_data_4                           13    13.623     12.282     25.905 
        u_i_data_2                           13    13.549     12.995     26.544 
        u_i_data_1                           13    13.167     15.919     29.086 
        u_i_data_5                           10    10.551      9.213     19.765 
        u_i_data_0                           10     6.056     12.606     18.662 
      PSC_UNIT                               88    75.648    177.901    253.549 
      MAN_SWAP                               48    74.302    238.621    312.923 
      MAN_SWAP_PRE                           46    72.622    241.677    314.299 
      MAN_RND                                26    55.399      0.000     55.399 
      LOPD_24BIT                             58    48.484      0.000     48.484 
        LOPD_16bit_UNIT_MSB                  34    29.655      0.000     29.655 
          LOPD_8bit_unit_0                   14    13.291      0.000     13.291 
          LOPD_8bit_unit_1                   14    13.291      0.000     13.291 
        LOPD_8bit_UNIT_LSB                   14    13.438      0.000     13.438 
      EXP_ADJUST                             37    39.354     85.875    125.229 
        CLA_8BIT_UNIT                        30    35.480     85.875    121.356 
          CLA_4BIT_UNIT_0                    18    19.732     54.028     73.761 
          CLA_4BIT_UNIT_1                    11    14.790     28.375     43.165 
      EXP_SUB                                26    27.700     21.512     49.213 
        CLA_8BIT_UNIT                        21    25.916      9.364     35.280 
          CLA_4BIT_UNIT_0                    18    21.818      9.364     31.182 
          CLA_4BIT_UNIT_1                     2     3.451      0.000      3.451 
      EXP_SWAP                               13    20.645     59.952     80.597 
      EXP_COM_8BIT                           24    18.435     35.848     54.283 
        COMP_LESS_UNIT                       24    18.435     35.848     54.283 
          u_high                             13    11.412     24.052     35.464 
          u_low                              10     5.880     11.749     17.629 
      EXP_RND                                15    15.273      8.577     23.851 
      MAN_ALU_PROC_RND                        7     9.779      0.000      9.779 
      SIGN_UNIT                               2     1.565      3.590      5.155 
    DATA_A_RE                              1120  1032.402   3382.822   4415.224 
      MAN_ALU                               221   221.075    668.462    889.537 
        ALU_SUB_UNIT                        124   127.230    311.154    438.384 
          CLA_BLOCK_..CLA_4BIT_UNIT          20    22.863     43.366     66.229 
          CLA_BLOCK_..CLA_4BIT_UNIT          15    19.863     34.124     53.987 
          CLA_BLOCK_..CLA_4BIT_UNIT          18    18.571     51.953     70.524 
          CLA_BLOCK_..CLA_4BIT_UNIT          18    18.536     52.862     71.398 
          CLA_BLOCK_..CLA_4BIT_UNIT          18    18.536     50.889     69.425 
          CLA_BLOCK_..CLA_4BIT_UNIT          18    17.986     45.836     63.822 
      NOR_UNIT                              205   126.819    766.051    892.870 
        SHF_left_unit                       142    83.358    561.864    645.222 
      SHF_RIGHT_MAN                         130    84.719    529.339    614.058 
      MAN_COMP_24BIT                         78    77.149     75.188    152.337 
        u_i_data_3                           13    13.623     12.173     25.796 
        u_i_data_4                           13    13.623     12.282     25.905 
        u_i_data_2                           13    13.549     12.994     26.544 
        u_i_data_1                           13    13.167     15.919     29.086 
        u_i_data_5                           10    10.551      9.213     19.765 
        u_i_data_0                           10     6.056     12.606     18.662 
      MAN_SWAP                               48    74.233    243.703    317.936 
      PSC_UNIT                               86    74.130    170.314    244.444 
      MAN_SWAP_PRE                           46    72.657    240.949    313.605 
      MAN_RND                                26    56.076    100.218    156.294 
      EXP_ADJUST                             37    40.861     89.112    129.972 
        CLA_8BIT_UNIT                        30    37.180     88.605    125.785 
          CLA_4BIT_UNIT_0                    18    19.758     52.810     72.568 
          CLA_4BIT_UNIT_1                    11    16.505     32.537     49.042 
      LOPD_24BIT                             58    36.629    123.420    160.049 
        LOPD_16bit_UNIT_MSB                  34    21.941     67.550     89.490 
          LOPD_8bit_unit_1                   14     9.114     28.099     37.213 
          LOPD_8bit_unit_0                   14     9.090     28.409     37.499 
        LOPD_8bit_UNIT_LSB                   14     9.241     27.596     36.838 
      EXP_SUB                                26    27.700     21.512     49.213 
        CLA_8BIT_UNIT                        21    25.916      9.364     35.280 
          CLA_4BIT_UNIT_0                    18    21.818      9.364     31.182 
          CLA_4BIT_UNIT_1                     2     3.451      0.000      3.451 
      EXP_SWAP                               13    20.645     59.952     80.597 
      EXP_COM_8BIT                           24    18.435     35.848     54.283 
        COMP_LESS_UNIT                       24    18.435     35.848     54.283 
          u_high                             13    11.412     24.052     35.464 
          u_low                              10     5.880     11.749     17.629 
      EXP_RND                                15    15.472      8.577     24.049 
      MAN_ALU_PROC_RND                        7     9.779      0.000      9.779 
      SIGN_UNIT                               1     1.600      3.312      4.911 
  BFU2_S1_37                               4482  4110.004  12302.414  16412.418 
    DATA_B_IM                              1121  1039.718   3251.205   4290.923 
      MAN_ALU                               219   243.881    500.917    744.798 
        ALU_SUB_UNIT                        124   139.363    213.957    353.321 
          CLA_BLOCK_..CLA_4BIT_UNIT          20    24.587      0.883     25.470 
          CLA_BLOCK_..CLA_4BIT_UNIT          15    21.395     32.202     53.597 
          CLA_BLOCK_..CLA_4BIT_UNIT          18    21.168     36.012     57.181 
          CLA_BLOCK_..CLA_4BIT_UNIT          18    21.134     35.227     56.361 
          CLA_BLOCK_..CLA_4BIT_UNIT          18    19.764     39.973     59.737 
          CLA_BLOCK_..CLA_4BIT_UNIT          18    19.219     16.986     36.206 
      NOR_UNIT                              205   122.072    547.384    669.456 
        SHF_left_unit                       142    79.362    374.048    453.410 
      SHF_RIGHT_MAN                         130    80.009    564.770    644.779 
      MAN_COMP_24BIT                         78    75.240     99.249    174.490 
        u_i_data_3                           13    13.623     12.173     25.796 
        u_i_data_4                           13    13.623     12.282     25.905 
        u_i_data_2                           13    13.549     12.995     26.544 
        u_i_data_1                           13    12.572     23.352     35.924 
        u_i_data_5                           10     9.914     14.372     24.285 
        u_i_data_0                           10     6.056     12.606     18.662 
      PSC_UNIT                               88    75.179    157.383    232.562 
      MAN_SWAP                               48    74.929    239.069    313.998 
      MAN_SWAP_PRE                           46    64.213    384.708    448.922 
      MAN_RND                                26    55.609     65.501    121.110 
      EXP_ADJUST                             37    42.482     90.743    133.225 
        CLA_8BIT_UNIT                        30    36.990     79.302    116.293 
          CLA_4BIT_UNIT_0                    18    20.559     41.782     62.342 
          CLA_4BIT_UNIT_1                    11    15.473     34.048     49.521 
      LOPD_24BIT                             58    40.075    110.210    150.285 
        LOPD_16bit_UNIT_MSB                  34    22.506     73.159     95.664 
          LOPD_8bit_unit_1                   14     9.541     30.646     40.187 
          LOPD_8bit_unit_0                   14     9.095     28.128     37.223 
        LOPD_8bit_UNIT_LSB                   14    12.217      7.439     19.656 
      EXP_SUB                                26    27.886     37.273     65.159 
        CLA_8BIT_UNIT                        21    26.275     26.924     53.200 
          CLA_4BIT_UNIT_0                    18    21.818      9.364     31.182 
          CLA_4BIT_UNIT_1                     2     3.810     17.560     21.370 
      EXP_COM_8BIT                           24    19.537     99.670    119.208 
        COMP_LESS_UNIT                       24    19.537     99.670    119.208 
          u_high                             13    12.686     24.280     36.966 
          u_low                              10     5.880     11.749     17.629 
      EXP_SWAP                               13    18.152     89.637    107.789 
      EXP_RND                                15    15.124     31.929     47.052 
      MAN_ALU_PROC_RND                        7     9.779      0.000      9.779 
      SIGN_UNIT                               2     1.383      2.219      3.601 
    DATA_B_RE                              1121  1030.657   3227.232   4257.889 
      MAN_ALU                               219   247.071    684.027    931.098 
        ALU_SUB_UNIT                        124   132.092    299.512    431.604 
          CLA_BLOCK_..CLA_4BIT_UNIT          20    24.658     34.988     59.646 
          CLA_BLOCK_..CLA_4BIT_UNIT          18    20.383     37.308     57.691 
          CLA_BLOCK_..CLA_4BIT_UNIT          18    19.025     54.295     73.321 
          CLA_BLOCK_..CLA_4BIT_UNIT          15    18.953     51.986     70.939 
          CLA_BLOCK_..CLA_4BIT_UNIT          18    18.426     51.581     70.007 
          CLA_BLOCK_..CLA_4BIT_UNIT          18    17.929     39.218     57.147 
      NOR_UNIT                              205   137.240    730.845    868.085 
        SHF_left_unit                       142    90.282    469.895    560.176 
      MAN_COMP_24BIT                         78    77.141    158.794    235.935 
        u_i_data_2                           13    14.320     29.532     43.852 
        u_i_data_3                           13    14.305     31.596     45.901 
        u_i_data_4                           13    14.305     31.594     45.899 
        u_i_data_1                           13    12.572     23.352     35.924 
        u_i_data_5                           10    10.462     16.351     26.813 
        u_i_data_0                           10     6.056     12.606     18.662 
      SHF_RIGHT_MAN                         130    76.449    473.294    549.744 
      MAN_SWAP                               48    76.357    152.811    229.168 
      PSC_UNIT                               88    73.130    136.477    209.607 
      MAN_SWAP_PRE                           46    55.848    241.562    297.410 
      MAN_RND                                26    55.256     99.795    155.052 
      EXP_ADJUST                             37    43.639    115.715    159.354 
        CLA_8BIT_UNIT                        30    38.046     81.169    119.215 
          CLA_4BIT_UNIT_0                    18    21.984     34.415     56.399 
          CLA_4BIT_UNIT_1                    11    15.119     43.105     58.224 
      LOPD_24BIT                             58    35.212     93.666    128.879 
        LOPD_16bit_UNIT_MSB                  34    22.146     65.481     87.628 
          LOPD_8bit_unit_0                   14     9.296     26.355     35.651 
          LOPD_8bit_unit_1                   14     9.114     28.084     37.198 
        LOPD_8bit_UNIT_LSB                   14     8.086     21.233     29.319 
      EXP_SUB                                26    26.812     19.713     46.525 
        CLA_8BIT_UNIT                        21    24.854      9.364     34.218 
          CLA_4BIT_UNIT_0                    18    21.818      9.364     31.182 
          CLA_4BIT_UNIT_1                     2     2.389      0.000      2.389 
      EXP_COM_8BIT                           24    17.313     24.698     42.011 
        COMP_LESS_UNIT                       24    17.313     24.698     42.011 
          u_high                             13    10.617     12.948     23.565 
          u_low                              10     5.880     11.749     17.629 
      EXP_SWAP                               13    16.163     50.565     66.728 
      EXP_RND                                15    14.998     31.947     46.945 
      MAN_ALU_PROC_RND                        7     8.987     20.624     29.612 
      SIGN_UNIT                               2     1.202      3.615      4.817 
    DATA_A_IM                              1120  1026.186   3366.579   4392.764 
      MAN_ALU                               221   220.734    664.799    885.533 
        ALU_SUB_UNIT                        124   127.844    323.758    451.603 
          CLA_BLOCK_..CLA_4BIT_UNIT          20    22.863     43.366     66.229 
          CLA_BLOCK_..CLA_4BIT_UNIT          15    19.863     34.124     53.987 
          CLA_BLOCK_..CLA_4BIT_UNIT          18    18.727     52.428     71.155 
          CLA_BLOCK_..CLA_4BIT_UNIT          18    18.571     51.953     70.524 
          CLA_BLOCK_..CLA_4BIT_UNIT          18    18.536     50.889     69.425 
          CLA_BLOCK_..CLA_4BIT_UNIT          18    18.286     55.429     73.714 
      NOR_UNIT                              205   137.394    633.145    770.539 
        SHF_left_unit                       142    93.201    405.800    499.001 
      SHF_RIGHT_MAN                         130    80.009    564.770    644.779 
      MAN_COMP_24BIT                         78    75.240     99.248    174.489 
        u_i_data_3                           13    13.623     12.173     25.796 
        u_i_data_4                           13    13.623     12.282     25.905 
        u_i_data_2                           13    13.549     12.994     26.544 
        u_i_data_1                           13    12.572     23.352     35.924 
        u_i_data_5                           10     9.914     14.372     24.285 
        u_i_data_0                           10     6.056     12.606     18.662 
      MAN_SWAP                               48    74.861    243.678    318.538 
      PSC_UNIT                               86    74.497    146.116    220.613 
      MAN_SWAP_PRE                           46    64.248    383.995    448.242 
      MAN_RND                                26    56.196     95.802    151.999 
      EXP_ADJUST                             37    40.765     78.630    119.395 
        CLA_8BIT_UNIT                        30    36.853     74.077    110.930 
          CLA_4BIT_UNIT_0                    18    19.070     46.976     66.046 
          CLA_4BIT_UNIT_1                    11    16.866     23.842     40.708 
      LOPD_24BIT                             58    34.913     68.035    102.948 
        LOPD_16bit_UNIT_MSB                  34    21.359     48.567     69.926 
          LOPD_8bit_unit_0                   14     9.090     28.409     37.499 
          LOPD_8bit_unit_1                   14     8.199     20.098     28.297 
        LOPD_8bit_UNIT_LSB                   14     8.268     19.468     27.736 
      EXP_SUB                                26    27.886     37.273     65.159 
        CLA_8BIT_UNIT                        21    26.275     26.924     53.200 
          CLA_4BIT_UNIT_0                    18    21.818      9.364     31.182 
          CLA_4BIT_UNIT_1                     2     3.810     17.560     21.370 
      EXP_COM_8BIT                           24    19.537     99.670    119.208 
        COMP_LESS_UNIT                       24    19.537     99.670    119.208 
          u_high                             13    12.686     24.280     36.966 
          u_low                              10     5.880     11.749     17.629 
      EXP_SWAP                               13    18.152     89.637    107.789 
      EXP_RND                                15    15.258      4.658     19.916 
      MAN_ALU_PROC_RND                        7     9.779      0.000      9.779 
      SIGN_UNIT                               1     1.417      4.096      5.513 
    DATA_A_RE                              1120  1013.444   2457.398   3470.842 
      MAN_ALU                               221   236.617    605.663    842.280 
        ALU_SUB_UNIT                        124   132.871    361.595    494.465 
          CLA_BLOCK_..CLA_4BIT_UNIT          20    22.863     43.366     66.229 
          CLA_BLOCK_..CLA_4BIT_UNIT          15    20.420     49.883     70.303 
          CLA_BLOCK_..CLA_4BIT_UNIT          18    20.210     49.170     69.380 
          CLA_BLOCK_..CLA_4BIT_UNIT          18    19.659     54.138     73.797 
          CLA_BLOCK_..CLA_4BIT_UNIT          18    19.625     54.883     74.508 
          CLA_BLOCK_..CLA_4BIT_UNIT          18    18.286     55.429     73.714 
      NOR_UNIT                              205   127.382    301.554    428.936 
        SHF_left_unit                       142    84.280    165.459    249.739 
      MAN_COMP_24BIT                         78    77.141    158.849    235.990 
        u_i_data_2                           13    14.320     29.587     43.907 
        u_i_data_3                           13    14.305     31.596     45.901 
        u_i_data_4                           13    14.305     31.594     45.899 
        u_i_data_1                           13    12.572     23.352     35.924 
        u_i_data_5                           10    10.462     16.351     26.813 
        u_i_data_0                           10     6.056     12.606     18.662 
      SHF_RIGHT_MAN                         130    76.449    473.294    549.744 
      MAN_SWAP                               48    76.288    156.947    233.235 
      PSC_UNIT                               86    72.909    142.909    215.818 
      MAN_SWAP_PRE                           46    55.882    240.830    296.712 
      MAN_RND                                26    54.925     34.736     89.661 
      LOPD_24BIT                             58    42.604     19.468     62.072 
        LOPD_16bit_UNIT_MSB                  34    29.661      0.000     29.661 
          LOPD_8bit_unit_0                   14    13.297      0.000     13.297 
          LOPD_8bit_unit_1                   14    13.291      0.000     13.291 
        LOPD_8bit_UNIT_LSB                   14     8.268     19.468     27.736 
      EXP_ADJUST                             37    41.416     57.110     98.527 
        CLA_8BIT_UNIT                        30    36.166     25.199     61.365 
          CLA_4BIT_UNIT_0                    18    20.282     12.420     32.702 
          CLA_4BIT_UNIT_1                    11    15.084     12.671     27.755 
      EXP_SUB                                26    26.812     19.713     46.525 
        CLA_8BIT_UNIT                        21    24.854      9.364     34.218 
          CLA_4BIT_UNIT_0                    18    21.818      9.364     31.182 
          CLA_4BIT_UNIT_1                     2     2.389      0.000      2.389 
      EXP_COM_8BIT                           24    17.313     24.698     42.011 
        COMP_LESS_UNIT                       24    17.313     24.698     42.011 
          u_high                             13    10.617     12.948     23.565 
          u_low                              10     5.880     11.749     17.629 
      EXP_SWAP                               13    16.163     50.565     66.728 
      EXP_RND                                15    15.484      4.640     20.123 
      MAN_ALU_PROC_RND                        7     8.987     20.624     29.612 
      SIGN_UNIT                               1     1.235      3.323      4.558 
  BFU2_S1_26                               4482  4096.209  12370.520  16466.729 
    DATA_B_IM                              1121  1031.917   3304.411   4336.328 
      MAN_ALU                               219   243.881    500.917    744.798 
        ALU_SUB_UNIT                        124   139.363    213.957    353.321 
          CLA_BLOCK_..CLA_4BIT_UNIT          20    24.587      0.883     25.470 
          CLA_BLOCK_..CLA_4BIT_UNIT          15    21.395     32.202     53.597 
          CLA_BLOCK_..CLA_4BIT_UNIT          18    21.168     36.012     57.181 
          CLA_BLOCK_..CLA_4BIT_UNIT          18    21.134     35.227     56.361 
          CLA_BLOCK_..CLA_4BIT_UNIT          18    19.764     39.973     59.737 
          CLA_BLOCK_..CLA_4BIT_UNIT          18    19.219     16.986     36.206 
      NOR_UNIT                              205   122.072    547.384    669.456 
        SHF_left_unit                       142    79.362    374.048    453.410 
      SHF_RIGHT_MAN                         130    80.009    564.770    644.779 
      MAN_COMP_24BIT                         78    75.240     99.249    174.490 
        u_i_data_3                           13    13.623     12.173     25.796 
        u_i_data_4                           13    13.623     12.282     25.905 
        u_i_data_2                           13    13.549     12.995     26.544 
        u_i_data_1                           13    12.572     23.352     35.924 
        u_i_data_5                           10     9.914     14.372     24.285 
        u_i_data_0                           10     6.056     12.606     18.662 
      MAN_SWAP                               48    74.929    239.069    313.998 
      PSC_UNIT                               88    72.850    154.063    226.913 
      MAN_SWAP_PRE                           46    64.257    384.708    448.965 
      MAN_RND                                26    55.609     65.501    121.110 
      EXP_ADJUST                             37    41.733     91.971    133.705 
        CLA_8BIT_UNIT                        30    36.242     80.531    116.773 
          CLA_4BIT_UNIT_0                    18    20.559     41.782     62.342 
          CLA_4BIT_UNIT_1                    11    14.725     35.276     50.001 
      LOPD_24BIT                             58    40.075    110.210    150.285 
        LOPD_16bit_UNIT_MSB                  34    22.506     73.159     95.664 
          LOPD_8bit_unit_1                   14     9.541     30.646     40.187 
          LOPD_8bit_unit_0                   14     9.095     28.128     37.223 
        LOPD_8bit_UNIT_LSB                   14    12.217      7.439     19.656 
      EXP_SUB                                26    27.886     37.273     65.159 
        CLA_8BIT_UNIT                        21    26.275     26.924     53.200 
          CLA_4BIT_UNIT_0                    18    21.818      9.364     31.182 
          CLA_4BIT_UNIT_1                     2     3.810     17.560     21.370 
      EXP_COM_8BIT                           24    18.424    101.367    119.791 
        COMP_LESS_UNIT                       24    18.424    101.367    119.791 
          u_high                             13    11.662     26.024     37.686 
          u_low                              10     5.880     11.749     17.629 
      EXP_SWAP                               13    18.285     95.796    114.082 
      EXP_RND                                15    15.074     27.271     42.345 
      MAN_ALU_PROC_RND                        7     9.779      0.000      9.779 
      SIGN_UNIT                               2     1.384      2.219      3.602 
    DATA_B_RE                              1121  1023.225   1982.272   3005.497 
      MAN_ALU                               219   241.908    153.249    395.156 
        ALU_SUB_UNIT                        124   135.876      6.495    142.371 
          CLA_BLOCK_..CLA_4BIT_UNIT          20    24.587      0.883     25.470 
          CLA_BLOCK_..CLA_4BIT_UNIT          15    21.370      1.727     23.097 
          CLA_BLOCK_..CLA_4BIT_UNIT          18    20.622      0.956     21.579 
          CLA_BLOCK_..CLA_4BIT_UNIT          18    20.106      0.976     21.082 
          CLA_BLOCK_..CLA_4BIT_UNIT          18    20.071      0.977     21.048 
          CLA_BLOCK_..CLA_4BIT_UNIT          18    20.071      0.975     21.047 
      NOR_UNIT                              205    99.324      0.000     99.324 
        SHF_left_unit                       142    69.090      0.000     69.090 
      SHF_RIGHT_MAN                         130    84.719    529.339    614.058 
      MAN_COMP_24BIT                         78    77.149     75.189    152.338 
        u_i_data_3                           13    13.623     12.173     25.796 
        u_i_data_4                           13    13.623     12.282     25.905 
        u_i_data_2                           13    13.549     12.995     26.544 
        u_i_data_1                           13    13.167     15.919     29.086 
        u_i_data_5                           10    10.551      9.213     19.765 
        u_i_data_0                           10     6.056     12.606     18.662 
      PSC_UNIT                               88    76.593    132.111    208.703 
      MAN_SWAP                               48    74.302    238.621    312.923 
      MAN_SWAP_PRE                           46    64.257    384.708    448.965 
      MAN_RND                                26    55.399      0.000     55.399 
      LOPD_24BIT                             58    48.484      0.000     48.484 
        LOPD_16bit_UNIT_MSB                  34    29.655      0.000     29.655 
          LOPD_8bit_unit_0                   14    13.291      0.000     13.291 
          LOPD_8bit_unit_1                   14    13.291      0.000     13.291 
        LOPD_8bit_UNIT_LSB                   14    13.438      0.000     13.438 
      EXP_ADJUST                             37    39.090     72.903    111.994 
        CLA_8BIT_UNIT                        30    35.217     72.903    108.120 
          CLA_4BIT_UNIT_0                    18    19.732     54.028     73.761 
          CLA_4BIT_UNIT_1                    11    14.527     15.403     29.930 
      EXP_SUB                                26    27.516     19.713     47.229 
        CLA_8BIT_UNIT                        21    25.559      9.364     34.923 
          CLA_4BIT_UNIT_0                    18    21.818      9.364     31.182 
          CLA_4BIT_UNIT_1                     2     3.093      0.000      3.093 
      EXP_COM_8BIT                           24    21.043     96.515    117.558 
        COMP_LESS_UNIT                       24    21.043     96.515    117.558 
          u_high                             13    14.281     21.173     35.453 
          u_low                              10     5.880     11.749     17.629 
      EXP_SWAP                               13    18.045     80.441     98.486 
      EXP_RND                                15    15.423     13.263     28.686 
      MAN_ALU_PROC_RND                        7     9.779      0.000      9.779 
      SIGN_UNIT                               2     1.384      2.219      3.602 
    DATA_A_IM                              1120  1021.590   3399.670   4421.260 
      MAN_ALU                               221   220.734    664.799    885.533 
        ALU_SUB_UNIT                        124   127.844    323.758    451.603 
          CLA_BLOCK_..CLA_4BIT_UNIT          20    22.863     43.366     66.229 
          CLA_BLOCK_..CLA_4BIT_UNIT          15    19.863     34.124     53.987 
          CLA_BLOCK_..CLA_4BIT_UNIT          18    18.727     52.428     71.155 
          CLA_BLOCK_..CLA_4BIT_UNIT          18    18.571     51.953     70.524 
          CLA_BLOCK_..CLA_4BIT_UNIT          18    18.536     50.889     69.425 
          CLA_BLOCK_..CLA_4BIT_UNIT          18    18.286     55.429     73.714 
      NOR_UNIT                              205   137.394    633.145    770.539 
        SHF_left_unit                       142    93.201    405.800    499.001 
      SHF_RIGHT_MAN                         130    80.009    564.770    644.779 
      MAN_COMP_24BIT                         78    75.240     99.248    174.489 
        u_i_data_3                           13    13.623     12.173     25.796 
        u_i_data_4                           13    13.623     12.282     25.905 
        u_i_data_2                           13    13.549     12.994     26.544 
        u_i_data_1                           13    12.572     23.352     35.924 
        u_i_data_5                           10     9.914     14.372     24.285 
        u_i_data_0                           10     6.056     12.606     18.662 
      MAN_SWAP                               48    74.861    243.678    318.538 
      PSC_UNIT                               86    72.630    155.786    228.416 
      MAN_SWAP_PRE                           46    64.291    383.995    448.286 
      MAN_RND                                26    56.196     95.802    151.999 
      EXP_ADJUST                             37    40.404     87.325    127.729 
        CLA_8BIT_UNIT                        30    36.492     82.772    119.264 
          CLA_4BIT_UNIT_0                    18    19.070     46.976     66.046 
          CLA_4BIT_UNIT_1                    11    16.505     32.537     49.042 
      LOPD_24BIT                             58    34.913     68.035    102.948 
        LOPD_16bit_UNIT_MSB                  34    21.359     48.567     69.926 
          LOPD_8bit_unit_0                   14     9.090     28.409     37.499 
          LOPD_8bit_unit_1                   14     8.199     20.098     28.297 
        LOPD_8bit_UNIT_LSB                   14     8.268     19.468     27.736 
      EXP_SUB                                26    27.886     37.273     65.159 
        CLA_8BIT_UNIT                        21    26.275     26.924     53.200 
          CLA_4BIT_UNIT_0                    18    21.818      9.364     31.182 
          CLA_4BIT_UNIT_1                     2     3.810     17.560     21.370 
      EXP_COM_8BIT                           24    18.424    101.367    119.791 
        COMP_LESS_UNIT                       24    18.424    101.367    119.791 
          u_high                             13    11.662     26.024     37.686 
          u_low                              10     5.880     11.749     17.629 
      EXP_SWAP                               13    18.285     95.796    114.082 
      EXP_RND                                15    15.484      4.640     20.123 
      MAN_ALU_PROC_RND                        7     9.779      0.000      9.779 
      SIGN_UNIT                               1     1.418      4.096      5.514 
    DATA_A_RE                              1120  1019.477   3684.166   4703.644 
      MAN_ALU                               221   221.075    668.462    889.537 
        ALU_SUB_UNIT                        124   127.230    311.154    438.384 
          CLA_BLOCK_..CLA_4BIT_UNIT          20    22.863     43.366     66.229 
          CLA_BLOCK_..CLA_4BIT_UNIT          15    19.863     34.124     53.987 
          CLA_BLOCK_..CLA_4BIT_UNIT          18    18.571     51.953     70.524 
          CLA_BLOCK_..CLA_4BIT_UNIT          18    18.536     52.862     71.398 
          CLA_BLOCK_..CLA_4BIT_UNIT          18    18.536     50.889     69.425 
          CLA_BLOCK_..CLA_4BIT_UNIT          18    17.986     45.836     63.822 
      NOR_UNIT                              205   126.819    766.051    892.870 
        SHF_left_unit                       142    83.358    561.864    645.222 
      SHF_RIGHT_MAN                         130    84.719    529.339    614.058 
      MAN_COMP_24BIT                         78    77.149     75.188    152.337 
        u_i_data_3                           13    13.623     12.173     25.796 
        u_i_data_4                           13    13.623     12.282     25.905 
        u_i_data_2                           13    13.549     12.994     26.544 
        u_i_data_1                           13    13.167     15.919     29.086 
        u_i_data_5                           10    10.551      9.213     19.765 
        u_i_data_0                           10     6.056     12.606     18.662 
      MAN_SWAP                               48    74.233    243.703    317.936 
      PSC_UNIT                               86    73.835    132.165    205.999 
      MAN_SWAP_PRE                           46    64.291    383.995    448.286 
      MAN_RND                                26    56.076    100.218    156.294 
      EXP_ADJUST                             37    41.087     71.977    113.064 
        CLA_8BIT_UNIT                        30    37.406     71.471    108.877 
          CLA_4BIT_UNIT_0                    18    19.758     52.810     72.568 
          CLA_4BIT_UNIT_1                    11    16.732     15.403     32.134 
      LOPD_24BIT                             58    36.629    123.420    160.049 
        LOPD_16bit_UNIT_MSB                  34    21.941     67.550     89.490 
          LOPD_8bit_unit_1                   14     9.114     28.099     37.213 
          LOPD_8bit_unit_0                   14     9.090     28.409     37.499 
        LOPD_8bit_UNIT_LSB                   14     9.241     27.596     36.838 
      EXP_SUB                                26    27.516     19.713     47.229 
        CLA_8BIT_UNIT                        21    25.559      9.364     34.923 
          CLA_4BIT_UNIT_0                    18    21.818      9.364     31.182 
          CLA_4BIT_UNIT_1                     2     3.093      0.000      3.093 
      EXP_COM_8BIT                           24    21.043     96.515    117.558 
        COMP_LESS_UNIT                       24    21.043     96.515    117.558 
          u_high                             13    14.281     21.173     35.453 
          u_low                              10     5.880     11.749     17.629 
      EXP_SWAP                               13    18.045     80.441     98.486 
      EXP_RND                                15    15.323     13.263     28.587 
      MAN_ALU_PROC_RND                        7     9.779      0.000      9.779 
      SIGN_UNIT                               1     1.418      4.096      5.514 
  BFU2_S1_15                               4482  4082.888  12436.118  16519.006 
    DATA_B_IM                              1121  1030.837   2576.835   3607.672 
      MAN_ALU                               219   237.769    293.076    530.845 
        ALU_SUB_UNIT                        124   135.876      6.495    142.371 
          CLA_BLOCK_..CLA_4BIT_UNIT          20    24.587      0.883     25.470 
          CLA_BLOCK_..CLA_4BIT_UNIT          15    21.370      1.727     23.097 
          CLA_BLOCK_..CLA_4BIT_UNIT          18    20.622      0.956     21.579 
          CLA_BLOCK_..CLA_4BIT_UNIT          18    20.106      0.976     21.082 
          CLA_BLOCK_..CLA_4BIT_UNIT          18    20.071      0.977     21.048 
          CLA_BLOCK_..CLA_4BIT_UNIT          18    20.071      0.975     21.047 
      NOR_UNIT                              205   112.206    186.433    298.638 
        SHF_left_unit                       142    76.106    140.579    216.684 
      SHF_RIGHT_MAN                         130    84.719    529.339    614.058 
      MAN_COMP_24BIT                         78    77.149     75.189    152.338 
        u_i_data_3                           13    13.623     12.173     25.796 
        u_i_data_4                           13    13.623     12.282     25.905 
        u_i_data_2                           13    13.549     12.995     26.544 
        u_i_data_1                           13    13.167     15.919     29.086 
        u_i_data_5                           10    10.551      9.213     19.765 
        u_i_data_0                           10     6.056     12.606     18.662 
      PSC_UNIT                               88    76.885    158.718    235.603 
      MAN_SWAP                               48    74.302    238.621    312.923 
      MAN_SWAP_PRE                           46    64.257    384.708    448.965 
      MAN_RND                                26    55.406      0.021     55.427 
      LOPD_24BIT                             58    48.011     45.546     93.557 
        LOPD_16bit_UNIT_MSB                  34    29.078     17.504     46.582 
          LOPD_8bit_unit_0                   14    13.291      0.000     13.291 
          LOPD_8bit_unit_1                   14    12.159      6.663     18.823 
        LOPD_8bit_UNIT_LSB                   14    13.438      0.000     13.438 
      EXP_ADJUST                             37    41.439    103.396    144.835 
        CLA_8BIT_UNIT                        30    36.667     87.203    123.870 
          CLA_4BIT_UNIT_0                    18    20.001     49.822     69.824 
          CLA_4BIT_UNIT_1                    11    15.690     33.816     49.506 
      EXP_SUB                                26    27.700     21.512     49.213 
        CLA_8BIT_UNIT                        21    25.916      9.364     35.280 
          CLA_4BIT_UNIT_0                    18    21.818      9.364     31.182 
          CLA_4BIT_UNIT_1                     2     3.451      0.000      3.451 
      EXP_COM_8BIT                           24    19.587    106.653    126.241 
        COMP_LESS_UNIT                       24    19.587    106.653    126.241 
          u_high                             13    12.734     31.264     43.998 
          u_low                              10     5.880     11.749     17.629 
      EXP_SWAP                               13    18.380     97.176    115.555 
      EXP_RND                                15    15.435      9.298     24.733 
      MAN_ALU_PROC_RND                        7     9.779      0.000      9.779 
      SIGN_UNIT                               2     1.384      2.219      3.602 
    DATA_A_IM                              1120  1024.379   3732.437   4756.816 
      MAN_ALU                               221   219.564    798.740   1018.304 
        ALU_SUB_UNIT                        124   127.230    311.154    438.384 
          CLA_BLOCK_..CLA_4BIT_UNIT          20    22.863     43.366     66.229 
          CLA_BLOCK_..CLA_4BIT_UNIT          15    19.863     34.124     53.987 
          CLA_BLOCK_..CLA_4BIT_UNIT          18    18.571     51.953     70.524 
          CLA_BLOCK_..CLA_4BIT_UNIT          18    18.536     52.862     71.398 
          CLA_BLOCK_..CLA_4BIT_UNIT          18    18.536     50.889     69.425 
          CLA_BLOCK_..CLA_4BIT_UNIT          18    17.986     45.836     63.822 
      NOR_UNIT                              205   136.811    664.023    800.834 
        SHF_left_unit                       142    92.760    429.667    522.427 
      SHF_RIGHT_MAN                         130    84.719    529.339    614.058 
      MAN_COMP_24BIT                         78    77.149     75.188    152.337 
        u_i_data_3                           13    13.623     12.173     25.796 
        u_i_data_4                           13    13.623     12.282     25.905 
        u_i_data_2                           13    13.549     12.994     26.544 
        u_i_data_1                           13    13.167     15.919     29.086 
        u_i_data_5                           10    10.551      9.213     19.765 
        u_i_data_0                           10     6.056     12.606     18.662 
      PSC_UNIT                               86    74.963    164.260    239.224 
      MAN_SWAP                               48    74.233    243.703    317.936 
      MAN_SWAP_PRE                           46    64.291    383.995    448.286 
      MAN_RND                                26    56.177    100.196    156.373 
      EXP_ADJUST                             37    40.257     85.443    125.700 
        CLA_8BIT_UNIT                        30    36.345     80.890    117.235 
          CLA_4BIT_UNIT_0                    18    19.070     46.976     66.046 
          CLA_4BIT_UNIT_1                    11    16.358     30.655     47.013 
      LOPD_24BIT                             58    36.042     76.188    112.230 
        LOPD_16bit_UNIT_MSB                  34    21.359     48.567     69.926 
          LOPD_8bit_unit_0                   14     9.090     28.409     37.499 
          LOPD_8bit_unit_1                   14     8.199     20.098     28.297 
        LOPD_8bit_UNIT_LSB                   14     9.241     27.596     36.838 
      EXP_SUB                                26    27.700     21.512     49.213 
        CLA_8BIT_UNIT                        21    25.916      9.364     35.280 
          CLA_4BIT_UNIT_0                    18    21.818      9.364     31.182 
          CLA_4BIT_UNIT_1                     2     3.451      0.000      3.451 
      EXP_COM_8BIT                           24    19.587    106.653    126.241 
        COMP_LESS_UNIT                       24    19.587    106.653    126.241 
          u_high                             13    12.734     31.264     43.998 
          u_low                              10     5.880     11.749     17.629 
      EXP_SWAP                               13    18.380     97.176    115.555 
      EXP_RND                                15    15.385     13.955     29.340 
      MAN_ALU_PROC_RND                        7     9.779      0.000      9.779 
      SIGN_UNIT                               1     1.418      4.096      5.514 
    DATA_B_RE                              1121  1019.360   2990.780   4010.140 
      MAN_ALU                               219   243.881    500.917    744.798 
        ALU_SUB_UNIT                        124   139.363    213.957    353.321 
          CLA_BLOCK_..CLA_4BIT_UNIT          20    24.587      0.883     25.470 
          CLA_BLOCK_..CLA_4BIT_UNIT          15    21.395     32.202     53.597 
          CLA_BLOCK_..CLA_4BIT_UNIT          18    21.168     36.012     57.181 
          CLA_BLOCK_..CLA_4BIT_UNIT          18    21.134     35.227     56.361 
          CLA_BLOCK_..CLA_4BIT_UNIT          18    19.764     39.973     59.737 
          CLA_BLOCK_..CLA_4BIT_UNIT          18    19.219     16.986     36.206 
      NOR_UNIT                              205   122.072    547.384    669.456 
        SHF_left_unit                       142    79.362    374.048    453.410 
      SHF_RIGHT_MAN                         130    80.009    564.770    644.779 
      MAN_COMP_24BIT                         78    75.240     99.249    174.490 
        u_i_data_3                           13    13.623     12.173     25.796 
        u_i_data_4                           13    13.623     12.282     25.905 
        u_i_data_2                           13    13.549     12.995     26.544 
        u_i_data_1                           13    12.572     23.352     35.924 
        u_i_data_5                           10     9.914     14.372     24.285 
        u_i_data_0                           10     6.056     12.606     18.662 
      MAN_SWAP                               48    74.929    239.069    313.998 
      PSC_UNIT                               88    73.628    157.626    231.253 
      MAN_SWAP_PRE                           46    55.848    241.562    297.410 
      MAN_RND                                26    55.609     65.501    121.110 
      EXP_ADJUST                             37    41.024     67.555    108.579 
        CLA_8BIT_UNIT                        30    35.532     56.114     91.647 
          CLA_4BIT_UNIT_0                    18    20.559     41.782     62.342 
          CLA_4BIT_UNIT_1                    11    14.016     10.860     24.875 
      LOPD_24BIT                             58    40.075    110.210    150.285 
        LOPD_16bit_UNIT_MSB                  34    22.506     73.159     95.664 
          LOPD_8bit_unit_1                   14     9.541     30.646     40.187 
          LOPD_8bit_unit_0                   14     9.095     28.128     37.223 
        LOPD_8bit_UNIT_LSB                   14    12.217      7.439     19.656 
      EXP_SUB                                26    27.350     38.304     65.654 
        CLA_8BIT_UNIT                        21    25.566     26.155     51.721 
          CLA_4BIT_UNIT_0                    18    21.818      9.364     31.182 
          CLA_4BIT_UNIT_1                     2     3.100     16.791     19.892 
      EXP_COM_8BIT                           24    17.871     34.250     52.121 
        COMP_LESS_UNIT                       24    17.871     34.250     52.121 
          u_high                             13    11.175     22.501     33.675 
          u_low                              10     5.880     11.749     17.629 
      EXP_SWAP                               13    15.833     47.541     63.374 
      EXP_RND                                15    14.997     22.603     37.600 
      MAN_ALU_PROC_RND                        7     9.779      0.000      9.779 
      SIGN_UNIT                               2     1.202      3.615      4.817 
    DATA_A_RE                              1120  1008.312   3136.067   4144.379 
      MAN_ALU                               221   220.734    664.799    885.533 
        ALU_SUB_UNIT                        124   127.844    323.758    451.603 
          CLA_BLOCK_..CLA_4BIT_UNIT          20    22.863     43.366     66.229 
          CLA_BLOCK_..CLA_4BIT_UNIT          15    19.863     34.124     53.987 
          CLA_BLOCK_..CLA_4BIT_UNIT          18    18.727     52.428     71.155 
          CLA_BLOCK_..CLA_4BIT_UNIT          18    18.571     51.953     70.524 
          CLA_BLOCK_..CLA_4BIT_UNIT          18    18.536     50.889     69.425 
          CLA_BLOCK_..CLA_4BIT_UNIT          18    18.286     55.429     73.714 
      NOR_UNIT                              205   137.394    633.145    770.539 
        SHF_left_unit                       142    93.201    405.800    499.001 
      SHF_RIGHT_MAN                         130    80.009    564.770    644.779 
      MAN_COMP_24BIT                         78    75.240     99.248    174.489 
        u_i_data_3                           13    13.623     12.173     25.796 
        u_i_data_4                           13    13.623     12.282     25.905 
        u_i_data_2                           13    13.549     12.994     26.544 
        u_i_data_1                           13    12.572     23.352     35.924 
        u_i_data_5                           10     9.914     14.372     24.285 
        u_i_data_0                           10     6.056     12.606     18.662 
      MAN_SWAP                               48    74.861    243.678    318.538 
      PSC_UNIT                               86    72.634    145.226    217.860 
      MAN_RND                                26    56.196     95.802    151.999 
      MAN_SWAP_PRE                           46    55.882    240.830    296.712 
      EXP_ADJUST                             37    40.618     94.210    134.828 
        CLA_8BIT_UNIT                        30    36.706     89.658    126.363 
          CLA_4BIT_UNIT_0                    18    19.070     46.976     66.046 
          CLA_4BIT_UNIT_1                    11    16.719     39.423     56.142 
      LOPD_24BIT                             58    34.913     68.035    102.948 
        LOPD_16bit_UNIT_MSB                  34    21.359     48.567     69.926 
          LOPD_8bit_unit_0                   14     9.090     28.409     37.499 
          LOPD_8bit_unit_1                   14     8.199     20.098     28.297 
        LOPD_8bit_UNIT_LSB                   14     8.268     19.468     27.736 
      EXP_SUB                                26    27.350     38.304     65.654 
        CLA_8BIT_UNIT                        21    25.566     26.155     51.721 
          CLA_4BIT_UNIT_0                    18    21.818      9.364     31.182 
          CLA_4BIT_UNIT_1                     2     3.100     16.791     19.892 
      EXP_COM_8BIT                           24    17.871     34.250     52.121 
        COMP_LESS_UNIT                       24    17.871     34.250     52.121 
          u_high                             13    11.175     22.501     33.675 
          u_low                              10     5.880     11.749     17.629 
      EXP_SWAP                               13    15.833     47.541     63.374 
      EXP_RND                                15    15.384     13.983     29.367 
      MAN_ALU_PROC_RND                        7     9.779      0.000      9.779 
      SIGN_UNIT                               1     1.235      3.323      4.558 
  DETECT_START_STAGE1                         3     7.035     24.098     31.132 

