============================================================
  Generated by:           Genus(TM) Synthesis Solution GENUS15.20 - 15.20-p004_1
  Generated on:           Jan 04 2026  02:23:03 pm
  Module:                 FFT_8Points
  Wireload mode:          enclosed
  Area mode:              timing library
============================================================

                 Instance                   Cells  Cell Area  Net Area  Total Area  Wireload     
-------------------------------------------------------------------------------------------------
FFT_8Points                                 65991     139991         0      139991    <none> (D) 
  BFU8_07                                   27984      54817         0       54817    <none> (D) 
    INPUT_DATA_7                             5040      10333         0       10333    <none> (D) 
      mul1_add                               1399       3031         0        3031    <none> (D) 
        MAN_MUL_UNIT                         1006       2309         0        2309    <none> (D) 
          MUL_UNIT_MAN_UNIT                   998       2296         0        2296    <none> (D) 
            m1                                440        902         0         902    <none> (D) 
              m2                              189        358         0         358    <none> (D) 
                csa_tree_add_46_27_groupi      50        114         0         114    <none> (D) 
                m4                             50         84         0          84    <none> (D) 
                  m2                            4          6         0           6    <none> (D) 
                  m1                            4          6         0           6    <none> (D) 
                m3                             49         83         0          83    <none> (D) 
                  m2                            4          6         0           6    <none> (D) 
                  m1                            4          6         0           6    <none> (D) 
                m2                             20         38         0          38    <none> (D) 
                  m2                            4          6         0           6    <none> (D) 
                  m1                            4          6         0           6    <none> (D) 
                m1                             20         38         0          38    <none> (D) 
                  m2                            4          6         0           6    <none> (D) 
                  m1                            4          6         0           6    <none> (D) 
              m1                              187        357         0         357    <none> (D) 
                csa_tree_add_46_27_groupi      51        117         0         117    <none> (D) 
                m4                             50         84         0          84    <none> (D) 
                  m2                            4          6         0           6    <none> (D) 
                  m1                            4          6         0           6    <none> (D) 
                m3                             46         79         0          79    <none> (D) 
                  m2                            4          6         0           6    <none> (D) 
                  m1                            4          6         0           6    <none> (D) 
                m2                             20         38         0          38    <none> (D) 
                  m2                            4          6         0           6    <none> (D) 
                  m1                            4          6         0           6    <none> (D) 
                m1                             20         38         0          38    <none> (D) 
                  m2                            4          6         0           6    <none> (D) 
                  m1                            4          6         0           6    <none> (D) 
              csa_tree_add_74_27_groupi        64        186         0         186    <none> (D) 
            m2                                239        583         0         583    <none> (D) 
              m1                              109        260         0         260    <none> (D) 
                csa_tree_add_46_27_groupi      51        118         0         118    <none> (D) 
                m4                             21         51         0          51    <none> (D) 
                  m2                            4          6         0           6    <none> (D) 
                  m1                            4          6         0           6    <none> (D) 
                m3                             21         51         0          51    <none> (D) 
                  m2                            4          6         0           6    <none> (D) 
                  m1                            4          6         0           6    <none> (D) 
                m2                              8         20         0          20    <none> (D) 
                m1                              8         20         0          20    <none> (D) 
              m2                              107        255         0         255    <none> (D) 
                csa_tree_add_46_27_groupi      49        113         0         113    <none> (D) 
                m4                             21         51         0          51    <none> (D) 
                  m2                            4          6         0           6    <none> (D) 
                  m1                            4          6         0           6    <none> (D) 
                m3                             21         51         0          51    <none> (D) 
                  m2                            4          6         0           6    <none> (D) 
                  m1                            4          6         0           6    <none> (D) 
                m2                              8         20         0          20    <none> (D) 
                m1                              8         20         0          20    <none> (D) 
            m3                                151        323         0         323    <none> (D) 
              m1                              143        290         0         290    <none> (D) 
                csa_tree_add_46_27_groupi      47        107         0         107    <none> (D) 
                m2                             36         76         0          76    <none> (D) 
                  m3                            4          6         0           6    <none> (D) 
                  m1                            4          6         0           6    <none> (D) 
                m4                             30         54         0          54    <none> (D) 
                  m1                            4          6         0           6    <none> (D) 
                m1                             18         35         0          35    <none> (D) 
                  m3                            4          6         0           6    <none> (D) 
                  m1                            4          6         0           6    <none> (D) 
                m3                             12         18         0          18    <none> (D) 
                  m1                            4          6         0           6    <none> (D) 
            csa_tree_add_108_35_groupi         66        263         0         263    <none> (D) 
            m4                                102        225         0         225    <none> (D) 
              csa_tree_add_46_27_groupi        48        112         0         112    <none> (D) 
              m3                               21         51         0          51    <none> (D) 
                m2                              4          6         0           6    <none> (D) 
                m1                              4          6         0           6    <none> (D) 
              m4                               17         31         0          31    <none> (D) 
                m1                              4          6         0           6    <none> (D) 
              m1                                8         20         0          20    <none> (D) 
              m2                                8         12         0          12    <none> (D) 
        NOR_UNIT                              175        322         0         322    <none> (D) 
          SHF_left_unit                       121        226         0         226    <none> (D) 
        MAN_ROUNDING_UNIT                      24         88         0          88    <none> (D) 
        MUL_EXP_ADJUST_UNIT                    45         86         0          86    <none> (D) 
          CLA_8BIT_UNIT                        30         66         0          66    <none> (D) 
            CLA_4BIT_UNIT_0                    18         34         0          34    <none> (D) 
            CLA_4BIT_UNIT_1                    11         29         0          29    <none> (D) 
        LOPD_UNIT                              58         85         0          85    <none> (D) 
          LOPD_16bit_UNIT_MSB                  34         52         0          52    <none> (D) 
            LOPD_8bit_unit_1                   14         20         0          20    <none> (D) 
            LOPD_8bit_unit_0                   14         20         0          20    <none> (D) 
          LOPD_8bit_UNIT_LSB                   14         20         0          20    <none> (D) 
        EXP_ROUNDING_UNIT                      15         29         0          29    <none> (D) 
        MUL_EXP_UNIT                           21         28         0          28    <none> (D) 
        PSC_UNIT                               12         19         0          19    <none> (D) 
      mul1_sub                               1398       3031         0        3031    <none> (D) 
        MAN_MUL_UNIT                         1005       2308         0        2308    <none> (D) 
          MUL_UNIT_MAN_UNIT                   997       2295         0        2295    <none> (D) 
            m1                                439        901         0         901    <none> (D) 
              m2                              189        358         0         358    <none> (D) 
                csa_tree_add_46_27_groupi      50        114         0         114    <none> (D) 
                m4                             50         84         0          84    <none> (D) 
                  m2                            4          6         0           6    <none> (D) 
                  m1                            4          6         0           6    <none> (D) 
                m3                             49         83         0          83    <none> (D) 
                  m2                            4          6         0           6    <none> (D) 
                  m1                            4          6         0           6    <none> (D) 
                m2                             20         38         0          38    <none> (D) 
                  m2                            4          6         0           6    <none> (D) 
                  m1                            4          6         0           6    <none> (D) 
                m1                             20         38         0          38    <none> (D) 
                  m2                            4          6         0           6    <none> (D) 
                  m1                            4          6         0           6    <none> (D) 
              m1                              186        357         0         357    <none> (D) 
                csa_tree_add_46_27_groupi      51        117         0         117    <none> (D) 
                m4                             49         83         0          83    <none> (D) 
                  m2                            4          6         0           6    <none> (D) 
                  m1                            4          6         0           6    <none> (D) 
                m3                             46         79         0          79    <none> (D) 
                  m2                            4          6         0           6    <none> (D) 
                  m1                            4          6         0           6    <none> (D) 
                m2                             20         38         0          38    <none> (D) 
                  m2                            4          6         0           6    <none> (D) 
                  m1                            4          6         0           6    <none> (D) 
                m1                             20         38         0          38    <none> (D) 
                  m2                            4          6         0           6    <none> (D) 
                  m1                            4          6         0           6    <none> (D) 
              csa_tree_add_74_27_groupi        64        186         0         186    <none> (D) 
            m2                                239        583         0         583    <none> (D) 
              m1                              109        260         0         260    <none> (D) 
                csa_tree_add_46_27_groupi      51        118         0         118    <none> (D) 
                m4                             21         51         0          51    <none> (D) 
                  m2                            4          6         0           6    <none> (D) 
                  m1                            4          6         0           6    <none> (D) 
                m3                             21         51         0          51    <none> (D) 
                  m2                            4          6         0           6    <none> (D) 
                  m1                            4          6         0           6    <none> (D) 
                m2                              8         20         0          20    <none> (D) 
                m1                              8         20         0          20    <none> (D) 
              m2                              107        255         0         255    <none> (D) 
                csa_tree_add_46_27_groupi      49        113         0         113    <none> (D) 
                m4                             21         51         0          51    <none> (D) 
                  m2                            4          6         0           6    <none> (D) 
                  m1                            4          6         0           6    <none> (D) 
                m3                             21         51         0          51    <none> (D) 
                  m2                            4          6         0           6    <none> (D) 
                  m1                            4          6         0           6    <none> (D) 
                m2                              8         20         0          20    <none> (D) 
                m1                              8         20         0          20    <none> (D) 
            m3                                151        323         0         323    <none> (D) 
              m1                              143        290         0         290    <none> (D) 
                csa_tree_add_46_27_groupi      47        107         0         107    <none> (D) 
                m2                             36         76         0          76    <none> (D) 
                  m3                            4          6         0           6    <none> (D) 
                  m1                            4          6         0           6    <none> (D) 
                m4                             30         54         0          54    <none> (D) 
                  m1                            4          6         0           6    <none> (D) 
                m1                             18         35         0          35    <none> (D) 
                  m3                            4          6         0           6    <none> (D) 
                  m1                            4          6         0           6    <none> (D) 
                m3                             12         18         0          18    <none> (D) 
                  m1                            4          6         0           6    <none> (D) 
            csa_tree_add_108_35_groupi         66        263         0         263    <none> (D) 
            m4                                102        225         0         225    <none> (D) 
              csa_tree_add_46_27_groupi        48        112         0         112    <none> (D) 
              m3                               21         51         0          51    <none> (D) 
                m2                              4          6         0           6    <none> (D) 
                m1                              4          6         0           6    <none> (D) 
              m4                               17         31         0          31    <none> (D) 
                m1                              4          6         0           6    <none> (D) 
              m1                                8         20         0          20    <none> (D) 
              m2                                8         12         0          12    <none> (D) 
        NOR_UNIT                              175        322         0         322    <none> (D) 
          SHF_left_unit                       121        226         0         226    <none> (D) 
        MAN_ROUNDING_UNIT                      24         88         0          88    <none> (D) 
        MUL_EXP_ADJUST_UNIT                    45         86         0          86    <none> (D) 
          CLA_8BIT_UNIT                        30         66         0          66    <none> (D) 
            CLA_4BIT_UNIT_0                    18         34         0          34    <none> (D) 
            CLA_4BIT_UNIT_1                    11         29         0          29    <none> (D) 
        LOPD_UNIT                              58         85         0          85    <none> (D) 
          LOPD_16bit_UNIT_MSB                  34         52         0          52    <none> (D) 
            LOPD_8bit_unit_1                   14         20         0          20    <none> (D) 
            LOPD_8bit_unit_0                   14         20         0          20    <none> (D) 
          LOPD_8bit_UNIT_LSB                   14         20         0          20    <none> (D) 
        EXP_ROUNDING_UNIT                      15         29         0          29    <none> (D) 
        MUL_EXP_UNIT                           21         28         0          28    <none> (D) 
        PSC_UNIT                               12         19         0          19    <none> (D) 
      DATA_A_RE                              1124       2135         0        2135    <none> (D) 
        MAN_ALU                               221        424         0         424    <none> (D) 
          ALU_SUB_UNIT                        124        234         0         234    <none> (D) 
            CLA_BLOCK_GEN[0].CLA_4BIT_UNIT     20         41         0          41    <none> (D) 
            CLA_BLOCK_GEN[4].CLA_4BIT_UNIT     15         34         0          34    <none> (D) 
            CLA_BLOCK_GEN[5].CLA_4BIT_UNIT     18         33         0          33    <none> (D) 
            CLA_BLOCK_GEN[3].CLA_4BIT_UNIT     18         33         0          33    <none> (D) 
            CLA_BLOCK_GEN[2].CLA_4BIT_UNIT     18         33         0          33    <none> (D) 
            CLA_BLOCK_GEN[1].CLA_4BIT_UNIT     18         33         0          33    <none> (D) 
        NOR_UNIT                              205        361         0         361    <none> (D) 
          SHF_left_unit                       142        249         0         249    <none> (D) 
        SHF_RIGHT_MAN                         130        233         0         233    <none> (D) 
        PSC_UNIT                               90        159         0         159    <none> (D) 
        MAN_COMP_24BIT                         78        143         0         143    <none> (D) 
          u_i_data_1                           13         25         0          25    <none> (D) 
          u_i_data_4                           13         25         0          25    <none> (D) 
          u_i_data_3                           13         25         0          25    <none> (D) 
          u_i_data_2                           13         25         0          25    <none> (D) 
          u_i_data_5                           10         19         0          19    <none> (D) 
          u_i_data_0                           10         13         0          13    <none> (D) 
        MAN_SWAP                               48        113         0         113    <none> (D) 
        MAN_SWAP_PRE                           46        110         0         110    <none> (D) 
        MAN_RND                                26         91         0          91    <none> (D) 
        LOPD_24BIT                             58         85         0          85    <none> (D) 
          LOPD_16bit_UNIT_MSB                  34         52         0          52    <none> (D) 
            LOPD_8bit_unit_1                   14         20         0          20    <none> (D) 
            LOPD_8bit_unit_0                   14         20         0          20    <none> (D) 
          LOPD_8bit_UNIT_LSB                   14         20         0          20    <none> (D) 
        EXP_ADJUST                             37         75         0          75    <none> (D) 
          CLA_8BIT_UNIT                        30         66         0          66    <none> (D) 
            CLA_4BIT_UNIT_0                    18         34         0          34    <none> (D) 
            CLA_4BIT_UNIT_1                    11         29         0          29    <none> (D) 
        EXP_SUB                                26         44         0          44    <none> (D) 
          CLA_8BIT_UNIT                        21         41         0          41    <none> (D) 
            CLA_4BIT_UNIT_0                    18         35         0          35    <none> (D) 
            CLA_4BIT_UNIT_1                     2          5         0           5    <none> (D) 
        EXP_COM_8BIT                           24         40         0          40    <none> (D) 
          COMP_LESS_UNIT                       24         40         0          40    <none> (D) 
            u_high                             13         25         0          25    <none> (D) 
            u_low                              10         13         0          13    <none> (D) 
        EXP_SWAP                               13         31         0          31    <none> (D) 
        EXP_RND                                15         29         0          29    <none> (D) 
        MAN_ALU_PROC_RND                        7         13         0          13    <none> (D) 
        SIGN_UNIT                               1          2         0           2    <none> (D) 
      DATA_A_IM                              1119       2135         0        2135    <none> (D) 
        MAN_ALU                               219        423         0         423    <none> (D) 
          ALU_SUB_UNIT                        124        234         0         234    <none> (D) 
            CLA_BLOCK_GEN[0].CLA_4BIT_UNIT     20         41         0          41    <none> (D) 
            CLA_BLOCK_GEN[4].CLA_4BIT_UNIT     15         34         0          34    <none> (D) 
            CLA_BLOCK_GEN[5].CLA_4BIT_UNIT     18         33         0          33    <none> (D) 
            CLA_BLOCK_GEN[3].CLA_4BIT_UNIT     18         33         0          33    <none> (D) 
            CLA_BLOCK_GEN[2].CLA_4BIT_UNIT     18         33         0          33    <none> (D) 
            CLA_BLOCK_GEN[1].CLA_4BIT_UNIT     18         33         0          33    <none> (D) 
        NOR_UNIT                              205        361         0         361    <none> (D) 
          SHF_left_unit                       142        249         0         249    <none> (D) 
        SHF_RIGHT_MAN                         130        233         0         233    <none> (D) 
        PSC_UNIT                               86        160         0         160    <none> (D) 
        MAN_COMP_24BIT                         78        143         0         143    <none> (D) 
          u_i_data_1                           13         25         0          25    <none> (D) 
          u_i_data_4                           13         25         0          25    <none> (D) 
          u_i_data_3                           13         25         0          25    <none> (D) 
          u_i_data_2                           13         25         0          25    <none> (D) 
          u_i_data_5                           10         19         0          19    <none> (D) 
          u_i_data_0                           10         13         0          13    <none> (D) 
        MAN_SWAP                               48        113         0         113    <none> (D) 
        MAN_SWAP_PRE                           46        110         0         110    <none> (D) 
        MAN_RND                                26         91         0          91    <none> (D) 
        LOPD_24BIT                             58         85         0          85    <none> (D) 
          LOPD_16bit_UNIT_MSB                  34         52         0          52    <none> (D) 
            LOPD_8bit_unit_1                   14         20         0          20    <none> (D) 
            LOPD_8bit_unit_0                   14         20         0          20    <none> (D) 
          LOPD_8bit_UNIT_LSB                   14         20         0          20    <none> (D) 
        EXP_ADJUST                             37         75         0          75    <none> (D) 
          CLA_8BIT_UNIT                        30         66         0          66    <none> (D) 
            CLA_4BIT_UNIT_0                    18         34         0          34    <none> (D) 
            CLA_4BIT_UNIT_1                    11         29         0          29    <none> (D) 
        EXP_SUB                                26         44         0          44    <none> (D) 
          CLA_8BIT_UNIT                        21         41         0          41    <none> (D) 
            CLA_4BIT_UNIT_0                    18         35         0          35    <none> (D) 
            CLA_4BIT_UNIT_1                     2          5         0           5    <none> (D) 
        EXP_COM_8BIT                           24         40         0          40    <none> (D) 
          COMP_LESS_UNIT                       24         40         0          40    <none> (D) 
            u_high                             13         25         0          25    <none> (D) 
            u_low                              10         13         0          13    <none> (D) 
        EXP_SWAP                               13         31         0          31    <none> (D) 
        EXP_RND                                15         29         0          29    <none> (D) 
        MAN_ALU_PROC_RND                        7         13         0          13    <none> (D) 
        SIGN_UNIT                               2          3         0           3    <none> (D) 
    INPUT_DATA_5                             5040      10333         0       10333    <none> (D) 
      mul1_add                               1399       3031         0        3031    <none> (D) 
        MAN_MUL_UNIT                         1006       2309         0        2309    <none> (D) 
          MUL_UNIT_MAN_UNIT                   998       2296         0        2296    <none> (D) 
            m1                                440        902         0         902    <none> (D) 
              m2                              189        358         0         358    <none> (D) 
                csa_tree_add_46_27_groupi      50        114         0         114    <none> (D) 
                m4                             50         84         0          84    <none> (D) 
                  m2                            4          6         0           6    <none> (D) 
                  m1                            4          6         0           6    <none> (D) 
                m3                             49         83         0          83    <none> (D) 
                  m2                            4          6         0           6    <none> (D) 
                  m1                            4          6         0           6    <none> (D) 
                m2                             20         38         0          38    <none> (D) 
                  m2                            4          6         0           6    <none> (D) 
                  m1                            4          6         0           6    <none> (D) 
                m1                             20         38         0          38    <none> (D) 
                  m2                            4          6         0           6    <none> (D) 
                  m1                            4          6         0           6    <none> (D) 
              m1                              187        357         0         357    <none> (D) 
                csa_tree_add_46_27_groupi      51        117         0         117    <none> (D) 
                m4                             50         84         0          84    <none> (D) 
                  m2                            4          6         0           6    <none> (D) 
                  m1                            4          6         0           6    <none> (D) 
                m3                             46         79         0          79    <none> (D) 
                  m2                            4          6         0           6    <none> (D) 
                  m1                            4          6         0           6    <none> (D) 
                m2                             20         38         0          38    <none> (D) 
                  m2                            4          6         0           6    <none> (D) 
                  m1                            4          6         0           6    <none> (D) 
                m1                             20         38         0          38    <none> (D) 
                  m2                            4          6         0           6    <none> (D) 
                  m1                            4          6         0           6    <none> (D) 
              csa_tree_add_74_27_groupi        64        186         0         186    <none> (D) 
            m2                                239        583         0         583    <none> (D) 
              m1                              109        260         0         260    <none> (D) 
                csa_tree_add_46_27_groupi      51        118         0         118    <none> (D) 
                m4                             21         51         0          51    <none> (D) 
                  m2                            4          6         0           6    <none> (D) 
                  m1                            4          6         0           6    <none> (D) 
                m3                             21         51         0          51    <none> (D) 
                  m2                            4          6         0           6    <none> (D) 
                  m1                            4          6         0           6    <none> (D) 
                m2                              8         20         0          20    <none> (D) 
                m1                              8         20         0          20    <none> (D) 
              m2                              107        255         0         255    <none> (D) 
                csa_tree_add_46_27_groupi      49        113         0         113    <none> (D) 
                m4                             21         51         0          51    <none> (D) 
                  m2                            4          6         0           6    <none> (D) 
                  m1                            4          6         0           6    <none> (D) 
                m3                             21         51         0          51    <none> (D) 
                  m2                            4          6         0           6    <none> (D) 
                  m1                            4          6         0           6    <none> (D) 
                m2                              8         20         0          20    <none> (D) 
                m1                              8         20         0          20    <none> (D) 
            m3                                151        323         0         323    <none> (D) 
              m1                              143        290         0         290    <none> (D) 
                csa_tree_add_46_27_groupi      47        107         0         107    <none> (D) 
                m2                             36         76         0          76    <none> (D) 
                  m3                            4          6         0           6    <none> (D) 
                  m1                            4          6         0           6    <none> (D) 
                m4                             30         54         0          54    <none> (D) 
                  m1                            4          6         0           6    <none> (D) 
                m1                             18         35         0          35    <none> (D) 
                  m3                            4          6         0           6    <none> (D) 
                  m1                            4          6         0           6    <none> (D) 
                m3                             12         18         0          18    <none> (D) 
                  m1                            4          6         0           6    <none> (D) 
            csa_tree_add_108_35_groupi         66        263         0         263    <none> (D) 
            m4                                102        225         0         225    <none> (D) 
              csa_tree_add_46_27_groupi        48        112         0         112    <none> (D) 
              m3                               21         51         0          51    <none> (D) 
                m2                              4          6         0           6    <none> (D) 
                m1                              4          6         0           6    <none> (D) 
              m4                               17         31         0          31    <none> (D) 
                m1                              4          6         0           6    <none> (D) 
              m1                                8         20         0          20    <none> (D) 
              m2                                8         12         0          12    <none> (D) 
        NOR_UNIT                              175        322         0         322    <none> (D) 
          SHF_left_unit                       121        226         0         226    <none> (D) 
        MAN_ROUNDING_UNIT                      24         88         0          88    <none> (D) 
        MUL_EXP_ADJUST_UNIT                    45         86         0          86    <none> (D) 
          CLA_8BIT_UNIT                        30         66         0          66    <none> (D) 
            CLA_4BIT_UNIT_0                    18         34         0          34    <none> (D) 
            CLA_4BIT_UNIT_1                    11         29         0          29    <none> (D) 
        LOPD_UNIT                              58         85         0          85    <none> (D) 
          LOPD_16bit_UNIT_MSB                  34         52         0          52    <none> (D) 
            LOPD_8bit_unit_1                   14         20         0          20    <none> (D) 
            LOPD_8bit_unit_0                   14         20         0          20    <none> (D) 
          LOPD_8bit_UNIT_LSB                   14         20         0          20    <none> (D) 
        EXP_ROUNDING_UNIT                      15         29         0          29    <none> (D) 
        MUL_EXP_UNIT                           21         28         0          28    <none> (D) 
        PSC_UNIT                               12         19         0          19    <none> (D) 
      mul1_sub                               1398       3031         0        3031    <none> (D) 
        MAN_MUL_UNIT                         1005       2308         0        2308    <none> (D) 
          MUL_UNIT_MAN_UNIT                   997       2295         0        2295    <none> (D) 
            m1                                439        901         0         901    <none> (D) 
              m2                              189        358         0         358    <none> (D) 
                csa_tree_add_46_27_groupi      50        114         0         114    <none> (D) 
                m4                             50         84         0          84    <none> (D) 
                  m2                            4          6         0           6    <none> (D) 
                  m1                            4          6         0           6    <none> (D) 
                m3                             49         83         0          83    <none> (D) 
                  m2                            4          6         0           6    <none> (D) 
                  m1                            4          6         0           6    <none> (D) 
                m2                             20         38         0          38    <none> (D) 
                  m2                            4          6         0           6    <none> (D) 
                  m1                            4          6         0           6    <none> (D) 
                m1                             20         38         0          38    <none> (D) 
                  m2                            4          6         0           6    <none> (D) 
                  m1                            4          6         0           6    <none> (D) 
              m1                              186        357         0         357    <none> (D) 
                csa_tree_add_46_27_groupi      51        117         0         117    <none> (D) 
                m4                             49         83         0          83    <none> (D) 
                  m2                            4          6         0           6    <none> (D) 
                  m1                            4          6         0           6    <none> (D) 
                m3                             46         79         0          79    <none> (D) 
                  m2                            4          6         0           6    <none> (D) 
                  m1                            4          6         0           6    <none> (D) 
                m2                             20         38         0          38    <none> (D) 
                  m2                            4          6         0           6    <none> (D) 
                  m1                            4          6         0           6    <none> (D) 
                m1                             20         38         0          38    <none> (D) 
                  m2                            4          6         0           6    <none> (D) 
                  m1                            4          6         0           6    <none> (D) 
              csa_tree_add_74_27_groupi        64        186         0         186    <none> (D) 
            m2                                239        583         0         583    <none> (D) 
              m1                              109        260         0         260    <none> (D) 
                csa_tree_add_46_27_groupi      51        118         0         118    <none> (D) 
                m4                             21         51         0          51    <none> (D) 
                  m2                            4          6         0           6    <none> (D) 
                  m1                            4          6         0           6    <none> (D) 
                m3                             21         51         0          51    <none> (D) 
                  m2                            4          6         0           6    <none> (D) 
                  m1                            4          6         0           6    <none> (D) 
                m2                              8         20         0          20    <none> (D) 
                m1                              8         20         0          20    <none> (D) 
              m2                              107        255         0         255    <none> (D) 
                csa_tree_add_46_27_groupi      49        113         0         113    <none> (D) 
                m4                             21         51         0          51    <none> (D) 
                  m2                            4          6         0           6    <none> (D) 
                  m1                            4          6         0           6    <none> (D) 
                m3                             21         51         0          51    <none> (D) 
                  m2                            4          6         0           6    <none> (D) 
                  m1                            4          6         0           6    <none> (D) 
                m2                              8         20         0          20    <none> (D) 
                m1                              8         20         0          20    <none> (D) 
            m3                                151        323         0         323    <none> (D) 
              m1                              143        290         0         290    <none> (D) 
                csa_tree_add_46_27_groupi      47        107         0         107    <none> (D) 
                m2                             36         76         0          76    <none> (D) 
                  m3                            4          6         0           6    <none> (D) 
                  m1                            4          6         0           6    <none> (D) 
                m4                             30         54         0          54    <none> (D) 
                  m1                            4          6         0           6    <none> (D) 
                m1                             18         35         0          35    <none> (D) 
                  m3                            4          6         0           6    <none> (D) 
                  m1                            4          6         0           6    <none> (D) 
                m3                             12         18         0          18    <none> (D) 
                  m1                            4          6         0           6    <none> (D) 
            csa_tree_add_108_35_groupi         66        263         0         263    <none> (D) 
            m4                                102        225         0         225    <none> (D) 
              csa_tree_add_46_27_groupi        48        112         0         112    <none> (D) 
              m3                               21         51         0          51    <none> (D) 
                m2                              4          6         0           6    <none> (D) 
                m1                              4          6         0           6    <none> (D) 
              m4                               17         31         0          31    <none> (D) 
                m1                              4          6         0           6    <none> (D) 
              m1                                8         20         0          20    <none> (D) 
              m2                                8         12         0          12    <none> (D) 
        NOR_UNIT                              175        322         0         322    <none> (D) 
          SHF_left_unit                       121        226         0         226    <none> (D) 
        MAN_ROUNDING_UNIT                      24         88         0          88    <none> (D) 
        MUL_EXP_ADJUST_UNIT                    45         86         0          86    <none> (D) 
          CLA_8BIT_UNIT                        30         66         0          66    <none> (D) 
            CLA_4BIT_UNIT_0                    18         34         0          34    <none> (D) 
            CLA_4BIT_UNIT_1                    11         29         0          29    <none> (D) 
        LOPD_UNIT                              58         85         0          85    <none> (D) 
          LOPD_16bit_UNIT_MSB                  34         52         0          52    <none> (D) 
            LOPD_8bit_unit_1                   14         20         0          20    <none> (D) 
            LOPD_8bit_unit_0                   14         20         0          20    <none> (D) 
          LOPD_8bit_UNIT_LSB                   14         20         0          20    <none> (D) 
        EXP_ROUNDING_UNIT                      15         29         0          29    <none> (D) 
        MUL_EXP_UNIT                           21         28         0          28    <none> (D) 
        PSC_UNIT                               12         19         0          19    <none> (D) 
      DATA_A_RE                              1124       2135         0        2135    <none> (D) 
        MAN_ALU                               221        424         0         424    <none> (D) 
          ALU_SUB_UNIT                        124        234         0         234    <none> (D) 
            CLA_BLOCK_GEN[0].CLA_4BIT_UNIT     20         41         0          41    <none> (D) 
            CLA_BLOCK_GEN[4].CLA_4BIT_UNIT     15         34         0          34    <none> (D) 
            CLA_BLOCK_GEN[5].CLA_4BIT_UNIT     18         33         0          33    <none> (D) 
            CLA_BLOCK_GEN[3].CLA_4BIT_UNIT     18         33         0          33    <none> (D) 
            CLA_BLOCK_GEN[2].CLA_4BIT_UNIT     18         33         0          33    <none> (D) 
            CLA_BLOCK_GEN[1].CLA_4BIT_UNIT     18         33         0          33    <none> (D) 
        NOR_UNIT                              205        361         0         361    <none> (D) 
          SHF_left_unit                       142        249         0         249    <none> (D) 
        SHF_RIGHT_MAN                         130        233         0         233    <none> (D) 
        PSC_UNIT                               90        159         0         159    <none> (D) 
        MAN_COMP_24BIT                         78        143         0         143    <none> (D) 
          u_i_data_1                           13         25         0          25    <none> (D) 
          u_i_data_4                           13         25         0          25    <none> (D) 
          u_i_data_3                           13         25         0          25    <none> (D) 
          u_i_data_2                           13         25         0          25    <none> (D) 
          u_i_data_5                           10         19         0          19    <none> (D) 
          u_i_data_0                           10         13         0          13    <none> (D) 
        MAN_SWAP                               48        113         0         113    <none> (D) 
        MAN_SWAP_PRE                           46        110         0         110    <none> (D) 
        MAN_RND                                26         91         0          91    <none> (D) 
        LOPD_24BIT                             58         85         0          85    <none> (D) 
          LOPD_16bit_UNIT_MSB                  34         52         0          52    <none> (D) 
            LOPD_8bit_unit_1                   14         20         0          20    <none> (D) 
            LOPD_8bit_unit_0                   14         20         0          20    <none> (D) 
          LOPD_8bit_UNIT_LSB                   14         20         0          20    <none> (D) 
        EXP_ADJUST                             37         75         0          75    <none> (D) 
          CLA_8BIT_UNIT                        30         66         0          66    <none> (D) 
            CLA_4BIT_UNIT_0                    18         34         0          34    <none> (D) 
            CLA_4BIT_UNIT_1                    11         29         0          29    <none> (D) 
        EXP_SUB                                26         44         0          44    <none> (D) 
          CLA_8BIT_UNIT                        21         41         0          41    <none> (D) 
            CLA_4BIT_UNIT_0                    18         35         0          35    <none> (D) 
            CLA_4BIT_UNIT_1                     2          5         0           5    <none> (D) 
        EXP_COM_8BIT                           24         40         0          40    <none> (D) 
          COMP_LESS_UNIT                       24         40         0          40    <none> (D) 
            u_high                             13         25         0          25    <none> (D) 
            u_low                              10         13         0          13    <none> (D) 
        EXP_SWAP                               13         31         0          31    <none> (D) 
        EXP_RND                                15         29         0          29    <none> (D) 
        MAN_ALU_PROC_RND                        7         13         0          13    <none> (D) 
        SIGN_UNIT                               1          2         0           2    <none> (D) 
      DATA_A_IM                              1119       2135         0        2135    <none> (D) 
        MAN_ALU                               219        423         0         423    <none> (D) 
          ALU_SUB_UNIT                        124        234         0         234    <none> (D) 
            CLA_BLOCK_GEN[0].CLA_4BIT_UNIT     20         41         0          41    <none> (D) 
            CLA_BLOCK_GEN[4].CLA_4BIT_UNIT     15         34         0          34    <none> (D) 
            CLA_BLOCK_GEN[5].CLA_4BIT_UNIT     18         33         0          33    <none> (D) 
            CLA_BLOCK_GEN[3].CLA_4BIT_UNIT     18         33         0          33    <none> (D) 
            CLA_BLOCK_GEN[2].CLA_4BIT_UNIT     18         33         0          33    <none> (D) 
            CLA_BLOCK_GEN[1].CLA_4BIT_UNIT     18         33         0          33    <none> (D) 
        NOR_UNIT                              205        361         0         361    <none> (D) 
          SHF_left_unit                       142        249         0         249    <none> (D) 
        SHF_RIGHT_MAN                         130        233         0         233    <none> (D) 
        PSC_UNIT                               86        160         0         160    <none> (D) 
        MAN_COMP_24BIT                         78        143         0         143    <none> (D) 
          u_i_data_1                           13         25         0          25    <none> (D) 
          u_i_data_4                           13         25         0          25    <none> (D) 
          u_i_data_3                           13         25         0          25    <none> (D) 
          u_i_data_2                           13         25         0          25    <none> (D) 
          u_i_data_5                           10         19         0          19    <none> (D) 
          u_i_data_0                           10         13         0          13    <none> (D) 
        MAN_SWAP                               48        113         0         113    <none> (D) 
        MAN_SWAP_PRE                           46        110         0         110    <none> (D) 
        MAN_RND                                26         91         0          91    <none> (D) 
        LOPD_24BIT                             58         85         0          85    <none> (D) 
          LOPD_16bit_UNIT_MSB                  34         52         0          52    <none> (D) 
            LOPD_8bit_unit_1                   14         20         0          20    <none> (D) 
            LOPD_8bit_unit_0                   14         20         0          20    <none> (D) 
          LOPD_8bit_UNIT_LSB                   14         20         0          20    <none> (D) 
        EXP_ADJUST                             37         75         0          75    <none> (D) 
          CLA_8BIT_UNIT                        30         66         0          66    <none> (D) 
            CLA_4BIT_UNIT_0                    18         34         0          34    <none> (D) 
            CLA_4BIT_UNIT_1                    11         29         0          29    <none> (D) 
        EXP_SUB                                26         44         0          44    <none> (D) 
          CLA_8BIT_UNIT                        21         41         0          41    <none> (D) 
            CLA_4BIT_UNIT_0                    18         35         0          35    <none> (D) 
            CLA_4BIT_UNIT_1                     2          5         0           5    <none> (D) 
        EXP_COM_8BIT                           24         40         0          40    <none> (D) 
          COMP_LESS_UNIT                       24         40         0          40    <none> (D) 
            u_high                             13         25         0          25    <none> (D) 
            u_low                              10         13         0          13    <none> (D) 
        EXP_SWAP                               13         31         0          31    <none> (D) 
        EXP_RND                                15         29         0          29    <none> (D) 
        MAN_ALU_PROC_RND                        7         13         0          13    <none> (D) 
        SIGN_UNIT                               2          3         0           3    <none> (D) 
    BFU2_UNIT2                               4482       8538         0        8538    <none> (D) 
      DATA_B_RE                              1121       2135         0        2135    <none> (D) 
        MAN_ALU                               219        423         0         423    <none> (D) 
          ALU_SUB_UNIT                        124        234         0         234    <none> (D) 
            CLA_BLOCK_GEN[0].CLA_4BIT_UNIT     20         41         0          41    <none> (D) 
            CLA_BLOCK_GEN[4].CLA_4BIT_UNIT     15         34         0          34    <none> (D) 
            CLA_BLOCK_GEN[5].CLA_4BIT_UNIT     18         33         0          33    <none> (D) 
            CLA_BLOCK_GEN[3].CLA_4BIT_UNIT     18         33         0          33    <none> (D) 
            CLA_BLOCK_GEN[2].CLA_4BIT_UNIT     18         33         0          33    <none> (D) 
            CLA_BLOCK_GEN[1].CLA_4BIT_UNIT     18         33         0          33    <none> (D) 
        NOR_UNIT                              205        361         0         361    <none> (D) 
          SHF_left_unit                       142        249         0         249    <none> (D) 
        SHF_RIGHT_MAN                         130        233         0         233    <none> (D) 
        PSC_UNIT                               88        160         0         160    <none> (D) 
        MAN_COMP_24BIT                         78        143         0         143    <none> (D) 
          u_i_data_1                           13         25         0          25    <none> (D) 
          u_i_data_4                           13         25         0          25    <none> (D) 
          u_i_data_3                           13         25         0          25    <none> (D) 
          u_i_data_2                           13         25         0          25    <none> (D) 
          u_i_data_5                           10         19         0          19    <none> (D) 
          u_i_data_0                           10         13         0          13    <none> (D) 
        MAN_SWAP                               48        113         0         113    <none> (D) 
        MAN_SWAP_PRE                           46        110         0         110    <none> (D) 
        MAN_RND                                26         91         0          91    <none> (D) 
        LOPD_24BIT                             58         85         0          85    <none> (D) 
          LOPD_16bit_UNIT_MSB                  34         52         0          52    <none> (D) 
            LOPD_8bit_unit_1                   14         20         0          20    <none> (D) 
            LOPD_8bit_unit_0                   14         20         0          20    <none> (D) 
          LOPD_8bit_UNIT_LSB                   14         20         0          20    <none> (D) 
        EXP_ADJUST                             37         75         0          75    <none> (D) 
          CLA_8BIT_UNIT                        30         66         0          66    <none> (D) 
            CLA_4BIT_UNIT_0                    18         34         0          34    <none> (D) 
            CLA_4BIT_UNIT_1                    11         29         0          29    <none> (D) 
        EXP_SUB                                26         44         0          44    <none> (D) 
          CLA_8BIT_UNIT                        21         41         0          41    <none> (D) 
            CLA_4BIT_UNIT_0                    18         35         0          35    <none> (D) 
            CLA_4BIT_UNIT_1                     2          5         0           5    <none> (D) 
        EXP_COM_8BIT                           24         40         0          40    <none> (D) 
          COMP_LESS_UNIT                       24         40         0          40    <none> (D) 
            u_high                             13         25         0          25    <none> (D) 
            u_low                              10         13         0          13    <none> (D) 
        EXP_SWAP                               13         31         0          31    <none> (D) 
        EXP_RND                                15         29         0          29    <none> (D) 
        MAN_ALU_PROC_RND                        7         13         0          13    <none> (D) 
        SIGN_UNIT                               2          3         0           3    <none> (D) 
      DATA_B_IM                              1121       2135         0        2135    <none> (D) 
        MAN_ALU                               219        423         0         423    <none> (D) 
          ALU_SUB_UNIT                        124        234         0         234    <none> (D) 
            CLA_BLOCK_GEN[0].CLA_4BIT_UNIT     20         41         0          41    <none> (D) 
            CLA_BLOCK_GEN[4].CLA_4BIT_UNIT     15         34         0          34    <none> (D) 
            CLA_BLOCK_GEN[5].CLA_4BIT_UNIT     18         33         0          33    <none> (D) 
            CLA_BLOCK_GEN[3].CLA_4BIT_UNIT     18         33         0          33    <none> (D) 
            CLA_BLOCK_GEN[2].CLA_4BIT_UNIT     18         33         0          33    <none> (D) 
            CLA_BLOCK_GEN[1].CLA_4BIT_UNIT     18         33         0          33    <none> (D) 
        NOR_UNIT                              205        361         0         361    <none> (D) 
          SHF_left_unit                       142        249         0         249    <none> (D) 
        SHF_RIGHT_MAN                         130        233         0         233    <none> (D) 
        PSC_UNIT                               88        160         0         160    <none> (D) 
        MAN_COMP_24BIT                         78        143         0         143    <none> (D) 
          u_i_data_1                           13         25         0          25    <none> (D) 
          u_i_data_4                           13         25         0          25    <none> (D) 
          u_i_data_3                           13         25         0          25    <none> (D) 
          u_i_data_2                           13         25         0          25    <none> (D) 
          u_i_data_5                           10         19         0          19    <none> (D) 
          u_i_data_0                           10         13         0          13    <none> (D) 
        MAN_SWAP                               48        113         0         113    <none> (D) 
        MAN_SWAP_PRE                           46        110         0         110    <none> (D) 
        MAN_RND                                26         91         0          91    <none> (D) 
        LOPD_24BIT                             58         85         0          85    <none> (D) 
          LOPD_16bit_UNIT_MSB                  34         52         0          52    <none> (D) 
            LOPD_8bit_unit_1                   14         20         0          20    <none> (D) 
            LOPD_8bit_unit_0                   14         20         0          20    <none> (D) 
          LOPD_8bit_UNIT_LSB                   14         20         0          20    <none> (D) 
        EXP_ADJUST                             37         75         0          75    <none> (D) 
          CLA_8BIT_UNIT                        30         66         0          66    <none> (D) 
            CLA_4BIT_UNIT_0                    18         34         0          34    <none> (D) 
            CLA_4BIT_UNIT_1                    11         29         0          29    <none> (D) 
        EXP_SUB                                26         44         0          44    <none> (D) 
          CLA_8BIT_UNIT                        21         41         0          41    <none> (D) 
            CLA_4BIT_UNIT_0                    18         35         0          35    <none> (D) 
            CLA_4BIT_UNIT_1                     2          5         0           5    <none> (D) 
        EXP_COM_8BIT                           24         40         0          40    <none> (D) 
          COMP_LESS_UNIT                       24         40         0          40    <none> (D) 
            u_high                             13         25         0          25    <none> (D) 
            u_low                              10         13         0          13    <none> (D) 
        EXP_SWAP                               13         31         0          31    <none> (D) 
        EXP_RND                                15         29         0          29    <none> (D) 
        MAN_ALU_PROC_RND                        7         13         0          13    <none> (D) 
        SIGN_UNIT                               2          3         0           3    <none> (D) 
      DATA_A_RE                              1120       2133         0        2133    <none> (D) 
        MAN_ALU                               221        424         0         424    <none> (D) 
          ALU_SUB_UNIT                        124        234         0         234    <none> (D) 
            CLA_BLOCK_GEN[0].CLA_4BIT_UNIT     20         41         0          41    <none> (D) 
            CLA_BLOCK_GEN[4].CLA_4BIT_UNIT     15         34         0          34    <none> (D) 
            CLA_BLOCK_GEN[5].CLA_4BIT_UNIT     18         33         0          33    <none> (D) 
            CLA_BLOCK_GEN[3].CLA_4BIT_UNIT     18         33         0          33    <none> (D) 
            CLA_BLOCK_GEN[2].CLA_4BIT_UNIT     18         33         0          33    <none> (D) 
            CLA_BLOCK_GEN[1].CLA_4BIT_UNIT     18         33         0          33    <none> (D) 
        NOR_UNIT                              205        361         0         361    <none> (D) 
          SHF_left_unit                       142        249         0         249    <none> (D) 
        SHF_RIGHT_MAN                         130        233         0         233    <none> (D) 
        PSC_UNIT                               86        158         0         158    <none> (D) 
        MAN_COMP_24BIT                         78        143         0         143    <none> (D) 
          u_i_data_1                           13         25         0          25    <none> (D) 
          u_i_data_4                           13         25         0          25    <none> (D) 
          u_i_data_3                           13         25         0          25    <none> (D) 
          u_i_data_2                           13         25         0          25    <none> (D) 
          u_i_data_5                           10         19         0          19    <none> (D) 
          u_i_data_0                           10         13         0          13    <none> (D) 
        MAN_SWAP                               48        113         0         113    <none> (D) 
        MAN_SWAP_PRE                           46        110         0         110    <none> (D) 
        MAN_RND                                26         91         0          91    <none> (D) 
        LOPD_24BIT                             58         85         0          85    <none> (D) 
          LOPD_16bit_UNIT_MSB                  34         52         0          52    <none> (D) 
            LOPD_8bit_unit_1                   14         20         0          20    <none> (D) 
            LOPD_8bit_unit_0                   14         20         0          20    <none> (D) 
          LOPD_8bit_UNIT_LSB                   14         20         0          20    <none> (D) 
        EXP_ADJUST                             37         75         0          75    <none> (D) 
          CLA_8BIT_UNIT                        30         66         0          66    <none> (D) 
            CLA_4BIT_UNIT_0                    18         34         0          34    <none> (D) 
            CLA_4BIT_UNIT_1                    11         29         0          29    <none> (D) 
        EXP_SUB                                26         44         0          44    <none> (D) 
          CLA_8BIT_UNIT                        21         41         0          41    <none> (D) 
            CLA_4BIT_UNIT_0                    18         35         0          35    <none> (D) 
            CLA_4BIT_UNIT_1                     2          5         0           5    <none> (D) 
        EXP_COM_8BIT                           24         40         0          40    <none> (D) 
          COMP_LESS_UNIT                       24         40         0          40    <none> (D) 
            u_high                             13         25         0          25    <none> (D) 
            u_low                              10         13         0          13    <none> (D) 
        EXP_SWAP                               13         31         0          31    <none> (D) 
        EXP_RND                                15         29         0          29    <none> (D) 
        MAN_ALU_PROC_RND                        7         13         0          13    <none> (D) 
        SIGN_UNIT                               1          2         0           2    <none> (D) 
      DATA_A_IM                              1120       2133         0        2133    <none> (D) 
        MAN_ALU                               221        424         0         424    <none> (D) 
          ALU_SUB_UNIT                        124        234         0         234    <none> (D) 
            CLA_BLOCK_GEN[0].CLA_4BIT_UNIT     20         41         0          41    <none> (D) 
            CLA_BLOCK_GEN[4].CLA_4BIT_UNIT     15         34         0          34    <none> (D) 
            CLA_BLOCK_GEN[5].CLA_4BIT_UNIT     18         33         0          33    <none> (D) 
            CLA_BLOCK_GEN[3].CLA_4BIT_UNIT     18         33         0          33    <none> (D) 
            CLA_BLOCK_GEN[2].CLA_4BIT_UNIT     18         33         0          33    <none> (D) 
            CLA_BLOCK_GEN[1].CLA_4BIT_UNIT     18         33         0          33    <none> (D) 
        NOR_UNIT                              205        361         0         361    <none> (D) 
          SHF_left_unit                       142        249         0         249    <none> (D) 
        SHF_RIGHT_MAN                         130        233         0         233    <none> (D) 
        PSC_UNIT                               86        158         0         158    <none> (D) 
        MAN_COMP_24BIT                         78        143         0         143    <none> (D) 
          u_i_data_1                           13         25         0          25    <none> (D) 
          u_i_data_4                           13         25         0          25    <none> (D) 
          u_i_data_3                           13         25         0          25    <none> (D) 
          u_i_data_2                           13         25         0          25    <none> (D) 
          u_i_data_5                           10         19         0          19    <none> (D) 
          u_i_data_0                           10         13         0          13    <none> (D) 
        MAN_SWAP                               48        113         0         113    <none> (D) 
        MAN_SWAP_PRE                           46        110         0         110    <none> (D) 
        MAN_RND                                26         91         0          91    <none> (D) 
        LOPD_24BIT                             58         85         0          85    <none> (D) 
          LOPD_16bit_UNIT_MSB                  34         52         0          52    <none> (D) 
            LOPD_8bit_unit_1                   14         20         0          20    <none> (D) 
            LOPD_8bit_unit_0                   14         20         0          20    <none> (D) 
          LOPD_8bit_UNIT_LSB                   14         20         0          20    <none> (D) 
        EXP_ADJUST                             37         75         0          75    <none> (D) 
          CLA_8BIT_UNIT                        30         66         0          66    <none> (D) 
            CLA_4BIT_UNIT_0                    18         34         0          34    <none> (D) 
            CLA_4BIT_UNIT_1                    11         29         0          29    <none> (D) 
        EXP_SUB                                26         44         0          44    <none> (D) 
          CLA_8BIT_UNIT                        21         41         0          41    <none> (D) 
            CLA_4BIT_UNIT_0                    18         35         0          35    <none> (D) 
            CLA_4BIT_UNIT_1                     2          5         0           5    <none> (D) 
        EXP_COM_8BIT                           24         40         0          40    <none> (D) 
          COMP_LESS_UNIT                       24         40         0          40    <none> (D) 
            u_high                             13         25         0          25    <none> (D) 
            u_low                              10         13         0          13    <none> (D) 
        EXP_SWAP                               13         31         0          31    <none> (D) 
        EXP_RND                                15         29         0          29    <none> (D) 
        MAN_ALU_PROC_RND                        7         13         0          13    <none> (D) 
        SIGN_UNIT                               1          2         0           2    <none> (D) 
    BFU2_UNIT0                               4482       8538         0        8538    <none> (D) 
      DATA_B_RE                              1121       2135         0        2135    <none> (D) 
        MAN_ALU                               219        423         0         423    <none> (D) 
          ALU_SUB_UNIT                        124        234         0         234    <none> (D) 
            CLA_BLOCK_GEN[0].CLA_4BIT_UNIT     20         41         0          41    <none> (D) 
            CLA_BLOCK_GEN[4].CLA_4BIT_UNIT     15         34         0          34    <none> (D) 
            CLA_BLOCK_GEN[5].CLA_4BIT_UNIT     18         33         0          33    <none> (D) 
            CLA_BLOCK_GEN[3].CLA_4BIT_UNIT     18         33         0          33    <none> (D) 
            CLA_BLOCK_GEN[2].CLA_4BIT_UNIT     18         33         0          33    <none> (D) 
            CLA_BLOCK_GEN[1].CLA_4BIT_UNIT     18         33         0          33    <none> (D) 
        NOR_UNIT                              205        361         0         361    <none> (D) 
          SHF_left_unit                       142        249         0         249    <none> (D) 
        SHF_RIGHT_MAN                         130        233         0         233    <none> (D) 
        PSC_UNIT                               88        160         0         160    <none> (D) 
        MAN_COMP_24BIT                         78        143         0         143    <none> (D) 
          u_i_data_1                           13         25         0          25    <none> (D) 
          u_i_data_4                           13         25         0          25    <none> (D) 
          u_i_data_3                           13         25         0          25    <none> (D) 
          u_i_data_2                           13         25         0          25    <none> (D) 
          u_i_data_5                           10         19         0          19    <none> (D) 
          u_i_data_0                           10         13         0          13    <none> (D) 
        MAN_SWAP                               48        113         0         113    <none> (D) 
        MAN_SWAP_PRE                           46        110         0         110    <none> (D) 
        MAN_RND                                26         91         0          91    <none> (D) 
        LOPD_24BIT                             58         85         0          85    <none> (D) 
          LOPD_16bit_UNIT_MSB                  34         52         0          52    <none> (D) 
            LOPD_8bit_unit_1                   14         20         0          20    <none> (D) 
            LOPD_8bit_unit_0                   14         20         0          20    <none> (D) 
          LOPD_8bit_UNIT_LSB                   14         20         0          20    <none> (D) 
        EXP_ADJUST                             37         75         0          75    <none> (D) 
          CLA_8BIT_UNIT                        30         66         0          66    <none> (D) 
            CLA_4BIT_UNIT_0                    18         34         0          34    <none> (D) 
            CLA_4BIT_UNIT_1                    11         29         0          29    <none> (D) 
        EXP_SUB                                26         44         0          44    <none> (D) 
          CLA_8BIT_UNIT                        21         41         0          41    <none> (D) 
            CLA_4BIT_UNIT_0                    18         35         0          35    <none> (D) 
            CLA_4BIT_UNIT_1                     2          5         0           5    <none> (D) 
        EXP_COM_8BIT                           24         40         0          40    <none> (D) 
          COMP_LESS_UNIT                       24         40         0          40    <none> (D) 
            u_high                             13         25         0          25    <none> (D) 
            u_low                              10         13         0          13    <none> (D) 
        EXP_SWAP                               13         31         0          31    <none> (D) 
        EXP_RND                                15         29         0          29    <none> (D) 
        MAN_ALU_PROC_RND                        7         13         0          13    <none> (D) 
        SIGN_UNIT                               2          3         0           3    <none> (D) 
      DATA_B_IM                              1121       2135         0        2135    <none> (D) 
        MAN_ALU                               219        423         0         423    <none> (D) 
          ALU_SUB_UNIT                        124        234         0         234    <none> (D) 
            CLA_BLOCK_GEN[0].CLA_4BIT_UNIT     20         41         0          41    <none> (D) 
            CLA_BLOCK_GEN[4].CLA_4BIT_UNIT     15         34         0          34    <none> (D) 
            CLA_BLOCK_GEN[5].CLA_4BIT_UNIT     18         33         0          33    <none> (D) 
            CLA_BLOCK_GEN[3].CLA_4BIT_UNIT     18         33         0          33    <none> (D) 
            CLA_BLOCK_GEN[2].CLA_4BIT_UNIT     18         33         0          33    <none> (D) 
            CLA_BLOCK_GEN[1].CLA_4BIT_UNIT     18         33         0          33    <none> (D) 
        NOR_UNIT                              205        361         0         361    <none> (D) 
          SHF_left_unit                       142        249         0         249    <none> (D) 
        SHF_RIGHT_MAN                         130        233         0         233    <none> (D) 
        PSC_UNIT                               88        160         0         160    <none> (D) 
        MAN_COMP_24BIT                         78        143         0         143    <none> (D) 
          u_i_data_1                           13         25         0          25    <none> (D) 
          u_i_data_4                           13         25         0          25    <none> (D) 
          u_i_data_3                           13         25         0          25    <none> (D) 
          u_i_data_2                           13         25         0          25    <none> (D) 
          u_i_data_5                           10         19         0          19    <none> (D) 
          u_i_data_0                           10         13         0          13    <none> (D) 
        MAN_SWAP                               48        113         0         113    <none> (D) 
        MAN_SWAP_PRE                           46        110         0         110    <none> (D) 
        MAN_RND                                26         91         0          91    <none> (D) 
        LOPD_24BIT                             58         85         0          85    <none> (D) 
          LOPD_16bit_UNIT_MSB                  34         52         0          52    <none> (D) 
            LOPD_8bit_unit_1                   14         20         0          20    <none> (D) 
            LOPD_8bit_unit_0                   14         20         0          20    <none> (D) 
          LOPD_8bit_UNIT_LSB                   14         20         0          20    <none> (D) 
        EXP_ADJUST                             37         75         0          75    <none> (D) 
          CLA_8BIT_UNIT                        30         66         0          66    <none> (D) 
            CLA_4BIT_UNIT_0                    18         34         0          34    <none> (D) 
            CLA_4BIT_UNIT_1                    11         29         0          29    <none> (D) 
        EXP_SUB                                26         44         0          44    <none> (D) 
          CLA_8BIT_UNIT                        21         41         0          41    <none> (D) 
            CLA_4BIT_UNIT_0                    18         35         0          35    <none> (D) 
            CLA_4BIT_UNIT_1                     2          5         0           5    <none> (D) 
        EXP_COM_8BIT                           24         40         0          40    <none> (D) 
          COMP_LESS_UNIT                       24         40         0          40    <none> (D) 
            u_high                             13         25         0          25    <none> (D) 
            u_low                              10         13         0          13    <none> (D) 
        EXP_SWAP                               13         31         0          31    <none> (D) 
        EXP_RND                                15         29         0          29    <none> (D) 
        MAN_ALU_PROC_RND                        7         13         0          13    <none> (D) 
        SIGN_UNIT                               2          3         0           3    <none> (D) 
      DATA_A_RE                              1120       2133         0        2133    <none> (D) 
        MAN_ALU                               221        424         0         424    <none> (D) 
          ALU_SUB_UNIT                        124        234         0         234    <none> (D) 
            CLA_BLOCK_GEN[0].CLA_4BIT_UNIT     20         41         0          41    <none> (D) 
            CLA_BLOCK_GEN[4].CLA_4BIT_UNIT     15         34         0          34    <none> (D) 
            CLA_BLOCK_GEN[5].CLA_4BIT_UNIT     18         33         0          33    <none> (D) 
            CLA_BLOCK_GEN[3].CLA_4BIT_UNIT     18         33         0          33    <none> (D) 
            CLA_BLOCK_GEN[2].CLA_4BIT_UNIT     18         33         0          33    <none> (D) 
            CLA_BLOCK_GEN[1].CLA_4BIT_UNIT     18         33         0          33    <none> (D) 
        NOR_UNIT                              205        361         0         361    <none> (D) 
          SHF_left_unit                       142        249         0         249    <none> (D) 
        SHF_RIGHT_MAN                         130        233         0         233    <none> (D) 
        PSC_UNIT                               86        158         0         158    <none> (D) 
        MAN_COMP_24BIT                         78        143         0         143    <none> (D) 
          u_i_data_1                           13         25         0          25    <none> (D) 
          u_i_data_4                           13         25         0          25    <none> (D) 
          u_i_data_3                           13         25         0          25    <none> (D) 
          u_i_data_2                           13         25         0          25    <none> (D) 
          u_i_data_5                           10         19         0          19    <none> (D) 
          u_i_data_0                           10         13         0          13    <none> (D) 
        MAN_SWAP                               48        113         0         113    <none> (D) 
        MAN_SWAP_PRE                           46        110         0         110    <none> (D) 
        MAN_RND                                26         91         0          91    <none> (D) 
        LOPD_24BIT                             58         85         0          85    <none> (D) 
          LOPD_16bit_UNIT_MSB                  34         52         0          52    <none> (D) 
            LOPD_8bit_unit_1                   14         20         0          20    <none> (D) 
            LOPD_8bit_unit_0                   14         20         0          20    <none> (D) 
          LOPD_8bit_UNIT_LSB                   14         20         0          20    <none> (D) 
        EXP_ADJUST                             37         75         0          75    <none> (D) 
          CLA_8BIT_UNIT                        30         66         0          66    <none> (D) 
            CLA_4BIT_UNIT_0                    18         34         0          34    <none> (D) 
            CLA_4BIT_UNIT_1                    11         29         0          29    <none> (D) 
        EXP_SUB                                26         44         0          44    <none> (D) 
          CLA_8BIT_UNIT                        21         41         0          41    <none> (D) 
            CLA_4BIT_UNIT_0                    18         35         0          35    <none> (D) 
            CLA_4BIT_UNIT_1                     2          5         0           5    <none> (D) 
        EXP_COM_8BIT                           24         40         0          40    <none> (D) 
          COMP_LESS_UNIT                       24         40         0          40    <none> (D) 
            u_high                             13         25         0          25    <none> (D) 
            u_low                              10         13         0          13    <none> (D) 
        EXP_SWAP                               13         31         0          31    <none> (D) 
        EXP_RND                                15         29         0          29    <none> (D) 
        MAN_ALU_PROC_RND                        7         13         0          13    <none> (D) 
        SIGN_UNIT                               1          2         0           2    <none> (D) 
      DATA_A_IM                              1120       2133         0        2133    <none> (D) 
        MAN_ALU                               221        424         0         424    <none> (D) 
          ALU_SUB_UNIT                        124        234         0         234    <none> (D) 
            CLA_BLOCK_GEN[0].CLA_4BIT_UNIT     20         41         0          41    <none> (D) 
            CLA_BLOCK_GEN[4].CLA_4BIT_UNIT     15         34         0          34    <none> (D) 
            CLA_BLOCK_GEN[5].CLA_4BIT_UNIT     18         33         0          33    <none> (D) 
            CLA_BLOCK_GEN[3].CLA_4BIT_UNIT     18         33         0          33    <none> (D) 
            CLA_BLOCK_GEN[2].CLA_4BIT_UNIT     18         33         0          33    <none> (D) 
            CLA_BLOCK_GEN[1].CLA_4BIT_UNIT     18         33         0          33    <none> (D) 
        NOR_UNIT                              205        361         0         361    <none> (D) 
          SHF_left_unit                       142        249         0         249    <none> (D) 
        SHF_RIGHT_MAN                         130        233         0         233    <none> (D) 
        PSC_UNIT                               86        158         0         158    <none> (D) 
        MAN_COMP_24BIT                         78        143         0         143    <none> (D) 
          u_i_data_1                           13         25         0          25    <none> (D) 
          u_i_data_4                           13         25         0          25    <none> (D) 
          u_i_data_3                           13         25         0          25    <none> (D) 
          u_i_data_2                           13         25         0          25    <none> (D) 
          u_i_data_5                           10         19         0          19    <none> (D) 
          u_i_data_0                           10         13         0          13    <none> (D) 
        MAN_SWAP                               48        113         0         113    <none> (D) 
        MAN_SWAP_PRE                           46        110         0         110    <none> (D) 
        MAN_RND                                26         91         0          91    <none> (D) 
        LOPD_24BIT                             58         85         0          85    <none> (D) 
          LOPD_16bit_UNIT_MSB                  34         52         0          52    <none> (D) 
            LOPD_8bit_unit_1                   14         20         0          20    <none> (D) 
            LOPD_8bit_unit_0                   14         20         0          20    <none> (D) 
          LOPD_8bit_UNIT_LSB                   14         20         0          20    <none> (D) 
        EXP_ADJUST                             37         75         0          75    <none> (D) 
          CLA_8BIT_UNIT                        30         66         0          66    <none> (D) 
            CLA_4BIT_UNIT_0                    18         34         0          34    <none> (D) 
            CLA_4BIT_UNIT_1                    11         29         0          29    <none> (D) 
        EXP_SUB                                26         44         0          44    <none> (D) 
          CLA_8BIT_UNIT                        21         41         0          41    <none> (D) 
            CLA_4BIT_UNIT_0                    18         35         0          35    <none> (D) 
            CLA_4BIT_UNIT_1                     2          5         0           5    <none> (D) 
        EXP_COM_8BIT                           24         40         0          40    <none> (D) 
          COMP_LESS_UNIT                       24         40         0          40    <none> (D) 
            u_high                             13         25         0          25    <none> (D) 
            u_low                              10         13         0          13    <none> (D) 
        EXP_SWAP                               13         31         0          31    <none> (D) 
        EXP_RND                                15         29         0          29    <none> (D) 
        MAN_ALU_PROC_RND                        7         13         0          13    <none> (D) 
        SIGN_UNIT                               1          2         0           2    <none> (D) 
    BFU2_UNIT3                               4468       8537         0        8537    <none> (D) 
      DATA_B_RE                              1117       2134         0        2134    <none> (D) 
        MAN_ALU                               217        423         0         423    <none> (D) 
          ALU_SUB_UNIT                        122        234         0         234    <none> (D) 
            CLA_BLOCK_GEN[0].CLA_4BIT_UNIT     18         41         0          41    <none> (D) 
            CLA_BLOCK_GEN[4].CLA_4BIT_UNIT     15         34         0          34    <none> (D) 
            CLA_BLOCK_GEN[5].CLA_4BIT_UNIT     18         33         0          33    <none> (D) 
            CLA_BLOCK_GEN[3].CLA_4BIT_UNIT     18         33         0          33    <none> (D) 
            CLA_BLOCK_GEN[2].CLA_4BIT_UNIT     18         33         0          33    <none> (D) 
            CLA_BLOCK_GEN[1].CLA_4BIT_UNIT     18         33         0          33    <none> (D) 
        NOR_UNIT                              205        361         0         361    <none> (D) 
          SHF_left_unit                       142        249         0         249    <none> (D) 
        SHF_RIGHT_MAN                         130        233         0         233    <none> (D) 
        PSC_UNIT                               87        158         0         158    <none> (D) 
        MAN_COMP_24BIT                         78        143         0         143    <none> (D) 
          u_i_data_1                           13         25         0          25    <none> (D) 
          u_i_data_4                           13         25         0          25    <none> (D) 
          u_i_data_3                           13         25         0          25    <none> (D) 
          u_i_data_2                           13         25         0          25    <none> (D) 
          u_i_data_5                           10         19         0          19    <none> (D) 
          u_i_data_0                           10         13         0          13    <none> (D) 
        MAN_SWAP                               48        113         0         113    <none> (D) 
        MAN_SWAP_PRE                           46        110         0         110    <none> (D) 
        MAN_RND                                26         91         0          91    <none> (D) 
        LOPD_24BIT                             58         85         0          85    <none> (D) 
          LOPD_16bit_UNIT_MSB                  34         52         0          52    <none> (D) 
            LOPD_8bit_unit_1                   14         20         0          20    <none> (D) 
            LOPD_8bit_unit_0                   14         20         0          20    <none> (D) 
          LOPD_8bit_UNIT_LSB                   14         20         0          20    <none> (D) 
        EXP_ADJUST                             37         75         0          75    <none> (D) 
          CLA_8BIT_UNIT                        30         66         0          66    <none> (D) 
            CLA_4BIT_UNIT_0                    18         34         0          34    <none> (D) 
            CLA_4BIT_UNIT_1                    11         29         0          29    <none> (D) 
        EXP_SUB                                25         45         0          45    <none> (D) 
          CLA_8BIT_UNIT                        20         41         0          41    <none> (D) 
            CLA_4BIT_UNIT_0                    17         35         0          35    <none> (D) 
            CLA_4BIT_UNIT_1                     2          5         0           5    <none> (D) 
        EXP_COM_8BIT                           24         41         0          41    <none> (D) 
          COMP_LESS_UNIT                       24         41         0          41    <none> (D) 
            u_high                             13         25         0          25    <none> (D) 
            u_low                              10         13         0          13    <none> (D) 
        EXP_SWAP                               13         31         0          31    <none> (D) 
        EXP_RND                                15         29         0          29    <none> (D) 
        MAN_ALU_PROC_RND                        7         13         0          13    <none> (D) 
        SIGN_UNIT                               2          3         0           3    <none> (D) 
      DATA_B_IM                              1117       2134         0        2134    <none> (D) 
        MAN_ALU                               217        423         0         423    <none> (D) 
          ALU_SUB_UNIT                        122        234         0         234    <none> (D) 
            CLA_BLOCK_GEN[0].CLA_4BIT_UNIT     18         41         0          41    <none> (D) 
            CLA_BLOCK_GEN[4].CLA_4BIT_UNIT     15         34         0          34    <none> (D) 
            CLA_BLOCK_GEN[5].CLA_4BIT_UNIT     18         33         0          33    <none> (D) 
            CLA_BLOCK_GEN[3].CLA_4BIT_UNIT     18         33         0          33    <none> (D) 
            CLA_BLOCK_GEN[2].CLA_4BIT_UNIT     18         33         0          33    <none> (D) 
            CLA_BLOCK_GEN[1].CLA_4BIT_UNIT     18         33         0          33    <none> (D) 
        NOR_UNIT                              205        361         0         361    <none> (D) 
          SHF_left_unit                       142        249         0         249    <none> (D) 
        SHF_RIGHT_MAN                         130        233         0         233    <none> (D) 
        PSC_UNIT                               87        158         0         158    <none> (D) 
        MAN_COMP_24BIT                         78        143         0         143    <none> (D) 
          u_i_data_1                           13         25         0          25    <none> (D) 
          u_i_data_4                           13         25         0          25    <none> (D) 
          u_i_data_3                           13         25         0          25    <none> (D) 
          u_i_data_2                           13         25         0          25    <none> (D) 
          u_i_data_5                           10         19         0          19    <none> (D) 
          u_i_data_0                           10         13         0          13    <none> (D) 
        MAN_SWAP                               48        113         0         113    <none> (D) 
        MAN_SWAP_PRE                           46        110         0         110    <none> (D) 
        MAN_RND                                26         91         0          91    <none> (D) 
        LOPD_24BIT                             58         85         0          85    <none> (D) 
          LOPD_16bit_UNIT_MSB                  34         52         0          52    <none> (D) 
            LOPD_8bit_unit_1                   14         20         0          20    <none> (D) 
            LOPD_8bit_unit_0                   14         20         0          20    <none> (D) 
          LOPD_8bit_UNIT_LSB                   14         20         0          20    <none> (D) 
        EXP_ADJUST                             37         75         0          75    <none> (D) 
          CLA_8BIT_UNIT                        30         66         0          66    <none> (D) 
            CLA_4BIT_UNIT_0                    18         34         0          34    <none> (D) 
            CLA_4BIT_UNIT_1                    11         29         0          29    <none> (D) 
        EXP_SUB                                25         45         0          45    <none> (D) 
          CLA_8BIT_UNIT                        20         41         0          41    <none> (D) 
            CLA_4BIT_UNIT_0                    17         35         0          35    <none> (D) 
            CLA_4BIT_UNIT_1                     2          5         0           5    <none> (D) 
        EXP_COM_8BIT                           24         41         0          41    <none> (D) 
          COMP_LESS_UNIT                       24         41         0          41    <none> (D) 
            u_high                             13         25         0          25    <none> (D) 
            u_low                              10         13         0          13    <none> (D) 
        EXP_SWAP                               13         31         0          31    <none> (D) 
        EXP_RND                                15         29         0          29    <none> (D) 
        MAN_ALU_PROC_RND                        7         13         0          13    <none> (D) 
        SIGN_UNIT                               2          3         0           3    <none> (D) 
      DATA_A_RE                              1117       2134         0        2134    <none> (D) 
        MAN_ALU                               219        424         0         424    <none> (D) 
          ALU_SUB_UNIT                        122        234         0         234    <none> (D) 
            CLA_BLOCK_GEN[0].CLA_4BIT_UNIT     18         41         0          41    <none> (D) 
            CLA_BLOCK_GEN[4].CLA_4BIT_UNIT     15         34         0          34    <none> (D) 
            CLA_BLOCK_GEN[5].CLA_4BIT_UNIT     18         33         0          33    <none> (D) 
            CLA_BLOCK_GEN[3].CLA_4BIT_UNIT     18         33         0          33    <none> (D) 
            CLA_BLOCK_GEN[2].CLA_4BIT_UNIT     18         33         0          33    <none> (D) 
            CLA_BLOCK_GEN[1].CLA_4BIT_UNIT     18         33         0          33    <none> (D) 
        NOR_UNIT                              205        361         0         361    <none> (D) 
          SHF_left_unit                       142        249         0         249    <none> (D) 
        SHF_RIGHT_MAN                         130        233         0         233    <none> (D) 
        PSC_UNIT                               86        158         0         158    <none> (D) 
        MAN_COMP_24BIT                         78        143         0         143    <none> (D) 
          u_i_data_1                           13         25         0          25    <none> (D) 
          u_i_data_4                           13         25         0          25    <none> (D) 
          u_i_data_3                           13         25         0          25    <none> (D) 
          u_i_data_2                           13         25         0          25    <none> (D) 
          u_i_data_5                           10         19         0          19    <none> (D) 
          u_i_data_0                           10         13         0          13    <none> (D) 
        MAN_SWAP                               48        113         0         113    <none> (D) 
        MAN_SWAP_PRE                           46        110         0         110    <none> (D) 
        MAN_RND                                26         91         0          91    <none> (D) 
        LOPD_24BIT                             58         85         0          85    <none> (D) 
          LOPD_16bit_UNIT_MSB                  34         52         0          52    <none> (D) 
            LOPD_8bit_unit_1                   14         20         0          20    <none> (D) 
            LOPD_8bit_unit_0                   14         20         0          20    <none> (D) 
          LOPD_8bit_UNIT_LSB                   14         20         0          20    <none> (D) 
        EXP_ADJUST                             37         75         0          75    <none> (D) 
          CLA_8BIT_UNIT                        30         66         0          66    <none> (D) 
            CLA_4BIT_UNIT_0                    18         34         0          34    <none> (D) 
            CLA_4BIT_UNIT_1                    11         29         0          29    <none> (D) 
        EXP_SUB                                25         45         0          45    <none> (D) 
          CLA_8BIT_UNIT                        20         41         0          41    <none> (D) 
            CLA_4BIT_UNIT_0                    17         35         0          35    <none> (D) 
            CLA_4BIT_UNIT_1                     2          5         0           5    <none> (D) 
        EXP_COM_8BIT                           24         41         0          41    <none> (D) 
          COMP_LESS_UNIT                       24         41         0          41    <none> (D) 
            u_high                             13         25         0          25    <none> (D) 
            u_low                              10         13         0          13    <none> (D) 
        EXP_SWAP                               13         31         0          31    <none> (D) 
        EXP_RND                                15         29         0          29    <none> (D) 
        MAN_ALU_PROC_RND                        7         13         0          13    <none> (D) 
        SIGN_UNIT                               1          2         0           2    <none> (D) 
      DATA_A_IM                              1117       2134         0        2134    <none> (D) 
        MAN_ALU                               219        424         0         424    <none> (D) 
          ALU_SUB_UNIT                        122        234         0         234    <none> (D) 
            CLA_BLOCK_GEN[0].CLA_4BIT_UNIT     18         41         0          41    <none> (D) 
            CLA_BLOCK_GEN[4].CLA_4BIT_UNIT     15         34         0          34    <none> (D) 
            CLA_BLOCK_GEN[5].CLA_4BIT_UNIT     18         33         0          33    <none> (D) 
            CLA_BLOCK_GEN[3].CLA_4BIT_UNIT     18         33         0          33    <none> (D) 
            CLA_BLOCK_GEN[2].CLA_4BIT_UNIT     18         33         0          33    <none> (D) 
            CLA_BLOCK_GEN[1].CLA_4BIT_UNIT     18         33         0          33    <none> (D) 
        NOR_UNIT                              205        361         0         361    <none> (D) 
          SHF_left_unit                       142        249         0         249    <none> (D) 
        SHF_RIGHT_MAN                         130        233         0         233    <none> (D) 
        PSC_UNIT                               86        158         0         158    <none> (D) 
        MAN_COMP_24BIT                         78        143         0         143    <none> (D) 
          u_i_data_1                           13         25         0          25    <none> (D) 
          u_i_data_4                           13         25         0          25    <none> (D) 
          u_i_data_3                           13         25         0          25    <none> (D) 
          u_i_data_2                           13         25         0          25    <none> (D) 
          u_i_data_5                           10         19         0          19    <none> (D) 
          u_i_data_0                           10         13         0          13    <none> (D) 
        MAN_SWAP                               48        113         0         113    <none> (D) 
        MAN_SWAP_PRE                           46        110         0         110    <none> (D) 
        MAN_RND                                26         91         0          91    <none> (D) 
        LOPD_24BIT                             58         85         0          85    <none> (D) 
          LOPD_16bit_UNIT_MSB                  34         52         0          52    <none> (D) 
            LOPD_8bit_unit_1                   14         20         0          20    <none> (D) 
            LOPD_8bit_unit_0                   14         20         0          20    <none> (D) 
          LOPD_8bit_UNIT_LSB                   14         20         0          20    <none> (D) 
        EXP_ADJUST                             37         75         0          75    <none> (D) 
          CLA_8BIT_UNIT                        30         66         0          66    <none> (D) 
            CLA_4BIT_UNIT_0                    18         34         0          34    <none> (D) 
            CLA_4BIT_UNIT_1                    11         29         0          29    <none> (D) 
        EXP_SUB                                25         45         0          45    <none> (D) 
          CLA_8BIT_UNIT                        20         41         0          41    <none> (D) 
            CLA_4BIT_UNIT_0                    17         35         0          35    <none> (D) 
            CLA_4BIT_UNIT_1                     2          5         0           5    <none> (D) 
        EXP_COM_8BIT                           24         41         0          41    <none> (D) 
          COMP_LESS_UNIT                       24         41         0          41    <none> (D) 
            u_high                             13         25         0          25    <none> (D) 
            u_low                              10         13         0          13    <none> (D) 
        EXP_SWAP                               13         31         0          31    <none> (D) 
        EXP_RND                                15         29         0          29    <none> (D) 
        MAN_ALU_PROC_RND                        7         13         0          13    <none> (D) 
        SIGN_UNIT                               1          2         0           2    <none> (D) 
    BFU2_UNIT1                               4468       8537         0        8537    <none> (D) 
      DATA_B_RE                              1117       2134         0        2134    <none> (D) 
        MAN_ALU                               217        423         0         423    <none> (D) 
          ALU_SUB_UNIT                        122        234         0         234    <none> (D) 
            CLA_BLOCK_GEN[0].CLA_4BIT_UNIT     18         41         0          41    <none> (D) 
            CLA_BLOCK_GEN[4].CLA_4BIT_UNIT     15         34         0          34    <none> (D) 
            CLA_BLOCK_GEN[5].CLA_4BIT_UNIT     18         33         0          33    <none> (D) 
            CLA_BLOCK_GEN[3].CLA_4BIT_UNIT     18         33         0          33    <none> (D) 
            CLA_BLOCK_GEN[2].CLA_4BIT_UNIT     18         33         0          33    <none> (D) 
            CLA_BLOCK_GEN[1].CLA_4BIT_UNIT     18         33         0          33    <none> (D) 
        NOR_UNIT                              205        361         0         361    <none> (D) 
          SHF_left_unit                       142        249         0         249    <none> (D) 
        SHF_RIGHT_MAN                         130        233         0         233    <none> (D) 
        PSC_UNIT                               87        158         0         158    <none> (D) 
        MAN_COMP_24BIT                         78        143         0         143    <none> (D) 
          u_i_data_1                           13         25         0          25    <none> (D) 
          u_i_data_4                           13         25         0          25    <none> (D) 
          u_i_data_3                           13         25         0          25    <none> (D) 
          u_i_data_2                           13         25         0          25    <none> (D) 
          u_i_data_5                           10         19         0          19    <none> (D) 
          u_i_data_0                           10         13         0          13    <none> (D) 
        MAN_SWAP                               48        113         0         113    <none> (D) 
        MAN_SWAP_PRE                           46        110         0         110    <none> (D) 
        MAN_RND                                26         91         0          91    <none> (D) 
        LOPD_24BIT                             58         85         0          85    <none> (D) 
          LOPD_16bit_UNIT_MSB                  34         52         0          52    <none> (D) 
            LOPD_8bit_unit_1                   14         20         0          20    <none> (D) 
            LOPD_8bit_unit_0                   14         20         0          20    <none> (D) 
          LOPD_8bit_UNIT_LSB                   14         20         0          20    <none> (D) 
        EXP_ADJUST                             37         75         0          75    <none> (D) 
          CLA_8BIT_UNIT                        30         66         0          66    <none> (D) 
            CLA_4BIT_UNIT_0                    18         34         0          34    <none> (D) 
            CLA_4BIT_UNIT_1                    11         29         0          29    <none> (D) 
        EXP_SUB                                25         45         0          45    <none> (D) 
          CLA_8BIT_UNIT                        20         41         0          41    <none> (D) 
            CLA_4BIT_UNIT_0                    17         35         0          35    <none> (D) 
            CLA_4BIT_UNIT_1                     2          5         0           5    <none> (D) 
        EXP_COM_8BIT                           24         41         0          41    <none> (D) 
          COMP_LESS_UNIT                       24         41         0          41    <none> (D) 
            u_high                             13         25         0          25    <none> (D) 
            u_low                              10         13         0          13    <none> (D) 
        EXP_SWAP                               13         31         0          31    <none> (D) 
        EXP_RND                                15         29         0          29    <none> (D) 
        MAN_ALU_PROC_RND                        7         13         0          13    <none> (D) 
        SIGN_UNIT                               2          3         0           3    <none> (D) 
      DATA_B_IM                              1117       2134         0        2134    <none> (D) 
        MAN_ALU                               217        423         0         423    <none> (D) 
          ALU_SUB_UNIT                        122        234         0         234    <none> (D) 
            CLA_BLOCK_GEN[0].CLA_4BIT_UNIT     18         41         0          41    <none> (D) 
            CLA_BLOCK_GEN[4].CLA_4BIT_UNIT     15         34         0          34    <none> (D) 
            CLA_BLOCK_GEN[5].CLA_4BIT_UNIT     18         33         0          33    <none> (D) 
            CLA_BLOCK_GEN[3].CLA_4BIT_UNIT     18         33         0          33    <none> (D) 
            CLA_BLOCK_GEN[2].CLA_4BIT_UNIT     18         33         0          33    <none> (D) 
            CLA_BLOCK_GEN[1].CLA_4BIT_UNIT     18         33         0          33    <none> (D) 
        NOR_UNIT                              205        361         0         361    <none> (D) 
          SHF_left_unit                       142        249         0         249    <none> (D) 
        SHF_RIGHT_MAN                         130        233         0         233    <none> (D) 
        PSC_UNIT                               87        158         0         158    <none> (D) 
        MAN_COMP_24BIT                         78        143         0         143    <none> (D) 
          u_i_data_1                           13         25         0          25    <none> (D) 
          u_i_data_4                           13         25         0          25    <none> (D) 
          u_i_data_3                           13         25         0          25    <none> (D) 
          u_i_data_2                           13         25         0          25    <none> (D) 
          u_i_data_5                           10         19         0          19    <none> (D) 
          u_i_data_0                           10         13         0          13    <none> (D) 
        MAN_SWAP                               48        113         0         113    <none> (D) 
        MAN_SWAP_PRE                           46        110         0         110    <none> (D) 
        MAN_RND                                26         91         0          91    <none> (D) 
        LOPD_24BIT                             58         85         0          85    <none> (D) 
          LOPD_16bit_UNIT_MSB                  34         52         0          52    <none> (D) 
            LOPD_8bit_unit_1                   14         20         0          20    <none> (D) 
            LOPD_8bit_unit_0                   14         20         0          20    <none> (D) 
          LOPD_8bit_UNIT_LSB                   14         20         0          20    <none> (D) 
        EXP_ADJUST                             37         75         0          75    <none> (D) 
          CLA_8BIT_UNIT                        30         66         0          66    <none> (D) 
            CLA_4BIT_UNIT_0                    18         34         0          34    <none> (D) 
            CLA_4BIT_UNIT_1                    11         29         0          29    <none> (D) 
        EXP_SUB                                25         45         0          45    <none> (D) 
          CLA_8BIT_UNIT                        20         41         0          41    <none> (D) 
            CLA_4BIT_UNIT_0                    17         35         0          35    <none> (D) 
            CLA_4BIT_UNIT_1                     2          5         0           5    <none> (D) 
        EXP_COM_8BIT                           24         41         0          41    <none> (D) 
          COMP_LESS_UNIT                       24         41         0          41    <none> (D) 
            u_high                             13         25         0          25    <none> (D) 
            u_low                              10         13         0          13    <none> (D) 
        EXP_SWAP                               13         31         0          31    <none> (D) 
        EXP_RND                                15         29         0          29    <none> (D) 
        MAN_ALU_PROC_RND                        7         13         0          13    <none> (D) 
        SIGN_UNIT                               2          3         0           3    <none> (D) 
      DATA_A_RE                              1117       2134         0        2134    <none> (D) 
        MAN_ALU                               219        424         0         424    <none> (D) 
          ALU_SUB_UNIT                        122        234         0         234    <none> (D) 
            CLA_BLOCK_GEN[0].CLA_4BIT_UNIT     18         41         0          41    <none> (D) 
            CLA_BLOCK_GEN[4].CLA_4BIT_UNIT     15         34         0          34    <none> (D) 
            CLA_BLOCK_GEN[5].CLA_4BIT_UNIT     18         33         0          33    <none> (D) 
            CLA_BLOCK_GEN[3].CLA_4BIT_UNIT     18         33         0          33    <none> (D) 
            CLA_BLOCK_GEN[2].CLA_4BIT_UNIT     18         33         0          33    <none> (D) 
            CLA_BLOCK_GEN[1].CLA_4BIT_UNIT     18         33         0          33    <none> (D) 
        NOR_UNIT                              205        361         0         361    <none> (D) 
          SHF_left_unit                       142        249         0         249    <none> (D) 
        SHF_RIGHT_MAN                         130        233         0         233    <none> (D) 
        PSC_UNIT                               86        158         0         158    <none> (D) 
        MAN_COMP_24BIT                         78        143         0         143    <none> (D) 
          u_i_data_1                           13         25         0          25    <none> (D) 
          u_i_data_4                           13         25         0          25    <none> (D) 
          u_i_data_3                           13         25         0          25    <none> (D) 
          u_i_data_2                           13         25         0          25    <none> (D) 
          u_i_data_5                           10         19         0          19    <none> (D) 
          u_i_data_0                           10         13         0          13    <none> (D) 
        MAN_SWAP                               48        113         0         113    <none> (D) 
        MAN_SWAP_PRE                           46        110         0         110    <none> (D) 
        MAN_RND                                26         91         0          91    <none> (D) 
        LOPD_24BIT                             58         85         0          85    <none> (D) 
          LOPD_16bit_UNIT_MSB                  34         52         0          52    <none> (D) 
            LOPD_8bit_unit_1                   14         20         0          20    <none> (D) 
            LOPD_8bit_unit_0                   14         20         0          20    <none> (D) 
          LOPD_8bit_UNIT_LSB                   14         20         0          20    <none> (D) 
        EXP_ADJUST                             37         75         0          75    <none> (D) 
          CLA_8BIT_UNIT                        30         66         0          66    <none> (D) 
            CLA_4BIT_UNIT_0                    18         34         0          34    <none> (D) 
            CLA_4BIT_UNIT_1                    11         29         0          29    <none> (D) 
        EXP_SUB                                25         45         0          45    <none> (D) 
          CLA_8BIT_UNIT                        20         41         0          41    <none> (D) 
            CLA_4BIT_UNIT_0                    17         35         0          35    <none> (D) 
            CLA_4BIT_UNIT_1                     2          5         0           5    <none> (D) 
        EXP_COM_8BIT                           24         41         0          41    <none> (D) 
          COMP_LESS_UNIT                       24         41         0          41    <none> (D) 
            u_high                             13         25         0          25    <none> (D) 
            u_low                              10         13         0          13    <none> (D) 
        EXP_SWAP                               13         31         0          31    <none> (D) 
        EXP_RND                                15         29         0          29    <none> (D) 
        MAN_ALU_PROC_RND                        7         13         0          13    <none> (D) 
        SIGN_UNIT                               1          2         0           2    <none> (D) 
      DATA_A_IM                              1117       2134         0        2134    <none> (D) 
        MAN_ALU                               219        424         0         424    <none> (D) 
          ALU_SUB_UNIT                        122        234         0         234    <none> (D) 
            CLA_BLOCK_GEN[0].CLA_4BIT_UNIT     18         41         0          41    <none> (D) 
            CLA_BLOCK_GEN[4].CLA_4BIT_UNIT     15         34         0          34    <none> (D) 
            CLA_BLOCK_GEN[5].CLA_4BIT_UNIT     18         33         0          33    <none> (D) 
            CLA_BLOCK_GEN[3].CLA_4BIT_UNIT     18         33         0          33    <none> (D) 
            CLA_BLOCK_GEN[2].CLA_4BIT_UNIT     18         33         0          33    <none> (D) 
            CLA_BLOCK_GEN[1].CLA_4BIT_UNIT     18         33         0          33    <none> (D) 
        NOR_UNIT                              205        361         0         361    <none> (D) 
          SHF_left_unit                       142        249         0         249    <none> (D) 
        SHF_RIGHT_MAN                         130        233         0         233    <none> (D) 
        PSC_UNIT                               86        158         0         158    <none> (D) 
        MAN_COMP_24BIT                         78        143         0         143    <none> (D) 
          u_i_data_1                           13         25         0          25    <none> (D) 
          u_i_data_4                           13         25         0          25    <none> (D) 
          u_i_data_3                           13         25         0          25    <none> (D) 
          u_i_data_2                           13         25         0          25    <none> (D) 
          u_i_data_5                           10         19         0          19    <none> (D) 
          u_i_data_0                           10         13         0          13    <none> (D) 
        MAN_SWAP                               48        113         0         113    <none> (D) 
        MAN_SWAP_PRE                           46        110         0         110    <none> (D) 
        MAN_RND                                26         91         0          91    <none> (D) 
        LOPD_24BIT                             58         85         0          85    <none> (D) 
          LOPD_16bit_UNIT_MSB                  34         52         0          52    <none> (D) 
            LOPD_8bit_unit_1                   14         20         0          20    <none> (D) 
            LOPD_8bit_unit_0                   14         20         0          20    <none> (D) 
          LOPD_8bit_UNIT_LSB                   14         20         0          20    <none> (D) 
        EXP_ADJUST                             37         75         0          75    <none> (D) 
          CLA_8BIT_UNIT                        30         66         0          66    <none> (D) 
            CLA_4BIT_UNIT_0                    18         34         0          34    <none> (D) 
            CLA_4BIT_UNIT_1                    11         29         0          29    <none> (D) 
        EXP_SUB                                25         45         0          45    <none> (D) 
          CLA_8BIT_UNIT                        20         41         0          41    <none> (D) 
            CLA_4BIT_UNIT_0                    17         35         0          35    <none> (D) 
            CLA_4BIT_UNIT_1                     2          5         0           5    <none> (D) 
        EXP_COM_8BIT                           24         41         0          41    <none> (D) 
          COMP_LESS_UNIT                       24         41         0          41    <none> (D) 
            u_high                             13         25         0          25    <none> (D) 
            u_low                              10         13         0          13    <none> (D) 
        EXP_SWAP                               13         31         0          31    <none> (D) 
        EXP_RND                                15         29         0          29    <none> (D) 
        MAN_ALU_PROC_RND                        7         13         0          13    <none> (D) 
        SIGN_UNIT                               1          2         0           2    <none> (D) 
  BFU4_17                                    8965      17076         0       17076    <none> (D) 
    BFU2_UNIT1                               4482       8538         0        8538    <none> (D) 
      DATA_B_RE                              1121       2135         0        2135    <none> (D) 
        MAN_ALU                               219        423         0         423    <none> (D) 
          ALU_SUB_UNIT                        124        234         0         234    <none> (D) 
            CLA_BLOCK_GEN[0].CLA_4BIT_UNIT     20         41         0          41    <none> (D) 
            CLA_BLOCK_GEN[4].CLA_4BIT_UNIT     15         34         0          34    <none> (D) 
            CLA_BLOCK_GEN[5].CLA_4BIT_UNIT     18         33         0          33    <none> (D) 
            CLA_BLOCK_GEN[3].CLA_4BIT_UNIT     18         33         0          33    <none> (D) 
            CLA_BLOCK_GEN[2].CLA_4BIT_UNIT     18         33         0          33    <none> (D) 
            CLA_BLOCK_GEN[1].CLA_4BIT_UNIT     18         33         0          33    <none> (D) 
        NOR_UNIT                              205        361         0         361    <none> (D) 
          SHF_left_unit                       142        249         0         249    <none> (D) 
        SHF_RIGHT_MAN                         130        233         0         233    <none> (D) 
        PSC_UNIT                               88        160         0         160    <none> (D) 
        MAN_COMP_24BIT                         78        143         0         143    <none> (D) 
          u_i_data_1                           13         25         0          25    <none> (D) 
          u_i_data_4                           13         25         0          25    <none> (D) 
          u_i_data_3                           13         25         0          25    <none> (D) 
          u_i_data_2                           13         25         0          25    <none> (D) 
          u_i_data_5                           10         19         0          19    <none> (D) 
          u_i_data_0                           10         13         0          13    <none> (D) 
        MAN_SWAP                               48        113         0         113    <none> (D) 
        MAN_SWAP_PRE                           46        110         0         110    <none> (D) 
        MAN_RND                                26         91         0          91    <none> (D) 
        LOPD_24BIT                             58         85         0          85    <none> (D) 
          LOPD_16bit_UNIT_MSB                  34         52         0          52    <none> (D) 
            LOPD_8bit_unit_1                   14         20         0          20    <none> (D) 
            LOPD_8bit_unit_0                   14         20         0          20    <none> (D) 
          LOPD_8bit_UNIT_LSB                   14         20         0          20    <none> (D) 
        EXP_ADJUST                             37         75         0          75    <none> (D) 
          CLA_8BIT_UNIT                        30         66         0          66    <none> (D) 
            CLA_4BIT_UNIT_0                    18         34         0          34    <none> (D) 
            CLA_4BIT_UNIT_1                    11         29         0          29    <none> (D) 
        EXP_SUB                                26         44         0          44    <none> (D) 
          CLA_8BIT_UNIT                        21         41         0          41    <none> (D) 
            CLA_4BIT_UNIT_0                    18         35         0          35    <none> (D) 
            CLA_4BIT_UNIT_1                     2          5         0           5    <none> (D) 
        EXP_COM_8BIT                           24         40         0          40    <none> (D) 
          COMP_LESS_UNIT                       24         40         0          40    <none> (D) 
            u_high                             13         25         0          25    <none> (D) 
            u_low                              10         13         0          13    <none> (D) 
        EXP_SWAP                               13         31         0          31    <none> (D) 
        EXP_RND                                15         29         0          29    <none> (D) 
        MAN_ALU_PROC_RND                        7         13         0          13    <none> (D) 
        SIGN_UNIT                               2          3         0           3    <none> (D) 
      DATA_B_IM                              1121       2135         0        2135    <none> (D) 
        MAN_ALU                               219        423         0         423    <none> (D) 
          ALU_SUB_UNIT                        124        234         0         234    <none> (D) 
            CLA_BLOCK_GEN[0].CLA_4BIT_UNIT     20         41         0          41    <none> (D) 
            CLA_BLOCK_GEN[4].CLA_4BIT_UNIT     15         34         0          34    <none> (D) 
            CLA_BLOCK_GEN[5].CLA_4BIT_UNIT     18         33         0          33    <none> (D) 
            CLA_BLOCK_GEN[3].CLA_4BIT_UNIT     18         33         0          33    <none> (D) 
            CLA_BLOCK_GEN[2].CLA_4BIT_UNIT     18         33         0          33    <none> (D) 
            CLA_BLOCK_GEN[1].CLA_4BIT_UNIT     18         33         0          33    <none> (D) 
        NOR_UNIT                              205        361         0         361    <none> (D) 
          SHF_left_unit                       142        249         0         249    <none> (D) 
        SHF_RIGHT_MAN                         130        233         0         233    <none> (D) 
        PSC_UNIT                               88        160         0         160    <none> (D) 
        MAN_COMP_24BIT                         78        143         0         143    <none> (D) 
          u_i_data_1                           13         25         0          25    <none> (D) 
          u_i_data_4                           13         25         0          25    <none> (D) 
          u_i_data_3                           13         25         0          25    <none> (D) 
          u_i_data_2                           13         25         0          25    <none> (D) 
          u_i_data_5                           10         19         0          19    <none> (D) 
          u_i_data_0                           10         13         0          13    <none> (D) 
        MAN_SWAP                               48        113         0         113    <none> (D) 
        MAN_SWAP_PRE                           46        110         0         110    <none> (D) 
        MAN_RND                                26         91         0          91    <none> (D) 
        LOPD_24BIT                             58         85         0          85    <none> (D) 
          LOPD_16bit_UNIT_MSB                  34         52         0          52    <none> (D) 
            LOPD_8bit_unit_1                   14         20         0          20    <none> (D) 
            LOPD_8bit_unit_0                   14         20         0          20    <none> (D) 
          LOPD_8bit_UNIT_LSB                   14         20         0          20    <none> (D) 
        EXP_ADJUST                             37         75         0          75    <none> (D) 
          CLA_8BIT_UNIT                        30         66         0          66    <none> (D) 
            CLA_4BIT_UNIT_0                    18         34         0          34    <none> (D) 
            CLA_4BIT_UNIT_1                    11         29         0          29    <none> (D) 
        EXP_SUB                                26         44         0          44    <none> (D) 
          CLA_8BIT_UNIT                        21         41         0          41    <none> (D) 
            CLA_4BIT_UNIT_0                    18         35         0          35    <none> (D) 
            CLA_4BIT_UNIT_1                     2          5         0           5    <none> (D) 
        EXP_COM_8BIT                           24         40         0          40    <none> (D) 
          COMP_LESS_UNIT                       24         40         0          40    <none> (D) 
            u_high                             13         25         0          25    <none> (D) 
            u_low                              10         13         0          13    <none> (D) 
        EXP_SWAP                               13         31         0          31    <none> (D) 
        EXP_RND                                15         29         0          29    <none> (D) 
        MAN_ALU_PROC_RND                        7         13         0          13    <none> (D) 
        SIGN_UNIT                               2          3         0           3    <none> (D) 
      DATA_A_RE                              1120       2133         0        2133    <none> (D) 
        MAN_ALU                               221        424         0         424    <none> (D) 
          ALU_SUB_UNIT                        124        234         0         234    <none> (D) 
            CLA_BLOCK_GEN[0].CLA_4BIT_UNIT     20         41         0          41    <none> (D) 
            CLA_BLOCK_GEN[4].CLA_4BIT_UNIT     15         34         0          34    <none> (D) 
            CLA_BLOCK_GEN[5].CLA_4BIT_UNIT     18         33         0          33    <none> (D) 
            CLA_BLOCK_GEN[3].CLA_4BIT_UNIT     18         33         0          33    <none> (D) 
            CLA_BLOCK_GEN[2].CLA_4BIT_UNIT     18         33         0          33    <none> (D) 
            CLA_BLOCK_GEN[1].CLA_4BIT_UNIT     18         33         0          33    <none> (D) 
        NOR_UNIT                              205        361         0         361    <none> (D) 
          SHF_left_unit                       142        249         0         249    <none> (D) 
        SHF_RIGHT_MAN                         130        233         0         233    <none> (D) 
        PSC_UNIT                               86        158         0         158    <none> (D) 
        MAN_COMP_24BIT                         78        143         0         143    <none> (D) 
          u_i_data_1                           13         25         0          25    <none> (D) 
          u_i_data_4                           13         25         0          25    <none> (D) 
          u_i_data_3                           13         25         0          25    <none> (D) 
          u_i_data_2                           13         25         0          25    <none> (D) 
          u_i_data_5                           10         19         0          19    <none> (D) 
          u_i_data_0                           10         13         0          13    <none> (D) 
        MAN_SWAP                               48        113         0         113    <none> (D) 
        MAN_SWAP_PRE                           46        110         0         110    <none> (D) 
        MAN_RND                                26         91         0          91    <none> (D) 
        LOPD_24BIT                             58         85         0          85    <none> (D) 
          LOPD_16bit_UNIT_MSB                  34         52         0          52    <none> (D) 
            LOPD_8bit_unit_1                   14         20         0          20    <none> (D) 
            LOPD_8bit_unit_0                   14         20         0          20    <none> (D) 
          LOPD_8bit_UNIT_LSB                   14         20         0          20    <none> (D) 
        EXP_ADJUST                             37         75         0          75    <none> (D) 
          CLA_8BIT_UNIT                        30         66         0          66    <none> (D) 
            CLA_4BIT_UNIT_0                    18         34         0          34    <none> (D) 
            CLA_4BIT_UNIT_1                    11         29         0          29    <none> (D) 
        EXP_SUB                                26         44         0          44    <none> (D) 
          CLA_8BIT_UNIT                        21         41         0          41    <none> (D) 
            CLA_4BIT_UNIT_0                    18         35         0          35    <none> (D) 
            CLA_4BIT_UNIT_1                     2          5         0           5    <none> (D) 
        EXP_COM_8BIT                           24         40         0          40    <none> (D) 
          COMP_LESS_UNIT                       24         40         0          40    <none> (D) 
            u_high                             13         25         0          25    <none> (D) 
            u_low                              10         13         0          13    <none> (D) 
        EXP_SWAP                               13         31         0          31    <none> (D) 
        EXP_RND                                15         29         0          29    <none> (D) 
        MAN_ALU_PROC_RND                        7         13         0          13    <none> (D) 
        SIGN_UNIT                               1          2         0           2    <none> (D) 
      DATA_A_IM                              1120       2133         0        2133    <none> (D) 
        MAN_ALU                               221        424         0         424    <none> (D) 
          ALU_SUB_UNIT                        124        234         0         234    <none> (D) 
            CLA_BLOCK_GEN[0].CLA_4BIT_UNIT     20         41         0          41    <none> (D) 
            CLA_BLOCK_GEN[4].CLA_4BIT_UNIT     15         34         0          34    <none> (D) 
            CLA_BLOCK_GEN[5].CLA_4BIT_UNIT     18         33         0          33    <none> (D) 
            CLA_BLOCK_GEN[3].CLA_4BIT_UNIT     18         33         0          33    <none> (D) 
            CLA_BLOCK_GEN[2].CLA_4BIT_UNIT     18         33         0          33    <none> (D) 
            CLA_BLOCK_GEN[1].CLA_4BIT_UNIT     18         33         0          33    <none> (D) 
        NOR_UNIT                              205        361         0         361    <none> (D) 
          SHF_left_unit                       142        249         0         249    <none> (D) 
        SHF_RIGHT_MAN                         130        233         0         233    <none> (D) 
        PSC_UNIT                               86        158         0         158    <none> (D) 
        MAN_COMP_24BIT                         78        143         0         143    <none> (D) 
          u_i_data_1                           13         25         0          25    <none> (D) 
          u_i_data_4                           13         25         0          25    <none> (D) 
          u_i_data_3                           13         25         0          25    <none> (D) 
          u_i_data_2                           13         25         0          25    <none> (D) 
          u_i_data_5                           10         19         0          19    <none> (D) 
          u_i_data_0                           10         13         0          13    <none> (D) 
        MAN_SWAP                               48        113         0         113    <none> (D) 
        MAN_SWAP_PRE                           46        110         0         110    <none> (D) 
        MAN_RND                                26         91         0          91    <none> (D) 
        LOPD_24BIT                             58         85         0          85    <none> (D) 
          LOPD_16bit_UNIT_MSB                  34         52         0          52    <none> (D) 
            LOPD_8bit_unit_1                   14         20         0          20    <none> (D) 
            LOPD_8bit_unit_0                   14         20         0          20    <none> (D) 
          LOPD_8bit_UNIT_LSB                   14         20         0          20    <none> (D) 
        EXP_ADJUST                             37         75         0          75    <none> (D) 
          CLA_8BIT_UNIT                        30         66         0          66    <none> (D) 
            CLA_4BIT_UNIT_0                    18         34         0          34    <none> (D) 
            CLA_4BIT_UNIT_1                    11         29         0          29    <none> (D) 
        EXP_SUB                                26         44         0          44    <none> (D) 
          CLA_8BIT_UNIT                        21         41         0          41    <none> (D) 
            CLA_4BIT_UNIT_0                    18         35         0          35    <none> (D) 
            CLA_4BIT_UNIT_1                     2          5         0           5    <none> (D) 
        EXP_COM_8BIT                           24         40         0          40    <none> (D) 
          COMP_LESS_UNIT                       24         40         0          40    <none> (D) 
            u_high                             13         25         0          25    <none> (D) 
            u_low                              10         13         0          13    <none> (D) 
        EXP_SWAP                               13         31         0          31    <none> (D) 
        EXP_RND                                15         29         0          29    <none> (D) 
        MAN_ALU_PROC_RND                        7         13         0          13    <none> (D) 
        SIGN_UNIT                               1          2         0           2    <none> (D) 
    BFU2_UNIT0                               4482       8538         0        8538    <none> (D) 
      DATA_B_RE                              1121       2135         0        2135    <none> (D) 
        MAN_ALU                               219        423         0         423    <none> (D) 
          ALU_SUB_UNIT                        124        234         0         234    <none> (D) 
            CLA_BLOCK_GEN[0].CLA_4BIT_UNIT     20         41         0          41    <none> (D) 
            CLA_BLOCK_GEN[4].CLA_4BIT_UNIT     15         34         0          34    <none> (D) 
            CLA_BLOCK_GEN[5].CLA_4BIT_UNIT     18         33         0          33    <none> (D) 
            CLA_BLOCK_GEN[3].CLA_4BIT_UNIT     18         33         0          33    <none> (D) 
            CLA_BLOCK_GEN[2].CLA_4BIT_UNIT     18         33         0          33    <none> (D) 
            CLA_BLOCK_GEN[1].CLA_4BIT_UNIT     18         33         0          33    <none> (D) 
        NOR_UNIT                              205        361         0         361    <none> (D) 
          SHF_left_unit                       142        249         0         249    <none> (D) 
        SHF_RIGHT_MAN                         130        233         0         233    <none> (D) 
        PSC_UNIT                               88        160         0         160    <none> (D) 
        MAN_COMP_24BIT                         78        143         0         143    <none> (D) 
          u_i_data_1                           13         25         0          25    <none> (D) 
          u_i_data_4                           13         25         0          25    <none> (D) 
          u_i_data_3                           13         25         0          25    <none> (D) 
          u_i_data_2                           13         25         0          25    <none> (D) 
          u_i_data_5                           10         19         0          19    <none> (D) 
          u_i_data_0                           10         13         0          13    <none> (D) 
        MAN_SWAP                               48        113         0         113    <none> (D) 
        MAN_SWAP_PRE                           46        110         0         110    <none> (D) 
        MAN_RND                                26         91         0          91    <none> (D) 
        LOPD_24BIT                             58         85         0          85    <none> (D) 
          LOPD_16bit_UNIT_MSB                  34         52         0          52    <none> (D) 
            LOPD_8bit_unit_1                   14         20         0          20    <none> (D) 
            LOPD_8bit_unit_0                   14         20         0          20    <none> (D) 
          LOPD_8bit_UNIT_LSB                   14         20         0          20    <none> (D) 
        EXP_ADJUST                             37         75         0          75    <none> (D) 
          CLA_8BIT_UNIT                        30         66         0          66    <none> (D) 
            CLA_4BIT_UNIT_0                    18         34         0          34    <none> (D) 
            CLA_4BIT_UNIT_1                    11         29         0          29    <none> (D) 
        EXP_SUB                                26         44         0          44    <none> (D) 
          CLA_8BIT_UNIT                        21         41         0          41    <none> (D) 
            CLA_4BIT_UNIT_0                    18         35         0          35    <none> (D) 
            CLA_4BIT_UNIT_1                     2          5         0           5    <none> (D) 
        EXP_COM_8BIT                           24         40         0          40    <none> (D) 
          COMP_LESS_UNIT                       24         40         0          40    <none> (D) 
            u_high                             13         25         0          25    <none> (D) 
            u_low                              10         13         0          13    <none> (D) 
        EXP_SWAP                               13         31         0          31    <none> (D) 
        EXP_RND                                15         29         0          29    <none> (D) 
        MAN_ALU_PROC_RND                        7         13         0          13    <none> (D) 
        SIGN_UNIT                               2          3         0           3    <none> (D) 
      DATA_B_IM                              1121       2135         0        2135    <none> (D) 
        MAN_ALU                               219        423         0         423    <none> (D) 
          ALU_SUB_UNIT                        124        234         0         234    <none> (D) 
            CLA_BLOCK_GEN[0].CLA_4BIT_UNIT     20         41         0          41    <none> (D) 
            CLA_BLOCK_GEN[4].CLA_4BIT_UNIT     15         34         0          34    <none> (D) 
            CLA_BLOCK_GEN[5].CLA_4BIT_UNIT     18         33         0          33    <none> (D) 
            CLA_BLOCK_GEN[3].CLA_4BIT_UNIT     18         33         0          33    <none> (D) 
            CLA_BLOCK_GEN[2].CLA_4BIT_UNIT     18         33         0          33    <none> (D) 
            CLA_BLOCK_GEN[1].CLA_4BIT_UNIT     18         33         0          33    <none> (D) 
        NOR_UNIT                              205        361         0         361    <none> (D) 
          SHF_left_unit                       142        249         0         249    <none> (D) 
        SHF_RIGHT_MAN                         130        233         0         233    <none> (D) 
        PSC_UNIT                               88        160         0         160    <none> (D) 
        MAN_COMP_24BIT                         78        143         0         143    <none> (D) 
          u_i_data_1                           13         25         0          25    <none> (D) 
          u_i_data_4                           13         25         0          25    <none> (D) 
          u_i_data_3                           13         25         0          25    <none> (D) 
          u_i_data_2                           13         25         0          25    <none> (D) 
          u_i_data_5                           10         19         0          19    <none> (D) 
          u_i_data_0                           10         13         0          13    <none> (D) 
        MAN_SWAP                               48        113         0         113    <none> (D) 
        MAN_SWAP_PRE                           46        110         0         110    <none> (D) 
        MAN_RND                                26         91         0          91    <none> (D) 
        LOPD_24BIT                             58         85         0          85    <none> (D) 
          LOPD_16bit_UNIT_MSB                  34         52         0          52    <none> (D) 
            LOPD_8bit_unit_1                   14         20         0          20    <none> (D) 
            LOPD_8bit_unit_0                   14         20         0          20    <none> (D) 
          LOPD_8bit_UNIT_LSB                   14         20         0          20    <none> (D) 
        EXP_ADJUST                             37         75         0          75    <none> (D) 
          CLA_8BIT_UNIT                        30         66         0          66    <none> (D) 
            CLA_4BIT_UNIT_0                    18         34         0          34    <none> (D) 
            CLA_4BIT_UNIT_1                    11         29         0          29    <none> (D) 
        EXP_SUB                                26         44         0          44    <none> (D) 
          CLA_8BIT_UNIT                        21         41         0          41    <none> (D) 
            CLA_4BIT_UNIT_0                    18         35         0          35    <none> (D) 
            CLA_4BIT_UNIT_1                     2          5         0           5    <none> (D) 
        EXP_COM_8BIT                           24         40         0          40    <none> (D) 
          COMP_LESS_UNIT                       24         40         0          40    <none> (D) 
            u_high                             13         25         0          25    <none> (D) 
            u_low                              10         13         0          13    <none> (D) 
        EXP_SWAP                               13         31         0          31    <none> (D) 
        EXP_RND                                15         29         0          29    <none> (D) 
        MAN_ALU_PROC_RND                        7         13         0          13    <none> (D) 
        SIGN_UNIT                               2          3         0           3    <none> (D) 
      DATA_A_RE                              1120       2133         0        2133    <none> (D) 
        MAN_ALU                               221        424         0         424    <none> (D) 
          ALU_SUB_UNIT                        124        234         0         234    <none> (D) 
            CLA_BLOCK_GEN[0].CLA_4BIT_UNIT     20         41         0          41    <none> (D) 
            CLA_BLOCK_GEN[4].CLA_4BIT_UNIT     15         34         0          34    <none> (D) 
            CLA_BLOCK_GEN[5].CLA_4BIT_UNIT     18         33         0          33    <none> (D) 
            CLA_BLOCK_GEN[3].CLA_4BIT_UNIT     18         33         0          33    <none> (D) 
            CLA_BLOCK_GEN[2].CLA_4BIT_UNIT     18         33         0          33    <none> (D) 
            CLA_BLOCK_GEN[1].CLA_4BIT_UNIT     18         33         0          33    <none> (D) 
        NOR_UNIT                              205        361         0         361    <none> (D) 
          SHF_left_unit                       142        249         0         249    <none> (D) 
        SHF_RIGHT_MAN                         130        233         0         233    <none> (D) 
        PSC_UNIT                               86        158         0         158    <none> (D) 
        MAN_COMP_24BIT                         78        143         0         143    <none> (D) 
          u_i_data_1                           13         25         0          25    <none> (D) 
          u_i_data_4                           13         25         0          25    <none> (D) 
          u_i_data_3                           13         25         0          25    <none> (D) 
          u_i_data_2                           13         25         0          25    <none> (D) 
          u_i_data_5                           10         19         0          19    <none> (D) 
          u_i_data_0                           10         13         0          13    <none> (D) 
        MAN_SWAP                               48        113         0         113    <none> (D) 
        MAN_SWAP_PRE                           46        110         0         110    <none> (D) 
        MAN_RND                                26         91         0          91    <none> (D) 
        LOPD_24BIT                             58         85         0          85    <none> (D) 
          LOPD_16bit_UNIT_MSB                  34         52         0          52    <none> (D) 
            LOPD_8bit_unit_1                   14         20         0          20    <none> (D) 
            LOPD_8bit_unit_0                   14         20         0          20    <none> (D) 
          LOPD_8bit_UNIT_LSB                   14         20         0          20    <none> (D) 
        EXP_ADJUST                             37         75         0          75    <none> (D) 
          CLA_8BIT_UNIT                        30         66         0          66    <none> (D) 
            CLA_4BIT_UNIT_0                    18         34         0          34    <none> (D) 
            CLA_4BIT_UNIT_1                    11         29         0          29    <none> (D) 
        EXP_SUB                                26         44         0          44    <none> (D) 
          CLA_8BIT_UNIT                        21         41         0          41    <none> (D) 
            CLA_4BIT_UNIT_0                    18         35         0          35    <none> (D) 
            CLA_4BIT_UNIT_1                     2          5         0           5    <none> (D) 
        EXP_COM_8BIT                           24         40         0          40    <none> (D) 
          COMP_LESS_UNIT                       24         40         0          40    <none> (D) 
            u_high                             13         25         0          25    <none> (D) 
            u_low                              10         13         0          13    <none> (D) 
        EXP_SWAP                               13         31         0          31    <none> (D) 
        EXP_RND                                15         29         0          29    <none> (D) 
        MAN_ALU_PROC_RND                        7         13         0          13    <none> (D) 
        SIGN_UNIT                               1          2         0           2    <none> (D) 
      DATA_A_IM                              1120       2133         0        2133    <none> (D) 
        MAN_ALU                               221        424         0         424    <none> (D) 
          ALU_SUB_UNIT                        124        234         0         234    <none> (D) 
            CLA_BLOCK_GEN[0].CLA_4BIT_UNIT     20         41         0          41    <none> (D) 
            CLA_BLOCK_GEN[4].CLA_4BIT_UNIT     15         34         0          34    <none> (D) 
            CLA_BLOCK_GEN[5].CLA_4BIT_UNIT     18         33         0          33    <none> (D) 
            CLA_BLOCK_GEN[3].CLA_4BIT_UNIT     18         33         0          33    <none> (D) 
            CLA_BLOCK_GEN[2].CLA_4BIT_UNIT     18         33         0          33    <none> (D) 
            CLA_BLOCK_GEN[1].CLA_4BIT_UNIT     18         33         0          33    <none> (D) 
        NOR_UNIT                              205        361         0         361    <none> (D) 
          SHF_left_unit                       142        249         0         249    <none> (D) 
        SHF_RIGHT_MAN                         130        233         0         233    <none> (D) 
        PSC_UNIT                               86        158         0         158    <none> (D) 
        MAN_COMP_24BIT                         78        143         0         143    <none> (D) 
          u_i_data_1                           13         25         0          25    <none> (D) 
          u_i_data_4                           13         25         0          25    <none> (D) 
          u_i_data_3                           13         25         0          25    <none> (D) 
          u_i_data_2                           13         25         0          25    <none> (D) 
          u_i_data_5                           10         19         0          19    <none> (D) 
          u_i_data_0                           10         13         0          13    <none> (D) 
        MAN_SWAP                               48        113         0         113    <none> (D) 
        MAN_SWAP_PRE                           46        110         0         110    <none> (D) 
        MAN_RND                                26         91         0          91    <none> (D) 
        LOPD_24BIT                             58         85         0          85    <none> (D) 
          LOPD_16bit_UNIT_MSB                  34         52         0          52    <none> (D) 
            LOPD_8bit_unit_1                   14         20         0          20    <none> (D) 
            LOPD_8bit_unit_0                   14         20         0          20    <none> (D) 
          LOPD_8bit_UNIT_LSB                   14         20         0          20    <none> (D) 
        EXP_ADJUST                             37         75         0          75    <none> (D) 
          CLA_8BIT_UNIT                        30         66         0          66    <none> (D) 
            CLA_4BIT_UNIT_0                    18         34         0          34    <none> (D) 
            CLA_4BIT_UNIT_1                    11         29         0          29    <none> (D) 
        EXP_SUB                                26         44         0          44    <none> (D) 
          CLA_8BIT_UNIT                        21         41         0          41    <none> (D) 
            CLA_4BIT_UNIT_0                    18         35         0          35    <none> (D) 
            CLA_4BIT_UNIT_1                     2          5         0           5    <none> (D) 
        EXP_COM_8BIT                           24         40         0          40    <none> (D) 
          COMP_LESS_UNIT                       24         40         0          40    <none> (D) 
            u_high                             13         25         0          25    <none> (D) 
            u_low                              10         13         0          13    <none> (D) 
        EXP_SWAP                               13         31         0          31    <none> (D) 
        EXP_RND                                15         29         0          29    <none> (D) 
        MAN_ALU_PROC_RND                        7         13         0          13    <none> (D) 
        SIGN_UNIT                               1          2         0           2    <none> (D) 
  BFU4_06                                    8965      17076         0       17076    <none> (D) 
    BFU2_UNIT1                               4482       8538         0        8538    <none> (D) 
      DATA_B_RE                              1121       2135         0        2135    <none> (D) 
        MAN_ALU                               219        423         0         423    <none> (D) 
          ALU_SUB_UNIT                        124        234         0         234    <none> (D) 
            CLA_BLOCK_GEN[0].CLA_4BIT_UNIT     20         41         0          41    <none> (D) 
            CLA_BLOCK_GEN[4].CLA_4BIT_UNIT     15         34         0          34    <none> (D) 
            CLA_BLOCK_GEN[5].CLA_4BIT_UNIT     18         33         0          33    <none> (D) 
            CLA_BLOCK_GEN[3].CLA_4BIT_UNIT     18         33         0          33    <none> (D) 
            CLA_BLOCK_GEN[2].CLA_4BIT_UNIT     18         33         0          33    <none> (D) 
            CLA_BLOCK_GEN[1].CLA_4BIT_UNIT     18         33         0          33    <none> (D) 
        NOR_UNIT                              205        361         0         361    <none> (D) 
          SHF_left_unit                       142        249         0         249    <none> (D) 
        SHF_RIGHT_MAN                         130        233         0         233    <none> (D) 
        PSC_UNIT                               88        160         0         160    <none> (D) 
        MAN_COMP_24BIT                         78        143         0         143    <none> (D) 
          u_i_data_1                           13         25         0          25    <none> (D) 
          u_i_data_4                           13         25         0          25    <none> (D) 
          u_i_data_3                           13         25         0          25    <none> (D) 
          u_i_data_2                           13         25         0          25    <none> (D) 
          u_i_data_5                           10         19         0          19    <none> (D) 
          u_i_data_0                           10         13         0          13    <none> (D) 
        MAN_SWAP                               48        113         0         113    <none> (D) 
        MAN_SWAP_PRE                           46        110         0         110    <none> (D) 
        MAN_RND                                26         91         0          91    <none> (D) 
        LOPD_24BIT                             58         85         0          85    <none> (D) 
          LOPD_16bit_UNIT_MSB                  34         52         0          52    <none> (D) 
            LOPD_8bit_unit_1                   14         20         0          20    <none> (D) 
            LOPD_8bit_unit_0                   14         20         0          20    <none> (D) 
          LOPD_8bit_UNIT_LSB                   14         20         0          20    <none> (D) 
        EXP_ADJUST                             37         75         0          75    <none> (D) 
          CLA_8BIT_UNIT                        30         66         0          66    <none> (D) 
            CLA_4BIT_UNIT_0                    18         34         0          34    <none> (D) 
            CLA_4BIT_UNIT_1                    11         29         0          29    <none> (D) 
        EXP_SUB                                26         44         0          44    <none> (D) 
          CLA_8BIT_UNIT                        21         41         0          41    <none> (D) 
            CLA_4BIT_UNIT_0                    18         35         0          35    <none> (D) 
            CLA_4BIT_UNIT_1                     2          5         0           5    <none> (D) 
        EXP_COM_8BIT                           24         40         0          40    <none> (D) 
          COMP_LESS_UNIT                       24         40         0          40    <none> (D) 
            u_high                             13         25         0          25    <none> (D) 
            u_low                              10         13         0          13    <none> (D) 
        EXP_SWAP                               13         31         0          31    <none> (D) 
        EXP_RND                                15         29         0          29    <none> (D) 
        MAN_ALU_PROC_RND                        7         13         0          13    <none> (D) 
        SIGN_UNIT                               2          3         0           3    <none> (D) 
      DATA_B_IM                              1121       2135         0        2135    <none> (D) 
        MAN_ALU                               219        423         0         423    <none> (D) 
          ALU_SUB_UNIT                        124        234         0         234    <none> (D) 
            CLA_BLOCK_GEN[0].CLA_4BIT_UNIT     20         41         0          41    <none> (D) 
            CLA_BLOCK_GEN[4].CLA_4BIT_UNIT     15         34         0          34    <none> (D) 
            CLA_BLOCK_GEN[5].CLA_4BIT_UNIT     18         33         0          33    <none> (D) 
            CLA_BLOCK_GEN[3].CLA_4BIT_UNIT     18         33         0          33    <none> (D) 
            CLA_BLOCK_GEN[2].CLA_4BIT_UNIT     18         33         0          33    <none> (D) 
            CLA_BLOCK_GEN[1].CLA_4BIT_UNIT     18         33         0          33    <none> (D) 
        NOR_UNIT                              205        361         0         361    <none> (D) 
          SHF_left_unit                       142        249         0         249    <none> (D) 
        SHF_RIGHT_MAN                         130        233         0         233    <none> (D) 
        PSC_UNIT                               88        160         0         160    <none> (D) 
        MAN_COMP_24BIT                         78        143         0         143    <none> (D) 
          u_i_data_1                           13         25         0          25    <none> (D) 
          u_i_data_4                           13         25         0          25    <none> (D) 
          u_i_data_3                           13         25         0          25    <none> (D) 
          u_i_data_2                           13         25         0          25    <none> (D) 
          u_i_data_5                           10         19         0          19    <none> (D) 
          u_i_data_0                           10         13         0          13    <none> (D) 
        MAN_SWAP                               48        113         0         113    <none> (D) 
        MAN_SWAP_PRE                           46        110         0         110    <none> (D) 
        MAN_RND                                26         91         0          91    <none> (D) 
        LOPD_24BIT                             58         85         0          85    <none> (D) 
          LOPD_16bit_UNIT_MSB                  34         52         0          52    <none> (D) 
            LOPD_8bit_unit_1                   14         20         0          20    <none> (D) 
            LOPD_8bit_unit_0                   14         20         0          20    <none> (D) 
          LOPD_8bit_UNIT_LSB                   14         20         0          20    <none> (D) 
        EXP_ADJUST                             37         75         0          75    <none> (D) 
          CLA_8BIT_UNIT                        30         66         0          66    <none> (D) 
            CLA_4BIT_UNIT_0                    18         34         0          34    <none> (D) 
            CLA_4BIT_UNIT_1                    11         29         0          29    <none> (D) 
        EXP_SUB                                26         44         0          44    <none> (D) 
          CLA_8BIT_UNIT                        21         41         0          41    <none> (D) 
            CLA_4BIT_UNIT_0                    18         35         0          35    <none> (D) 
            CLA_4BIT_UNIT_1                     2          5         0           5    <none> (D) 
        EXP_COM_8BIT                           24         40         0          40    <none> (D) 
          COMP_LESS_UNIT                       24         40         0          40    <none> (D) 
            u_high                             13         25         0          25    <none> (D) 
            u_low                              10         13         0          13    <none> (D) 
        EXP_SWAP                               13         31         0          31    <none> (D) 
        EXP_RND                                15         29         0          29    <none> (D) 
        MAN_ALU_PROC_RND                        7         13         0          13    <none> (D) 
        SIGN_UNIT                               2          3         0           3    <none> (D) 
      DATA_A_RE                              1120       2133         0        2133    <none> (D) 
        MAN_ALU                               221        424         0         424    <none> (D) 
          ALU_SUB_UNIT                        124        234         0         234    <none> (D) 
            CLA_BLOCK_GEN[0].CLA_4BIT_UNIT     20         41         0          41    <none> (D) 
            CLA_BLOCK_GEN[4].CLA_4BIT_UNIT     15         34         0          34    <none> (D) 
            CLA_BLOCK_GEN[5].CLA_4BIT_UNIT     18         33         0          33    <none> (D) 
            CLA_BLOCK_GEN[3].CLA_4BIT_UNIT     18         33         0          33    <none> (D) 
            CLA_BLOCK_GEN[2].CLA_4BIT_UNIT     18         33         0          33    <none> (D) 
            CLA_BLOCK_GEN[1].CLA_4BIT_UNIT     18         33         0          33    <none> (D) 
        NOR_UNIT                              205        361         0         361    <none> (D) 
          SHF_left_unit                       142        249         0         249    <none> (D) 
        SHF_RIGHT_MAN                         130        233         0         233    <none> (D) 
        PSC_UNIT                               86        158         0         158    <none> (D) 
        MAN_COMP_24BIT                         78        143         0         143    <none> (D) 
          u_i_data_1                           13         25         0          25    <none> (D) 
          u_i_data_4                           13         25         0          25    <none> (D) 
          u_i_data_3                           13         25         0          25    <none> (D) 
          u_i_data_2                           13         25         0          25    <none> (D) 
          u_i_data_5                           10         19         0          19    <none> (D) 
          u_i_data_0                           10         13         0          13    <none> (D) 
        MAN_SWAP                               48        113         0         113    <none> (D) 
        MAN_SWAP_PRE                           46        110         0         110    <none> (D) 
        MAN_RND                                26         91         0          91    <none> (D) 
        LOPD_24BIT                             58         85         0          85    <none> (D) 
          LOPD_16bit_UNIT_MSB                  34         52         0          52    <none> (D) 
            LOPD_8bit_unit_1                   14         20         0          20    <none> (D) 
            LOPD_8bit_unit_0                   14         20         0          20    <none> (D) 
          LOPD_8bit_UNIT_LSB                   14         20         0          20    <none> (D) 
        EXP_ADJUST                             37         75         0          75    <none> (D) 
          CLA_8BIT_UNIT                        30         66         0          66    <none> (D) 
            CLA_4BIT_UNIT_0                    18         34         0          34    <none> (D) 
            CLA_4BIT_UNIT_1                    11         29         0          29    <none> (D) 
        EXP_SUB                                26         44         0          44    <none> (D) 
          CLA_8BIT_UNIT                        21         41         0          41    <none> (D) 
            CLA_4BIT_UNIT_0                    18         35         0          35    <none> (D) 
            CLA_4BIT_UNIT_1                     2          5         0           5    <none> (D) 
        EXP_COM_8BIT                           24         40         0          40    <none> (D) 
          COMP_LESS_UNIT                       24         40         0          40    <none> (D) 
            u_high                             13         25         0          25    <none> (D) 
            u_low                              10         13         0          13    <none> (D) 
        EXP_SWAP                               13         31         0          31    <none> (D) 
        EXP_RND                                15         29         0          29    <none> (D) 
        MAN_ALU_PROC_RND                        7         13         0          13    <none> (D) 
        SIGN_UNIT                               1          2         0           2    <none> (D) 
      DATA_A_IM                              1120       2133         0        2133    <none> (D) 
        MAN_ALU                               221        424         0         424    <none> (D) 
          ALU_SUB_UNIT                        124        234         0         234    <none> (D) 
            CLA_BLOCK_GEN[0].CLA_4BIT_UNIT     20         41         0          41    <none> (D) 
            CLA_BLOCK_GEN[4].CLA_4BIT_UNIT     15         34         0          34    <none> (D) 
            CLA_BLOCK_GEN[5].CLA_4BIT_UNIT     18         33         0          33    <none> (D) 
            CLA_BLOCK_GEN[3].CLA_4BIT_UNIT     18         33         0          33    <none> (D) 
            CLA_BLOCK_GEN[2].CLA_4BIT_UNIT     18         33         0          33    <none> (D) 
            CLA_BLOCK_GEN[1].CLA_4BIT_UNIT     18         33         0          33    <none> (D) 
        NOR_UNIT                              205        361         0         361    <none> (D) 
          SHF_left_unit                       142        249         0         249    <none> (D) 
        SHF_RIGHT_MAN                         130        233         0         233    <none> (D) 
        PSC_UNIT                               86        158         0         158    <none> (D) 
        MAN_COMP_24BIT                         78        143         0         143    <none> (D) 
          u_i_data_1                           13         25         0          25    <none> (D) 
          u_i_data_4                           13         25         0          25    <none> (D) 
          u_i_data_3                           13         25         0          25    <none> (D) 
          u_i_data_2                           13         25         0          25    <none> (D) 
          u_i_data_5                           10         19         0          19    <none> (D) 
          u_i_data_0                           10         13         0          13    <none> (D) 
        MAN_SWAP                               48        113         0         113    <none> (D) 
        MAN_SWAP_PRE                           46        110         0         110    <none> (D) 
        MAN_RND                                26         91         0          91    <none> (D) 
        LOPD_24BIT                             58         85         0          85    <none> (D) 
          LOPD_16bit_UNIT_MSB                  34         52         0          52    <none> (D) 
            LOPD_8bit_unit_1                   14         20         0          20    <none> (D) 
            LOPD_8bit_unit_0                   14         20         0          20    <none> (D) 
          LOPD_8bit_UNIT_LSB                   14         20         0          20    <none> (D) 
        EXP_ADJUST                             37         75         0          75    <none> (D) 
          CLA_8BIT_UNIT                        30         66         0          66    <none> (D) 
            CLA_4BIT_UNIT_0                    18         34         0          34    <none> (D) 
            CLA_4BIT_UNIT_1                    11         29         0          29    <none> (D) 
        EXP_SUB                                26         44         0          44    <none> (D) 
          CLA_8BIT_UNIT                        21         41         0          41    <none> (D) 
            CLA_4BIT_UNIT_0                    18         35         0          35    <none> (D) 
            CLA_4BIT_UNIT_1                     2          5         0           5    <none> (D) 
        EXP_COM_8BIT                           24         40         0          40    <none> (D) 
          COMP_LESS_UNIT                       24         40         0          40    <none> (D) 
            u_high                             13         25         0          25    <none> (D) 
            u_low                              10         13         0          13    <none> (D) 
        EXP_SWAP                               13         31         0          31    <none> (D) 
        EXP_RND                                15         29         0          29    <none> (D) 
        MAN_ALU_PROC_RND                        7         13         0          13    <none> (D) 
        SIGN_UNIT                               1          2         0           2    <none> (D) 
    BFU2_UNIT0                               4482       8538         0        8538    <none> (D) 
      DATA_B_RE                              1121       2135         0        2135    <none> (D) 
        MAN_ALU                               219        423         0         423    <none> (D) 
          ALU_SUB_UNIT                        124        234         0         234    <none> (D) 
            CLA_BLOCK_GEN[0].CLA_4BIT_UNIT     20         41         0          41    <none> (D) 
            CLA_BLOCK_GEN[4].CLA_4BIT_UNIT     15         34         0          34    <none> (D) 
            CLA_BLOCK_GEN[5].CLA_4BIT_UNIT     18         33         0          33    <none> (D) 
            CLA_BLOCK_GEN[3].CLA_4BIT_UNIT     18         33         0          33    <none> (D) 
            CLA_BLOCK_GEN[2].CLA_4BIT_UNIT     18         33         0          33    <none> (D) 
            CLA_BLOCK_GEN[1].CLA_4BIT_UNIT     18         33         0          33    <none> (D) 
        NOR_UNIT                              205        361         0         361    <none> (D) 
          SHF_left_unit                       142        249         0         249    <none> (D) 
        SHF_RIGHT_MAN                         130        233         0         233    <none> (D) 
        PSC_UNIT                               88        160         0         160    <none> (D) 
        MAN_COMP_24BIT                         78        143         0         143    <none> (D) 
          u_i_data_1                           13         25         0          25    <none> (D) 
          u_i_data_4                           13         25         0          25    <none> (D) 
          u_i_data_3                           13         25         0          25    <none> (D) 
          u_i_data_2                           13         25         0          25    <none> (D) 
          u_i_data_5                           10         19         0          19    <none> (D) 
          u_i_data_0                           10         13         0          13    <none> (D) 
        MAN_SWAP                               48        113         0         113    <none> (D) 
        MAN_SWAP_PRE                           46        110         0         110    <none> (D) 
        MAN_RND                                26         91         0          91    <none> (D) 
        LOPD_24BIT                             58         85         0          85    <none> (D) 
          LOPD_16bit_UNIT_MSB                  34         52         0          52    <none> (D) 
            LOPD_8bit_unit_1                   14         20         0          20    <none> (D) 
            LOPD_8bit_unit_0                   14         20         0          20    <none> (D) 
          LOPD_8bit_UNIT_LSB                   14         20         0          20    <none> (D) 
        EXP_ADJUST                             37         75         0          75    <none> (D) 
          CLA_8BIT_UNIT                        30         66         0          66    <none> (D) 
            CLA_4BIT_UNIT_0                    18         34         0          34    <none> (D) 
            CLA_4BIT_UNIT_1                    11         29         0          29    <none> (D) 
        EXP_SUB                                26         44         0          44    <none> (D) 
          CLA_8BIT_UNIT                        21         41         0          41    <none> (D) 
            CLA_4BIT_UNIT_0                    18         35         0          35    <none> (D) 
            CLA_4BIT_UNIT_1                     2          5         0           5    <none> (D) 
        EXP_COM_8BIT                           24         40         0          40    <none> (D) 
          COMP_LESS_UNIT                       24         40         0          40    <none> (D) 
            u_high                             13         25         0          25    <none> (D) 
            u_low                              10         13         0          13    <none> (D) 
        EXP_SWAP                               13         31         0          31    <none> (D) 
        EXP_RND                                15         29         0          29    <none> (D) 
        MAN_ALU_PROC_RND                        7         13         0          13    <none> (D) 
        SIGN_UNIT                               2          3         0           3    <none> (D) 
      DATA_B_IM                              1121       2135         0        2135    <none> (D) 
        MAN_ALU                               219        423         0         423    <none> (D) 
          ALU_SUB_UNIT                        124        234         0         234    <none> (D) 
            CLA_BLOCK_GEN[0].CLA_4BIT_UNIT     20         41         0          41    <none> (D) 
            CLA_BLOCK_GEN[4].CLA_4BIT_UNIT     15         34         0          34    <none> (D) 
            CLA_BLOCK_GEN[5].CLA_4BIT_UNIT     18         33         0          33    <none> (D) 
            CLA_BLOCK_GEN[3].CLA_4BIT_UNIT     18         33         0          33    <none> (D) 
            CLA_BLOCK_GEN[2].CLA_4BIT_UNIT     18         33         0          33    <none> (D) 
            CLA_BLOCK_GEN[1].CLA_4BIT_UNIT     18         33         0          33    <none> (D) 
        NOR_UNIT                              205        361         0         361    <none> (D) 
          SHF_left_unit                       142        249         0         249    <none> (D) 
        SHF_RIGHT_MAN                         130        233         0         233    <none> (D) 
        PSC_UNIT                               88        160         0         160    <none> (D) 
        MAN_COMP_24BIT                         78        143         0         143    <none> (D) 
          u_i_data_1                           13         25         0          25    <none> (D) 
          u_i_data_4                           13         25         0          25    <none> (D) 
          u_i_data_3                           13         25         0          25    <none> (D) 
          u_i_data_2                           13         25         0          25    <none> (D) 
          u_i_data_5                           10         19         0          19    <none> (D) 
          u_i_data_0                           10         13         0          13    <none> (D) 
        MAN_SWAP                               48        113         0         113    <none> (D) 
        MAN_SWAP_PRE                           46        110         0         110    <none> (D) 
        MAN_RND                                26         91         0          91    <none> (D) 
        LOPD_24BIT                             58         85         0          85    <none> (D) 
          LOPD_16bit_UNIT_MSB                  34         52         0          52    <none> (D) 
            LOPD_8bit_unit_1                   14         20         0          20    <none> (D) 
            LOPD_8bit_unit_0                   14         20         0          20    <none> (D) 
          LOPD_8bit_UNIT_LSB                   14         20         0          20    <none> (D) 
        EXP_ADJUST                             37         75         0          75    <none> (D) 
          CLA_8BIT_UNIT                        30         66         0          66    <none> (D) 
            CLA_4BIT_UNIT_0                    18         34         0          34    <none> (D) 
            CLA_4BIT_UNIT_1                    11         29         0          29    <none> (D) 
        EXP_SUB                                26         44         0          44    <none> (D) 
          CLA_8BIT_UNIT                        21         41         0          41    <none> (D) 
            CLA_4BIT_UNIT_0                    18         35         0          35    <none> (D) 
            CLA_4BIT_UNIT_1                     2          5         0           5    <none> (D) 
        EXP_COM_8BIT                           24         40         0          40    <none> (D) 
          COMP_LESS_UNIT                       24         40         0          40    <none> (D) 
            u_high                             13         25         0          25    <none> (D) 
            u_low                              10         13         0          13    <none> (D) 
        EXP_SWAP                               13         31         0          31    <none> (D) 
        EXP_RND                                15         29         0          29    <none> (D) 
        MAN_ALU_PROC_RND                        7         13         0          13    <none> (D) 
        SIGN_UNIT                               2          3         0           3    <none> (D) 
      DATA_A_RE                              1120       2133         0        2133    <none> (D) 
        MAN_ALU                               221        424         0         424    <none> (D) 
          ALU_SUB_UNIT                        124        234         0         234    <none> (D) 
            CLA_BLOCK_GEN[0].CLA_4BIT_UNIT     20         41         0          41    <none> (D) 
            CLA_BLOCK_GEN[4].CLA_4BIT_UNIT     15         34         0          34    <none> (D) 
            CLA_BLOCK_GEN[5].CLA_4BIT_UNIT     18         33         0          33    <none> (D) 
            CLA_BLOCK_GEN[3].CLA_4BIT_UNIT     18         33         0          33    <none> (D) 
            CLA_BLOCK_GEN[2].CLA_4BIT_UNIT     18         33         0          33    <none> (D) 
            CLA_BLOCK_GEN[1].CLA_4BIT_UNIT     18         33         0          33    <none> (D) 
        NOR_UNIT                              205        361         0         361    <none> (D) 
          SHF_left_unit                       142        249         0         249    <none> (D) 
        SHF_RIGHT_MAN                         130        233         0         233    <none> (D) 
        PSC_UNIT                               86        158         0         158    <none> (D) 
        MAN_COMP_24BIT                         78        143         0         143    <none> (D) 
          u_i_data_1                           13         25         0          25    <none> (D) 
          u_i_data_4                           13         25         0          25    <none> (D) 
          u_i_data_3                           13         25         0          25    <none> (D) 
          u_i_data_2                           13         25         0          25    <none> (D) 
          u_i_data_5                           10         19         0          19    <none> (D) 
          u_i_data_0                           10         13         0          13    <none> (D) 
        MAN_SWAP                               48        113         0         113    <none> (D) 
        MAN_SWAP_PRE                           46        110         0         110    <none> (D) 
        MAN_RND                                26         91         0          91    <none> (D) 
        LOPD_24BIT                             58         85         0          85    <none> (D) 
          LOPD_16bit_UNIT_MSB                  34         52         0          52    <none> (D) 
            LOPD_8bit_unit_1                   14         20         0          20    <none> (D) 
            LOPD_8bit_unit_0                   14         20         0          20    <none> (D) 
          LOPD_8bit_UNIT_LSB                   14         20         0          20    <none> (D) 
        EXP_ADJUST                             37         75         0          75    <none> (D) 
          CLA_8BIT_UNIT                        30         66         0          66    <none> (D) 
            CLA_4BIT_UNIT_0                    18         34         0          34    <none> (D) 
            CLA_4BIT_UNIT_1                    11         29         0          29    <none> (D) 
        EXP_SUB                                26         44         0          44    <none> (D) 
          CLA_8BIT_UNIT                        21         41         0          41    <none> (D) 
            CLA_4BIT_UNIT_0                    18         35         0          35    <none> (D) 
            CLA_4BIT_UNIT_1                     2          5         0           5    <none> (D) 
        EXP_COM_8BIT                           24         40         0          40    <none> (D) 
          COMP_LESS_UNIT                       24         40         0          40    <none> (D) 
            u_high                             13         25         0          25    <none> (D) 
            u_low                              10         13         0          13    <none> (D) 
        EXP_SWAP                               13         31         0          31    <none> (D) 
        EXP_RND                                15         29         0          29    <none> (D) 
        MAN_ALU_PROC_RND                        7         13         0          13    <none> (D) 
        SIGN_UNIT                               1          2         0           2    <none> (D) 
      DATA_A_IM                              1120       2133         0        2133    <none> (D) 
        MAN_ALU                               221        424         0         424    <none> (D) 
          ALU_SUB_UNIT                        124        234         0         234    <none> (D) 
            CLA_BLOCK_GEN[0].CLA_4BIT_UNIT     20         41         0          41    <none> (D) 
            CLA_BLOCK_GEN[4].CLA_4BIT_UNIT     15         34         0          34    <none> (D) 
            CLA_BLOCK_GEN[5].CLA_4BIT_UNIT     18         33         0          33    <none> (D) 
            CLA_BLOCK_GEN[3].CLA_4BIT_UNIT     18         33         0          33    <none> (D) 
            CLA_BLOCK_GEN[2].CLA_4BIT_UNIT     18         33         0          33    <none> (D) 
            CLA_BLOCK_GEN[1].CLA_4BIT_UNIT     18         33         0          33    <none> (D) 
        NOR_UNIT                              205        361         0         361    <none> (D) 
          SHF_left_unit                       142        249         0         249    <none> (D) 
        SHF_RIGHT_MAN                         130        233         0         233    <none> (D) 
        PSC_UNIT                               86        158         0         158    <none> (D) 
        MAN_COMP_24BIT                         78        143         0         143    <none> (D) 
          u_i_data_1                           13         25         0          25    <none> (D) 
          u_i_data_4                           13         25         0          25    <none> (D) 
          u_i_data_3                           13         25         0          25    <none> (D) 
          u_i_data_2                           13         25         0          25    <none> (D) 
          u_i_data_5                           10         19         0          19    <none> (D) 
          u_i_data_0                           10         13         0          13    <none> (D) 
        MAN_SWAP                               48        113         0         113    <none> (D) 
        MAN_SWAP_PRE                           46        110         0         110    <none> (D) 
        MAN_RND                                26         91         0          91    <none> (D) 
        LOPD_24BIT                             58         85         0          85    <none> (D) 
          LOPD_16bit_UNIT_MSB                  34         52         0          52    <none> (D) 
            LOPD_8bit_unit_1                   14         20         0          20    <none> (D) 
            LOPD_8bit_unit_0                   14         20         0          20    <none> (D) 
          LOPD_8bit_UNIT_LSB                   14         20         0          20    <none> (D) 
        EXP_ADJUST                             37         75         0          75    <none> (D) 
          CLA_8BIT_UNIT                        30         66         0          66    <none> (D) 
            CLA_4BIT_UNIT_0                    18         34         0          34    <none> (D) 
            CLA_4BIT_UNIT_1                    11         29         0          29    <none> (D) 
        EXP_SUB                                26         44         0          44    <none> (D) 
          CLA_8BIT_UNIT                        21         41         0          41    <none> (D) 
            CLA_4BIT_UNIT_0                    18         35         0          35    <none> (D) 
            CLA_4BIT_UNIT_1                     2          5         0           5    <none> (D) 
        EXP_COM_8BIT                           24         40         0          40    <none> (D) 
          COMP_LESS_UNIT                       24         40         0          40    <none> (D) 
            u_high                             13         25         0          25    <none> (D) 
            u_low                              10         13         0          13    <none> (D) 
        EXP_SWAP                               13         31         0          31    <none> (D) 
        EXP_RND                                15         29         0          29    <none> (D) 
        MAN_ALU_PROC_RND                        7         13         0          13    <none> (D) 
        SIGN_UNIT                               1          2         0           2    <none> (D) 
  BFU2_S1_37                                 4482       8538         0        8538    <none> (D) 
    DATA_B_RE                                1121       2135         0        2135    <none> (D) 
      MAN_ALU                                 219        423         0         423    <none> (D) 
        ALU_SUB_UNIT                          124        234         0         234    <none> (D) 
          CLA_BLOCK_GEN[0].CLA_4BIT_UNIT       20         41         0          41    <none> (D) 
          CLA_BLOCK_GEN[4].CLA_4BIT_UNIT       15         34         0          34    <none> (D) 
          CLA_BLOCK_GEN[5].CLA_4BIT_UNIT       18         33         0          33    <none> (D) 
          CLA_BLOCK_GEN[3].CLA_4BIT_UNIT       18         33         0          33    <none> (D) 
          CLA_BLOCK_GEN[2].CLA_4BIT_UNIT       18         33         0          33    <none> (D) 
          CLA_BLOCK_GEN[1].CLA_4BIT_UNIT       18         33         0          33    <none> (D) 
      NOR_UNIT                                205        361         0         361    <none> (D) 
        SHF_left_unit                         142        249         0         249    <none> (D) 
      SHF_RIGHT_MAN                           130        233         0         233    <none> (D) 
      PSC_UNIT                                 88        160         0         160    <none> (D) 
      MAN_COMP_24BIT                           78        143         0         143    <none> (D) 
        u_i_data_1                             13         25         0          25    <none> (D) 
        u_i_data_4                             13         25         0          25    <none> (D) 
        u_i_data_3                             13         25         0          25    <none> (D) 
        u_i_data_2                             13         25         0          25    <none> (D) 
        u_i_data_5                             10         19         0          19    <none> (D) 
        u_i_data_0                             10         13         0          13    <none> (D) 
      MAN_SWAP                                 48        113         0         113    <none> (D) 
      MAN_SWAP_PRE                             46        110         0         110    <none> (D) 
      MAN_RND                                  26         91         0          91    <none> (D) 
      LOPD_24BIT                               58         85         0          85    <none> (D) 
        LOPD_16bit_UNIT_MSB                    34         52         0          52    <none> (D) 
          LOPD_8bit_unit_1                     14         20         0          20    <none> (D) 
          LOPD_8bit_unit_0                     14         20         0          20    <none> (D) 
        LOPD_8bit_UNIT_LSB                     14         20         0          20    <none> (D) 
      EXP_ADJUST                               37         75         0          75    <none> (D) 
        CLA_8BIT_UNIT                          30         66         0          66    <none> (D) 
          CLA_4BIT_UNIT_0                      18         34         0          34    <none> (D) 
          CLA_4BIT_UNIT_1                      11         29         0          29    <none> (D) 
      EXP_SUB                                  26         44         0          44    <none> (D) 
        CLA_8BIT_UNIT                          21         41         0          41    <none> (D) 
          CLA_4BIT_UNIT_0                      18         35         0          35    <none> (D) 
          CLA_4BIT_UNIT_1                       2          5         0           5    <none> (D) 
      EXP_COM_8BIT                             24         40         0          40    <none> (D) 
        COMP_LESS_UNIT                         24         40         0          40    <none> (D) 
          u_high                               13         25         0          25    <none> (D) 
          u_low                                10         13         0          13    <none> (D) 
      EXP_SWAP                                 13         31         0          31    <none> (D) 
      EXP_RND                                  15         29         0          29    <none> (D) 
      MAN_ALU_PROC_RND                          7         13         0          13    <none> (D) 
      SIGN_UNIT                                 2          3         0           3    <none> (D) 
    DATA_B_IM                                1121       2135         0        2135    <none> (D) 
      MAN_ALU                                 219        423         0         423    <none> (D) 
        ALU_SUB_UNIT                          124        234         0         234    <none> (D) 
          CLA_BLOCK_GEN[0].CLA_4BIT_UNIT       20         41         0          41    <none> (D) 
          CLA_BLOCK_GEN[4].CLA_4BIT_UNIT       15         34         0          34    <none> (D) 
          CLA_BLOCK_GEN[5].CLA_4BIT_UNIT       18         33         0          33    <none> (D) 
          CLA_BLOCK_GEN[3].CLA_4BIT_UNIT       18         33         0          33    <none> (D) 
          CLA_BLOCK_GEN[2].CLA_4BIT_UNIT       18         33         0          33    <none> (D) 
          CLA_BLOCK_GEN[1].CLA_4BIT_UNIT       18         33         0          33    <none> (D) 
      NOR_UNIT                                205        361         0         361    <none> (D) 
        SHF_left_unit                         142        249         0         249    <none> (D) 
      SHF_RIGHT_MAN                           130        233         0         233    <none> (D) 
      PSC_UNIT                                 88        160         0         160    <none> (D) 
      MAN_COMP_24BIT                           78        143         0         143    <none> (D) 
        u_i_data_1                             13         25         0          25    <none> (D) 
        u_i_data_4                             13         25         0          25    <none> (D) 
        u_i_data_3                             13         25         0          25    <none> (D) 
        u_i_data_2                             13         25         0          25    <none> (D) 
        u_i_data_5                             10         19         0          19    <none> (D) 
        u_i_data_0                             10         13         0          13    <none> (D) 
      MAN_SWAP                                 48        113         0         113    <none> (D) 
      MAN_SWAP_PRE                             46        110         0         110    <none> (D) 
      MAN_RND                                  26         91         0          91    <none> (D) 
      LOPD_24BIT                               58         85         0          85    <none> (D) 
        LOPD_16bit_UNIT_MSB                    34         52         0          52    <none> (D) 
          LOPD_8bit_unit_1                     14         20         0          20    <none> (D) 
          LOPD_8bit_unit_0                     14         20         0          20    <none> (D) 
        LOPD_8bit_UNIT_LSB                     14         20         0          20    <none> (D) 
      EXP_ADJUST                               37         75         0          75    <none> (D) 
        CLA_8BIT_UNIT                          30         66         0          66    <none> (D) 
          CLA_4BIT_UNIT_0                      18         34         0          34    <none> (D) 
          CLA_4BIT_UNIT_1                      11         29         0          29    <none> (D) 
      EXP_SUB                                  26         44         0          44    <none> (D) 
        CLA_8BIT_UNIT                          21         41         0          41    <none> (D) 
          CLA_4BIT_UNIT_0                      18         35         0          35    <none> (D) 
          CLA_4BIT_UNIT_1                       2          5         0           5    <none> (D) 
      EXP_COM_8BIT                             24         40         0          40    <none> (D) 
        COMP_LESS_UNIT                         24         40         0          40    <none> (D) 
          u_high                               13         25         0          25    <none> (D) 
          u_low                                10         13         0          13    <none> (D) 
      EXP_SWAP                                 13         31         0          31    <none> (D) 
      EXP_RND                                  15         29         0          29    <none> (D) 
      MAN_ALU_PROC_RND                          7         13         0          13    <none> (D) 
      SIGN_UNIT                                 2          3         0           3    <none> (D) 
    DATA_A_RE                                1120       2133         0        2133    <none> (D) 
      MAN_ALU                                 221        424         0         424    <none> (D) 
        ALU_SUB_UNIT                          124        234         0         234    <none> (D) 
          CLA_BLOCK_GEN[0].CLA_4BIT_UNIT       20         41         0          41    <none> (D) 
          CLA_BLOCK_GEN[4].CLA_4BIT_UNIT       15         34         0          34    <none> (D) 
          CLA_BLOCK_GEN[5].CLA_4BIT_UNIT       18         33         0          33    <none> (D) 
          CLA_BLOCK_GEN[3].CLA_4BIT_UNIT       18         33         0          33    <none> (D) 
          CLA_BLOCK_GEN[2].CLA_4BIT_UNIT       18         33         0          33    <none> (D) 
          CLA_BLOCK_GEN[1].CLA_4BIT_UNIT       18         33         0          33    <none> (D) 
      NOR_UNIT                                205        361         0         361    <none> (D) 
        SHF_left_unit                         142        249         0         249    <none> (D) 
      SHF_RIGHT_MAN                           130        233         0         233    <none> (D) 
      PSC_UNIT                                 86        158         0         158    <none> (D) 
      MAN_COMP_24BIT                           78        143         0         143    <none> (D) 
        u_i_data_1                             13         25         0          25    <none> (D) 
        u_i_data_4                             13         25         0          25    <none> (D) 
        u_i_data_3                             13         25         0          25    <none> (D) 
        u_i_data_2                             13         25         0          25    <none> (D) 
        u_i_data_5                             10         19         0          19    <none> (D) 
        u_i_data_0                             10         13         0          13    <none> (D) 
      MAN_SWAP                                 48        113         0         113    <none> (D) 
      MAN_SWAP_PRE                             46        110         0         110    <none> (D) 
      MAN_RND                                  26         91         0          91    <none> (D) 
      LOPD_24BIT                               58         85         0          85    <none> (D) 
        LOPD_16bit_UNIT_MSB                    34         52         0          52    <none> (D) 
          LOPD_8bit_unit_1                     14         20         0          20    <none> (D) 
          LOPD_8bit_unit_0                     14         20         0          20    <none> (D) 
        LOPD_8bit_UNIT_LSB                     14         20         0          20    <none> (D) 
      EXP_ADJUST                               37         75         0          75    <none> (D) 
        CLA_8BIT_UNIT                          30         66         0          66    <none> (D) 
          CLA_4BIT_UNIT_0                      18         34         0          34    <none> (D) 
          CLA_4BIT_UNIT_1                      11         29         0          29    <none> (D) 
      EXP_SUB                                  26         44         0          44    <none> (D) 
        CLA_8BIT_UNIT                          21         41         0          41    <none> (D) 
          CLA_4BIT_UNIT_0                      18         35         0          35    <none> (D) 
          CLA_4BIT_UNIT_1                       2          5         0           5    <none> (D) 
      EXP_COM_8BIT                             24         40         0          40    <none> (D) 
        COMP_LESS_UNIT                         24         40         0          40    <none> (D) 
          u_high                               13         25         0          25    <none> (D) 
          u_low                                10         13         0          13    <none> (D) 
      EXP_SWAP                                 13         31         0          31    <none> (D) 
      EXP_RND                                  15         29         0          29    <none> (D) 
      MAN_ALU_PROC_RND                          7         13         0          13    <none> (D) 
      SIGN_UNIT                                 1          2         0           2    <none> (D) 
    DATA_A_IM                                1120       2133         0        2133    <none> (D) 
      MAN_ALU                                 221        424         0         424    <none> (D) 
        ALU_SUB_UNIT                          124        234         0         234    <none> (D) 
          CLA_BLOCK_GEN[0].CLA_4BIT_UNIT       20         41         0          41    <none> (D) 
          CLA_BLOCK_GEN[4].CLA_4BIT_UNIT       15         34         0          34    <none> (D) 
          CLA_BLOCK_GEN[5].CLA_4BIT_UNIT       18         33         0          33    <none> (D) 
          CLA_BLOCK_GEN[3].CLA_4BIT_UNIT       18         33         0          33    <none> (D) 
          CLA_BLOCK_GEN[2].CLA_4BIT_UNIT       18         33         0          33    <none> (D) 
          CLA_BLOCK_GEN[1].CLA_4BIT_UNIT       18         33         0          33    <none> (D) 
      NOR_UNIT                                205        361         0         361    <none> (D) 
        SHF_left_unit                         142        249         0         249    <none> (D) 
      SHF_RIGHT_MAN                           130        233         0         233    <none> (D) 
      PSC_UNIT                                 86        158         0         158    <none> (D) 
      MAN_COMP_24BIT                           78        143         0         143    <none> (D) 
        u_i_data_1                             13         25         0          25    <none> (D) 
        u_i_data_4                             13         25         0          25    <none> (D) 
        u_i_data_3                             13         25         0          25    <none> (D) 
        u_i_data_2                             13         25         0          25    <none> (D) 
        u_i_data_5                             10         19         0          19    <none> (D) 
        u_i_data_0                             10         13         0          13    <none> (D) 
      MAN_SWAP                                 48        113         0         113    <none> (D) 
      MAN_SWAP_PRE                             46        110         0         110    <none> (D) 
      MAN_RND                                  26         91         0          91    <none> (D) 
      LOPD_24BIT                               58         85         0          85    <none> (D) 
        LOPD_16bit_UNIT_MSB                    34         52         0          52    <none> (D) 
          LOPD_8bit_unit_1                     14         20         0          20    <none> (D) 
          LOPD_8bit_unit_0                     14         20         0          20    <none> (D) 
        LOPD_8bit_UNIT_LSB                     14         20         0          20    <none> (D) 
      EXP_ADJUST                               37         75         0          75    <none> (D) 
        CLA_8BIT_UNIT                          30         66         0          66    <none> (D) 
          CLA_4BIT_UNIT_0                      18         34         0          34    <none> (D) 
          CLA_4BIT_UNIT_1                      11         29         0          29    <none> (D) 
      EXP_SUB                                  26         44         0          44    <none> (D) 
        CLA_8BIT_UNIT                          21         41         0          41    <none> (D) 
          CLA_4BIT_UNIT_0                      18         35         0          35    <none> (D) 
          CLA_4BIT_UNIT_1                       2          5         0           5    <none> (D) 
      EXP_COM_8BIT                             24         40         0          40    <none> (D) 
        COMP_LESS_UNIT                         24         40         0          40    <none> (D) 
          u_high                               13         25         0          25    <none> (D) 
          u_low                                10         13         0          13    <none> (D) 
      EXP_SWAP                                 13         31         0          31    <none> (D) 
      EXP_RND                                  15         29         0          29    <none> (D) 
      MAN_ALU_PROC_RND                          7         13         0          13    <none> (D) 
      SIGN_UNIT                                 1          2         0           2    <none> (D) 
  BFU2_S1_26                                 4482       8538         0        8538    <none> (D) 
    DATA_B_RE                                1121       2135         0        2135    <none> (D) 
      MAN_ALU                                 219        423         0         423    <none> (D) 
        ALU_SUB_UNIT                          124        234         0         234    <none> (D) 
          CLA_BLOCK_GEN[0].CLA_4BIT_UNIT       20         41         0          41    <none> (D) 
          CLA_BLOCK_GEN[4].CLA_4BIT_UNIT       15         34         0          34    <none> (D) 
          CLA_BLOCK_GEN[5].CLA_4BIT_UNIT       18         33         0          33    <none> (D) 
          CLA_BLOCK_GEN[3].CLA_4BIT_UNIT       18         33         0          33    <none> (D) 
          CLA_BLOCK_GEN[2].CLA_4BIT_UNIT       18         33         0          33    <none> (D) 
          CLA_BLOCK_GEN[1].CLA_4BIT_UNIT       18         33         0          33    <none> (D) 
      NOR_UNIT                                205        361         0         361    <none> (D) 
        SHF_left_unit                         142        249         0         249    <none> (D) 
      SHF_RIGHT_MAN                           130        233         0         233    <none> (D) 
      PSC_UNIT                                 88        160         0         160    <none> (D) 
      MAN_COMP_24BIT                           78        143         0         143    <none> (D) 
        u_i_data_1                             13         25         0          25    <none> (D) 
        u_i_data_4                             13         25         0          25    <none> (D) 
        u_i_data_3                             13         25         0          25    <none> (D) 
        u_i_data_2                             13         25         0          25    <none> (D) 
        u_i_data_5                             10         19         0          19    <none> (D) 
        u_i_data_0                             10         13         0          13    <none> (D) 
      MAN_SWAP                                 48        113         0         113    <none> (D) 
      MAN_SWAP_PRE                             46        110         0         110    <none> (D) 
      MAN_RND                                  26         91         0          91    <none> (D) 
      LOPD_24BIT                               58         85         0          85    <none> (D) 
        LOPD_16bit_UNIT_MSB                    34         52         0          52    <none> (D) 
          LOPD_8bit_unit_1                     14         20         0          20    <none> (D) 
          LOPD_8bit_unit_0                     14         20         0          20    <none> (D) 
        LOPD_8bit_UNIT_LSB                     14         20         0          20    <none> (D) 
      EXP_ADJUST                               37         75         0          75    <none> (D) 
        CLA_8BIT_UNIT                          30         66         0          66    <none> (D) 
          CLA_4BIT_UNIT_0                      18         34         0          34    <none> (D) 
          CLA_4BIT_UNIT_1                      11         29         0          29    <none> (D) 
      EXP_SUB                                  26         44         0          44    <none> (D) 
        CLA_8BIT_UNIT                          21         41         0          41    <none> (D) 
          CLA_4BIT_UNIT_0                      18         35         0          35    <none> (D) 
          CLA_4BIT_UNIT_1                       2          5         0           5    <none> (D) 
      EXP_COM_8BIT                             24         40         0          40    <none> (D) 
        COMP_LESS_UNIT                         24         40         0          40    <none> (D) 
          u_high                               13         25         0          25    <none> (D) 
          u_low                                10         13         0          13    <none> (D) 
      EXP_SWAP                                 13         31         0          31    <none> (D) 
      EXP_RND                                  15         29         0          29    <none> (D) 
      MAN_ALU_PROC_RND                          7         13         0          13    <none> (D) 
      SIGN_UNIT                                 2          3         0           3    <none> (D) 
    DATA_B_IM                                1121       2135         0        2135    <none> (D) 
      MAN_ALU                                 219        423         0         423    <none> (D) 
        ALU_SUB_UNIT                          124        234         0         234    <none> (D) 
          CLA_BLOCK_GEN[0].CLA_4BIT_UNIT       20         41         0          41    <none> (D) 
          CLA_BLOCK_GEN[4].CLA_4BIT_UNIT       15         34         0          34    <none> (D) 
          CLA_BLOCK_GEN[5].CLA_4BIT_UNIT       18         33         0          33    <none> (D) 
          CLA_BLOCK_GEN[3].CLA_4BIT_UNIT       18         33         0          33    <none> (D) 
          CLA_BLOCK_GEN[2].CLA_4BIT_UNIT       18         33         0          33    <none> (D) 
          CLA_BLOCK_GEN[1].CLA_4BIT_UNIT       18         33         0          33    <none> (D) 
      NOR_UNIT                                205        361         0         361    <none> (D) 
        SHF_left_unit                         142        249         0         249    <none> (D) 
      SHF_RIGHT_MAN                           130        233         0         233    <none> (D) 
      PSC_UNIT                                 88        160         0         160    <none> (D) 
      MAN_COMP_24BIT                           78        143         0         143    <none> (D) 
        u_i_data_1                             13         25         0          25    <none> (D) 
        u_i_data_4                             13         25         0          25    <none> (D) 
        u_i_data_3                             13         25         0          25    <none> (D) 
        u_i_data_2                             13         25         0          25    <none> (D) 
        u_i_data_5                             10         19         0          19    <none> (D) 
        u_i_data_0                             10         13         0          13    <none> (D) 
      MAN_SWAP                                 48        113         0         113    <none> (D) 
      MAN_SWAP_PRE                             46        110         0         110    <none> (D) 
      MAN_RND                                  26         91         0          91    <none> (D) 
      LOPD_24BIT                               58         85         0          85    <none> (D) 
        LOPD_16bit_UNIT_MSB                    34         52         0          52    <none> (D) 
          LOPD_8bit_unit_1                     14         20         0          20    <none> (D) 
          LOPD_8bit_unit_0                     14         20         0          20    <none> (D) 
        LOPD_8bit_UNIT_LSB                     14         20         0          20    <none> (D) 
      EXP_ADJUST                               37         75         0          75    <none> (D) 
        CLA_8BIT_UNIT                          30         66         0          66    <none> (D) 
          CLA_4BIT_UNIT_0                      18         34         0          34    <none> (D) 
          CLA_4BIT_UNIT_1                      11         29         0          29    <none> (D) 
      EXP_SUB                                  26         44         0          44    <none> (D) 
        CLA_8BIT_UNIT                          21         41         0          41    <none> (D) 
          CLA_4BIT_UNIT_0                      18         35         0          35    <none> (D) 
          CLA_4BIT_UNIT_1                       2          5         0           5    <none> (D) 
      EXP_COM_8BIT                             24         40         0          40    <none> (D) 
        COMP_LESS_UNIT                         24         40         0          40    <none> (D) 
          u_high                               13         25         0          25    <none> (D) 
          u_low                                10         13         0          13    <none> (D) 
      EXP_SWAP                                 13         31         0          31    <none> (D) 
      EXP_RND                                  15         29         0          29    <none> (D) 
      MAN_ALU_PROC_RND                          7         13         0          13    <none> (D) 
      SIGN_UNIT                                 2          3         0           3    <none> (D) 
    DATA_A_RE                                1120       2133         0        2133    <none> (D) 
      MAN_ALU                                 221        424         0         424    <none> (D) 
        ALU_SUB_UNIT                          124        234         0         234    <none> (D) 
          CLA_BLOCK_GEN[0].CLA_4BIT_UNIT       20         41         0          41    <none> (D) 
          CLA_BLOCK_GEN[4].CLA_4BIT_UNIT       15         34         0          34    <none> (D) 
          CLA_BLOCK_GEN[5].CLA_4BIT_UNIT       18         33         0          33    <none> (D) 
          CLA_BLOCK_GEN[3].CLA_4BIT_UNIT       18         33         0          33    <none> (D) 
          CLA_BLOCK_GEN[2].CLA_4BIT_UNIT       18         33         0          33    <none> (D) 
          CLA_BLOCK_GEN[1].CLA_4BIT_UNIT       18         33         0          33    <none> (D) 
      NOR_UNIT                                205        361         0         361    <none> (D) 
        SHF_left_unit                         142        249         0         249    <none> (D) 
      SHF_RIGHT_MAN                           130        233         0         233    <none> (D) 
      PSC_UNIT                                 86        158         0         158    <none> (D) 
      MAN_COMP_24BIT                           78        143         0         143    <none> (D) 
        u_i_data_1                             13         25         0          25    <none> (D) 
        u_i_data_4                             13         25         0          25    <none> (D) 
        u_i_data_3                             13         25         0          25    <none> (D) 
        u_i_data_2                             13         25         0          25    <none> (D) 
        u_i_data_5                             10         19         0          19    <none> (D) 
        u_i_data_0                             10         13         0          13    <none> (D) 
      MAN_SWAP                                 48        113         0         113    <none> (D) 
      MAN_SWAP_PRE                             46        110         0         110    <none> (D) 
      MAN_RND                                  26         91         0          91    <none> (D) 
      LOPD_24BIT                               58         85         0          85    <none> (D) 
        LOPD_16bit_UNIT_MSB                    34         52         0          52    <none> (D) 
          LOPD_8bit_unit_1                     14         20         0          20    <none> (D) 
          LOPD_8bit_unit_0                     14         20         0          20    <none> (D) 
        LOPD_8bit_UNIT_LSB                     14         20         0          20    <none> (D) 
      EXP_ADJUST                               37         75         0          75    <none> (D) 
        CLA_8BIT_UNIT                          30         66         0          66    <none> (D) 
          CLA_4BIT_UNIT_0                      18         34         0          34    <none> (D) 
          CLA_4BIT_UNIT_1                      11         29         0          29    <none> (D) 
      EXP_SUB                                  26         44         0          44    <none> (D) 
        CLA_8BIT_UNIT                          21         41         0          41    <none> (D) 
          CLA_4BIT_UNIT_0                      18         35         0          35    <none> (D) 
          CLA_4BIT_UNIT_1                       2          5         0           5    <none> (D) 
      EXP_COM_8BIT                             24         40         0          40    <none> (D) 
        COMP_LESS_UNIT                         24         40         0          40    <none> (D) 
          u_high                               13         25         0          25    <none> (D) 
          u_low                                10         13         0          13    <none> (D) 
      EXP_SWAP                                 13         31         0          31    <none> (D) 
      EXP_RND                                  15         29         0          29    <none> (D) 
      MAN_ALU_PROC_RND                          7         13         0          13    <none> (D) 
      SIGN_UNIT                                 1          2         0           2    <none> (D) 
    DATA_A_IM                                1120       2133         0        2133    <none> (D) 
      MAN_ALU                                 221        424         0         424    <none> (D) 
        ALU_SUB_UNIT                          124        234         0         234    <none> (D) 
          CLA_BLOCK_GEN[0].CLA_4BIT_UNIT       20         41         0          41    <none> (D) 
          CLA_BLOCK_GEN[4].CLA_4BIT_UNIT       15         34         0          34    <none> (D) 
          CLA_BLOCK_GEN[5].CLA_4BIT_UNIT       18         33         0          33    <none> (D) 
          CLA_BLOCK_GEN[3].CLA_4BIT_UNIT       18         33         0          33    <none> (D) 
          CLA_BLOCK_GEN[2].CLA_4BIT_UNIT       18         33         0          33    <none> (D) 
          CLA_BLOCK_GEN[1].CLA_4BIT_UNIT       18         33         0          33    <none> (D) 
      NOR_UNIT                                205        361         0         361    <none> (D) 
        SHF_left_unit                         142        249         0         249    <none> (D) 
      SHF_RIGHT_MAN                           130        233         0         233    <none> (D) 
      PSC_UNIT                                 86        158         0         158    <none> (D) 
      MAN_COMP_24BIT                           78        143         0         143    <none> (D) 
        u_i_data_1                             13         25         0          25    <none> (D) 
        u_i_data_4                             13         25         0          25    <none> (D) 
        u_i_data_3                             13         25         0          25    <none> (D) 
        u_i_data_2                             13         25         0          25    <none> (D) 
        u_i_data_5                             10         19         0          19    <none> (D) 
        u_i_data_0                             10         13         0          13    <none> (D) 
      MAN_SWAP                                 48        113         0         113    <none> (D) 
      MAN_SWAP_PRE                             46        110         0         110    <none> (D) 
      MAN_RND                                  26         91         0          91    <none> (D) 
      LOPD_24BIT                               58         85         0          85    <none> (D) 
        LOPD_16bit_UNIT_MSB                    34         52         0          52    <none> (D) 
          LOPD_8bit_unit_1                     14         20         0          20    <none> (D) 
          LOPD_8bit_unit_0                     14         20         0          20    <none> (D) 
        LOPD_8bit_UNIT_LSB                     14         20         0          20    <none> (D) 
      EXP_ADJUST                               37         75         0          75    <none> (D) 
        CLA_8BIT_UNIT                          30         66         0          66    <none> (D) 
          CLA_4BIT_UNIT_0                      18         34         0          34    <none> (D) 
          CLA_4BIT_UNIT_1                      11         29         0          29    <none> (D) 
      EXP_SUB                                  26         44         0          44    <none> (D) 
        CLA_8BIT_UNIT                          21         41         0          41    <none> (D) 
          CLA_4BIT_UNIT_0                      18         35         0          35    <none> (D) 
          CLA_4BIT_UNIT_1                       2          5         0           5    <none> (D) 
      EXP_COM_8BIT                             24         40         0          40    <none> (D) 
        COMP_LESS_UNIT                         24         40         0          40    <none> (D) 
          u_high                               13         25         0          25    <none> (D) 
          u_low                                10         13         0          13    <none> (D) 
      EXP_SWAP                                 13         31         0          31    <none> (D) 
      EXP_RND                                  15         29         0          29    <none> (D) 
      MAN_ALU_PROC_RND                          7         13         0          13    <none> (D) 
      SIGN_UNIT                                 1          2         0           2    <none> (D) 
  BFU2_S1_15                                 4482       8538         0        8538    <none> (D) 
    DATA_B_RE                                1121       2135         0        2135    <none> (D) 
      MAN_ALU                                 219        423         0         423    <none> (D) 
        ALU_SUB_UNIT                          124        234         0         234    <none> (D) 
          CLA_BLOCK_GEN[0].CLA_4BIT_UNIT       20         41         0          41    <none> (D) 
          CLA_BLOCK_GEN[4].CLA_4BIT_UNIT       15         34         0          34    <none> (D) 
          CLA_BLOCK_GEN[5].CLA_4BIT_UNIT       18         33         0          33    <none> (D) 
          CLA_BLOCK_GEN[3].CLA_4BIT_UNIT       18         33         0          33    <none> (D) 
          CLA_BLOCK_GEN[2].CLA_4BIT_UNIT       18         33         0          33    <none> (D) 
          CLA_BLOCK_GEN[1].CLA_4BIT_UNIT       18         33         0          33    <none> (D) 
      NOR_UNIT                                205        361         0         361    <none> (D) 
        SHF_left_unit                         142        249         0         249    <none> (D) 
      SHF_RIGHT_MAN                           130        233         0         233    <none> (D) 
      PSC_UNIT                                 88        160         0         160    <none> (D) 
      MAN_COMP_24BIT                           78        143         0         143    <none> (D) 
        u_i_data_1                             13         25         0          25    <none> (D) 
        u_i_data_4                             13         25         0          25    <none> (D) 
        u_i_data_3                             13         25         0          25    <none> (D) 
        u_i_data_2                             13         25         0          25    <none> (D) 
        u_i_data_5                             10         19         0          19    <none> (D) 
        u_i_data_0                             10         13         0          13    <none> (D) 
      MAN_SWAP                                 48        113         0         113    <none> (D) 
      MAN_SWAP_PRE                             46        110         0         110    <none> (D) 
      MAN_RND                                  26         91         0          91    <none> (D) 
      LOPD_24BIT                               58         85         0          85    <none> (D) 
        LOPD_16bit_UNIT_MSB                    34         52         0          52    <none> (D) 
          LOPD_8bit_unit_1                     14         20         0          20    <none> (D) 
          LOPD_8bit_unit_0                     14         20         0          20    <none> (D) 
        LOPD_8bit_UNIT_LSB                     14         20         0          20    <none> (D) 
      EXP_ADJUST                               37         75         0          75    <none> (D) 
        CLA_8BIT_UNIT                          30         66         0          66    <none> (D) 
          CLA_4BIT_UNIT_0                      18         34         0          34    <none> (D) 
          CLA_4BIT_UNIT_1                      11         29         0          29    <none> (D) 
      EXP_SUB                                  26         44         0          44    <none> (D) 
        CLA_8BIT_UNIT                          21         41         0          41    <none> (D) 
          CLA_4BIT_UNIT_0                      18         35         0          35    <none> (D) 
          CLA_4BIT_UNIT_1                       2          5         0           5    <none> (D) 
      EXP_COM_8BIT                             24         40         0          40    <none> (D) 
        COMP_LESS_UNIT                         24         40         0          40    <none> (D) 
          u_high                               13         25         0          25    <none> (D) 
          u_low                                10         13         0          13    <none> (D) 
      EXP_SWAP                                 13         31         0          31    <none> (D) 
      EXP_RND                                  15         29         0          29    <none> (D) 
      MAN_ALU_PROC_RND                          7         13         0          13    <none> (D) 
      SIGN_UNIT                                 2          3         0           3    <none> (D) 
    DATA_B_IM                                1121       2135         0        2135    <none> (D) 
      MAN_ALU                                 219        423         0         423    <none> (D) 
        ALU_SUB_UNIT                          124        234         0         234    <none> (D) 
          CLA_BLOCK_GEN[0].CLA_4BIT_UNIT       20         41         0          41    <none> (D) 
          CLA_BLOCK_GEN[4].CLA_4BIT_UNIT       15         34         0          34    <none> (D) 
          CLA_BLOCK_GEN[5].CLA_4BIT_UNIT       18         33         0          33    <none> (D) 
          CLA_BLOCK_GEN[3].CLA_4BIT_UNIT       18         33         0          33    <none> (D) 
          CLA_BLOCK_GEN[2].CLA_4BIT_UNIT       18         33         0          33    <none> (D) 
          CLA_BLOCK_GEN[1].CLA_4BIT_UNIT       18         33         0          33    <none> (D) 
      NOR_UNIT                                205        361         0         361    <none> (D) 
        SHF_left_unit                         142        249         0         249    <none> (D) 
      SHF_RIGHT_MAN                           130        233         0         233    <none> (D) 
      PSC_UNIT                                 88        160         0         160    <none> (D) 
      MAN_COMP_24BIT                           78        143         0         143    <none> (D) 
        u_i_data_1                             13         25         0          25    <none> (D) 
        u_i_data_4                             13         25         0          25    <none> (D) 
        u_i_data_3                             13         25         0          25    <none> (D) 
        u_i_data_2                             13         25         0          25    <none> (D) 
        u_i_data_5                             10         19         0          19    <none> (D) 
        u_i_data_0                             10         13         0          13    <none> (D) 
      MAN_SWAP                                 48        113         0         113    <none> (D) 
      MAN_SWAP_PRE                             46        110         0         110    <none> (D) 
      MAN_RND                                  26         91         0          91    <none> (D) 
      LOPD_24BIT                               58         85         0          85    <none> (D) 
        LOPD_16bit_UNIT_MSB                    34         52         0          52    <none> (D) 
          LOPD_8bit_unit_1                     14         20         0          20    <none> (D) 
          LOPD_8bit_unit_0                     14         20         0          20    <none> (D) 
        LOPD_8bit_UNIT_LSB                     14         20         0          20    <none> (D) 
      EXP_ADJUST                               37         75         0          75    <none> (D) 
        CLA_8BIT_UNIT                          30         66         0          66    <none> (D) 
          CLA_4BIT_UNIT_0                      18         34         0          34    <none> (D) 
          CLA_4BIT_UNIT_1                      11         29         0          29    <none> (D) 
      EXP_SUB                                  26         44         0          44    <none> (D) 
        CLA_8BIT_UNIT                          21         41         0          41    <none> (D) 
          CLA_4BIT_UNIT_0                      18         35         0          35    <none> (D) 
          CLA_4BIT_UNIT_1                       2          5         0           5    <none> (D) 
      EXP_COM_8BIT                             24         40         0          40    <none> (D) 
        COMP_LESS_UNIT                         24         40         0          40    <none> (D) 
          u_high                               13         25         0          25    <none> (D) 
          u_low                                10         13         0          13    <none> (D) 
      EXP_SWAP                                 13         31         0          31    <none> (D) 
      EXP_RND                                  15         29         0          29    <none> (D) 
      MAN_ALU_PROC_RND                          7         13         0          13    <none> (D) 
      SIGN_UNIT                                 2          3         0           3    <none> (D) 
    DATA_A_RE                                1120       2133         0        2133    <none> (D) 
      MAN_ALU                                 221        424         0         424    <none> (D) 
        ALU_SUB_UNIT                          124        234         0         234    <none> (D) 
          CLA_BLOCK_GEN[0].CLA_4BIT_UNIT       20         41         0          41    <none> (D) 
          CLA_BLOCK_GEN[4].CLA_4BIT_UNIT       15         34         0          34    <none> (D) 
          CLA_BLOCK_GEN[5].CLA_4BIT_UNIT       18         33         0          33    <none> (D) 
          CLA_BLOCK_GEN[3].CLA_4BIT_UNIT       18         33         0          33    <none> (D) 
          CLA_BLOCK_GEN[2].CLA_4BIT_UNIT       18         33         0          33    <none> (D) 
          CLA_BLOCK_GEN[1].CLA_4BIT_UNIT       18         33         0          33    <none> (D) 
      NOR_UNIT                                205        361         0         361    <none> (D) 
        SHF_left_unit                         142        249         0         249    <none> (D) 
      SHF_RIGHT_MAN                           130        233         0         233    <none> (D) 
      PSC_UNIT                                 86        158         0         158    <none> (D) 
      MAN_COMP_24BIT                           78        143         0         143    <none> (D) 
        u_i_data_1                             13         25         0          25    <none> (D) 
        u_i_data_4                             13         25         0          25    <none> (D) 
        u_i_data_3                             13         25         0          25    <none> (D) 
        u_i_data_2                             13         25         0          25    <none> (D) 
        u_i_data_5                             10         19         0          19    <none> (D) 
        u_i_data_0                             10         13         0          13    <none> (D) 
      MAN_SWAP                                 48        113         0         113    <none> (D) 
      MAN_SWAP_PRE                             46        110         0         110    <none> (D) 
      MAN_RND                                  26         91         0          91    <none> (D) 
      LOPD_24BIT                               58         85         0          85    <none> (D) 
        LOPD_16bit_UNIT_MSB                    34         52         0          52    <none> (D) 
          LOPD_8bit_unit_1                     14         20         0          20    <none> (D) 
          LOPD_8bit_unit_0                     14         20         0          20    <none> (D) 
        LOPD_8bit_UNIT_LSB                     14         20         0          20    <none> (D) 
      EXP_ADJUST                               37         75         0          75    <none> (D) 
        CLA_8BIT_UNIT                          30         66         0          66    <none> (D) 
          CLA_4BIT_UNIT_0                      18         34         0          34    <none> (D) 
          CLA_4BIT_UNIT_1                      11         29         0          29    <none> (D) 
      EXP_SUB                                  26         44         0          44    <none> (D) 
        CLA_8BIT_UNIT                          21         41         0          41    <none> (D) 
          CLA_4BIT_UNIT_0                      18         35         0          35    <none> (D) 
          CLA_4BIT_UNIT_1                       2          5         0           5    <none> (D) 
      EXP_COM_8BIT                             24         40         0          40    <none> (D) 
        COMP_LESS_UNIT                         24         40         0          40    <none> (D) 
          u_high                               13         25         0          25    <none> (D) 
          u_low                                10         13         0          13    <none> (D) 
      EXP_SWAP                                 13         31         0          31    <none> (D) 
      EXP_RND                                  15         29         0          29    <none> (D) 
      MAN_ALU_PROC_RND                          7         13         0          13    <none> (D) 
      SIGN_UNIT                                 1          2         0           2    <none> (D) 
    DATA_A_IM                                1120       2133         0        2133    <none> (D) 
      MAN_ALU                                 221        424         0         424    <none> (D) 
        ALU_SUB_UNIT                          124        234         0         234    <none> (D) 
          CLA_BLOCK_GEN[0].CLA_4BIT_UNIT       20         41         0          41    <none> (D) 
          CLA_BLOCK_GEN[4].CLA_4BIT_UNIT       15         34         0          34    <none> (D) 
          CLA_BLOCK_GEN[5].CLA_4BIT_UNIT       18         33         0          33    <none> (D) 
          CLA_BLOCK_GEN[3].CLA_4BIT_UNIT       18         33         0          33    <none> (D) 
          CLA_BLOCK_GEN[2].CLA_4BIT_UNIT       18         33         0          33    <none> (D) 
          CLA_BLOCK_GEN[1].CLA_4BIT_UNIT       18         33         0          33    <none> (D) 
      NOR_UNIT                                205        361         0         361    <none> (D) 
        SHF_left_unit                         142        249         0         249    <none> (D) 
      SHF_RIGHT_MAN                           130        233         0         233    <none> (D) 
      PSC_UNIT                                 86        158         0         158    <none> (D) 
      MAN_COMP_24BIT                           78        143         0         143    <none> (D) 
        u_i_data_1                             13         25         0          25    <none> (D) 
        u_i_data_4                             13         25         0          25    <none> (D) 
        u_i_data_3                             13         25         0          25    <none> (D) 
        u_i_data_2                             13         25         0          25    <none> (D) 
        u_i_data_5                             10         19         0          19    <none> (D) 
        u_i_data_0                             10         13         0          13    <none> (D) 
      MAN_SWAP                                 48        113         0         113    <none> (D) 
      MAN_SWAP_PRE                             46        110         0         110    <none> (D) 
      MAN_RND                                  26         91         0          91    <none> (D) 
      LOPD_24BIT                               58         85         0          85    <none> (D) 
        LOPD_16bit_UNIT_MSB                    34         52         0          52    <none> (D) 
          LOPD_8bit_unit_1                     14         20         0          20    <none> (D) 
          LOPD_8bit_unit_0                     14         20         0          20    <none> (D) 
        LOPD_8bit_UNIT_LSB                     14         20         0          20    <none> (D) 
      EXP_ADJUST                               37         75         0          75    <none> (D) 
        CLA_8BIT_UNIT                          30         66         0          66    <none> (D) 
          CLA_4BIT_UNIT_0                      18         34         0          34    <none> (D) 
          CLA_4BIT_UNIT_1                      11         29         0          29    <none> (D) 
      EXP_SUB                                  26         44         0          44    <none> (D) 
        CLA_8BIT_UNIT                          21         41         0          41    <none> (D) 
          CLA_4BIT_UNIT_0                      18         35         0          35    <none> (D) 
          CLA_4BIT_UNIT_1                       2          5         0           5    <none> (D) 
      EXP_COM_8BIT                             24         40         0          40    <none> (D) 
        COMP_LESS_UNIT                         24         40         0          40    <none> (D) 
          u_high                               13         25         0          25    <none> (D) 
          u_low                                10         13         0          13    <none> (D) 
      EXP_SWAP                                 13         31         0          31    <none> (D) 
      EXP_RND                                  15         29         0          29    <none> (D) 
      MAN_ALU_PROC_RND                          7         13         0          13    <none> (D) 
      SIGN_UNIT                                 1          2         0           2    <none> (D) 
  BFU2_S1_04                                 4482       8538         0        8538    <none> (D) 
    DATA_B_RE                                1121       2135         0        2135    <none> (D) 
      MAN_ALU                                 219        423         0         423    <none> (D) 
        ALU_SUB_UNIT                          124        234         0         234    <none> (D) 
          CLA_BLOCK_GEN[0].CLA_4BIT_UNIT       20         41         0          41    <none> (D) 
          CLA_BLOCK_GEN[4].CLA_4BIT_UNIT       15         34         0          34    <none> (D) 
          CLA_BLOCK_GEN[5].CLA_4BIT_UNIT       18         33         0          33    <none> (D) 
          CLA_BLOCK_GEN[3].CLA_4BIT_UNIT       18         33         0          33    <none> (D) 
          CLA_BLOCK_GEN[2].CLA_4BIT_UNIT       18         33         0          33    <none> (D) 
          CLA_BLOCK_GEN[1].CLA_4BIT_UNIT       18         33         0          33    <none> (D) 
      NOR_UNIT                                205        361         0         361    <none> (D) 
        SHF_left_unit                         142        249         0         249    <none> (D) 
      SHF_RIGHT_MAN                           130        233         0         233    <none> (D) 
      PSC_UNIT                                 88        160         0         160    <none> (D) 
      MAN_COMP_24BIT                           78        143         0         143    <none> (D) 
        u_i_data_1                             13         25         0          25    <none> (D) 
        u_i_data_4                             13         25         0          25    <none> (D) 
        u_i_data_3                             13         25         0          25    <none> (D) 
        u_i_data_2                             13         25         0          25    <none> (D) 
        u_i_data_5                             10         19         0          19    <none> (D) 
        u_i_data_0                             10         13         0          13    <none> (D) 
      MAN_SWAP                                 48        113         0         113    <none> (D) 
      MAN_SWAP_PRE                             46        110         0         110    <none> (D) 
      MAN_RND                                  26         91         0          91    <none> (D) 
      LOPD_24BIT                               58         85         0          85    <none> (D) 
        LOPD_16bit_UNIT_MSB                    34         52         0          52    <none> (D) 
          LOPD_8bit_unit_1                     14         20         0          20    <none> (D) 
          LOPD_8bit_unit_0                     14         20         0          20    <none> (D) 
        LOPD_8bit_UNIT_LSB                     14         20         0          20    <none> (D) 
      EXP_ADJUST                               37         75         0          75    <none> (D) 
        CLA_8BIT_UNIT                          30         66         0          66    <none> (D) 
          CLA_4BIT_UNIT_0                      18         34         0          34    <none> (D) 
          CLA_4BIT_UNIT_1                      11         29         0          29    <none> (D) 
      EXP_SUB                                  26         44         0          44    <none> (D) 
        CLA_8BIT_UNIT                          21         41         0          41    <none> (D) 
          CLA_4BIT_UNIT_0                      18         35         0          35    <none> (D) 
          CLA_4BIT_UNIT_1                       2          5         0           5    <none> (D) 
      EXP_COM_8BIT                             24         40         0          40    <none> (D) 
        COMP_LESS_UNIT                         24         40         0          40    <none> (D) 
          u_high                               13         25         0          25    <none> (D) 
          u_low                                10         13         0          13    <none> (D) 
      EXP_SWAP                                 13         31         0          31    <none> (D) 
      EXP_RND                                  15         29         0          29    <none> (D) 
      MAN_ALU_PROC_RND                          7         13         0          13    <none> (D) 
      SIGN_UNIT                                 2          3         0           3    <none> (D) 
    DATA_B_IM                                1121       2135         0        2135    <none> (D) 
      MAN_ALU                                 219        423         0         423    <none> (D) 
        ALU_SUB_UNIT                          124        234         0         234    <none> (D) 
          CLA_BLOCK_GEN[0].CLA_4BIT_UNIT       20         41         0          41    <none> (D) 
          CLA_BLOCK_GEN[4].CLA_4BIT_UNIT       15         34         0          34    <none> (D) 
          CLA_BLOCK_GEN[5].CLA_4BIT_UNIT       18         33         0          33    <none> (D) 
          CLA_BLOCK_GEN[3].CLA_4BIT_UNIT       18         33         0          33    <none> (D) 
          CLA_BLOCK_GEN[2].CLA_4BIT_UNIT       18         33         0          33    <none> (D) 
          CLA_BLOCK_GEN[1].CLA_4BIT_UNIT       18         33         0          33    <none> (D) 
      NOR_UNIT                                205        361         0         361    <none> (D) 
        SHF_left_unit                         142        249         0         249    <none> (D) 
      SHF_RIGHT_MAN                           130        233         0         233    <none> (D) 
      PSC_UNIT                                 88        160         0         160    <none> (D) 
      MAN_COMP_24BIT                           78        143         0         143    <none> (D) 
        u_i_data_1                             13         25         0          25    <none> (D) 
        u_i_data_4                             13         25         0          25    <none> (D) 
        u_i_data_3                             13         25         0          25    <none> (D) 
        u_i_data_2                             13         25         0          25    <none> (D) 
        u_i_data_5                             10         19         0          19    <none> (D) 
        u_i_data_0                             10         13         0          13    <none> (D) 
      MAN_SWAP                                 48        113         0         113    <none> (D) 
      MAN_SWAP_PRE                             46        110         0         110    <none> (D) 
      MAN_RND                                  26         91         0          91    <none> (D) 
      LOPD_24BIT                               58         85         0          85    <none> (D) 
        LOPD_16bit_UNIT_MSB                    34         52         0          52    <none> (D) 
          LOPD_8bit_unit_1                     14         20         0          20    <none> (D) 
          LOPD_8bit_unit_0                     14         20         0          20    <none> (D) 
        LOPD_8bit_UNIT_LSB                     14         20         0          20    <none> (D) 
      EXP_ADJUST                               37         75         0          75    <none> (D) 
        CLA_8BIT_UNIT                          30         66         0          66    <none> (D) 
          CLA_4BIT_UNIT_0                      18         34         0          34    <none> (D) 
          CLA_4BIT_UNIT_1                      11         29         0          29    <none> (D) 
      EXP_SUB                                  26         44         0          44    <none> (D) 
        CLA_8BIT_UNIT                          21         41         0          41    <none> (D) 
          CLA_4BIT_UNIT_0                      18         35         0          35    <none> (D) 
          CLA_4BIT_UNIT_1                       2          5         0           5    <none> (D) 
      EXP_COM_8BIT                             24         40         0          40    <none> (D) 
        COMP_LESS_UNIT                         24         40         0          40    <none> (D) 
          u_high                               13         25         0          25    <none> (D) 
          u_low                                10         13         0          13    <none> (D) 
      EXP_SWAP                                 13         31         0          31    <none> (D) 
      EXP_RND                                  15         29         0          29    <none> (D) 
      MAN_ALU_PROC_RND                          7         13         0          13    <none> (D) 
      SIGN_UNIT                                 2          3         0           3    <none> (D) 
    DATA_A_RE                                1120       2133         0        2133    <none> (D) 
      MAN_ALU                                 221        424         0         424    <none> (D) 
        ALU_SUB_UNIT                          124        234         0         234    <none> (D) 
          CLA_BLOCK_GEN[0].CLA_4BIT_UNIT       20         41         0          41    <none> (D) 
          CLA_BLOCK_GEN[4].CLA_4BIT_UNIT       15         34         0          34    <none> (D) 
          CLA_BLOCK_GEN[5].CLA_4BIT_UNIT       18         33         0          33    <none> (D) 
          CLA_BLOCK_GEN[3].CLA_4BIT_UNIT       18         33         0          33    <none> (D) 
          CLA_BLOCK_GEN[2].CLA_4BIT_UNIT       18         33         0          33    <none> (D) 
          CLA_BLOCK_GEN[1].CLA_4BIT_UNIT       18         33         0          33    <none> (D) 
      NOR_UNIT                                205        361         0         361    <none> (D) 
        SHF_left_unit                         142        249         0         249    <none> (D) 
      SHF_RIGHT_MAN                           130        233         0         233    <none> (D) 
      PSC_UNIT                                 86        158         0         158    <none> (D) 
      MAN_COMP_24BIT                           78        143         0         143    <none> (D) 
        u_i_data_1                             13         25         0          25    <none> (D) 
        u_i_data_4                             13         25         0          25    <none> (D) 
        u_i_data_3                             13         25         0          25    <none> (D) 
        u_i_data_2                             13         25         0          25    <none> (D) 
        u_i_data_5                             10         19         0          19    <none> (D) 
        u_i_data_0                             10         13         0          13    <none> (D) 
      MAN_SWAP                                 48        113         0         113    <none> (D) 
      MAN_SWAP_PRE                             46        110         0         110    <none> (D) 
      MAN_RND                                  26         91         0          91    <none> (D) 
      LOPD_24BIT                               58         85         0          85    <none> (D) 
        LOPD_16bit_UNIT_MSB                    34         52         0          52    <none> (D) 
          LOPD_8bit_unit_1                     14         20         0          20    <none> (D) 
          LOPD_8bit_unit_0                     14         20         0          20    <none> (D) 
        LOPD_8bit_UNIT_LSB                     14         20         0          20    <none> (D) 
      EXP_ADJUST                               37         75         0          75    <none> (D) 
        CLA_8BIT_UNIT                          30         66         0          66    <none> (D) 
          CLA_4BIT_UNIT_0                      18         34         0          34    <none> (D) 
          CLA_4BIT_UNIT_1                      11         29         0          29    <none> (D) 
      EXP_SUB                                  26         44         0          44    <none> (D) 
        CLA_8BIT_UNIT                          21         41         0          41    <none> (D) 
          CLA_4BIT_UNIT_0                      18         35         0          35    <none> (D) 
          CLA_4BIT_UNIT_1                       2          5         0           5    <none> (D) 
      EXP_COM_8BIT                             24         40         0          40    <none> (D) 
        COMP_LESS_UNIT                         24         40         0          40    <none> (D) 
          u_high                               13         25         0          25    <none> (D) 
          u_low                                10         13         0          13    <none> (D) 
      EXP_SWAP                                 13         31         0          31    <none> (D) 
      EXP_RND                                  15         29         0          29    <none> (D) 
      MAN_ALU_PROC_RND                          7         13         0          13    <none> (D) 
      SIGN_UNIT                                 1          2         0           2    <none> (D) 
    DATA_A_IM                                1120       2133         0        2133    <none> (D) 
      MAN_ALU                                 221        424         0         424    <none> (D) 
        ALU_SUB_UNIT                          124        234         0         234    <none> (D) 
          CLA_BLOCK_GEN[0].CLA_4BIT_UNIT       20         41         0          41    <none> (D) 
          CLA_BLOCK_GEN[4].CLA_4BIT_UNIT       15         34         0          34    <none> (D) 
          CLA_BLOCK_GEN[5].CLA_4BIT_UNIT       18         33         0          33    <none> (D) 
          CLA_BLOCK_GEN[3].CLA_4BIT_UNIT       18         33         0          33    <none> (D) 
          CLA_BLOCK_GEN[2].CLA_4BIT_UNIT       18         33         0          33    <none> (D) 
          CLA_BLOCK_GEN[1].CLA_4BIT_UNIT       18         33         0          33    <none> (D) 
      NOR_UNIT                                205        361         0         361    <none> (D) 
        SHF_left_unit                         142        249         0         249    <none> (D) 
      SHF_RIGHT_MAN                           130        233         0         233    <none> (D) 
      PSC_UNIT                                 86        158         0         158    <none> (D) 
      MAN_COMP_24BIT                           78        143         0         143    <none> (D) 
        u_i_data_1                             13         25         0          25    <none> (D) 
        u_i_data_4                             13         25         0          25    <none> (D) 
        u_i_data_3                             13         25         0          25    <none> (D) 
        u_i_data_2                             13         25         0          25    <none> (D) 
        u_i_data_5                             10         19         0          19    <none> (D) 
        u_i_data_0                             10         13         0          13    <none> (D) 
      MAN_SWAP                                 48        113         0         113    <none> (D) 
      MAN_SWAP_PRE                             46        110         0         110    <none> (D) 
      MAN_RND                                  26         91         0          91    <none> (D) 
      LOPD_24BIT                               58         85         0          85    <none> (D) 
        LOPD_16bit_UNIT_MSB                    34         52         0          52    <none> (D) 
          LOPD_8bit_unit_1                     14         20         0          20    <none> (D) 
          LOPD_8bit_unit_0                     14         20         0          20    <none> (D) 
        LOPD_8bit_UNIT_LSB                     14         20         0          20    <none> (D) 
      EXP_ADJUST                               37         75         0          75    <none> (D) 
        CLA_8BIT_UNIT                          30         66         0          66    <none> (D) 
          CLA_4BIT_UNIT_0                      18         34         0          34    <none> (D) 
          CLA_4BIT_UNIT_1                      11         29         0          29    <none> (D) 
      EXP_SUB                                  26         44         0          44    <none> (D) 
        CLA_8BIT_UNIT                          21         41         0          41    <none> (D) 
          CLA_4BIT_UNIT_0                      18         35         0          35    <none> (D) 
          CLA_4BIT_UNIT_1                       2          5         0           5    <none> (D) 
      EXP_COM_8BIT                             24         40         0          40    <none> (D) 
        COMP_LESS_UNIT                         24         40         0          40    <none> (D) 
          u_high                               13         25         0          25    <none> (D) 
          u_low                                10         13         0          13    <none> (D) 
      EXP_SWAP                                 13         31         0          31    <none> (D) 
      EXP_RND                                  15         29         0          29    <none> (D) 
      MAN_ALU_PROC_RND                          7         13         0          13    <none> (D) 
      SIGN_UNIT                                 1          2         0           2    <none> (D) 
  DETECT_START_STAGE1                           3         14         0          14    <none> (D) 

 (D) = wireload is default in technology library
