============================================================
  Generated by:           Genus(TM) Synthesis Solution GENUS15.20 - 15.20-p004_1
  Generated on:           Jan 05 2026  10:12:06 am
  Module:                 FFT_8Points
  Wireload mode:          enclosed
  Area mode:              timing library
============================================================

                                                 Leakage    Dynamic     Total   
                 Instance                 Cells Power(nW)  Power(nW)  Power(nW) 
--------------------------------------------------------------------------------
FFT_8Points                               66297 98677.718 347950.822 446628.541 
  BFU8_07                                 28122 38904.876  88796.735 127701.612 
    INPUT_DATA_5                           5049  7683.654  14579.543  22263.198 
      mul1_add                             1395  2355.056   3636.089   5991.145 
        MAN_MUL_UNIT                       1005  1870.775   2746.204   4616.979 
          MUL_UNIT_MAN_UNIT                 997  1864.026   2743.778   4607.805 
            m1                              438   749.194   1089.117   1838.311 
              m2                            188   305.134    468.923    774.058 
                csa_tree_add_46_27_groupi    50    89.384    130.490    219.873 
                m4                           49    77.124    137.754    214.879 
                  m2                          4     6.084      9.221     15.305 
                  m1                          4     5.555      8.463     14.018 
                m3                           49    74.244     95.005    169.249 
                  m2                          4     5.855     17.960     23.815 
                  m1                          4     5.183     11.959     17.142 
                m2                           20    33.042     63.474     96.516 
                  m2                          4     6.084     10.356     16.439 
                  m1                          4     5.578      8.463     14.040 
                m1                           20    31.341     42.200     73.541 
                  m2                          4     5.855     19.095     24.950 
                  m1                          4     5.575      8.363     13.937 
              m1                            186   292.284    335.381    627.665 
                csa_tree_add_46_27_groupi    51    94.264    102.195    196.459 
                m4                           50    74.340    169.669    244.009 
                  m1                          4     6.060     10.742     16.802 
                  m2                          4     5.851     18.985     24.836 
                m3                           45    62.698      0.000     62.698 
                  m1                          4     5.035      0.000      5.035 
                  m2                          4     5.035      0.000      5.035 
                m2                           20    32.009     63.517     95.527 
                  m1                          4     6.081     10.515     16.596 
                  m2                          4     5.851     18.985     24.836 
                m1                           20    28.972      0.000     28.972 
                  m1                          4     5.035      0.000      5.035 
                  m2                          4     5.035      0.000      5.035 
              csa_tree_add_74_27_groupi      64   151.776    284.812    436.588 
            m2                              239   472.799    755.537   1228.336 
              m2                            107   213.165    374.120    587.286 
                csa_tree_add_46_27_groupi    49    94.705    167.661    262.365 
                m3                           21    41.518     81.315    122.833 
                  m2                          4     5.855     19.549     25.404 
                  m1                          4     5.575      7.909     13.484 
                m4                           21    40.267     82.528    122.795 
                  m2                          4     6.084     11.263     17.347 
                  m1                          4     5.578      8.009     13.586 
                m1                            8    18.554     20.452     39.006 
                m2                            8    18.122     22.164     40.286 
              m1                            109   209.040    259.284    468.324 
                csa_tree_add_46_27_groupi    51    92.670    156.791    249.461 
                m4                           21    41.661     70.854    112.515 
                  m1                          4     6.081     11.196     17.277 
                  m2                          4     5.851     19.439     25.290 
                m3                           21    39.780      0.000     39.780 
                  m1                          4     5.035      0.000      5.035 
                  m2                          4     5.035      0.000      5.035 
                m2                            8    17.763     31.638     49.401 
                m1                            8    17.168      0.000     17.168 
            m3                              152   263.216    246.122    509.338 
              m1                            144   238.287    200.370    438.657 
                csa_tree_add_46_27_groupi    48    85.200    125.232    210.432 
                m2                           36    59.277     42.500    101.776 
                  m3                          4     6.059     12.754     18.812 
                  m1                          4     4.535      0.000      4.535 
                m4                           30    51.593      0.000     51.593 
                  m1                          4     4.990      0.000      4.990 
                m1                           18    28.212     32.638     60.850 
                  m3                          4     6.081      9.349     15.429 
                  m1                          4     5.035      0.000      5.035 
                m3                           12    14.006      0.000     14.006 
                  m1                          4     5.012      0.000      5.012 
            csa_tree_a..108_35_groupi        66   197.704    391.737    589.442 
            m4                              102   181.114    261.265    442.378 
              csa_tree_add_46_27_groupi      48    89.640    157.046    246.686 
              m3                             21    40.531     57.673     98.204 
                m2                            4     6.081     11.391     17.472 
                m1                            4     5.035      0.000      5.035 
              m4                             17    24.435      0.000     24.435 
                m1                            4     5.035      0.000      5.035 
              m1                              8    18.631     46.545     65.175 
              m2                              8     7.878      0.000      7.878 
        NOR_UNIT                            172   181.631    399.472    581.102 
          SHF_left_unit                     118   123.282    264.128    387.410 
        MAN_ROUNDING_UNIT                    24    76.457     75.994    152.451 
        MUL_EXP_ADJUST_UNIT                  45    72.224     47.153    119.378 
          CLA_8BIT_UNIT                      30    54.131     31.309     85.440 
            CLA_4BIT_UNIT_0                  18    28.576     15.753     44.329 
            CLA_4BIT_UNIT_1                  11    24.151     15.556     39.708 
        LOPD_UNIT                            58    51.968     80.476    132.444 
          LOPD_16bit_UNIT_MSB                34    31.185     54.381     85.566 
            LOPD_8bit_unit_0                 14    12.787     25.477     38.264 
            LOPD_8bit_unit_1                 14    12.591     28.904     41.494 
          LOPD_8bit_UNIT_LSB                 14    12.311     25.489     37.800 
        EXP_ROUNDING_UNIT                    15    21.651     12.831     34.482 
        MUL_EXP_UNIT                         21    19.136     21.644     40.779 
        PSC_UNIT                             12    10.645     24.068     34.713 
      mul1_sub                             1395  2333.134   4408.937   6742.071 
        MAN_MUL_UNIT                       1005  1859.972   3225.997   5085.969 
          MUL_UNIT_MAN_UNIT                 997  1854.439   3214.821   5069.260 
            m1                              438   747.371   1180.750   1928.121 
              m2                            188   308.424    395.746    704.170 
                csa_tree_add_46_27_groupi    50    92.603    139.395    231.998 
                m4                           49    76.850     64.801    141.650 
                  m2                          4     6.084      9.221     15.305 
                  m1                          4     5.012      0.000      5.012 
                m3                           49    75.558    130.518    206.076 
                  m2                          4     5.578      8.766     14.343 
                  m1                          4     4.684      0.000      4.684 
                m1                           20    31.807     27.314     59.121 
                  m1                          4     6.132      0.000      6.132 
                  m2                          4     5.578      7.178     12.755 
                m2                           20    31.606     33.718     65.324 
                  m2                          4     6.084     10.356     16.439 
                  m1                          4     5.035      0.000      5.035 
              m1                            186   293.777    495.223    789.000 
                csa_tree_add_46_27_groupi    51    91.312    140.935    232.246 
                m4                           50    71.346    126.172    197.518 
                  m2                          4     6.132      0.000      6.132 
                  m1                          4     6.060     10.742     16.802 
                m3                           45    67.841    141.887    209.728 
                  m1                          4     5.806     16.768     22.574 
                  m2                          4     5.578      8.241     13.818 
                m2                           20    32.213     31.222     63.435 
                  m2                          4     6.132      0.000      6.132 
                  m1                          4     6.081     10.515     16.596 
                m1                           20    31.065     55.007     86.072 
                  m1                          4     5.806     15.179     20.986 
                  m2                          4     5.578      7.106     12.684 
              csa_tree_add_74_27_groupi      64   145.170    289.781    434.952 
            m2                              239   474.262    778.205   1252.467 
              m1                            109   212.760    400.122    612.883 
                csa_tree_add_46_27_groupi    51    91.312    159.914    251.226 
                m4                           21    43.016     39.087     82.102 
                  m2                          4     6.132      0.000      6.132 
                  m1                          4     6.081     11.196     17.277 
                m3                           21    42.158     96.406    138.564 
                  m1                          4     5.806     16.087     21.893 
                  m2                          4     5.578      8.468     14.045 
                m2                            8    18.233     48.970     67.203 
                m1                            8    18.042     55.746     73.788 
              m2                            107   212.630    329.932    542.562 
                csa_tree_add_46_27_groupi    49    92.372    137.842    230.214 
                m3                           21    42.673     31.550     74.223 
                  m1                          4     6.132      0.000      6.132 
                  m2                          4     5.578      8.539     14.117 
                m4                           21    40.533     57.675     98.208 
                  m2                          4     6.084     11.263     17.347 
                  m1                          4     5.035      0.000      5.035 
                m2                            8    18.631     45.549     64.179 
                m1                            8    18.422     57.316     75.738 
            m3                              152   254.882    434.725    689.607 
              m1                            144   231.600    411.003    642.603 
                csa_tree_add_46_27_groupi    48    81.974    141.259    223.233 
                m2                           36    58.534    100.374    158.908 
                  m3                          4     5.235     12.202     17.437 
                  m1                          4     4.970      0.000      4.970 
                m4                           30    47.747     83.788    131.535 
                  m1                          4     5.533     14.133     19.666 
                m1                           18    29.433     51.804     81.238 
                  m1                          4     6.671      0.000      6.671 
                  m3                          4     5.257     12.883     18.140 
                m3                           12    13.911     33.778     47.689 
                  m1                          4     5.555     10.729     16.284 
            csa_tree_a..108_35_groupi        66   196.165    491.647    687.812 
            m4                              102   181.759    329.494    511.253 
              csa_tree_add_46_27_groupi      48    89.282    147.435    236.718 
              m3                             21    42.203     77.922    120.125 
                m1                            4     6.671      0.000      6.671 
                m2                            4     5.257     12.429     17.687 
              m4                             17    24.478     56.820     81.299 
                m1                            4     5.578      9.175     14.753 
              m1                              8    18.667     19.876     38.542 
              m2                              8     7.129     27.440     34.569 
        NOR_UNIT                            172   177.695    568.639    746.333 
          SHF_left_unit                     118   121.126    343.432    464.558 
        MAN_ROUNDING_UNIT                    24    76.418     83.162    159.580 
        MUL_EXP_ADJUST_UNIT                  45    70.914     98.934    169.848 
          CLA_8BIT_UNIT                      30    52.425     75.645    128.070 
            CLA_4BIT_UNIT_0                  18    26.871     60.088     86.959 
            CLA_4BIT_UNIT_1                  11    24.151     15.556     39.708 
        LOPD_UNIT                            58    53.023    127.179    180.202 
          LOPD_16bit_UNIT_MSB                34    31.531     48.963     80.494 
            LOPD_8bit_unit_0                 14    13.387     32.938     46.325 
            LOPD_8bit_unit_1                 14    11.981     10.637     22.618 
          LOPD_8bit_UNIT_LSB                 14    13.144     39.342     52.486 
        EXP_ROUNDING_UNIT                    15    21.651     12.831     34.482 
        MUL_EXP_UNIT                         21    20.286     54.635     74.921 
        PSC_UNIT                             12     7.509     11.578     19.087 
      DATA_A_IM                            1127  1509.998   3415.614   4925.612 
        MAN_ALU                             219   342.725    419.640    762.365 
          ALU_SUB_UNIT                      124   193.215    176.707    369.922 
            CLA_BLOCK_..CLA_4BIT_UNIT        20    34.394     55.173     89.567 
            CLA_BLOCK_..CLA_4BIT_UNIT        18    29.383     16.326     45.709 
            CLA_BLOCK_..CLA_4BIT_UNIT        18    28.860      1.303     30.163 
            CLA_BLOCK_..CLA_4BIT_UNIT        18    28.562      1.277     29.839 
            CLA_BLOCK_..CLA_4BIT_UNIT        15    28.306     48.924     77.230 
            CLA_BLOCK_..CLA_4BIT_UNIT        18    27.573     43.461     71.033 
        NOR_UNIT                            211   216.203    857.804   1074.008 
          SHF_left_unit                     148   146.829    501.746    648.575 
        SHF_RIGHT_MAN                       132   129.653    518.302    647.955 
        PSC_UNIT                             86   110.734    170.858    281.592 
        MAN_SWAP                             48   108.465    150.882    259.348 
        MAN_COMP_24BIT                       80    99.213    125.883    225.096 
          u_i_data_4                         13    18.833     46.355     65.188 
          u_i_data_1                         13    18.492     15.579     34.070 
          u_i_data_2                         13    17.042     27.423     44.465 
          u_i_data_5                         12    15.446      0.000     15.446 
          u_i_data_3                         13    14.342      6.682     21.024 
          u_i_data_0                         10     8.995     29.590     38.585 
        MAN_SWAP_PRE                         46    81.117    159.115    240.232 
        MAN_RND                              26    79.057     89.827    168.884 
        EXP_ADJUST                           37    60.150    171.040    231.191 
          CLA_8BIT_UNIT                      30    51.900    113.707    165.607 
            CLA_4BIT_UNIT_0                  18    28.251     63.883     92.134 
            CLA_4BIT_UNIT_1                  11    22.205     44.977     67.182 
        LOPD_24BIT                           57    53.849     81.000    134.849 
          LOPD_16bit_UNIT_MSB                34    33.340     53.933     87.274 
            LOPD_8bit_unit_0                 14    14.032     21.734     35.767 
            LOPD_8bit_unit_1                 14    13.151     26.856     40.007 
          LOPD_8bit_UNIT_LSB                 14    10.891     17.764     28.655 
        EXP_SUB                              25    38.188    111.337    149.524 
          CLA_8BIT_UNIT                      20    35.819    102.532    138.351 
            CLA_4BIT_UNIT_0                  17    29.282    102.532    131.814 
            CLA_4BIT_UNIT_1                   2     5.361      0.000      5.361 
        EXP_COM_8BIT                         24    26.085     31.581     57.667 
          COMP_LESS_UNIT                     24    26.085     31.581     57.667 
            u_high                           13    16.246      8.845     25.092 
            u_low                            10     8.531     22.736     31.267 
        EXP_SWAP                             13    21.884     29.344     51.228 
        EXP_RND                              15    21.624     19.998     41.622 
        MAN_ALU_PROC_RND                      7    12.605     39.583     52.189 
        SIGN_UNIT                             2     1.754      5.231      6.986 
      DATA_A_RE                            1132  1485.466   3118.903   4604.370 
        MAN_ALU                             221   325.695    599.416    925.111 
          ALU_SUB_UNIT                      124   189.828    335.850    525.678 
            CLA_BLOCK_..CLA_4BIT_UNIT        20    33.242     76.170    109.411 
            CLA_BLOCK_..CLA_4BIT_UNIT        18    29.719      0.000     29.719 
            CLA_BLOCK_..CLA_4BIT_UNIT        18    28.727     47.277     76.005 
            CLA_BLOCK_..CLA_4BIT_UNIT        15    27.500     52.307     79.807 
            CLA_BLOCK_..CLA_4BIT_UNIT        18    27.288     42.185     69.473 
            CLA_BLOCK_..CLA_4BIT_UNIT        18    26.939     79.136    106.075 
        NOR_UNIT                            211   203.745    623.565    827.310 
          SHF_left_unit                     148   137.855    464.487    602.342 
        SHF_RIGHT_MAN                       132   129.653    518.302    647.955 
        PSC_UNIT                             90   111.763    173.779    285.542 
        MAN_SWAP                             48   108.421    152.183    260.605 
        MAN_COMP_24BIT                       80    99.213    125.883    225.096 
          u_i_data_4                         13    18.833     46.355     65.188 
          u_i_data_1                         13    18.492     15.579     34.070 
          u_i_data_2                         13    17.042     27.423     44.465 
          u_i_data_5                         12    15.446      0.000     15.446 
          u_i_data_3                         13    14.342      6.682     21.024 
          u_i_data_0                         10     8.995     29.590     38.585 
        MAN_SWAP_PRE                         46    81.117    159.115    240.232 
        MAN_RND                              26    77.524     78.663    156.187 
        EXP_ADJUST                           37    60.910     32.837     93.747 
          CLA_8BIT_UNIT                      30    55.185     32.837     88.022 
            CLA_4BIT_UNIT_0                  18    29.754     16.610     46.364 
            CLA_4BIT_UNIT_1                  11    24.027     16.227     40.254 
        LOPD_24BIT                           57    59.566     70.300    129.866 
          LOPD_16bit_UNIT_MSB                34    33.412     46.893     80.304 
            LOPD_8bit_unit_1                 14    13.813     12.611     26.424 
            LOPD_8bit_unit_0                 14    13.512     34.210     47.722 
          LOPD_8bit_UNIT_LSB                 14    15.624     22.377     38.001 
        EXP_SUB                              25    38.188    111.337    149.524 
          CLA_8BIT_UNIT                      20    35.819    102.532    138.351 
            CLA_4BIT_UNIT_0                  17    29.282    102.532    131.814 
            CLA_4BIT_UNIT_1                   2     5.361      0.000      5.361 
        EXP_COM_8BIT                         24    26.085     31.581     57.667 
          COMP_LESS_UNIT                     24    26.085     31.581     57.667 
            u_high                           13    16.246      8.845     25.092 
            u_low                            10     8.531     22.736     31.267 
        EXP_SWAP                             13    21.884     29.344     51.228 
        EXP_RND                              15    21.597     14.054     35.651 
        MAN_ALU_PROC_RND                      7    12.605     39.583     52.189 
        SIGN_UNIT                             1     1.731     13.767     15.498 
    INPUT_DATA_7                           5049  7610.441  16612.356  24222.797 
      mul1_add                             1395  2316.532   3984.813   6301.345 
        MAN_MUL_UNIT                       1005  1826.775   2635.654   4462.429 
          MUL_UNIT_MAN_UNIT                 997  1817.255   2601.801   4419.056 
            m1                              438   721.593    865.582   1587.175 
              m2                            188   287.830    217.026    504.856 
                csa_tree_add_46_27_groupi    50    86.444    112.655    199.099 
                m4                           49    72.864     81.461    154.324 
                  m1                          4     5.555      8.463     14.018 
                  m2                          4     5.035      0.000      5.035 
                m3                           49    69.616      0.000     69.616 
                  m2                          4     5.035      0.000      5.035 
                  m1                          4     4.557      0.000      4.557 
                m2                           20    29.934     22.910     52.844 
                  m1                          4     5.578      8.463     14.040 
                  m2                          4     5.035      0.000      5.035 
                m1                           20    28.972      0.000     28.972 
                  m1                          4     5.035      0.000      5.035 
                  m2                          4     5.035      0.000      5.035 
              m1                            186   285.578    433.242    718.820 
                csa_tree_add_46_27_groupi    51    90.570    168.409    258.979 
                m4                           50    70.516     45.087    115.603 
                  m1                          4     5.235     15.312     20.547 
                  m2                          4     5.035      0.000      5.035 
                m3                           45    64.541    150.723    215.264 
                  m2                          4     5.855     19.834     25.689 
                  m1                          4     5.257     13.368     18.625 
                m1                           20    30.756     57.148     87.904 
                  m2                          4     5.855     18.926     24.781 
                  m1                          4     5.257     11.326     16.583 
                m2                           20    29.195     11.876     41.071 
                  m1                          4     5.257     11.876     17.133 
                  m2                          4     5.035      0.000      5.035 
              csa_tree_add_74_27_groupi      64   148.184    215.314    363.499 
            m2                              239   461.578    528.259    989.837 
              m1                            109   205.617    282.060    487.677 
                csa_tree_add_46_27_groupi    51    89.137    128.658    217.795 
                m3                           21    40.871     81.337    122.209 
                  m2                          4     5.855     19.380     25.235 
                  m1                          4     5.257     12.687     17.944 
                m4                           21    40.328     26.222     66.550 
                  m1                          4     5.257     11.876     17.133 
                  m2                          4     5.035      0.000      5.035 
                m1                            8    18.126     37.089     55.215 
                m2                            8    17.155      8.753     25.909 
              m2                            107   202.070    187.561    389.631 
                csa_tree_add_46_27_groupi    49    86.403    110.414    196.817 
                m4                           21    41.085     50.792     91.876 
                  m1                          4     5.578      8.009     13.586 
                  m2                          4     5.035      0.000      5.035 
                m3                           21    39.780      0.000     39.780 
                  m1                          4     5.035      0.000      5.035 
                  m2                          4     5.035      0.000      5.035 
                m2                            8    17.635     26.355     43.990 
                m1                            8    17.168      0.000     17.168 
            m3                              152   256.706    454.441    711.147 
              m1                            144   231.804    391.831    623.635 
                csa_tree_add_46_27_groupi    48    84.988    137.042    222.030 
                m2                           36    56.845    127.267    184.112 
                  m3                          4     5.235     12.202     17.437 
                  m1                          4     4.737     19.842     24.578 
                m4                           30    49.767     45.103     94.869 
                  m1                          4     4.990      0.000      4.990 
                m1                           18    26.918     48.366     75.284 
                  m1                          4     5.257     12.863     18.120 
                  m3                          4     5.257     12.883     18.140 
                m3                           12    13.287     34.054     47.341 
                  m1                          4     5.012      0.000      5.012 
            csa_tree_a..108_35_groupi        66   197.412    404.018    601.430 
            m4                              102   179.966    349.501    529.467 
              csa_tree_add_46_27_groupi      48    91.064    184.645    275.709 
              m3                             21    40.520     75.583    116.103 
                m1                            4     5.257     12.863     18.120 
                m2                            4     5.257     12.429     17.687 
              m4                             17    23.053     41.327     64.380 
                m1                            4     5.035      0.000      5.035 
              m1                              8    17.729     26.439     44.168 
              m2                              8     7.600     21.508     29.107 
        NOR_UNIT                            172   178.699    655.435    834.134 
          SHF_left_unit                     118   122.083    393.977    516.061 
        MAN_ROUNDING_UNIT                    24    76.897     84.151    161.048 
        MUL_EXP_ADJUST_UNIT                  45    76.685     58.522    135.207 
          CLA_8BIT_UNIT                      30    56.551     35.686     92.237 
            CLA_4BIT_UNIT_0                  18    30.780     20.037     50.817 
            CLA_4BIT_UNIT_1                  11    24.151     15.556     39.708 
        LOPD_UNIT                            58    53.245    118.972    172.217 
          LOPD_16bit_UNIT_MSB                34    31.004     54.584     85.588 
            LOPD_8bit_unit_1                 14    12.566     28.390     40.956 
            LOPD_8bit_unit_0                 14    12.274     20.841     33.115 
          LOPD_8bit_UNIT_LSB                 14    13.814     35.043     48.857 
        EXP_ROUNDING_UNIT                    15    21.446     12.831     34.277 
        MUL_EXP_UNIT                         21    20.489     45.032     65.521 
        PSC_UNIT                             12    15.536     42.228     57.764 
      mul1_sub                             1395  2313.409   4753.165   7066.574 
        MAN_MUL_UNIT                       1005  1837.149   3444.007   5281.156 
          MUL_UNIT_MAN_UNIT                 997  1829.032   3405.023   5234.055 
            m1                              438   732.395   1309.192   2041.586 
              m2                            188   292.830    579.633    872.463 
                csa_tree_add_46_27_groupi    50    85.761    160.088    245.849 
                m3                           49    74.357    141.318    215.675 
                  m2                          4     5.578      8.766     14.343 
                  m1                          4     5.183     11.959     17.142 
                m4                           49    71.126    170.771    241.897 
                  m2                          4     5.855     17.935     23.790 
                  m1                          4     5.235     14.672     19.908 
                m1                           20    30.836     49.216     80.052 
                  m1                          4     5.578      8.363     13.940 
                  m2                          4     5.578      7.178     12.755 
                m2                           20    30.750     58.240     88.990 
                  m2                          4     5.855     19.070     24.925 
                  m1                          4     5.257     11.916     17.173 
              m1                            186   292.191    439.616    731.807 
                csa_tree_add_46_27_groupi    51    92.772    143.227    235.999 
                m4                           50    71.240     95.475    166.714 
                  m2                          4     5.578      8.792     14.370 
                  m1                          4     5.012      0.000      5.012 
                m3                           45    67.469    125.015    192.485 
                  m1                          4     5.578      7.781     13.358 
                  m2                          4     5.578      8.241     13.818 
                m1                           20    30.836     48.062     78.898 
                  m1                          4     5.578      8.235     13.812 
                  m2                          4     5.578      7.106     12.684 
                m2                           20    29.875     27.837     57.711 
                  m2                          4     5.578      7.204     12.781 
                  m1                          4     5.035      0.000      5.035 
              csa_tree_add_74_27_groupi      64   147.373    289.942    437.316 
            m2                              239   469.442    851.839   1321.282 
              m1                            109   211.119    358.311    569.430 
                csa_tree_add_46_27_groupi    51    92.225    155.899    248.124 
                m3                           21    41.754     82.481    124.235 
                  m1                          4     5.578      7.781     13.358 
                  m2                          4     5.578      8.468     14.045 
                m4                           21    40.449     30.270     70.720 
                  m2                          4     5.578      8.565     14.143 
                  m1                          4     5.035      0.000      5.035 
                m2                            8    18.634     43.501     62.135 
                m1                            8    18.057     46.159     64.216 
              m2                            107   206.536    408.329    614.865 
                csa_tree_add_46_27_groupi    49    87.774    161.186    248.960 
                m3                           21    41.754     83.092    124.846 
                  m1                          4     5.578      7.909     13.486 
                  m2                          4     5.578      8.539     14.117 
                m4                           21    40.871     80.621    121.493 
                  m2                          4     5.855     19.524     25.379 
                  m1                          4     5.257     11.916     17.173 
                m2                            8    18.080     36.325     54.405 
                m1                            8    18.057     47.105     65.162 
            m3                              152   250.378    475.571    725.949 
              m1                            144   225.807    440.555    666.363 
                csa_tree_add_46_27_groupi    48    82.351    137.363    219.714 
                m2                           36    56.845    127.267    184.112 
                  m3                          4     5.235     12.202     17.437 
                  m1                          4     4.737     19.842     24.578 
                m4                           30    46.424    104.534    150.958 
                  m1                          4     5.533     14.133     19.666 
                m1                           18    26.918     48.366     75.284 
                  m1                          4     5.257     12.863     18.120 
                  m3                          4     5.257     12.883     18.140 
                m3                           12    13.270     23.025     36.295 
                  m1                          4     5.555     10.729     16.284 
            csa_tree_a..108_35_groupi        66   199.779    422.181    621.960 
            m4                              102   177.038    346.240    523.278 
              csa_tree_add_46_27_groupi      48    87.855    158.675    246.530 
              m3                             21    40.520     75.583    116.103 
                m1                            4     5.257     12.863     18.120 
                m2                            4     5.257     12.429     17.687 
              m4                             17    23.728     50.148     73.876 
                m1                            4     5.578      9.175     14.753 
              m1                              8    17.729     26.439     44.168 
              m2                              8     7.207     35.394     42.601 
        NOR_UNIT                            172   178.397    578.110    756.506 
          SHF_left_unit                     118   122.497    456.601    579.098 
        MAN_ROUNDING_UNIT                    24    77.027     70.071    147.098 
        MUL_EXP_ADJUST_UNIT                  45    76.098     52.051    128.149 
          CLA_8BIT_UNIT                      30    56.466     35.618     92.085 
            CLA_4BIT_UNIT_0                  18    30.695     19.970     50.665 
            CLA_4BIT_UNIT_1                  11    24.151     15.556     39.708 
        LOPD_UNIT                            58    51.778    142.560    194.338 
          LOPD_16bit_UNIT_MSB                34    31.618     68.035     99.652 
            LOPD_8bit_unit_1                 14    13.313     34.281     47.594 
            LOPD_8bit_unit_0                 14    12.183     23.083     35.266 
          LOPD_8bit_UNIT_LSB                 14    12.129      8.731     20.860 
        EXP_ROUNDING_UNIT                    15    21.446     12.831     34.277 
        MUL_EXP_UNIT                         21    19.172     21.265     40.437 
        PSC_UNIT                             12    10.515     48.339     58.854 
      DATA_A_IM                            1127  1492.291   4130.176   5622.467 
        MAN_ALU                             219   334.555    688.709   1023.264 
          ALU_SUB_UNIT                      124   189.724    397.566    587.290 
            CLA_BLOCK_..CLA_4BIT_UNIT        20    34.817     75.620    110.437 
            CLA_BLOCK_..CLA_4BIT_UNIT        18    29.212     50.638     79.850 
            CLA_BLOCK_..CLA_4BIT_UNIT        15    28.994      5.436     34.430 
            CLA_BLOCK_..CLA_4BIT_UNIT        18    26.968     73.916    100.885 
            CLA_BLOCK_..CLA_4BIT_UNIT        18    26.543     75.316    101.859 
            CLA_BLOCK_..CLA_4BIT_UNIT        18    26.508     72.675     99.182 
        NOR_UNIT                            211   217.239    824.430   1041.669 
          SHF_left_unit                     148   147.051    454.051    601.102 
        SHF_RIGHT_MAN                       132   130.855    640.255    771.110 
        MAN_SWAP                             48   107.756    209.934    317.690 
        PSC_UNIT                             86   106.657    212.858    319.516 
        MAN_COMP_24BIT                       80    99.675    216.148    315.823 
          u_i_data_4                         13    18.864     57.513     76.377 
          u_i_data_2                         13    17.929     55.812     73.741 
          u_i_data_1                         13    17.276     32.429     49.705 
          u_i_data_3                         13    16.510     18.870     35.380 
          u_i_data_5                         12    13.906      6.596     20.502 
          u_i_data_0                         10     8.845     37.016     45.862 
        MAN_SWAP_PRE                         46    81.921    203.936    285.857 
        MAN_RND                              26    78.508     71.162    149.670 
        EXP_ADJUST                           37    60.462    145.373    205.835 
          CLA_8BIT_UNIT                      30    52.211     88.040    140.251 
            CLA_4BIT_UNIT_0                  18    28.617     37.779     66.396 
            CLA_4BIT_UNIT_1                  11    22.205     44.977     67.182 
        LOPD_24BIT                           57    50.313     81.020    131.333 
          LOPD_16bit_UNIT_MSB                34    28.889     38.835     67.724 
            LOPD_8bit_unit_1                 14    11.976      9.149     21.124 
            LOPD_8bit_unit_0                 14    10.979     24.344     35.323 
          LOPD_8bit_UNIT_LSB                 14    11.806     32.882     44.688 
        EXP_SUB                              25    38.667    119.376    158.043 
          CLA_8BIT_UNIT                      20    36.553    116.109    152.661 
            CLA_4BIT_UNIT_0                  17    30.016    116.109    146.125 
            CLA_4BIT_UNIT_1                   2     5.361      0.000      5.361 
        EXP_COM_8BIT                         24    25.931     26.016     51.947 
          COMP_LESS_UNIT                     24    25.931     26.016     51.947 
            u_high                           13    16.246      8.845     25.092 
            u_low                            10     8.376     17.171     25.548 
        EXP_SWAP                             13    21.804     42.693     64.497 
        EXP_RND                              15    21.446     14.054     35.500 
        MAN_ALU_PROC_RND                      7    12.706     26.311     39.017 
        SIGN_UNIT                             2     2.070      3.695      5.765 
      DATA_A_RE                            1132  1488.209   3744.202   5232.410 
        MAN_ALU                             221   332.252    624.972    957.225 
          ALU_SUB_UNIT                      124   191.342    302.307    493.649 
            CLA_BLOCK_..CLA_4BIT_UNIT        20    32.550     39.537     72.087 
            CLA_BLOCK_..CLA_4BIT_UNIT        18    29.851     32.867     62.718 
            CLA_BLOCK_..CLA_4BIT_UNIT        18    28.980     49.490     78.470 
            CLA_BLOCK_..CLA_4BIT_UNIT        18    28.737     70.233     98.970 
            CLA_BLOCK_..CLA_4BIT_UNIT        18    27.877     52.102     79.980 
            CLA_BLOCK_..CLA_4BIT_UNIT        15    27.828     34.250     62.079 
        NOR_UNIT                            211   210.110    689.843    899.953 
          SHF_left_unit                     148   143.069    516.607    659.675 
        SHF_RIGHT_MAN                       132   130.855    640.255    771.110 
        MAN_SWAP                             48   107.713    212.143    319.855 
        PSC_UNIT                             90   105.521    213.997    319.518 
        MAN_COMP_24BIT                       80    99.675    216.148    315.823 
          u_i_data_4                         13    18.864     57.513     76.377 
          u_i_data_2                         13    17.929     55.812     73.741 
          u_i_data_1                         13    17.276     32.429     49.705 
          u_i_data_3                         13    16.510     18.870     35.380 
          u_i_data_5                         12    13.906      6.596     20.502 
          u_i_data_0                         10     8.845     37.016     45.862 
        MAN_SWAP_PRE                         46    81.921    203.936    285.857 
        MAN_RND                              26    78.115     92.151    170.265 
        EXP_ADJUST                           37    60.958     75.877    136.835 
          CLA_8BIT_UNIT                      30    55.233     75.877    131.110 
            CLA_4BIT_UNIT_0                  18    29.586     59.558     89.143 
            CLA_4BIT_UNIT_1                  11    24.027     16.227     40.254 
        LOPD_24BIT                           57    56.960    116.131    173.090 
          LOPD_16bit_UNIT_MSB                34    32.291     62.625     94.916 
            LOPD_8bit_unit_0                 14    13.486     41.590     55.076 
            LOPD_8bit_unit_1                 14    12.717     20.964     33.682 
          LOPD_8bit_UNIT_LSB                 14    14.138     52.475     66.613 
        EXP_SUB                              25    38.667    119.376    158.043 
          CLA_8BIT_UNIT                      20    36.553    116.109    152.661 
            CLA_4BIT_UNIT_0                  17    30.016    116.109    146.125 
            CLA_4BIT_UNIT_1                   2     5.361      0.000      5.361 
        EXP_COM_8BIT                         24    25.931     26.016     51.947 
          COMP_LESS_UNIT                     24    25.931     26.016     51.947 
            u_high                           13    16.246      8.845     25.092 
            u_low                            10     8.376     17.171     25.548 
        EXP_SWAP                             13    21.804     42.693     64.497 
        EXP_RND                              15    21.549     27.058     48.607 
        MAN_ALU_PROC_RND                      7    12.706     26.311     39.017 
        SIGN_UNIT                             1     1.689      5.359      7.049 
    BFU2_UNIT2                             4514  5952.144  14539.728  20491.872 
      DATA_B_RE                            1129  1507.420   2986.711   4494.131 
        MAN_ALU                             219   335.226    516.721    851.946 
          ALU_SUB_UNIT                      124   184.391    257.324    441.715 
            CLA_BLOCK_..CLA_4BIT_UNIT        20    32.572     68.837    101.409 
            CLA_BLOCK_..CLA_4BIT_UNIT        18    29.283     30.009     59.292 
            CLA_BLOCK_..CLA_4BIT_UNIT        18    28.756     27.783     56.539 
            CLA_BLOCK_..CLA_4BIT_UNIT        15    26.367     46.422     72.789 
            CLA_BLOCK_..CLA_4BIT_UNIT        18    26.054     53.347     79.400 
            CLA_BLOCK_..CLA_4BIT_UNIT        18    25.957     20.863     46.820 
        NOR_UNIT                            211   212.244    539.640    751.884 
          SHF_left_unit                     148   144.802    396.756    541.558 
        SHF_RIGHT_MAN                       132   127.154    615.049    742.203 
        MAN_SWAP                             48   107.625    174.340    281.965 
        MAN_SWAP_PRE                         46   104.034    152.112    256.147 
        PSC_UNIT                             88   100.421    151.274    251.695 
        MAN_COMP_24BIT                       80    96.369    200.671    297.041 
          u_i_data_2                         13    18.651     40.870     59.521 
          u_i_data_1                         13    17.543     48.708     66.251 
          u_i_data_4                         13    17.362     29.930     47.292 
          u_i_data_3                         13    15.404     36.239     51.643 
          u_i_data_5                         12    12.480     17.047     29.527 
          u_i_data_0                         10     8.699     24.078     32.777 
        MAN_RND                              26    78.903     79.962    158.865 
        EXP_ADJUST                           37    59.958     74.081    134.039 
          CLA_8BIT_UNIT                      30    54.233     74.081    128.314 
            CLA_4BIT_UNIT_0                  18    29.172     33.471     62.643 
            CLA_4BIT_UNIT_1                  11    23.658     40.609     64.267 
        LOPD_24BIT                           57    53.681     80.240    133.921 
          LOPD_16bit_UNIT_MSB                34    30.499     39.281     69.779 
            LOPD_8bit_unit_1                 14    13.083     30.577     43.660 
            LOPD_8bit_unit_0                 14    11.073      8.704     19.777 
          LOPD_8bit_UNIT_LSB                 14    13.044     40.959     54.003 
        EXP_SUB                              25    40.066     79.487    119.553 
          CLA_8BIT_UNIT                      20    36.936     69.683    106.620 
            CLA_4BIT_UNIT_0                  17    30.889     69.683    100.573 
            CLA_4BIT_UNIT_1                   2     4.871      0.000      4.871 
        EXP_SWAP                             13    28.956     62.908     91.864 
        EXP_COM_8BIT                         24    26.895     49.824     76.719 
          COMP_LESS_UNIT                     24    26.895     49.824     76.719 
            u_high                           13    16.645     35.837     52.482 
            u_low                            10     8.615     13.922     22.537 
        EXP_RND                              15    21.775     34.128     55.903 
        MAN_ALU_PROC_RND                      7    14.203     40.458     54.661 
        SIGN_UNIT                             2     2.242      0.000      2.242 
      DATA_A_RE                            1128  1494.910   3563.233   5058.143 
        MAN_ALU                             221   327.836    725.434   1053.270 
          ALU_SUB_UNIT                      124   190.439    432.741    623.180 
            CLA_BLOCK_..CLA_4BIT_UNIT        20    33.361     90.010    123.370 
            CLA_BLOCK_..CLA_4BIT_UNIT        18    30.318     60.934     91.251 
            CLA_BLOCK_..CLA_4BIT_UNIT        15    29.860     62.768     92.628 
            CLA_BLOCK_..CLA_4BIT_UNIT        18    27.072     65.640     92.712 
            CLA_BLOCK_..CLA_4BIT_UNIT        18    26.860     64.214     91.074 
            CLA_BLOCK_..CLA_4BIT_UNIT        18    25.976     37.635     63.610 
        NOR_UNIT                            211   209.374    743.012    952.386 
          SHF_left_unit                     148   144.632    470.409    615.041 
        SHF_RIGHT_MAN                       132   127.154    615.049    742.203 
        MAN_SWAP                             48   107.581    174.340    281.921 
        MAN_SWAP_PRE                         46   104.034    152.112    256.147 
        PSC_UNIT                             86    96.525    156.702    253.228 
        MAN_COMP_24BIT                       80    96.369    200.671    297.041 
          u_i_data_2                         13    18.651     40.870     59.521 
          u_i_data_1                         13    17.543     48.708     66.251 
          u_i_data_4                         13    17.362     29.930     47.292 
          u_i_data_3                         13    15.404     36.239     51.643 
          u_i_data_5                         12    12.480     17.047     29.527 
          u_i_data_0                         10     8.699     24.078     32.777 
        MAN_RND                              26    78.444    107.861    186.305 
        EXP_ADJUST                           37    58.683     88.150    146.834 
          CLA_8BIT_UNIT                      30    52.562     80.870    133.432 
            CLA_4BIT_UNIT_0                  18    27.501     40.261     67.762 
            CLA_4BIT_UNIT_1                  11    23.658     40.609     64.267 
        LOPD_24BIT                           57    56.710    105.137    161.848 
          LOPD_16bit_UNIT_MSB                34    33.403     53.113     86.516 
            LOPD_8bit_unit_1                 14    14.398     41.207     55.605 
            LOPD_8bit_unit_0                 14    12.960      6.492     19.452 
          LOPD_8bit_UNIT_LSB                 14    13.490     42.206     55.696 
        EXP_SUB                              25    40.066     79.487    119.553 
          CLA_8BIT_UNIT                      20    36.936     69.683    106.620 
            CLA_4BIT_UNIT_0                  17    30.889     69.683    100.573 
            CLA_4BIT_UNIT_1                   2     4.871      0.000      4.871 
        EXP_SWAP                             13    28.956     62.908     91.864 
        EXP_COM_8BIT                         24    26.895     49.824     76.719 
          COMP_LESS_UNIT                     24    26.895     49.824     76.719 
            u_high                           13    16.645     35.837     52.482 
            u_low                            10     8.615     13.922     22.537 
        EXP_RND                              15    21.727     35.244     56.971 
        MAN_ALU_PROC_RND                      7    14.203     40.458     54.661 
        SIGN_UNIT                             1     2.149      0.000      2.149 
      DATA_B_IM                            1129  1482.400   3770.552   5252.952 
        MAN_ALU                             219   338.914    660.101    999.014 
          ALU_SUB_UNIT                      124   190.476    380.803    571.279 
            CLA_BLOCK_..CLA_4BIT_UNIT        20    31.817     48.988     80.805 
            CLA_BLOCK_..CLA_4BIT_UNIT        18    29.919     58.563     88.482 
            CLA_BLOCK_..CLA_4BIT_UNIT        18    29.011     60.671     89.682 
            CLA_BLOCK_..CLA_4BIT_UNIT        15    28.912     64.567     93.479 
            CLA_BLOCK_..CLA_4BIT_UNIT        18    28.410     66.201     94.611 
            CLA_BLOCK_..CLA_4BIT_UNIT        18    25.891     56.398     82.289 
        NOR_UNIT                            211   209.236    520.085    729.320 
          SHF_left_unit                     148   142.704    379.798    522.503 
        SHF_RIGHT_MAN                       132   123.496    600.520    724.015 
        MAN_SWAP                             48   107.160    226.423    333.583 
        PSC_UNIT                             88    96.936    190.789    287.725 
        MAN_COMP_24BIT                       80    96.418    151.463    247.881 
          u_i_data_3                         13    18.947     15.860     34.807 
          u_i_data_2                         13    17.445     29.302     46.747 
          u_i_data_1                         13    17.246     36.723     53.969 
          u_i_data_4                         13    16.970     12.720     29.691 
          u_i_data_5                         12    12.113     19.065     31.178 
          u_i_data_0                         10     7.966     30.193     38.159 
        MAN_SWAP_PRE                         46    91.186    574.893    666.079 
        MAN_RND                              26    78.552     71.396    149.948 
        EXP_ADJUST                           37    61.991     58.981    120.972 
          CLA_8BIT_UNIT                      30    56.267     58.981    115.247 
            CLA_4BIT_UNIT_0                  18    30.495     42.661     73.157 
            CLA_4BIT_UNIT_1                  11    24.151     16.227     40.378 
        LOPD_24BIT                           57    56.643     42.852     99.495 
          LOPD_16bit_UNIT_MSB                34    32.320     27.925     60.245 
            LOPD_8bit_unit_0                 14    13.219     26.130     39.348 
            LOPD_8bit_unit_1                 14    13.014      1.725     14.738 
          LOPD_8bit_UNIT_LSB                 14    13.989     14.412     28.400 
        EXP_SUB                              25    38.674    119.101    157.775 
          CLA_8BIT_UNIT                      20    36.051    108.389    144.441 
            CLA_4BIT_UNIT_0                  17    30.457     87.336    117.794 
            CLA_4BIT_UNIT_1                   2     4.418     21.053     25.472 
        EXP_COM_8BIT                         24    25.839    176.568    202.407 
          COMP_LESS_UNIT                     24    25.839    176.568    202.407 
            u_high                           13    15.999     53.808     69.808 
            u_low                            10     8.472     30.660     39.133 
        EXP_SWAP                             13    25.015    136.880    161.895 
        EXP_RND                              15    21.522     21.114     42.636 
        MAN_ALU_PROC_RND                      7    12.602     39.583     52.185 
        SIGN_UNIT                             2     1.837      6.734      8.571 
      DATA_A_IM                            1128  1467.415   4219.232   5686.647 
        MAN_ALU                             221   327.678    643.367    971.044 
          ALU_SUB_UNIT                      124   182.570    338.517    521.086 
            CLA_BLOCK_..CLA_4BIT_UNIT        20    33.030     64.710     97.740 
            CLA_BLOCK_..CLA_4BIT_UNIT        18    27.958     46.750     74.707 
            CLA_BLOCK_..CLA_4BIT_UNIT        18    26.546     57.798     84.344 
            CLA_BLOCK_..CLA_4BIT_UNIT        18    26.481     34.588     61.069 
            CLA_BLOCK_..CLA_4BIT_UNIT        15    26.416     65.562     91.979 
            CLA_BLOCK_..CLA_4BIT_UNIT        18    25.709     59.046     84.754 
        NOR_UNIT                            211   204.340    752.101    956.441 
          SHF_left_unit                     148   138.043    469.856    607.899 
        SHF_RIGHT_MAN                       132   123.496    600.520    724.015 
        MAN_SWAP                             48   107.117    226.619    333.737 
        MAN_COMP_24BIT                       80    96.418    151.463    247.881 
          u_i_data_3                         13    18.947     15.860     34.807 
          u_i_data_2                         13    17.445     29.302     46.747 
          u_i_data_1                         13    17.246     36.723     53.969 
          u_i_data_4                         13    16.970     12.720     29.691 
          u_i_data_5                         12    12.113     19.065     31.178 
          u_i_data_0                         10     7.966     30.193     38.159 
        PSC_UNIT                             86    95.357    168.659    264.016 
        MAN_SWAP_PRE                         46    91.186    574.893    666.079 
        MAN_RND                              26    78.704    100.459    179.162 
        EXP_ADJUST                           37    60.503    145.176    205.680 
          CLA_8BIT_UNIT                      30    54.350    138.121    192.471 
            CLA_4BIT_UNIT_0                  18    29.032     74.075    103.106 
            CLA_4BIT_UNIT_1                  11    23.987     59.258     83.244 
        LOPD_24BIT                           57    55.771     83.706    139.477 
          LOPD_16bit_UNIT_MSB                34    32.623     53.414     86.037 
            LOPD_8bit_unit_1                 14    13.451     41.967     55.418 
            LOPD_8bit_unit_0                 14    13.014      6.107     19.121 
          LOPD_8bit_UNIT_LSB                 14    13.332     20.473     33.805 
        EXP_SUB                              25    38.674    119.101    157.775 
          CLA_8BIT_UNIT                      20    36.051    108.389    144.441 
            CLA_4BIT_UNIT_0                  17    30.457     87.336    117.794 
            CLA_4BIT_UNIT_1                   2     4.418     21.053     25.472 
        EXP_COM_8BIT                         24    25.839    176.568    202.407 
          COMP_LESS_UNIT                     24    25.839    176.568    202.407 
            u_high                           13    15.999     53.808     69.808 
            u_low                            10     8.472     30.660     39.133 
        EXP_SWAP                             13    25.015    136.880    161.895 
        EXP_RND                              15    22.151     34.093     56.244 
        MAN_ALU_PROC_RND                      7    12.602     39.583     52.185 
        SIGN_UNIT                             1     1.964      1.218      3.183 
    BFU2_UNIT0                             4514  5922.542  15881.534  21804.076 
      DATA_B_IM                            1129  1494.250   4064.498   5558.748 
        MAN_ALU                             219   334.966    750.084   1085.050 
          ALU_SUB_UNIT                      124   191.105    374.748    565.853 
            CLA_BLOCK_..CLA_4BIT_UNIT        20    34.055     68.200    102.255 
            CLA_BLOCK_..CLA_4BIT_UNIT        18    28.814     57.309     86.124 
            CLA_BLOCK_..CLA_4BIT_UNIT        18    28.724     42.544     71.268 
            CLA_BLOCK_..CLA_4BIT_UNIT        15    28.695     53.599     82.294 
            CLA_BLOCK_..CLA_4BIT_UNIT        18    27.347     57.832     85.179 
            CLA_BLOCK_..CLA_4BIT_UNIT        18    26.501     54.663     81.164 
        NOR_UNIT                            211   204.339    747.307    951.647 
          SHF_left_unit                     148   135.947    454.972    590.919 
        SHF_RIGHT_MAN                       132   128.643    444.405    573.049 
        MAN_SWAP                             48   105.494    196.494    301.989 
        PSC_UNIT                             88   104.001    135.846    239.847 
        MAN_COMP_24BIT                       80   100.790    212.002    312.792 
          u_i_data_1                         13    19.020     38.051     57.071 
          u_i_data_4                         13    18.597     39.622     58.219 
          u_i_data_3                         13    17.306     37.126     54.432 
          u_i_data_2                         13    17.276     35.382     52.658 
          u_i_data_5                         12    13.092     20.502     33.594 
          u_i_data_0                         10     9.119     37.299     46.418 
        MAN_SWAP_PRE                         46    92.688    571.947    664.634 
        MAN_RND                              26    79.467     81.758    161.225 
        EXP_ADJUST                           37    59.684     92.997    152.681 
          CLA_8BIT_UNIT                      30    51.732     42.123     93.855 
            CLA_4BIT_UNIT_0                  18    28.176     23.015     51.191 
            CLA_4BIT_UNIT_1                  11    21.897     19.051     40.948 
        LOPD_24BIT                           57    54.657    130.587    185.244 
          LOPD_16bit_UNIT_MSB                34    32.688     72.617    105.305 
            LOPD_8bit_unit_1                 14    13.799     34.380     48.180 
            LOPD_8bit_unit_0                 14    12.630     27.410     40.040 
          LOPD_8bit_UNIT_LSB                 14    12.673     38.849     51.522 
        EXP_SUB                              25    39.600    116.571    156.170 
          CLA_8BIT_UNIT                      20    36.722    101.230    137.953 
            CLA_4BIT_UNIT_0                  17    30.805    101.193    131.997 
            CLA_4BIT_UNIT_1                   2     4.871      0.000      4.871 
        EXP_COM_8BIT                         24    27.444    151.563    179.006 
          COMP_LESS_UNIT                     24    27.444    151.563    179.006 
            u_high                           13    16.645     35.837     52.482 
            u_low                            10     9.200     23.310     32.510 
        EXP_SWAP                             13    26.137    170.108    196.246 
        EXP_RND                              15    21.691     19.963     41.654 
        MAN_ALU_PROC_RND                      7    13.991      0.000     13.991 
        SIGN_UNIT                             2     2.174      6.734      8.908 
      DATA_B_RE                            1129  1484.166   4256.138   5740.304 
        MAN_ALU                             219   342.098    608.930    951.028 
          ALU_SUB_UNIT                      124   196.722    358.053    554.776 
            CLA_BLOCK_..CLA_4BIT_UNIT        20    34.046     69.526    103.572 
            CLA_BLOCK_..CLA_4BIT_UNIT        18    30.476     54.696     85.173 
            CLA_BLOCK_..CLA_4BIT_UNIT        18    29.950     22.379     52.329 
            CLA_BLOCK_..CLA_4BIT_UNIT        18    28.684     52.514     81.199 
            CLA_BLOCK_..CLA_4BIT_UNIT        15    28.400     60.075     88.475 
            CLA_BLOCK_..CLA_4BIT_UNIT        18    28.030     63.160     91.190 
        NOR_UNIT                            211   199.351    911.503   1110.855 
          SHF_left_unit                     148   131.710    603.850    735.561 
        SHF_RIGHT_MAN                       132   126.497    577.660    704.157 
        MAN_SWAP                             48   106.081    248.692    354.773 
        MAN_COMP_24BIT                       80    99.262    185.570    284.832 
          u_i_data_1                         13    19.312     10.938     30.250 
          u_i_data_2                         13    18.484     37.001     55.485 
          u_i_data_3                         13    16.873     34.781     51.654 
          u_i_data_4                         13    16.848     32.124     48.972 
          u_i_data_5                         12    12.551     24.526     37.077 
          u_i_data_0                         10     8.544     38.366     46.910 
        PSC_UNIT                             88    97.828    190.247    288.075 
        MAN_SWAP_PRE                         46    90.968    580.219    671.187 
        MAN_RND                              26    78.539     75.596    154.134 
        EXP_ADJUST                           37    58.554    145.377    203.932 
          CLA_8BIT_UNIT                      30    50.720     98.652    149.372 
            CLA_4BIT_UNIT_0                  18    27.659     50.184     77.842 
            CLA_4BIT_UNIT_1                  11    21.618     43.622     65.240 
        LOPD_24BIT                           57    57.473    124.523    181.996 
          LOPD_16bit_UNIT_MSB                34    35.792     96.466    132.258 
            LOPD_8bit_unit_1                 14    14.866     55.376     70.242 
            LOPD_8bit_unit_0                 14    14.415     26.154     40.569 
          LOPD_8bit_UNIT_LSB                 14    12.314     13.092     25.406 
        EXP_SUB                              25    40.517     47.847     88.363 
          CLA_8BIT_UNIT                      20    37.894     37.136     75.029 
            CLA_4BIT_UNIT_0                  17    32.557     16.082     48.640 
            CLA_4BIT_UNIT_1                   2     4.418     21.053     25.472 
        EXP_COM_8BIT                         24    25.970    154.919    180.890 
          COMP_LESS_UNIT                     24    25.970    154.919    180.890 
            u_high                           13    15.999     53.808     69.808 
            u_low                            10     8.550      9.317     17.866 
        EXP_SWAP                             13    24.795    131.053    155.848 
        EXP_RND                              15    21.699     27.058     48.757 
        MAN_ALU_PROC_RND                      7    14.087     42.451     56.538 
        SIGN_UNIT                             2     1.837      6.734      8.571 
      DATA_A_IM                            1128  1483.422   3863.975   5347.397 
        MAN_ALU                             221   327.441    693.475   1020.915 
          ALU_SUB_UNIT                      124   187.756    366.538    554.294 
            CLA_BLOCK_..CLA_4BIT_UNIT        20    33.203     87.276    120.478 
            CLA_BLOCK_..CLA_4BIT_UNIT        18    28.828     50.158     78.986 
            CLA_BLOCK_..CLA_4BIT_UNIT        18    27.721     46.292     74.013 
            CLA_BLOCK_..CLA_4BIT_UNIT        15    27.445     51.998     79.443 
            CLA_BLOCK_..CLA_4BIT_UNIT        18    27.283     43.260     70.542 
            CLA_BLOCK_..CLA_4BIT_UNIT        18    26.988     58.798     85.785 
        NOR_UNIT                            211   202.660    549.590    752.250 
          SHF_left_unit                     148   137.299    268.437    405.737 
        SHF_RIGHT_MAN                       132   128.643    444.405    573.049 
        MAN_SWAP                             48   105.449    199.611    305.060 
        MAN_COMP_24BIT                       80   100.790    212.002    312.792 
          u_i_data_1                         13    19.020     38.051     57.071 
          u_i_data_4                         13    18.597     39.622     58.219 
          u_i_data_3                         13    17.306     37.126     54.432 
          u_i_data_2                         13    17.276     35.382     52.658 
          u_i_data_5                         12    13.092     20.502     33.594 
          u_i_data_0                         10     9.119     37.299     46.418 
        PSC_UNIT                             86    96.844    144.814    241.658 
        MAN_SWAP_PRE                         46    92.688    571.947    664.634 
        MAN_RND                              26    80.389     69.902    150.291 
        EXP_ADJUST                           37    59.280    177.004    236.284 
          CLA_8BIT_UNIT                      30    51.553    113.325    164.878 
            CLA_4BIT_UNIT_0                  18    27.846     49.807     77.653 
            CLA_4BIT_UNIT_1                  11    22.263     58.672     80.934 
        LOPD_24BIT                           57    57.528    116.820    174.348 
          LOPD_16bit_UNIT_MSB                34    31.339     58.939     90.277 
            LOPD_8bit_unit_1                 14    13.070     40.026     53.096 
            LOPD_8bit_unit_0                 14    12.223     13.499     25.722 
          LOPD_8bit_UNIT_LSB                 14    16.256     47.548     63.804 
        EXP_SUB                              25    39.600    116.571    156.170 
          CLA_8BIT_UNIT                      20    36.722    101.230    137.953 
            CLA_4BIT_UNIT_0                  17    30.805    101.193    131.997 
            CLA_4BIT_UNIT_1                   2     4.871      0.000      4.871 
        EXP_COM_8BIT                         24    27.444    151.563    179.006 
          COMP_LESS_UNIT                     24    27.444    151.563    179.006 
            u_high                           13    16.645     35.837     52.482 
            u_low                            10     9.200     23.310     32.510 
        EXP_SWAP                             13    26.137    170.108    196.246 
        EXP_RND                              15    21.823     35.244     57.067 
        MAN_ALU_PROC_RND                      7    13.991      0.000     13.991 
        SIGN_UNIT                             1     2.047      1.218      3.265 
      DATA_A_RE                            1128  1460.704   3696.923   5157.627 
        MAN_ALU                             221   321.652    526.180    847.832 
          ALU_SUB_UNIT                      124   180.007    276.107    456.114 
            CLA_BLOCK_..CLA_4BIT_UNIT        20    32.000     63.678     95.677 
            CLA_BLOCK_..CLA_4BIT_UNIT        18    28.225     74.057    102.282 
            CLA_BLOCK_..CLA_4BIT_UNIT        15    26.976     35.607     62.583 
            CLA_BLOCK_..CLA_4BIT_UNIT        18    26.388     48.188     74.577 
            CLA_BLOCK_..CLA_4BIT_UNIT        18    25.721     19.483     45.204 
            CLA_BLOCK_..CLA_4BIT_UNIT        18    23.843     24.915     48.758 
        NOR_UNIT                            211   206.850    662.426    869.276 
          SHF_left_unit                     148   142.167    398.816    540.983 
        SHF_RIGHT_MAN                       132   126.497    577.660    704.157 
        MAN_SWAP                             48   106.038    248.662    354.700 
        MAN_COMP_24BIT                       80    99.262    185.570    284.832 
          u_i_data_1                         13    19.312     10.938     30.250 
          u_i_data_2                         13    18.484     37.001     55.485 
          u_i_data_3                         13    16.873     34.781     51.654 
          u_i_data_4                         13    16.848     32.124     48.972 
          u_i_data_5                         12    12.551     24.526     37.077 
          u_i_data_0                         10     8.544     38.366     46.910 
        PSC_UNIT                             86    96.279    138.644    234.922 
        MAN_SWAP_PRE                         46    90.968    580.219    671.187 
        MAN_RND                              26    77.854     93.521    171.374 
        EXP_ADJUST                           37    58.710     62.817    121.526 
          CLA_8BIT_UNIT                      30    53.056     56.488    109.543 
            CLA_4BIT_UNIT_0                  18    27.501     40.261     67.762 
            CLA_4BIT_UNIT_1                  11    24.151     16.227     40.378 
        LOPD_24BIT                           57    51.986     62.239    114.225 
          LOPD_16bit_UNIT_MSB                34    28.181     28.077     56.258 
            LOPD_8bit_unit_0                 14    12.153     17.526     29.679 
            LOPD_8bit_unit_1                 14     9.940     10.480     20.420 
          LOPD_8bit_UNIT_LSB                 14    13.667     34.162     47.829 
        EXP_SUB                              25    40.517     47.847     88.363 
          CLA_8BIT_UNIT                      20    37.894     37.136     75.029 
            CLA_4BIT_UNIT_0                  17    32.557     16.082     48.640 
            CLA_4BIT_UNIT_1                   2     4.418     21.053     25.472 
        EXP_COM_8BIT                         24    25.970    154.919    180.890 
          COMP_LESS_UNIT                     24    25.970    154.919    180.890 
            u_high                           13    15.999     53.808     69.808 
            u_low                            10     8.550      9.317     17.866 
        EXP_SWAP                             13    24.795    131.053    155.848 
        EXP_RND                              15    21.576     21.114     42.690 
        MAN_ALU_PROC_RND                      7    14.087     42.451     56.538 
        SIGN_UNIT                             1     1.964      1.218      3.183 
    BFU2_UNIT1                             4496  5872.175  13563.959  19436.134 
      DATA_B_IM                            1124  1483.293   3347.955   4831.247 
        MAN_ALU                             219   344.262    718.864   1063.125 
          ALU_SUB_UNIT                      124   190.083    425.598    615.681 
            CLA_BLOCK_..CLA_4BIT_UNIT        20    32.816     79.418    112.234 
            CLA_BLOCK_..CLA_4BIT_UNIT        15    29.296     50.942     80.239 
            CLA_BLOCK_..CLA_4BIT_UNIT        18    28.459     46.065     74.524 
            CLA_BLOCK_..CLA_4BIT_UNIT        18    28.301     75.271    103.571 
            CLA_BLOCK_..CLA_4BIT_UNIT        18    27.886     62.931     90.816 
            CLA_BLOCK_..CLA_4BIT_UNIT        18    26.978     77.391    104.369 
        NOR_UNIT                            211   213.556    434.175    647.731 
          SHF_left_unit                     148   146.260    317.020    463.280 
        SHF_RIGHT_MAN                       128   109.745    481.937    591.682 
        MAN_SWAP                             48   109.422    170.810    280.231 
        PSC_UNIT                             87    99.603    156.458    256.061 
        MAN_COMP_24BIT                       80    96.682    139.779    236.460 
          u_i_data_4                         13    18.481     38.976     57.457 
          u_i_data_2                         13    17.793     38.578     56.371 
          u_i_data_3                         13    17.637     20.232     37.868 
          u_i_data_1                         13    16.205     16.616     32.821 
          u_i_data_5                         12    11.544      9.796     21.340 
          u_i_data_0                         10     8.998     15.429     24.427 
        MAN_SWAP_PRE                         46    91.396    505.042    596.438 
        MAN_RND                              26    80.261     83.404    163.665 
        EXP_ADJUST                           37    60.451     49.419    109.871 
          CLA_8BIT_UNIT                      30    54.726     49.419    104.146 
            CLA_4BIT_UNIT_0                  18    29.172     33.471     62.643 
            CLA_4BIT_UNIT_1                  11    24.151     15.948     40.100 
        LOPD_24BIT                           57    53.152     33.086     86.238 
          LOPD_16bit_UNIT_MSB                34    31.454     22.646     54.100 
            LOPD_8bit_unit_0                 14    13.031      8.554     21.584 
            LOPD_8bit_unit_1                 14    12.080     14.092     26.173 
          LOPD_8bit_UNIT_LSB                 14    11.169     10.440     21.610 
        EXP_SUB                              25    39.614     97.464    137.078 
          CLA_8BIT_UNIT                      20    36.483     87.661    124.144 
            CLA_4BIT_UNIT_0                  17    30.889     69.104     99.993 
            CLA_4BIT_UNIT_1                   2     4.418     18.557     22.975 
        EXP_COM_8BIT                         24    27.127    150.853    177.980 
          COMP_LESS_UNIT                     24    27.127    150.853    177.980 
            u_high                           13    17.019     46.256     63.275 
            u_low                            10     8.741     12.418     21.159 
        EXP_SWAP                             13    25.343    133.823    159.166 
        EXP_RND                              15    21.624     19.998     41.622 
        MAN_ALU_PROC_RND                      7    14.201     44.302     58.502 
        SIGN_UNIT                             2     1.919      1.210      3.129 
      DATA_B_RE                            1124  1472.606   3238.991   4711.597 
        MAN_ALU                             219   345.865    694.558   1040.423 
          ALU_SUB_UNIT                      124   193.068    339.848    532.916 
            CLA_BLOCK_..CLA_4BIT_UNIT        20    33.228     29.684     62.912 
            CLA_BLOCK_..CLA_4BIT_UNIT        15    29.897     61.318     91.215 
            CLA_BLOCK_..CLA_4BIT_UNIT        18    29.072     52.456     81.528 
            CLA_BLOCK_..CLA_4BIT_UNIT        18    28.286     71.773    100.059 
            CLA_BLOCK_..CLA_4BIT_UNIT        18    28.190     59.644     87.834 
            CLA_BLOCK_..CLA_4BIT_UNIT        18    27.838     22.486     50.325 
        NOR_UNIT                            211   213.037    617.631    830.668 
          SHF_left_unit                     148   146.041    443.893    589.935 
        SHF_RIGHT_MAN                       128   113.629    587.269    700.898 
        MAN_SWAP                             48   107.996    155.727    263.723 
        MAN_COMP_24BIT                       80   102.195    192.351    294.546 
          u_i_data_4                         13    20.452     33.061     53.513 
          u_i_data_2                         13    19.204     32.716     51.920 
          u_i_data_3                         13    18.530      0.000     18.530 
          u_i_data_1                         13    17.123     69.389     86.512 
          u_i_data_5                         12    12.345     21.402     33.747 
          u_i_data_0                         10     8.403     31.755     40.159 
        PSC_UNIT                             87    99.488    183.156    282.644 
        MAN_SWAP_PRE                         46    80.308    192.601    272.909 
        MAN_RND                              26    79.199     93.195    172.394 
        EXP_ADJUST                           37    59.856     32.559     92.415 
          CLA_8BIT_UNIT                      30    54.131     32.559     86.690 
            CLA_4BIT_UNIT_0                  18    28.576     16.610     45.187 
            CLA_4BIT_UNIT_1                  11    24.151     15.948     40.100 
        LOPD_24BIT                           57    52.244     73.513    125.758 
          LOPD_16bit_UNIT_MSB                34    30.434     49.860     80.294 
            LOPD_8bit_unit_1                 14    12.700     29.017     41.716 
            LOPD_8bit_unit_0                 14    11.902     20.844     32.746 
          LOPD_8bit_UNIT_LSB                 14    11.477     23.137     34.614 
        EXP_SUB                              25    38.013    166.793    204.806 
          CLA_8BIT_UNIT                      20    35.390    154.720    190.110 
            CLA_4BIT_UNIT_0                  17    29.931    138.018    167.949 
            CLA_4BIT_UNIT_1                   2     4.197     12.391     16.588 
        EXP_COM_8BIT                         24    26.377     30.042     56.419 
          COMP_LESS_UNIT                     24    26.377     30.042     56.419 
            u_high                           13    16.807     15.610     32.418 
            u_low                            10     8.332     14.431     22.763 
        EXP_SWAP                             13    22.193     35.619     57.812 
        EXP_RND                              15    21.651     14.054     35.705 
        MAN_ALU_PROC_RND                      7    13.626     42.072     55.698 
        SIGN_UNIT                             2     1.437      3.691      5.127 
      DATA_A_IM                            1124  1460.069   3792.327   5252.395 
        MAN_ALU                             221   328.633    726.604   1055.237 
          ALU_SUB_UNIT                      124   179.950    352.920    532.870 
            CLA_BLOCK_..CLA_4BIT_UNIT        20    32.950     85.496    118.446 
            CLA_BLOCK_..CLA_4BIT_UNIT        18    27.259     71.808     99.067 
            CLA_BLOCK_..CLA_4BIT_UNIT        15    27.143     53.691     80.835 
            CLA_BLOCK_..CLA_4BIT_UNIT        18    26.154     34.935     61.089 
            CLA_BLOCK_..CLA_4BIT_UNIT        18    25.978     34.447     60.425 
            CLA_BLOCK_..CLA_4BIT_UNIT        18    24.087     62.369     86.456 
        NOR_UNIT                            211   206.811    799.965   1006.776 
          SHF_left_unit                     148   142.363    551.199    693.562 
        SHF_RIGHT_MAN                       128   109.745    481.937    591.682 
        MAN_SWAP                             48   109.378    173.502    282.880 
        PSC_UNIT                             86    98.748    126.663    225.410 
        MAN_COMP_24BIT                       80    96.682    139.779    236.460 
          u_i_data_4                         13    18.481     38.976     57.457 
          u_i_data_2                         13    17.793     38.578     56.371 
          u_i_data_3                         13    17.637     20.232     37.868 
          u_i_data_1                         13    16.205     16.616     32.821 
          u_i_data_5                         12    11.544      9.796     21.340 
          u_i_data_0                         10     8.998     15.429     24.427 
        MAN_SWAP_PRE                         46    91.396    505.042    596.438 
        MAN_RND                              26    78.629     65.612    144.241 
        EXP_ADJUST                           37    59.177     63.488    122.665 
          CLA_8BIT_UNIT                      30    53.056     56.209    109.265 
            CLA_4BIT_UNIT_0                  18    27.501     40.261     67.762 
            CLA_4BIT_UNIT_1                  11    24.151     15.948     40.100 
        LOPD_24BIT                           57    54.420     87.305    141.725 
          LOPD_16bit_UNIT_MSB                34    32.115     44.987     77.102 
            LOPD_8bit_unit_0                 14    13.151     10.815     23.965 
            LOPD_8bit_unit_1                 14    12.918     28.760     41.677 
          LOPD_8bit_UNIT_LSB                 14    12.452     33.015     45.467 
        EXP_SUB                              25    39.614     97.464    137.078 
          CLA_8BIT_UNIT                      20    36.483     87.661    124.144 
            CLA_4BIT_UNIT_0                  17    30.889     69.104     99.993 
            CLA_4BIT_UNIT_1                   2     4.418     18.557     22.975 
        EXP_COM_8BIT                         24    27.127    150.853    177.980 
          COMP_LESS_UNIT                     24    27.127    150.853    177.980 
            u_high                           13    17.019     46.256     63.275 
            u_low                            10     8.741     12.418     21.159 
        EXP_SWAP                             13    25.343    133.823    159.166 
        EXP_RND                              15    21.576     21.114     42.690 
        MAN_ALU_PROC_RND                      7    14.201     44.302     58.502 
        SIGN_UNIT                             1     1.965      6.464      8.429 
      DATA_A_RE                            1124  1456.207   3184.687   4640.894 
        MAN_ALU                             221   332.357    741.091   1073.448 
          ALU_SUB_UNIT                      124   184.353    401.726    586.079 
            CLA_BLOCK_..CLA_4BIT_UNIT        20    33.320     70.623    103.943 
            CLA_BLOCK_..CLA_4BIT_UNIT        15    28.022     56.316     84.338 
            CLA_BLOCK_..CLA_4BIT_UNIT        18    27.203     65.870     93.073 
            CLA_BLOCK_..CLA_4BIT_UNIT        18    26.898     75.304    102.202 
            CLA_BLOCK_..CLA_4BIT_UNIT        18    26.888     67.073     93.961 
            CLA_BLOCK_..CLA_4BIT_UNIT        18    25.927     20.684     46.611 
        NOR_UNIT                            211   210.277    574.703    784.980 
          SHF_left_unit                     148   144.107    411.363    555.469 
        SHF_RIGHT_MAN                       128   113.629    587.269    700.898 
        MAN_SWAP                             48   107.953    157.028    264.981 
        MAN_COMP_24BIT                       80   102.195    192.351    294.546 
          u_i_data_4                         13    20.452     33.061     53.513 
          u_i_data_2                         13    19.204     32.716     51.920 
          u_i_data_3                         13    18.530      0.000     18.530 
          u_i_data_1                         13    17.123     69.389     86.512 
          u_i_data_5                         12    12.345     21.402     33.747 
          u_i_data_0                         10     8.403     31.755     40.159 
        PSC_UNIT                             86    95.793    152.185    247.979 
        MAN_SWAP_PRE                         46    80.308    192.601    272.909 
        MAN_RND                              26    79.896     85.960    165.856 
        EXP_ADJUST                           37    59.856     32.559     92.415 
          CLA_8BIT_UNIT                      30    54.131     32.559     86.690 
            CLA_4BIT_UNIT_0                  18    28.576     16.610     45.187 
            CLA_4BIT_UNIT_1                  11    24.151     15.948     40.100 
        LOPD_24BIT                           57    53.831     72.266    126.096 
          LOPD_16bit_UNIT_MSB                34    31.024     43.983     75.006 
            LOPD_8bit_unit_1                 14    12.700     28.993     41.693 
            LOPD_8bit_unit_0                 14    12.492     14.990     27.481 
          LOPD_8bit_UNIT_LSB                 14    12.474     27.767     40.241 
        EXP_SUB                              25    38.013    166.793    204.806 
          CLA_8BIT_UNIT                      20    35.390    154.720    190.110 
            CLA_4BIT_UNIT_0                  17    29.931    138.018    167.949 
            CLA_4BIT_UNIT_1                   2     4.197     12.391     16.588 
        EXP_COM_8BIT                         24    26.377     30.042     56.419 
          COMP_LESS_UNIT                     24    26.377     30.042     56.419 
            u_high                           13    16.807     15.610     32.418 
            u_low                            10     8.332     14.431     22.763 
        EXP_SWAP                             13    22.193     35.619     57.812 
        EXP_RND                              15    21.651     14.054     35.705 
        MAN_ALU_PROC_RND                      7    13.626     42.072     55.698 
        SIGN_UNIT                             1     1.817      5.349      7.166 
    BFU2_UNIT3                             4496  5861.570  13589.684  19451.255 
      DATA_A_RE                            1124  1472.688   2544.691   4017.380 
        MAN_ALU                             221   342.544    565.619    908.164 
          ALU_SUB_UNIT                      124   195.793    321.047    516.840 
            CLA_BLOCK_..CLA_4BIT_UNIT        20    34.283     57.106     91.389 
            CLA_BLOCK_..CLA_4BIT_UNIT        18    29.419     33.919     63.339 
            CLA_BLOCK_..CLA_4BIT_UNIT        18    29.358     33.097     62.454 
            CLA_BLOCK_..CLA_4BIT_UNIT        18    29.061     65.940     95.001 
            CLA_BLOCK_..CLA_4BIT_UNIT        18    28.515     57.205     85.720 
            CLA_BLOCK_..CLA_4BIT_UNIT        15    28.386     46.033     74.420 
        NOR_UNIT                            211   209.177    618.365    827.543 
          SHF_left_unit                     148   143.134    454.931    598.066 
        SHF_RIGHT_MAN                       128   116.667    166.605    283.272 
        MAN_SWAP                             48   107.843    144.845    252.689 
        MAN_COMP_24BIT                       80   105.455    191.267    296.723 
          u_i_data_3                         13    21.467     28.029     49.496 
          u_i_data_2                         13    19.834     36.894     56.729 
          u_i_data_4                         13    19.237     27.898     47.135 
          u_i_data_1                         13    16.699     38.962     55.661 
          u_i_data_5                         12    13.386     15.781     29.167 
          u_i_data_0                         10     8.046     21.985     30.031 
        PSC_UNIT                             86    97.834    149.402    247.236 
        MAN_SWAP_PRE                         46    80.375    184.255    264.631 
        MAN_RND                              26    78.205    106.282    184.486 
        EXP_ADJUST                           37    62.159     36.959     99.117 
          CLA_8BIT_UNIT                      30    56.434     36.959     93.393 
            CLA_4BIT_UNIT_0                  18    30.662     20.918     51.581 
            CLA_4BIT_UNIT_1                  11    24.151     15.948     40.100 
        LOPD_24BIT                           57    58.382    121.345    179.728 
          LOPD_16bit_UNIT_MSB                34    33.543     76.600    110.142 
            LOPD_8bit_unit_0                 14    14.504     39.260     53.764 
            LOPD_8bit_unit_1                 14    13.087     37.252     50.339 
          LOPD_8bit_UNIT_LSB                 14    14.115     43.198     57.314 
        EXP_SUB                              25    35.833      4.208     40.041 
          CLA_8BIT_UNIT                      20    33.212      0.260     33.471 
            CLA_4BIT_UNIT_0                  17    28.555      0.260     28.815 
            CLA_4BIT_UNIT_1                   2     3.481      0.000      3.481 
        EXP_COM_8BIT                         24    26.663     21.760     48.423 
          COMP_LESS_UNIT                     24    26.663     21.760     48.423 
            u_high                           13    16.807     15.610     32.418 
            u_low                            10     8.679      6.149     14.828 
        EXP_SWAP                             13    21.868     25.040     46.908 
        EXP_RND                              15    21.446     14.054     35.500 
        MAN_ALU_PROC_RND                      7    11.319      0.000     11.319 
        SIGN_UNIT                             1     1.753      5.398      7.151 
      DATA_B_RE                            1124  1465.960   2291.004   3756.963 
        MAN_ALU                             219   344.647    584.622    929.269 
          ALU_SUB_UNIT                      124   187.353    408.013    595.366 
            CLA_BLOCK_..CLA_4BIT_UNIT        20    33.723     42.407     76.130 
            CLA_BLOCK_..CLA_4BIT_UNIT        15    27.944     70.157     98.101 
            CLA_BLOCK_..CLA_4BIT_UNIT        18    27.827     61.895     89.721 
            CLA_BLOCK_..CLA_4BIT_UNIT        18    27.000     42.501     69.501 
            CLA_BLOCK_..CLA_4BIT_UNIT        18    26.971     72.737     99.708 
            CLA_BLOCK_..CLA_4BIT_UNIT        18    26.430     69.798     96.229 
        NOR_UNIT                            211   211.716    441.040    652.757 
          SHF_left_unit                     148   144.179    330.183    474.362 
        SHF_RIGHT_MAN                       128   116.667    166.605    283.272 
        MAN_SWAP                             48   107.886    143.287    251.173 
        MAN_COMP_24BIT                       80   105.455    191.267    296.723 
          u_i_data_3                         13    21.467     28.029     49.496 
          u_i_data_2                         13    19.834     36.894     56.729 
          u_i_data_4                         13    19.237     27.898     47.135 
          u_i_data_1                         13    16.699     38.962     55.661 
          u_i_data_5                         12    13.386     15.781     29.167 
          u_i_data_0                         10     8.046     21.985     30.031 
        PSC_UNIT                             87    97.483    143.178    240.661 
        MAN_SWAP_PRE                         46    80.375    184.255    264.631 
        MAN_RND                              26    77.738     71.564    149.301 
        EXP_ADJUST                           37    62.159     36.959     99.117 
          CLA_8BIT_UNIT                      30    56.434     36.959     93.393 
            CLA_4BIT_UNIT_0                  18    30.662     20.918     51.581 
            CLA_4BIT_UNIT_1                  11    24.151     15.948     40.100 
        LOPD_24BIT                           57    49.783     45.486     95.269 
          LOPD_16bit_UNIT_MSB                34    26.776     11.934     38.710 
            LOPD_8bit_unit_1                 14    10.919      6.167     17.086 
            LOPD_8bit_unit_0                 14    10.024      5.767     15.791 
          LOPD_8bit_UNIT_LSB                 14    12.673     33.036     45.709 
        EXP_SUB                              25    35.833      4.208     40.041 
          CLA_8BIT_UNIT                      20    33.212      0.260     33.471 
            CLA_4BIT_UNIT_0                  17    28.555      0.260     28.815 
            CLA_4BIT_UNIT_1                   2     3.481      0.000      3.481 
        EXP_COM_8BIT                         24    26.663     21.760     48.423 
          COMP_LESS_UNIT                     24    26.663     21.760     48.423 
            u_high                           13    16.807     15.610     32.418 
            u_low                            10     8.679      6.149     14.828 
        EXP_SWAP                             13    21.868     25.040     46.908 
        EXP_RND                              15    21.446     14.054     35.500 
        MAN_ALU_PROC_RND                      7    11.319      0.000     11.319 
        SIGN_UNIT                             2     1.754      5.248      7.002 
      DATA_B_IM                            1124  1464.794   4065.952   5530.746 
        MAN_ALU                             219   336.247    462.663    798.910 
          ALU_SUB_UNIT                      124   194.006    182.313    376.319 
            CLA_BLOCK_..CLA_4BIT_UNIT        20    33.963     47.367     81.330 
            CLA_BLOCK_..CLA_4BIT_UNIT        18    29.365     36.950     66.315 
            CLA_BLOCK_..CLA_4BIT_UNIT        18    29.178     17.873     47.051 
            CLA_BLOCK_..CLA_4BIT_UNIT        18    28.957     30.470     59.426 
            CLA_BLOCK_..CLA_4BIT_UNIT        18    28.853     14.601     43.454 
            CLA_BLOCK_..CLA_4BIT_UNIT        15    28.193     29.877     58.071 
        NOR_UNIT                            211   210.212    639.386    849.598 
          SHF_left_unit                     148   144.267    397.563    541.830 
        PSC_UNIT                             87   105.424    180.406    285.831 
        SHF_RIGHT_MAN                       128   104.217    348.750    452.967 
        MAN_COMP_24BIT                       80   102.000    182.502    284.503 
          u_i_data_1                         13    20.045     14.509     34.553 
          u_i_data_4                         13    19.031     22.888     41.919 
          u_i_data_2                         13    18.736     14.143     32.878 
          u_i_data_3                         13    17.071      9.177     26.248 
          u_i_data_5                         12    11.938     20.065     32.003 
          u_i_data_0                         10     9.686     25.472     35.158 
        MAN_SWAP                             48    97.622    631.750    729.372 
        MAN_SWAP_PRE                         46    91.824    439.630    531.454 
        MAN_RND                              26    79.569    105.946    185.515 
        EXP_ADJUST                           37    59.952    136.413    196.365 
          CLA_8BIT_UNIT                      30    53.831    129.133    182.965 
            CLA_4BIT_UNIT_0                  18    28.513     65.366     93.879 
            CLA_4BIT_UNIT_1                  11    23.987     58.979     82.965 
        LOPD_24BIT                           57    51.600     59.211    110.811 
          LOPD_16bit_UNIT_MSB                34    28.991     24.809     53.800 
            LOPD_8bit_unit_0                 14    11.701      6.873     18.574 
            LOPD_8bit_unit_1                 14    11.244     12.522     23.766 
          LOPD_8bit_UNIT_LSB                 14    12.792     24.584     37.376 
        EXP_SUB                              25    38.614    197.840    236.454 
          CLA_8BIT_UNIT                      20    35.990    179.231    215.222 
            CLA_4BIT_UNIT_0                  17    30.525    160.637    191.162 
            CLA_4BIT_UNIT_1                   2     4.418     18.557     22.975 
        EXP_COM_8BIT                         24    26.456    169.773    196.229 
          COMP_LESS_UNIT                     24    26.456    169.773    196.229 
            u_high                           13    17.019     46.256     63.275 
            u_low                            10     8.070     31.338     39.408 
        EXP_SWAP                             13    25.320    141.462    166.782 
        EXP_RND                              15    22.075     41.153     63.228 
        MAN_ALU_PROC_RND                      7    14.262     33.026     47.288 
        SIGN_UNIT                             2     1.752      5.232      6.984 
      DATA_A_IM                            1124  1458.128   4688.038   6146.166 
        MAN_ALU                             221   335.856    802.648   1138.504 
          ALU_SUB_UNIT                      124   185.955    466.530    652.484 
            CLA_BLOCK_..CLA_4BIT_UNIT        20    32.679     86.415    119.094 
            CLA_BLOCK_..CLA_4BIT_UNIT        18    27.914     61.976     89.890 
            CLA_BLOCK_..CLA_4BIT_UNIT        15    27.892     57.756     85.648 
            CLA_BLOCK_..CLA_4BIT_UNIT        18    27.473     72.622    100.094 
            CLA_BLOCK_..CLA_4BIT_UNIT        18    27.142     70.495     97.637 
            CLA_BLOCK_..CLA_4BIT_UNIT        18    26.313     68.293     94.606 
        NOR_UNIT                            211   206.567    866.581   1073.148 
          SHF_left_unit                     148   138.702    555.634    694.335 
        SHF_RIGHT_MAN                       128   104.217    348.750    452.967 
        PSC_UNIT                             86   103.799    174.951    278.750 
        MAN_COMP_24BIT                       80   102.000    182.502    284.503 
          u_i_data_1                         13    20.045     14.509     34.553 
          u_i_data_4                         13    19.031     22.888     41.919 
          u_i_data_2                         13    18.736     14.143     32.878 
          u_i_data_3                         13    17.071      9.177     26.248 
          u_i_data_5                         12    11.938     20.065     32.003 
          u_i_data_0                         10     9.686     25.472     35.158 
        MAN_SWAP                             48    97.578    632.431    730.009 
        MAN_SWAP_PRE                         46    91.824    439.630    531.454 
        MAN_RND                              26    79.028     67.312    146.340 
        EXP_ADJUST                           37    57.924    154.755    212.679 
          CLA_8BIT_UNIT                      30    49.990    105.097    155.087 
            CLA_4BIT_UNIT_0                  18    26.902     56.913     83.815 
            CLA_4BIT_UNIT_1                  11    21.645     43.338     64.982 
        LOPD_24BIT                           57    57.222    150.236    207.458 
          LOPD_16bit_UNIT_MSB                34    33.297     91.360    124.657 
            LOPD_8bit_unit_0                 14    13.632     30.866     44.498 
            LOPD_8bit_unit_1                 14    13.264     49.727     62.991 
          LOPD_8bit_UNIT_LSB                 14    14.509     39.241     53.749 
        EXP_SUB                              25    38.614    197.840    236.454 
          CLA_8BIT_UNIT                      20    35.990    179.231    215.222 
            CLA_4BIT_UNIT_0                  17    30.525    160.637    191.162 
            CLA_4BIT_UNIT_1                   2     4.418     18.557     22.975 
        EXP_COM_8BIT                         24    26.456    169.773    196.229 
          COMP_LESS_UNIT                     24    26.456    169.773    196.229 
            u_high                           13    17.019     46.256     63.275 
            u_low                            10     8.070     31.338     39.408 
        EXP_SWAP                             13    25.320    141.462    166.782 
        EXP_RND                              15    21.549     27.058     48.607 
        MAN_ALU_PROC_RND                      7    14.262     33.026     47.288 
        SIGN_UNIT                             1     1.752      5.360      7.112 
  BFU4_06                                  9029 13077.966   5859.551  18937.517 
    BFU2_UNIT0                             4514  6539.601   2919.481   9459.082 
      DATA_B_IM                            1129  1649.605    848.508   2498.112 
        MAN_ALU                             219   377.402    215.327    592.729 
          ALU_SUB_UNIT                      124   200.226      1.277    201.504 
            CLA_BLOCK_..CLA_4BIT_UNIT        20    36.884      0.000     36.884 
            CLA_BLOCK_..CLA_4BIT_UNIT        18    31.537      1.277     32.814 
            CLA_BLOCK_..CLA_4BIT_UNIT        15    30.694      0.000     30.694 
            CLA_BLOCK_..CLA_4BIT_UNIT        18    29.744      0.000     29.744 
            CLA_BLOCK_..CLA_4BIT_UNIT        18    28.927      0.000     28.927 
            CLA_BLOCK_..CLA_4BIT_UNIT        18    28.927      0.000     28.927 
        NOR_UNIT                            211   183.812     76.549    260.362 
          SHF_left_unit                     148   128.458     10.447    138.905 
        PSC_UNIT                             88   167.418     70.300    237.718 
        MAN_COMP_24BIT                       80   128.419      5.692    134.111 
          u_i_data_1                         13    23.123      0.000     23.123 
          u_i_data_2                         13    23.123      0.000     23.123 
          u_i_data_3                         13    23.123      0.000     23.123 
          u_i_data_4                         13    23.123      0.000     23.123 
          u_i_data_5                         12    17.156      5.692     22.848 
          u_i_data_0                         10    10.198      0.000     10.198 
        SHF_RIGHT_MAN                       132   109.769     21.825    131.594 
        MAN_SWAP                             48   100.475     14.737    115.212 
        MAN_SWAP_PRE                         46    98.580     13.281    111.861 
        MAN_RND                              26    79.378      0.030     79.408 
        LOPD_24BIT                           57    70.474     73.009    143.483 
          LOPD_16bit_UNIT_MSB                34    42.120     26.010     68.129 
            LOPD_8bit_unit_0                 14    19.173      0.000     19.173 
            LOPD_8bit_unit_1                 14    17.597      9.935     27.532 
          LOPD_8bit_UNIT_LSB                 14    19.429      0.000     19.429 
        EXP_ADJUST                           37    59.946     74.948    134.894 
          CLA_8BIT_UNIT                      30    52.926     49.175    102.101 
            CLA_4BIT_UNIT_0                  18    28.054      8.335     36.389 
            CLA_4BIT_UNIT_1                  11    23.214     40.783     63.997 
        EXP_SUB                              25    41.708      0.000     41.708 
          CLA_8BIT_UNIT                      20    37.819      0.000     37.819 
            CLA_4BIT_UNIT_0                  17    32.533      0.000     32.533 
            CLA_4BIT_UNIT_1                   2     4.368      0.000      4.368 
        EXP_COM_8BIT                         24    35.000      0.000     35.000 
          COMP_LESS_UNIT                     24    35.000      0.000     35.000 
            u_high                           13    23.020      0.000     23.020 
            u_low                            10    10.088      0.000     10.088 
        EXP_SWAP                             13    27.825      0.000     27.825 
        EXP_RND                              15    22.298     26.913     49.211 
        MAN_ALU_PROC_RND                      7    13.991      0.000     13.991 
        SIGN_UNIT                             2     2.258      4.673      6.931 
      DATA_B_RE                            1129  1649.605    848.508   2498.112 
        MAN_ALU                             219   377.402    215.327    592.729 
          ALU_SUB_UNIT                      124   200.226      1.277    201.504 
            CLA_BLOCK_..CLA_4BIT_UNIT        20    36.884      0.000     36.884 
            CLA_BLOCK_..CLA_4BIT_UNIT        18    31.537      1.277     32.814 
            CLA_BLOCK_..CLA_4BIT_UNIT        15    30.694      0.000     30.694 
            CLA_BLOCK_..CLA_4BIT_UNIT        18    29.744      0.000     29.744 
            CLA_BLOCK_..CLA_4BIT_UNIT        18    28.927      0.000     28.927 
            CLA_BLOCK_..CLA_4BIT_UNIT        18    28.927      0.000     28.927 
        NOR_UNIT                            211   183.812     76.549    260.362 
          SHF_left_unit                     148   128.458     10.447    138.905 
        PSC_UNIT                             88   167.418     70.300    237.718 
        MAN_COMP_24BIT                       80   128.419      5.692    134.111 
          u_i_data_1                         13    23.123      0.000     23.123 
          u_i_data_2                         13    23.123      0.000     23.123 
          u_i_data_3                         13    23.123      0.000     23.123 
          u_i_data_4                         13    23.123      0.000     23.123 
          u_i_data_5                         12    17.156      5.692     22.848 
          u_i_data_0                         10    10.198      0.000     10.198 
        SHF_RIGHT_MAN                       132   109.769     21.825    131.594 
        MAN_SWAP                             48   100.475     14.737    115.212 
        MAN_SWAP_PRE                         46    98.580     13.281    111.861 
        MAN_RND                              26    79.378      0.030     79.408 
        LOPD_24BIT                           57    70.474     73.009    143.483 
          LOPD_16bit_UNIT_MSB                34    42.120     26.010     68.129 
            LOPD_8bit_unit_0                 14    19.173      0.000     19.173 
            LOPD_8bit_unit_1                 14    17.597      9.935     27.532 
          LOPD_8bit_UNIT_LSB                 14    19.429      0.000     19.429 
        EXP_ADJUST                           37    59.946     74.948    134.894 
          CLA_8BIT_UNIT                      30    52.926     49.175    102.101 
            CLA_4BIT_UNIT_0                  18    28.054      8.335     36.389 
            CLA_4BIT_UNIT_1                  11    23.214     40.783     63.997 
        EXP_SUB                              25    41.708      0.000     41.708 
          CLA_8BIT_UNIT                      20    37.819      0.000     37.819 
            CLA_4BIT_UNIT_0                  17    32.533      0.000     32.533 
            CLA_4BIT_UNIT_1                   2     4.368      0.000      4.368 
        EXP_COM_8BIT                         24    35.000      0.000     35.000 
          COMP_LESS_UNIT                     24    35.000      0.000     35.000 
            u_high                           13    23.020      0.000     23.020 
            u_low                            10    10.088      0.000     10.088 
        EXP_SWAP                             13    27.825      0.000     27.825 
        EXP_RND                              15    22.298     26.913     49.211 
        MAN_ALU_PROC_RND                      7    13.991      0.000     13.991 
        SIGN_UNIT                             2     2.258      4.673      6.931 
      DATA_A_IM                            1128  1620.196    611.233   2231.429 
        MAN_ALU                             221   349.429    216.471    565.901 
          ALU_SUB_UNIT                      124   189.871     12.797    202.668 
            CLA_BLOCK_..CLA_4BIT_UNIT        20    31.827      0.000     31.827 
            CLA_BLOCK_..CLA_4BIT_UNIT        18    28.959      0.000     28.959 
            CLA_BLOCK_..CLA_4BIT_UNIT        18    28.661      0.000     28.661 
            CLA_BLOCK_..CLA_4BIT_UNIT        18    28.661      0.000     28.661 
            CLA_BLOCK_..CLA_4BIT_UNIT        15    28.513      0.000     28.513 
            CLA_BLOCK_..CLA_4BIT_UNIT        18    27.759     12.797     40.555 
        NOR_UNIT                            211   189.440      0.000    189.440 
          SHF_left_unit                     148   128.390      0.000    128.390 
        PSC_UNIT                             86   162.673     85.471    248.144 
        MAN_COMP_24BIT                       80   128.419      5.692    134.111 
          u_i_data_1                         13    23.123      0.000     23.123 
          u_i_data_2                         13    23.123      0.000     23.123 
          u_i_data_3                         13    23.123      0.000     23.123 
          u_i_data_4                         13    23.123      0.000     23.123 
          u_i_data_5                         12    17.156      5.692     22.848 
          u_i_data_0                         10    10.198      0.000     10.198 
        SHF_RIGHT_MAN                       132   109.769     21.825    131.594 
        MAN_SWAP                             48   100.430     14.737    115.167 
        MAN_SWAP_PRE                         46    98.580     13.281    111.861 
        MAN_RND                              26    79.370      0.000     79.370 
        LOPD_24BIT                           57    71.351      0.000     71.351 
          LOPD_16bit_UNIT_MSB                34    41.273      0.000     41.273 
            LOPD_8bit_unit_0                 14    19.173      0.000     19.173 
            LOPD_8bit_unit_1                 14    16.028      0.000     16.028 
          LOPD_8bit_UNIT_LSB                 14    19.429      0.000     19.429 
        EXP_ADJUST                           37    57.926      0.000     57.926 
          CLA_8BIT_UNIT                      30    52.201      0.000     52.201 
            CLA_4BIT_UNIT_0                  18    28.081      0.000     28.081 
            CLA_4BIT_UNIT_1                  11    22.716      0.000     22.716 
        EXP_SUB                              25    41.708      0.000     41.708 
          CLA_8BIT_UNIT                      20    37.819      0.000     37.819 
            CLA_4BIT_UNIT_0                  17    32.533      0.000     32.533 
            CLA_4BIT_UNIT_1                   2     4.368      0.000      4.368 
        EXP_COM_8BIT                         24    35.000      0.000     35.000 
          COMP_LESS_UNIT                     24    35.000      0.000     35.000 
            u_high                           13    23.020      0.000     23.020 
            u_low                            10    10.088      0.000     10.088 
        EXP_SWAP                             13    27.825      0.000     27.825 
        EXP_RND                              15    22.627      0.000     22.627 
        MAN_ALU_PROC_RND                      7    13.991      0.000     13.991 
        SIGN_UNIT                             1     2.259      4.852      7.111 
      DATA_A_RE                            1128  1620.196    611.233   2231.429 
        MAN_ALU                             221   349.429    216.471    565.901 
          ALU_SUB_UNIT                      124   189.871     12.797    202.668 
            CLA_BLOCK_..CLA_4BIT_UNIT        20    31.827      0.000     31.827 
            CLA_BLOCK_..CLA_4BIT_UNIT        18    28.959      0.000     28.959 
            CLA_BLOCK_..CLA_4BIT_UNIT        18    28.661      0.000     28.661 
            CLA_BLOCK_..CLA_4BIT_UNIT        18    28.661      0.000     28.661 
            CLA_BLOCK_..CLA_4BIT_UNIT        15    28.513      0.000     28.513 
            CLA_BLOCK_..CLA_4BIT_UNIT        18    27.759     12.797     40.555 
        NOR_UNIT                            211   189.440      0.000    189.440 
          SHF_left_unit                     148   128.390      0.000    128.390 
        PSC_UNIT                             86   162.673     85.471    248.144 
        MAN_COMP_24BIT                       80   128.419      5.692    134.111 
          u_i_data_1                         13    23.123      0.000     23.123 
          u_i_data_2                         13    23.123      0.000     23.123 
          u_i_data_3                         13    23.123      0.000     23.123 
          u_i_data_4                         13    23.123      0.000     23.123 
          u_i_data_5                         12    17.156      5.692     22.848 
          u_i_data_0                         10    10.198      0.000     10.198 
        SHF_RIGHT_MAN                       132   109.769     21.825    131.594 
        MAN_SWAP                             48   100.430     14.737    115.167 
        MAN_SWAP_PRE                         46    98.580     13.281    111.861 
        MAN_RND                              26    79.370      0.000     79.370 
        LOPD_24BIT                           57    71.351      0.000     71.351 
          LOPD_16bit_UNIT_MSB                34    41.273      0.000     41.273 
            LOPD_8bit_unit_0                 14    19.173      0.000     19.173 
            LOPD_8bit_unit_1                 14    16.028      0.000     16.028 
          LOPD_8bit_UNIT_LSB                 14    19.429      0.000     19.429 
        EXP_ADJUST                           37    57.926      0.000     57.926 
          CLA_8BIT_UNIT                      30    52.201      0.000     52.201 
            CLA_4BIT_UNIT_0                  18    28.081      0.000     28.081 
            CLA_4BIT_UNIT_1                  11    22.716      0.000     22.716 
        EXP_SUB                              25    41.708      0.000     41.708 
          CLA_8BIT_UNIT                      20    37.819      0.000     37.819 
            CLA_4BIT_UNIT_0                  17    32.533      0.000     32.533 
            CLA_4BIT_UNIT_1                   2     4.368      0.000      4.368 
        EXP_COM_8BIT                         24    35.000      0.000     35.000 
          COMP_LESS_UNIT                     24    35.000      0.000     35.000 
            u_high                           13    23.020      0.000     23.020 
            u_low                            10    10.088      0.000     10.088 
        EXP_SWAP                             13    27.825      0.000     27.825 
        EXP_RND                              15    22.627      0.000     22.627 
        MAN_ALU_PROC_RND                      7    13.991      0.000     13.991 
        SIGN_UNIT                             1     2.259      4.852      7.111 
    BFU2_UNIT1                             4514  6537.840   2930.286   9468.126 
      DATA_B_RE                            1129  1649.605    848.508   2498.112 
        MAN_ALU                             219   377.402    215.327    592.729 
          ALU_SUB_UNIT                      124   200.226      1.277    201.504 
            CLA_BLOCK_..CLA_4BIT_UNIT        20    36.884      0.000     36.884 
            CLA_BLOCK_..CLA_4BIT_UNIT        18    31.537      1.277     32.814 
            CLA_BLOCK_..CLA_4BIT_UNIT        15    30.694      0.000     30.694 
            CLA_BLOCK_..CLA_4BIT_UNIT        18    29.744      0.000     29.744 
            CLA_BLOCK_..CLA_4BIT_UNIT        18    28.927      0.000     28.927 
            CLA_BLOCK_..CLA_4BIT_UNIT        18    28.927      0.000     28.927 
        NOR_UNIT                            211   183.812     76.549    260.362 
          SHF_left_unit                     148   128.458     10.447    138.905 
        PSC_UNIT                             88   167.418     70.300    237.718 
        MAN_COMP_24BIT                       80   128.419      5.692    134.111 
          u_i_data_1                         13    23.123      0.000     23.123 
          u_i_data_2                         13    23.123      0.000     23.123 
          u_i_data_3                         13    23.123      0.000     23.123 
          u_i_data_4                         13    23.123      0.000     23.123 
          u_i_data_5                         12    17.156      5.692     22.848 
          u_i_data_0                         10    10.198      0.000     10.198 
        SHF_RIGHT_MAN                       132   109.769     21.825    131.594 
        MAN_SWAP                             48   100.475     14.737    115.212 
        MAN_SWAP_PRE                         46    98.580     13.281    111.861 
        MAN_RND                              26    79.378      0.030     79.408 
        LOPD_24BIT                           57    70.474     73.009    143.483 
          LOPD_16bit_UNIT_MSB                34    42.120     26.010     68.129 
            LOPD_8bit_unit_0                 14    19.173      0.000     19.173 
            LOPD_8bit_unit_1                 14    17.597      9.935     27.532 
          LOPD_8bit_UNIT_LSB                 14    19.429      0.000     19.429 
        EXP_ADJUST                           37    59.946     74.948    134.894 
          CLA_8BIT_UNIT                      30    52.926     49.175    102.101 
            CLA_4BIT_UNIT_0                  18    28.054      8.335     36.389 
            CLA_4BIT_UNIT_1                  11    23.214     40.783     63.997 
        EXP_SUB                              25    41.708      0.000     41.708 
          CLA_8BIT_UNIT                      20    37.819      0.000     37.819 
            CLA_4BIT_UNIT_0                  17    32.533      0.000     32.533 
            CLA_4BIT_UNIT_1                   2     4.368      0.000      4.368 
        EXP_COM_8BIT                         24    35.000      0.000     35.000 
          COMP_LESS_UNIT                     24    35.000      0.000     35.000 
            u_high                           13    23.020      0.000     23.020 
            u_low                            10    10.088      0.000     10.088 
        EXP_SWAP                             13    27.825      0.000     27.825 
        EXP_RND                              15    22.298     26.913     49.211 
        MAN_ALU_PROC_RND                      7    13.991      0.000     13.991 
        SIGN_UNIT                             2     2.258      4.673      6.931 
      DATA_A_IM                            1128  1638.928    868.673   2507.601 
        MAN_ALU                             221   372.532    213.089    585.621 
          ALU_SUB_UNIT                      124   200.226      1.277    201.504 
            CLA_BLOCK_..CLA_4BIT_UNIT        20    36.884      0.000     36.884 
            CLA_BLOCK_..CLA_4BIT_UNIT        18    31.537      1.277     32.814 
            CLA_BLOCK_..CLA_4BIT_UNIT        15    30.694      0.000     30.694 
            CLA_BLOCK_..CLA_4BIT_UNIT        18    29.744      0.000     29.744 
            CLA_BLOCK_..CLA_4BIT_UNIT        18    28.927      0.000     28.927 
            CLA_BLOCK_..CLA_4BIT_UNIT        18    28.927      0.000     28.927 
        NOR_UNIT                            211   183.812     76.544    260.356 
          SHF_left_unit                     148   128.458     10.445    138.903 
        PSC_UNIT                             86   161.655     92.546    254.201 
        MAN_COMP_24BIT                       80   128.419      5.692    134.111 
          u_i_data_1                         13    23.123      0.000     23.123 
          u_i_data_2                         13    23.123      0.000     23.123 
          u_i_data_3                         13    23.123      0.000     23.123 
          u_i_data_4                         13    23.123      0.000     23.123 
          u_i_data_5                         12    17.156      5.692     22.848 
          u_i_data_0                         10    10.198      0.000     10.198 
        SHF_RIGHT_MAN                       132   109.769     21.825    131.594 
        MAN_SWAP                             48   100.430     14.737    115.167 
        MAN_SWAP_PRE                         46    98.580     13.281    111.861 
        MAN_RND                              26    79.378      0.030     79.408 
        LOPD_24BIT                           57    70.474     73.005    143.479 
          LOPD_16bit_UNIT_MSB                34    42.120     26.005     68.125 
            LOPD_8bit_unit_0                 14    19.173      0.000     19.173 
            LOPD_8bit_unit_1                 14    17.597      9.931     27.527 
          LOPD_8bit_UNIT_LSB                 14    19.429      0.000     19.429 
        EXP_ADJUST                           37    59.946     74.936    134.881 
          CLA_8BIT_UNIT                      30    52.926     49.171    102.097 
            CLA_4BIT_UNIT_0                  18    28.054      8.334     36.388 
            CLA_4BIT_UNIT_1                  11    23.214     40.780     63.994 
        EXP_SUB                              25    41.708      0.000     41.708 
          CLA_8BIT_UNIT                      20    37.819      0.000     37.819 
            CLA_4BIT_UNIT_0                  17    32.533      0.000     32.533 
            CLA_4BIT_UNIT_1                   2     4.368      0.000      4.368 
        EXP_COM_8BIT                         24    35.000      0.000     35.000 
          COMP_LESS_UNIT                     24    35.000      0.000     35.000 
            u_high                           13    23.020      0.000     23.020 
            u_low                            10    10.088      0.000     10.088 
        EXP_SWAP                             13    27.825      0.000     27.825 
        EXP_RND                              15    22.298     26.913     49.211 
        MAN_ALU_PROC_RND                      7    13.991      0.000     13.991 
        SIGN_UNIT                             1     2.259      4.852      7.111 
      DATA_B_IM                            1129  1629.112    601.872   2230.984 
        MAN_ALU                             219   354.870    215.386    570.256 
          ALU_SUB_UNIT                      124   189.871     13.477    203.349 
            CLA_BLOCK_..CLA_4BIT_UNIT        20    31.827      0.000     31.827 
            CLA_BLOCK_..CLA_4BIT_UNIT        18    28.959      0.000     28.959 
            CLA_BLOCK_..CLA_4BIT_UNIT        18    28.661      0.000     28.661 
            CLA_BLOCK_..CLA_4BIT_UNIT        18    28.661      0.000     28.661 
            CLA_BLOCK_..CLA_4BIT_UNIT        15    28.513      0.000     28.513 
            CLA_BLOCK_..CLA_4BIT_UNIT        18    27.759     13.477     41.236 
        NOR_UNIT                            211   189.440      0.000    189.440 
          SHF_left_unit                     148   128.390      0.000    128.390 
        PSC_UNIT                             88   166.103     77.375    243.478 
        MAN_COMP_24BIT                       80   128.419      5.692    134.111 
          u_i_data_1                         13    23.123      0.000     23.123 
          u_i_data_2                         13    23.123      0.000     23.123 
          u_i_data_3                         13    23.123      0.000     23.123 
          u_i_data_4                         13    23.123      0.000     23.123 
          u_i_data_5                         12    17.156      5.692     22.848 
          u_i_data_0                         10    10.198      0.000     10.198 
        SHF_RIGHT_MAN                       132   109.769     21.825    131.594 
        MAN_SWAP                             48   100.475     14.737    115.212 
        MAN_SWAP_PRE                         46    98.580     13.281    111.861 
        MAN_RND                              26    79.370      0.000     79.370 
        LOPD_24BIT                           57    71.351      0.000     71.351 
          LOPD_16bit_UNIT_MSB                34    41.273      0.000     41.273 
            LOPD_8bit_unit_0                 14    19.173      0.000     19.173 
            LOPD_8bit_unit_1                 14    16.028      0.000     16.028 
          LOPD_8bit_UNIT_LSB                 14    19.429      0.000     19.429 
        EXP_ADJUST                           37    57.926      0.000     57.926 
          CLA_8BIT_UNIT                      30    52.201      0.000     52.201 
            CLA_4BIT_UNIT_0                  18    28.081      0.000     28.081 
            CLA_4BIT_UNIT_1                  11    22.716      0.000     22.716 
        EXP_SUB                              25    41.708      0.000     41.708 
          CLA_8BIT_UNIT                      20    37.819      0.000     37.819 
            CLA_4BIT_UNIT_0                  17    32.533      0.000     32.533 
            CLA_4BIT_UNIT_1                   2     4.368      0.000      4.368 
        EXP_COM_8BIT                         24    35.000      0.000     35.000 
          COMP_LESS_UNIT                     24    35.000      0.000     35.000 
            u_high                           13    23.020      0.000     23.020 
            u_low                            10    10.088      0.000     10.088 
        EXP_SWAP                             13    27.825      0.000     27.825 
        EXP_RND                              15    22.627      0.000     22.627 
        MAN_ALU_PROC_RND                      7    13.991      0.000     13.991 
        SIGN_UNIT                             2     2.259      4.673      6.932 
      DATA_A_RE                            1128  1620.196    611.233   2231.429 
        MAN_ALU                             221   349.429    216.471    565.901 
          ALU_SUB_UNIT                      124   189.871     12.797    202.668 
            CLA_BLOCK_..CLA_4BIT_UNIT        20    31.827      0.000     31.827 
            CLA_BLOCK_..CLA_4BIT_UNIT        18    28.959      0.000     28.959 
            CLA_BLOCK_..CLA_4BIT_UNIT        18    28.661      0.000     28.661 
            CLA_BLOCK_..CLA_4BIT_UNIT        18    28.661      0.000     28.661 
            CLA_BLOCK_..CLA_4BIT_UNIT        15    28.513      0.000     28.513 
            CLA_BLOCK_..CLA_4BIT_UNIT        18    27.759     12.797     40.555 
        NOR_UNIT                            211   189.440      0.000    189.440 
          SHF_left_unit                     148   128.390      0.000    128.390 
        PSC_UNIT                             86   162.673     85.471    248.144 
        MAN_COMP_24BIT                       80   128.419      5.692    134.111 
          u_i_data_1                         13    23.123      0.000     23.123 
          u_i_data_2                         13    23.123      0.000     23.123 
          u_i_data_3                         13    23.123      0.000     23.123 
          u_i_data_4                         13    23.123      0.000     23.123 
          u_i_data_5                         12    17.156      5.692     22.848 
          u_i_data_0                         10    10.198      0.000     10.198 
        SHF_RIGHT_MAN                       132   109.769     21.825    131.594 
        MAN_SWAP                             48   100.430     14.737    115.167 
        MAN_SWAP_PRE                         46    98.580     13.281    111.861 
        MAN_RND                              26    79.370      0.000     79.370 
        LOPD_24BIT                           57    71.351      0.000     71.351 
          LOPD_16bit_UNIT_MSB                34    41.273      0.000     41.273 
            LOPD_8bit_unit_0                 14    19.173      0.000     19.173 
            LOPD_8bit_unit_1                 14    16.028      0.000     16.028 
          LOPD_8bit_UNIT_LSB                 14    19.429      0.000     19.429 
        EXP_ADJUST                           37    57.926      0.000     57.926 
          CLA_8BIT_UNIT                      30    52.201      0.000     52.201 
            CLA_4BIT_UNIT_0                  18    28.081      0.000     28.081 
            CLA_4BIT_UNIT_1                  11    22.716      0.000     22.716 
        EXP_SUB                              25    41.708      0.000     41.708 
          CLA_8BIT_UNIT                      20    37.819      0.000     37.819 
            CLA_4BIT_UNIT_0                  17    32.533      0.000     32.533 
            CLA_4BIT_UNIT_1                   2     4.368      0.000      4.368 
        EXP_COM_8BIT                         24    35.000      0.000     35.000 
          COMP_LESS_UNIT                     24    35.000      0.000     35.000 
            u_high                           13    23.020      0.000     23.020 
            u_low                            10    10.088      0.000     10.088 
        EXP_SWAP                             13    27.825      0.000     27.825 
        EXP_RND                              15    22.627      0.000     22.627 
        MAN_ALU_PROC_RND                      7    13.991      0.000     13.991 
        SIGN_UNIT                             1     2.259      4.852      7.111 
  BFU4_17                                  9029 13077.966   5859.551  18937.517 
    BFU2_UNIT0                             4514  6539.601   2919.481   9459.082 
      DATA_B_IM                            1129  1649.605    848.508   2498.112 
        MAN_ALU                             219   377.402    215.327    592.729 
          ALU_SUB_UNIT                      124   200.226      1.277    201.504 
            CLA_BLOCK_..CLA_4BIT_UNIT        20    36.884      0.000     36.884 
            CLA_BLOCK_..CLA_4BIT_UNIT        18    31.537      1.277     32.814 
            CLA_BLOCK_..CLA_4BIT_UNIT        15    30.694      0.000     30.694 
            CLA_BLOCK_..CLA_4BIT_UNIT        18    29.744      0.000     29.744 
            CLA_BLOCK_..CLA_4BIT_UNIT        18    28.927      0.000     28.927 
            CLA_BLOCK_..CLA_4BIT_UNIT        18    28.927      0.000     28.927 
        NOR_UNIT                            211   183.812     76.549    260.362 
          SHF_left_unit                     148   128.458     10.447    138.905 
        PSC_UNIT                             88   167.418     70.300    237.718 
        MAN_COMP_24BIT                       80   128.419      5.692    134.111 
          u_i_data_1                         13    23.123      0.000     23.123 
          u_i_data_2                         13    23.123      0.000     23.123 
          u_i_data_3                         13    23.123      0.000     23.123 
          u_i_data_4                         13    23.123      0.000     23.123 
          u_i_data_5                         12    17.156      5.692     22.848 
          u_i_data_0                         10    10.198      0.000     10.198 
        SHF_RIGHT_MAN                       132   109.769     21.825    131.594 
        MAN_SWAP                             48   100.475     14.737    115.212 
        MAN_SWAP_PRE                         46    98.580     13.281    111.861 
        MAN_RND                              26    79.378      0.030     79.408 
        LOPD_24BIT                           57    70.474     73.009    143.483 
          LOPD_16bit_UNIT_MSB                34    42.120     26.010     68.129 
            LOPD_8bit_unit_0                 14    19.173      0.000     19.173 
            LOPD_8bit_unit_1                 14    17.597      9.935     27.532 
          LOPD_8bit_UNIT_LSB                 14    19.429      0.000     19.429 
        EXP_ADJUST                           37    59.946     74.948    134.894 
          CLA_8BIT_UNIT                      30    52.926     49.175    102.101 
            CLA_4BIT_UNIT_0                  18    28.054      8.335     36.389 
            CLA_4BIT_UNIT_1                  11    23.214     40.783     63.997 
        EXP_SUB                              25    41.708      0.000     41.708 
          CLA_8BIT_UNIT                      20    37.819      0.000     37.819 
            CLA_4BIT_UNIT_0                  17    32.533      0.000     32.533 
            CLA_4BIT_UNIT_1                   2     4.368      0.000      4.368 
        EXP_COM_8BIT                         24    35.000      0.000     35.000 
          COMP_LESS_UNIT                     24    35.000      0.000     35.000 
            u_high                           13    23.020      0.000     23.020 
            u_low                            10    10.088      0.000     10.088 
        EXP_SWAP                             13    27.825      0.000     27.825 
        EXP_RND                              15    22.298     26.913     49.211 
        MAN_ALU_PROC_RND                      7    13.991      0.000     13.991 
        SIGN_UNIT                             2     2.258      4.673      6.931 
      DATA_B_RE                            1129  1649.605    848.508   2498.112 
        MAN_ALU                             219   377.402    215.327    592.729 
          ALU_SUB_UNIT                      124   200.226      1.277    201.504 
            CLA_BLOCK_..CLA_4BIT_UNIT        20    36.884      0.000     36.884 
            CLA_BLOCK_..CLA_4BIT_UNIT        18    31.537      1.277     32.814 
            CLA_BLOCK_..CLA_4BIT_UNIT        15    30.694      0.000     30.694 
            CLA_BLOCK_..CLA_4BIT_UNIT        18    29.744      0.000     29.744 
            CLA_BLOCK_..CLA_4BIT_UNIT        18    28.927      0.000     28.927 
            CLA_BLOCK_..CLA_4BIT_UNIT        18    28.927      0.000     28.927 
        NOR_UNIT                            211   183.812     76.549    260.362 
          SHF_left_unit                     148   128.458     10.447    138.905 
        PSC_UNIT                             88   167.418     70.300    237.718 
        MAN_COMP_24BIT                       80   128.419      5.692    134.111 
          u_i_data_1                         13    23.123      0.000     23.123 
          u_i_data_2                         13    23.123      0.000     23.123 
          u_i_data_3                         13    23.123      0.000     23.123 
          u_i_data_4                         13    23.123      0.000     23.123 
          u_i_data_5                         12    17.156      5.692     22.848 
          u_i_data_0                         10    10.198      0.000     10.198 
        SHF_RIGHT_MAN                       132   109.769     21.825    131.594 
        MAN_SWAP                             48   100.475     14.737    115.212 
        MAN_SWAP_PRE                         46    98.580     13.281    111.861 
        MAN_RND                              26    79.378      0.030     79.408 
        LOPD_24BIT                           57    70.474     73.009    143.483 
          LOPD_16bit_UNIT_MSB                34    42.120     26.010     68.129 
            LOPD_8bit_unit_0                 14    19.173      0.000     19.173 
            LOPD_8bit_unit_1                 14    17.597      9.935     27.532 
          LOPD_8bit_UNIT_LSB                 14    19.429      0.000     19.429 
        EXP_ADJUST                           37    59.946     74.948    134.894 
          CLA_8BIT_UNIT                      30    52.926     49.175    102.101 
            CLA_4BIT_UNIT_0                  18    28.054      8.335     36.389 
            CLA_4BIT_UNIT_1                  11    23.214     40.783     63.997 
        EXP_SUB                              25    41.708      0.000     41.708 
          CLA_8BIT_UNIT                      20    37.819      0.000     37.819 
            CLA_4BIT_UNIT_0                  17    32.533      0.000     32.533 
            CLA_4BIT_UNIT_1                   2     4.368      0.000      4.368 
        EXP_COM_8BIT                         24    35.000      0.000     35.000 
          COMP_LESS_UNIT                     24    35.000      0.000     35.000 
            u_high                           13    23.020      0.000     23.020 
            u_low                            10    10.088      0.000     10.088 
        EXP_SWAP                             13    27.825      0.000     27.825 
        EXP_RND                              15    22.298     26.913     49.211 
        MAN_ALU_PROC_RND                      7    13.991      0.000     13.991 
        SIGN_UNIT                             2     2.258      4.673      6.931 
      DATA_A_IM                            1128  1620.196    611.233   2231.429 
        MAN_ALU                             221   349.429    216.471    565.901 
          ALU_SUB_UNIT                      124   189.871     12.797    202.668 
            CLA_BLOCK_..CLA_4BIT_UNIT        20    31.827      0.000     31.827 
            CLA_BLOCK_..CLA_4BIT_UNIT        18    28.959      0.000     28.959 
            CLA_BLOCK_..CLA_4BIT_UNIT        18    28.661      0.000     28.661 
            CLA_BLOCK_..CLA_4BIT_UNIT        18    28.661      0.000     28.661 
            CLA_BLOCK_..CLA_4BIT_UNIT        15    28.513      0.000     28.513 
            CLA_BLOCK_..CLA_4BIT_UNIT        18    27.759     12.797     40.555 
        NOR_UNIT                            211   189.440      0.000    189.440 
          SHF_left_unit                     148   128.390      0.000    128.390 
        PSC_UNIT                             86   162.673     85.471    248.144 
        MAN_COMP_24BIT                       80   128.419      5.692    134.111 
          u_i_data_1                         13    23.123      0.000     23.123 
          u_i_data_2                         13    23.123      0.000     23.123 
          u_i_data_3                         13    23.123      0.000     23.123 
          u_i_data_4                         13    23.123      0.000     23.123 
          u_i_data_5                         12    17.156      5.692     22.848 
          u_i_data_0                         10    10.198      0.000     10.198 
        SHF_RIGHT_MAN                       132   109.769     21.825    131.594 
        MAN_SWAP                             48   100.430     14.737    115.167 
        MAN_SWAP_PRE                         46    98.580     13.281    111.861 
        MAN_RND                              26    79.370      0.000     79.370 
        LOPD_24BIT                           57    71.351      0.000     71.351 
          LOPD_16bit_UNIT_MSB                34    41.273      0.000     41.273 
            LOPD_8bit_unit_0                 14    19.173      0.000     19.173 
            LOPD_8bit_unit_1                 14    16.028      0.000     16.028 
          LOPD_8bit_UNIT_LSB                 14    19.429      0.000     19.429 
        EXP_ADJUST                           37    57.926      0.000     57.926 
          CLA_8BIT_UNIT                      30    52.201      0.000     52.201 
            CLA_4BIT_UNIT_0                  18    28.081      0.000     28.081 
            CLA_4BIT_UNIT_1                  11    22.716      0.000     22.716 
        EXP_SUB                              25    41.708      0.000     41.708 
          CLA_8BIT_UNIT                      20    37.819      0.000     37.819 
            CLA_4BIT_UNIT_0                  17    32.533      0.000     32.533 
            CLA_4BIT_UNIT_1                   2     4.368      0.000      4.368 
        EXP_COM_8BIT                         24    35.000      0.000     35.000 
          COMP_LESS_UNIT                     24    35.000      0.000     35.000 
            u_high                           13    23.020      0.000     23.020 
            u_low                            10    10.088      0.000     10.088 
        EXP_SWAP                             13    27.825      0.000     27.825 
        EXP_RND                              15    22.627      0.000     22.627 
        MAN_ALU_PROC_RND                      7    13.991      0.000     13.991 
        SIGN_UNIT                             1     2.259      4.852      7.111 
      DATA_A_RE                            1128  1620.196    611.233   2231.429 
        MAN_ALU                             221   349.429    216.471    565.901 
          ALU_SUB_UNIT                      124   189.871     12.797    202.668 
            CLA_BLOCK_..CLA_4BIT_UNIT        20    31.827      0.000     31.827 
            CLA_BLOCK_..CLA_4BIT_UNIT        18    28.959      0.000     28.959 
            CLA_BLOCK_..CLA_4BIT_UNIT        18    28.661      0.000     28.661 
            CLA_BLOCK_..CLA_4BIT_UNIT        18    28.661      0.000     28.661 
            CLA_BLOCK_..CLA_4BIT_UNIT        15    28.513      0.000     28.513 
            CLA_BLOCK_..CLA_4BIT_UNIT        18    27.759     12.797     40.555 
        NOR_UNIT                            211   189.440      0.000    189.440 
          SHF_left_unit                     148   128.390      0.000    128.390 
        PSC_UNIT                             86   162.673     85.471    248.144 
        MAN_COMP_24BIT                       80   128.419      5.692    134.111 
          u_i_data_1                         13    23.123      0.000     23.123 
          u_i_data_2                         13    23.123      0.000     23.123 
          u_i_data_3                         13    23.123      0.000     23.123 
          u_i_data_4                         13    23.123      0.000     23.123 
          u_i_data_5                         12    17.156      5.692     22.848 
          u_i_data_0                         10    10.198      0.000     10.198 
        SHF_RIGHT_MAN                       132   109.769     21.825    131.594 
        MAN_SWAP                             48   100.430     14.737    115.167 
        MAN_SWAP_PRE                         46    98.580     13.281    111.861 
        MAN_RND                              26    79.370      0.000     79.370 
        LOPD_24BIT                           57    71.351      0.000     71.351 
          LOPD_16bit_UNIT_MSB                34    41.273      0.000     41.273 
            LOPD_8bit_unit_0                 14    19.173      0.000     19.173 
            LOPD_8bit_unit_1                 14    16.028      0.000     16.028 
          LOPD_8bit_UNIT_LSB                 14    19.429      0.000     19.429 
        EXP_ADJUST                           37    57.926      0.000     57.926 
          CLA_8BIT_UNIT                      30    52.201      0.000     52.201 
            CLA_4BIT_UNIT_0                  18    28.081      0.000     28.081 
            CLA_4BIT_UNIT_1                  11    22.716      0.000     22.716 
        EXP_SUB                              25    41.708      0.000     41.708 
          CLA_8BIT_UNIT                      20    37.819      0.000     37.819 
            CLA_4BIT_UNIT_0                  17    32.533      0.000     32.533 
            CLA_4BIT_UNIT_1                   2     4.368      0.000      4.368 
        EXP_COM_8BIT                         24    35.000      0.000     35.000 
          COMP_LESS_UNIT                     24    35.000      0.000     35.000 
            u_high                           13    23.020      0.000     23.020 
            u_low                            10    10.088      0.000     10.088 
        EXP_SWAP                             13    27.825      0.000     27.825 
        EXP_RND                              15    22.627      0.000     22.627 
        MAN_ALU_PROC_RND                      7    13.991      0.000     13.991 
        SIGN_UNIT                             1     2.259      4.852      7.111 
    BFU2_UNIT1                             4514  6537.840   2930.286   9468.126 
      DATA_B_RE                            1129  1649.605    848.508   2498.112 
        MAN_ALU                             219   377.402    215.327    592.729 
          ALU_SUB_UNIT                      124   200.226      1.277    201.504 
            CLA_BLOCK_..CLA_4BIT_UNIT        20    36.884      0.000     36.884 
            CLA_BLOCK_..CLA_4BIT_UNIT        18    31.537      1.277     32.814 
            CLA_BLOCK_..CLA_4BIT_UNIT        15    30.694      0.000     30.694 
            CLA_BLOCK_..CLA_4BIT_UNIT        18    29.744      0.000     29.744 
            CLA_BLOCK_..CLA_4BIT_UNIT        18    28.927      0.000     28.927 
            CLA_BLOCK_..CLA_4BIT_UNIT        18    28.927      0.000     28.927 
        NOR_UNIT                            211   183.812     76.549    260.362 
          SHF_left_unit                     148   128.458     10.447    138.905 
        PSC_UNIT                             88   167.418     70.300    237.718 
        MAN_COMP_24BIT                       80   128.419      5.692    134.111 
          u_i_data_1                         13    23.123      0.000     23.123 
          u_i_data_2                         13    23.123      0.000     23.123 
          u_i_data_3                         13    23.123      0.000     23.123 
          u_i_data_4                         13    23.123      0.000     23.123 
          u_i_data_5                         12    17.156      5.692     22.848 
          u_i_data_0                         10    10.198      0.000     10.198 
        SHF_RIGHT_MAN                       132   109.769     21.825    131.594 
        MAN_SWAP                             48   100.475     14.737    115.212 
        MAN_SWAP_PRE                         46    98.580     13.281    111.861 
        MAN_RND                              26    79.378      0.030     79.408 
        LOPD_24BIT                           57    70.474     73.009    143.483 
          LOPD_16bit_UNIT_MSB                34    42.120     26.010     68.129 
            LOPD_8bit_unit_0                 14    19.173      0.000     19.173 
            LOPD_8bit_unit_1                 14    17.597      9.935     27.532 
          LOPD_8bit_UNIT_LSB                 14    19.429      0.000     19.429 
        EXP_ADJUST                           37    59.946     74.948    134.894 
          CLA_8BIT_UNIT                      30    52.926     49.175    102.101 
            CLA_4BIT_UNIT_0                  18    28.054      8.335     36.389 
            CLA_4BIT_UNIT_1                  11    23.214     40.783     63.997 
        EXP_SUB                              25    41.708      0.000     41.708 
          CLA_8BIT_UNIT                      20    37.819      0.000     37.819 
            CLA_4BIT_UNIT_0                  17    32.533      0.000     32.533 
            CLA_4BIT_UNIT_1                   2     4.368      0.000      4.368 
        EXP_COM_8BIT                         24    35.000      0.000     35.000 
          COMP_LESS_UNIT                     24    35.000      0.000     35.000 
            u_high                           13    23.020      0.000     23.020 
            u_low                            10    10.088      0.000     10.088 
        EXP_SWAP                             13    27.825      0.000     27.825 
        EXP_RND                              15    22.298     26.913     49.211 
        MAN_ALU_PROC_RND                      7    13.991      0.000     13.991 
        SIGN_UNIT                             2     2.258      4.673      6.931 
      DATA_A_IM                            1128  1638.928    868.673   2507.601 
        MAN_ALU                             221   372.532    213.089    585.621 
          ALU_SUB_UNIT                      124   200.226      1.277    201.504 
            CLA_BLOCK_..CLA_4BIT_UNIT        20    36.884      0.000     36.884 
            CLA_BLOCK_..CLA_4BIT_UNIT        18    31.537      1.277     32.814 
            CLA_BLOCK_..CLA_4BIT_UNIT        15    30.694      0.000     30.694 
            CLA_BLOCK_..CLA_4BIT_UNIT        18    29.744      0.000     29.744 
            CLA_BLOCK_..CLA_4BIT_UNIT        18    28.927      0.000     28.927 
            CLA_BLOCK_..CLA_4BIT_UNIT        18    28.927      0.000     28.927 
        NOR_UNIT                            211   183.812     76.544    260.356 
          SHF_left_unit                     148   128.458     10.445    138.903 
        PSC_UNIT                             86   161.655     92.546    254.201 
        MAN_COMP_24BIT                       80   128.419      5.692    134.111 
          u_i_data_1                         13    23.123      0.000     23.123 
          u_i_data_2                         13    23.123      0.000     23.123 
          u_i_data_3                         13    23.123      0.000     23.123 
          u_i_data_4                         13    23.123      0.000     23.123 
          u_i_data_5                         12    17.156      5.692     22.848 
          u_i_data_0                         10    10.198      0.000     10.198 
        SHF_RIGHT_MAN                       132   109.769     21.825    131.594 
        MAN_SWAP                             48   100.430     14.737    115.167 
        MAN_SWAP_PRE                         46    98.580     13.281    111.861 
        MAN_RND                              26    79.378      0.030     79.408 
        LOPD_24BIT                           57    70.474     73.005    143.479 
          LOPD_16bit_UNIT_MSB                34    42.120     26.005     68.125 
            LOPD_8bit_unit_0                 14    19.173      0.000     19.173 
            LOPD_8bit_unit_1                 14    17.597      9.931     27.527 
          LOPD_8bit_UNIT_LSB                 14    19.429      0.000     19.429 
        EXP_ADJUST                           37    59.946     74.936    134.881 
          CLA_8BIT_UNIT                      30    52.926     49.171    102.097 
            CLA_4BIT_UNIT_0                  18    28.054      8.334     36.388 
            CLA_4BIT_UNIT_1                  11    23.214     40.780     63.994 
        EXP_SUB                              25    41.708      0.000     41.708 
          CLA_8BIT_UNIT                      20    37.819      0.000     37.819 
            CLA_4BIT_UNIT_0                  17    32.533      0.000     32.533 
            CLA_4BIT_UNIT_1                   2     4.368      0.000      4.368 
        EXP_COM_8BIT                         24    35.000      0.000     35.000 
          COMP_LESS_UNIT                     24    35.000      0.000     35.000 
            u_high                           13    23.020      0.000     23.020 
            u_low                            10    10.088      0.000     10.088 
        EXP_SWAP                             13    27.825      0.000     27.825 
        EXP_RND                              15    22.298     26.913     49.211 
        MAN_ALU_PROC_RND                      7    13.991      0.000     13.991 
        SIGN_UNIT                             1     2.259      4.852      7.111 
      DATA_B_IM                            1129  1629.112    601.872   2230.984 
        MAN_ALU                             219   354.870    215.386    570.256 
          ALU_SUB_UNIT                      124   189.871     13.477    203.349 
            CLA_BLOCK_..CLA_4BIT_UNIT        20    31.827      0.000     31.827 
            CLA_BLOCK_..CLA_4BIT_UNIT        18    28.959      0.000     28.959 
            CLA_BLOCK_..CLA_4BIT_UNIT        18    28.661      0.000     28.661 
            CLA_BLOCK_..CLA_4BIT_UNIT        18    28.661      0.000     28.661 
            CLA_BLOCK_..CLA_4BIT_UNIT        15    28.513      0.000     28.513 
            CLA_BLOCK_..CLA_4BIT_UNIT        18    27.759     13.477     41.236 
        NOR_UNIT                            211   189.440      0.000    189.440 
          SHF_left_unit                     148   128.390      0.000    128.390 
        PSC_UNIT                             88   166.103     77.375    243.478 
        MAN_COMP_24BIT                       80   128.419      5.692    134.111 
          u_i_data_1                         13    23.123      0.000     23.123 
          u_i_data_2                         13    23.123      0.000     23.123 
          u_i_data_3                         13    23.123      0.000     23.123 
          u_i_data_4                         13    23.123      0.000     23.123 
          u_i_data_5                         12    17.156      5.692     22.848 
          u_i_data_0                         10    10.198      0.000     10.198 
        SHF_RIGHT_MAN                       132   109.769     21.825    131.594 
        MAN_SWAP                             48   100.475     14.737    115.212 
        MAN_SWAP_PRE                         46    98.580     13.281    111.861 
        MAN_RND                              26    79.370      0.000     79.370 
        LOPD_24BIT                           57    71.351      0.000     71.351 
          LOPD_16bit_UNIT_MSB                34    41.273      0.000     41.273 
            LOPD_8bit_unit_0                 14    19.173      0.000     19.173 
            LOPD_8bit_unit_1                 14    16.028      0.000     16.028 
          LOPD_8bit_UNIT_LSB                 14    19.429      0.000     19.429 
        EXP_ADJUST                           37    57.926      0.000     57.926 
          CLA_8BIT_UNIT                      30    52.201      0.000     52.201 
            CLA_4BIT_UNIT_0                  18    28.081      0.000     28.081 
            CLA_4BIT_UNIT_1                  11    22.716      0.000     22.716 
        EXP_SUB                              25    41.708      0.000     41.708 
          CLA_8BIT_UNIT                      20    37.819      0.000     37.819 
            CLA_4BIT_UNIT_0                  17    32.533      0.000     32.533 
            CLA_4BIT_UNIT_1                   2     4.368      0.000      4.368 
        EXP_COM_8BIT                         24    35.000      0.000     35.000 
          COMP_LESS_UNIT                     24    35.000      0.000     35.000 
            u_high                           13    23.020      0.000     23.020 
            u_low                            10    10.088      0.000     10.088 
        EXP_SWAP                             13    27.825      0.000     27.825 
        EXP_RND                              15    22.627      0.000     22.627 
        MAN_ALU_PROC_RND                      7    13.991      0.000     13.991 
        SIGN_UNIT                             2     2.259      4.673      6.932 
      DATA_A_RE                            1128  1620.196    611.233   2231.429 
        MAN_ALU                             221   349.429    216.471    565.901 
          ALU_SUB_UNIT                      124   189.871     12.797    202.668 
            CLA_BLOCK_..CLA_4BIT_UNIT        20    31.827      0.000     31.827 
            CLA_BLOCK_..CLA_4BIT_UNIT        18    28.959      0.000     28.959 
            CLA_BLOCK_..CLA_4BIT_UNIT        18    28.661      0.000     28.661 
            CLA_BLOCK_..CLA_4BIT_UNIT        18    28.661      0.000     28.661 
            CLA_BLOCK_..CLA_4BIT_UNIT        15    28.513      0.000     28.513 
            CLA_BLOCK_..CLA_4BIT_UNIT        18    27.759     12.797     40.555 
        NOR_UNIT                            211   189.440      0.000    189.440 
          SHF_left_unit                     148   128.390      0.000    128.390 
        PSC_UNIT                             86   162.673     85.471    248.144 
        MAN_COMP_24BIT                       80   128.419      5.692    134.111 
          u_i_data_1                         13    23.123      0.000     23.123 
          u_i_data_2                         13    23.123      0.000     23.123 
          u_i_data_3                         13    23.123      0.000     23.123 
          u_i_data_4                         13    23.123      0.000     23.123 
          u_i_data_5                         12    17.156      5.692     22.848 
          u_i_data_0                         10    10.198      0.000     10.198 
        SHF_RIGHT_MAN                       132   109.769     21.825    131.594 
        MAN_SWAP                             48   100.430     14.737    115.167 
        MAN_SWAP_PRE                         46    98.580     13.281    111.861 
        MAN_RND                              26    79.370      0.000     79.370 
        LOPD_24BIT                           57    71.351      0.000     71.351 
          LOPD_16bit_UNIT_MSB                34    41.273      0.000     41.273 
            LOPD_8bit_unit_0                 14    19.173      0.000     19.173 
            LOPD_8bit_unit_1                 14    16.028      0.000     16.028 
          LOPD_8bit_UNIT_LSB                 14    19.429      0.000     19.429 
        EXP_ADJUST                           37    57.926      0.000     57.926 
          CLA_8BIT_UNIT                      30    52.201      0.000     52.201 
            CLA_4BIT_UNIT_0                  18    28.081      0.000     28.081 
            CLA_4BIT_UNIT_1                  11    22.716      0.000     22.716 
        EXP_SUB                              25    41.708      0.000     41.708 
          CLA_8BIT_UNIT                      20    37.819      0.000     37.819 
            CLA_4BIT_UNIT_0                  17    32.533      0.000     32.533 
            CLA_4BIT_UNIT_1                   2     4.368      0.000      4.368 
        EXP_COM_8BIT                         24    35.000      0.000     35.000 
          COMP_LESS_UNIT                     24    35.000      0.000     35.000 
            u_high                           13    23.020      0.000     23.020 
            u_low                            10    10.088      0.000     10.088 
        EXP_SWAP                             13    27.825      0.000     27.825 
        EXP_RND                              15    22.627      0.000     22.627 
        MAN_ALU_PROC_RND                      7    13.991      0.000     13.991 
        SIGN_UNIT                             1     2.259      4.852      7.111 
  BFU2_S1_04                               4514  6026.901  16626.645  22653.546 
    DATA_B_IM                              1129  1514.268   3389.930   4904.199 
      MAN_ALU                               219   345.652    442.213    787.865 
        ALU_SUB_UNIT                        124   198.301      9.778    208.080 
          CLA_BLOCK_..CLA_4BIT_UNIT          20    35.506      1.330     36.836 
          CLA_BLOCK_..CLA_4BIT_UNIT          18    31.699      1.448     33.147 
          CLA_BLOCK_..CLA_4BIT_UNIT          15    30.356      2.607     32.963 
          CLA_BLOCK_..CLA_4BIT_UNIT          18    29.737      1.476     31.212 
          CLA_BLOCK_..CLA_4BIT_UNIT          18    28.744      1.460     30.204 
          CLA_BLOCK_..CLA_4BIT_UNIT          18    28.744      1.459     30.203 
      NOR_UNIT                              211   174.424    293.848    468.272 
        SHF_left_unit                       148   119.070    227.746    346.816 
      SHF_RIGHT_MAN                         132   130.223    716.213    846.436 
      PSC_UNIT                               88   117.982    261.486    379.468 
      MAN_COMP_24BIT                         80   105.394    115.948    221.342 
        u_i_data_1                           13    18.340     21.531     39.871 
        u_i_data_2                           13    18.340     20.881     39.221 
        u_i_data_3                           13    18.340     19.010     37.350 
        u_i_data_4                           13    18.340     19.999     38.339 
        u_i_data_5                           12    14.446     15.572     30.018 
        u_i_data_0                           10     9.012     18.955     27.967 
      MAN_SWAP                               48   105.323    345.917    451.241 
      MAN_SWAP_PRE                           46   103.434    349.959    453.393 
      MAN_RND                                26    79.378      0.030     79.408 
      LOPD_24BIT                             57    70.474     73.009    143.483 
        LOPD_16bit_UNIT_MSB                  34    42.120     26.010     68.129 
          LOPD_8bit_unit_0                   14    19.173      0.000     19.173 
          LOPD_8bit_unit_1                   14    17.597      9.935     27.532 
        LOPD_8bit_UNIT_LSB                   14    19.429      0.000     19.429 
      EXP_ADJUST                             37    59.466    151.926    211.392 
        CLA_8BIT_UNIT                        30    52.446    126.153    178.599 
          CLA_4BIT_UNIT_0                    18    28.698     73.967    102.665 
          CLA_4BIT_UNIT_1                    11    22.358     46.902     69.260 
      EXP_SUB                                25    40.568     35.553     76.121 
        CLA_8BIT_UNIT                        20    37.944     16.944     54.889 
          CLA_4BIT_UNIT_0                    17    32.155     16.944     49.100 
          CLA_4BIT_UNIT_1                     2     4.871      0.000      4.871 
      EXP_SWAP                               13    29.258    103.051    132.309 
      EXP_COM_8BIT                           24    29.053     40.158     69.212 
        COMP_LESS_UNIT                       24    29.053     40.158     69.212 
          u_high                             13    18.350     23.348     41.698 
          u_low                              10     8.813     16.810     25.623 
      EXP_RND                                15    22.326     20.969     43.295 
      MAN_ALU_PROC_RND                        7    13.991      0.000     13.991 
      SIGN_UNIT                               2     2.258      4.709      6.967 
    DATA_B_RE                              1129  1514.268   3389.930   4904.199 
      MAN_ALU                               219   345.652    442.213    787.865 
        ALU_SUB_UNIT                        124   198.301      9.778    208.080 
          CLA_BLOCK_..CLA_4BIT_UNIT          20    35.506      1.330     36.836 
          CLA_BLOCK_..CLA_4BIT_UNIT          18    31.699      1.448     33.147 
          CLA_BLOCK_..CLA_4BIT_UNIT          15    30.356      2.607     32.963 
          CLA_BLOCK_..CLA_4BIT_UNIT          18    29.737      1.476     31.212 
          CLA_BLOCK_..CLA_4BIT_UNIT          18    28.744      1.460     30.204 
          CLA_BLOCK_..CLA_4BIT_UNIT          18    28.744      1.459     30.203 
      NOR_UNIT                              211   174.424    293.848    468.272 
        SHF_left_unit                       148   119.070    227.746    346.816 
      SHF_RIGHT_MAN                         132   130.223    716.213    846.436 
      PSC_UNIT                               88   117.982    261.486    379.468 
      MAN_COMP_24BIT                         80   105.394    115.948    221.342 
        u_i_data_1                           13    18.340     21.531     39.871 
        u_i_data_2                           13    18.340     20.881     39.221 
        u_i_data_3                           13    18.340     19.010     37.350 
        u_i_data_4                           13    18.340     19.999     38.339 
        u_i_data_5                           12    14.446     15.572     30.018 
        u_i_data_0                           10     9.012     18.955     27.967 
      MAN_SWAP                               48   105.323    345.917    451.241 
      MAN_SWAP_PRE                           46   103.434    349.959    453.393 
      MAN_RND                                26    79.378      0.030     79.408 
      LOPD_24BIT                             57    70.474     73.009    143.483 
        LOPD_16bit_UNIT_MSB                  34    42.120     26.010     68.129 
          LOPD_8bit_unit_0                   14    19.173      0.000     19.173 
          LOPD_8bit_unit_1                   14    17.597      9.935     27.532 
        LOPD_8bit_UNIT_LSB                   14    19.429      0.000     19.429 
      EXP_ADJUST                             37    59.466    151.926    211.392 
        CLA_8BIT_UNIT                        30    52.446    126.153    178.599 
          CLA_4BIT_UNIT_0                    18    28.698     73.967    102.665 
          CLA_4BIT_UNIT_1                    11    22.358     46.902     69.260 
      EXP_SUB                                25    40.568     35.553     76.121 
        CLA_8BIT_UNIT                        20    37.944     16.944     54.889 
          CLA_4BIT_UNIT_0                    17    32.155     16.944     49.100 
          CLA_4BIT_UNIT_1                     2     4.871      0.000      4.871 
      EXP_SWAP                               13    29.258    103.051    132.309 
      EXP_COM_8BIT                           24    29.053     40.158     69.212 
        COMP_LESS_UNIT                       24    29.053     40.158     69.212 
          u_high                             13    18.350     23.348     41.698 
          u_low                              10     8.813     16.810     25.623 
      EXP_RND                                15    22.326     20.969     43.295 
      MAN_ALU_PROC_RND                        7    13.991      0.000     13.991 
      SIGN_UNIT                               2     2.258      4.709      6.967 
    DATA_A_IM                              1128  1499.182   4923.392   6422.574 
      MAN_ALU                               221   318.560   1172.978   1491.539 
        ALU_SUB_UNIT                        124   183.702    453.040    636.742 
          CLA_BLOCK_..CLA_4BIT_UNIT          20    32.240     65.269     97.508 
          CLA_BLOCK_..CLA_4BIT_UNIT          15    28.286     51.475     79.761 
          CLA_BLOCK_..CLA_4BIT_UNIT          18    27.118     64.651     91.769 
          CLA_BLOCK_..CLA_4BIT_UNIT          18    26.674     72.159     98.832 
          CLA_BLOCK_..CLA_4BIT_UNIT          18    26.662     75.035    101.697 
          CLA_BLOCK_..CLA_4BIT_UNIT          18    26.662     75.624    102.286 
      NOR_UNIT                              211   204.531   1033.884   1238.415 
        SHF_left_unit                       148   140.471    680.620    821.091 
      SHF_RIGHT_MAN                         132   130.223    716.213    846.436 
      PSC_UNIT                               86   112.335    271.028    383.363 
      MAN_COMP_24BIT                         80   105.394    115.948    221.342 
        u_i_data_1                           13    18.340     21.531     39.871 
        u_i_data_2                           13    18.340     20.881     39.221 
        u_i_data_3                           13    18.340     19.010     37.350 
        u_i_data_4                           13    18.340     19.999     38.339 
        u_i_data_5                           12    14.446     15.572     30.018 
        u_i_data_0                           10     9.012     18.955     27.967 
      MAN_SWAP                               48   105.280    348.126    453.406 
      MAN_SWAP_PRE                           46   103.434    349.959    453.393 
      MAN_RND                                26    80.551    162.953    243.503 
      EXP_ADJUST                             37    58.178    130.308    188.486 
        CLA_8BIT_UNIT                        30    52.524    123.979    176.503 
          CLA_4BIT_UNIT_0                    18    27.441     69.569     97.010 
          CLA_4BIT_UNIT_1                    11    23.751     49.622     73.373 
      LOPD_24BIT                             57    55.174    116.588    171.762 
        LOPD_16bit_UNIT_MSB                  34    31.327     74.737    106.064 
          LOPD_8bit_unit_0                   14    13.324     43.448     56.773 
          LOPD_8bit_unit_1                   14    12.050     31.202     43.252 
        LOPD_8bit_UNIT_LSB                   14    13.453     41.826     55.279 
      EXP_SUB                                25    40.568     35.553     76.121 
        CLA_8BIT_UNIT                        20    37.944     16.944     54.889 
          CLA_4BIT_UNIT_0                    17    32.155     16.944     49.100 
          CLA_4BIT_UNIT_1                     2     4.871      0.000      4.871 
      EXP_SWAP                               13    29.258    103.051    132.309 
      EXP_COM_8BIT                           24    29.053     40.158     69.212 
        COMP_LESS_UNIT                       24    29.053     40.158     69.212 
          u_high                             13    18.350     23.348     41.698 
          u_low                              10     8.813     16.810     25.623 
      EXP_RND                                15    22.627      0.000     22.627 
      MAN_ALU_PROC_RND                        7    13.991      0.000     13.991 
      SIGN_UNIT                               1     2.259      4.901      7.160 
    DATA_A_RE                              1128  1499.182   4923.392   6422.574 
      MAN_ALU                               221   318.560   1172.978   1491.539 
        ALU_SUB_UNIT                        124   183.702    453.040    636.742 
          CLA_BLOCK_..CLA_4BIT_UNIT          20    32.240     65.269     97.508 
          CLA_BLOCK_..CLA_4BIT_UNIT          15    28.286     51.475     79.761 
          CLA_BLOCK_..CLA_4BIT_UNIT          18    27.118     64.651     91.769 
          CLA_BLOCK_..CLA_4BIT_UNIT          18    26.674     72.159     98.832 
          CLA_BLOCK_..CLA_4BIT_UNIT          18    26.662     75.035    101.697 
          CLA_BLOCK_..CLA_4BIT_UNIT          18    26.662     75.624    102.286 
      NOR_UNIT                              211   204.531   1033.884   1238.415 
        SHF_left_unit                       148   140.471    680.620    821.091 
      SHF_RIGHT_MAN                         132   130.223    716.213    846.436 
      PSC_UNIT                               86   112.335    271.028    383.363 
      MAN_COMP_24BIT                         80   105.394    115.948    221.342 
        u_i_data_1                           13    18.340     21.531     39.871 
        u_i_data_2                           13    18.340     20.881     39.221 
        u_i_data_3                           13    18.340     19.010     37.350 
        u_i_data_4                           13    18.340     19.999     38.339 
        u_i_data_5                           12    14.446     15.572     30.018 
        u_i_data_0                           10     9.012     18.955     27.967 
      MAN_SWAP                               48   105.280    348.126    453.406 
      MAN_SWAP_PRE                           46   103.434    349.959    453.393 
      MAN_RND                                26    80.551    162.953    243.503 
      EXP_ADJUST                             37    58.178    130.308    188.486 
        CLA_8BIT_UNIT                        30    52.524    123.979    176.503 
          CLA_4BIT_UNIT_0                    18    27.441     69.569     97.010 
          CLA_4BIT_UNIT_1                    11    23.751     49.622     73.373 
      LOPD_24BIT                             57    55.174    116.588    171.762 
        LOPD_16bit_UNIT_MSB                  34    31.327     74.737    106.064 
          LOPD_8bit_unit_0                   14    13.324     43.448     56.773 
          LOPD_8bit_unit_1                   14    12.050     31.202     43.252 
        LOPD_8bit_UNIT_LSB                   14    13.453     41.826     55.279 
      EXP_SUB                                25    40.568     35.553     76.121 
        CLA_8BIT_UNIT                        20    37.944     16.944     54.889 
          CLA_4BIT_UNIT_0                    17    32.155     16.944     49.100 
          CLA_4BIT_UNIT_1                     2     4.871      0.000      4.871 
      EXP_SWAP                               13    29.258    103.051    132.309 
      EXP_COM_8BIT                           24    29.053     40.158     69.212 
        COMP_LESS_UNIT                       24    29.053     40.158     69.212 
          u_high                             13    18.350     23.348     41.698 
          u_low                              10     8.813     16.810     25.623 
      EXP_RND                                15    22.627      0.000     22.627 
      MAN_ALU_PROC_RND                        7    13.991      0.000     13.991 
      SIGN_UNIT                               1     2.259      4.901      7.160 
  BFU2_S1_15                               4514  6026.901  16626.645  22653.546 
    DATA_B_IM                              1129  1514.268   3389.930   4904.199 
      MAN_ALU                               219   345.652    442.213    787.865 
        ALU_SUB_UNIT                        124   198.301      9.778    208.080 
          CLA_BLOCK_..CLA_4BIT_UNIT          20    35.506      1.330     36.836 
          CLA_BLOCK_..CLA_4BIT_UNIT          18    31.699      1.448     33.147 
          CLA_BLOCK_..CLA_4BIT_UNIT          15    30.356      2.607     32.963 
          CLA_BLOCK_..CLA_4BIT_UNIT          18    29.737      1.476     31.212 
          CLA_BLOCK_..CLA_4BIT_UNIT          18    28.744      1.460     30.204 
          CLA_BLOCK_..CLA_4BIT_UNIT          18    28.744      1.459     30.203 
      NOR_UNIT                              211   174.424    293.848    468.272 
        SHF_left_unit                       148   119.070    227.746    346.816 
      SHF_RIGHT_MAN                         132   130.223    716.213    846.436 
      PSC_UNIT                               88   117.982    261.486    379.468 
      MAN_COMP_24BIT                         80   105.394    115.948    221.342 
        u_i_data_1                           13    18.340     21.531     39.871 
        u_i_data_2                           13    18.340     20.881     39.221 
        u_i_data_3                           13    18.340     19.010     37.350 
        u_i_data_4                           13    18.340     19.999     38.339 
        u_i_data_5                           12    14.446     15.572     30.018 
        u_i_data_0                           10     9.012     18.955     27.967 
      MAN_SWAP                               48   105.323    345.917    451.241 
      MAN_SWAP_PRE                           46   103.434    349.959    453.393 
      MAN_RND                                26    79.378      0.030     79.408 
      LOPD_24BIT                             57    70.474     73.009    143.483 
        LOPD_16bit_UNIT_MSB                  34    42.120     26.010     68.129 
          LOPD_8bit_unit_0                   14    19.173      0.000     19.173 
          LOPD_8bit_unit_1                   14    17.597      9.935     27.532 
        LOPD_8bit_UNIT_LSB                   14    19.429      0.000     19.429 
      EXP_ADJUST                             37    59.466    151.926    211.392 
        CLA_8BIT_UNIT                        30    52.446    126.153    178.599 
          CLA_4BIT_UNIT_0                    18    28.698     73.967    102.665 
          CLA_4BIT_UNIT_1                    11    22.358     46.902     69.260 
      EXP_SUB                                25    40.568     35.553     76.121 
        CLA_8BIT_UNIT                        20    37.944     16.944     54.889 
          CLA_4BIT_UNIT_0                    17    32.155     16.944     49.100 
          CLA_4BIT_UNIT_1                     2     4.871      0.000      4.871 
      EXP_SWAP                               13    29.258    103.051    132.309 
      EXP_COM_8BIT                           24    29.053     40.158     69.212 
        COMP_LESS_UNIT                       24    29.053     40.158     69.212 
          u_high                             13    18.350     23.348     41.698 
          u_low                              10     8.813     16.810     25.623 
      EXP_RND                                15    22.326     20.969     43.295 
      MAN_ALU_PROC_RND                        7    13.991      0.000     13.991 
      SIGN_UNIT                               2     2.258      4.709      6.967 
    DATA_B_RE                              1129  1514.268   3389.930   4904.199 
      MAN_ALU                               219   345.652    442.213    787.865 
        ALU_SUB_UNIT                        124   198.301      9.778    208.080 
          CLA_BLOCK_..CLA_4BIT_UNIT          20    35.506      1.330     36.836 
          CLA_BLOCK_..CLA_4BIT_UNIT          18    31.699      1.448     33.147 
          CLA_BLOCK_..CLA_4BIT_UNIT          15    30.356      2.607     32.963 
          CLA_BLOCK_..CLA_4BIT_UNIT          18    29.737      1.476     31.212 
          CLA_BLOCK_..CLA_4BIT_UNIT          18    28.744      1.460     30.204 
          CLA_BLOCK_..CLA_4BIT_UNIT          18    28.744      1.459     30.203 
      NOR_UNIT                              211   174.424    293.848    468.272 
        SHF_left_unit                       148   119.070    227.746    346.816 
      SHF_RIGHT_MAN                         132   130.223    716.213    846.436 
      PSC_UNIT                               88   117.982    261.486    379.468 
      MAN_COMP_24BIT                         80   105.394    115.948    221.342 
        u_i_data_1                           13    18.340     21.531     39.871 
        u_i_data_2                           13    18.340     20.881     39.221 
        u_i_data_3                           13    18.340     19.010     37.350 
        u_i_data_4                           13    18.340     19.999     38.339 
        u_i_data_5                           12    14.446     15.572     30.018 
        u_i_data_0                           10     9.012     18.955     27.967 
      MAN_SWAP                               48   105.323    345.917    451.241 
      MAN_SWAP_PRE                           46   103.434    349.959    453.393 
      MAN_RND                                26    79.378      0.030     79.408 
      LOPD_24BIT                             57    70.474     73.009    143.483 
        LOPD_16bit_UNIT_MSB                  34    42.120     26.010     68.129 
          LOPD_8bit_unit_0                   14    19.173      0.000     19.173 
          LOPD_8bit_unit_1                   14    17.597      9.935     27.532 
        LOPD_8bit_UNIT_LSB                   14    19.429      0.000     19.429 
      EXP_ADJUST                             37    59.466    151.926    211.392 
        CLA_8BIT_UNIT                        30    52.446    126.153    178.599 
          CLA_4BIT_UNIT_0                    18    28.698     73.967    102.665 
          CLA_4BIT_UNIT_1                    11    22.358     46.902     69.260 
      EXP_SUB                                25    40.568     35.553     76.121 
        CLA_8BIT_UNIT                        20    37.944     16.944     54.889 
          CLA_4BIT_UNIT_0                    17    32.155     16.944     49.100 
          CLA_4BIT_UNIT_1                     2     4.871      0.000      4.871 
      EXP_SWAP                               13    29.258    103.051    132.309 
      EXP_COM_8BIT                           24    29.053     40.158     69.212 
        COMP_LESS_UNIT                       24    29.053     40.158     69.212 
          u_high                             13    18.350     23.348     41.698 
          u_low                              10     8.813     16.810     25.623 
      EXP_RND                                15    22.326     20.969     43.295 
      MAN_ALU_PROC_RND                        7    13.991      0.000     13.991 
      SIGN_UNIT                               2     2.258      4.709      6.967 
    DATA_A_IM                              1128  1499.182   4923.392   6422.574 
      MAN_ALU                               221   318.560   1172.978   1491.539 
        ALU_SUB_UNIT                        124   183.702    453.040    636.742 
          CLA_BLOCK_..CLA_4BIT_UNIT          20    32.240     65.269     97.508 
          CLA_BLOCK_..CLA_4BIT_UNIT          15    28.286     51.475     79.761 
          CLA_BLOCK_..CLA_4BIT_UNIT          18    27.118     64.651     91.769 
          CLA_BLOCK_..CLA_4BIT_UNIT          18    26.674     72.159     98.832 
          CLA_BLOCK_..CLA_4BIT_UNIT          18    26.662     75.035    101.697 
          CLA_BLOCK_..CLA_4BIT_UNIT          18    26.662     75.624    102.286 
      NOR_UNIT                              211   204.531   1033.884   1238.415 
        SHF_left_unit                       148   140.471    680.620    821.091 
      SHF_RIGHT_MAN                         132   130.223    716.213    846.436 
      PSC_UNIT                               86   112.335    271.028    383.363 
      MAN_COMP_24BIT                         80   105.394    115.948    221.342 
        u_i_data_1                           13    18.340     21.531     39.871 
        u_i_data_2                           13    18.340     20.881     39.221 
        u_i_data_3                           13    18.340     19.010     37.350 
        u_i_data_4                           13    18.340     19.999     38.339 
        u_i_data_5                           12    14.446     15.572     30.018 
        u_i_data_0                           10     9.012     18.955     27.967 
      MAN_SWAP                               48   105.280    348.126    453.406 
      MAN_SWAP_PRE                           46   103.434    349.959    453.393 
      MAN_RND                                26    80.551    162.953    243.503 
      EXP_ADJUST                             37    58.178    130.308    188.486 
        CLA_8BIT_UNIT                        30    52.524    123.979    176.503 
          CLA_4BIT_UNIT_0                    18    27.441     69.569     97.010 
          CLA_4BIT_UNIT_1                    11    23.751     49.622     73.373 
      LOPD_24BIT                             57    55.174    116.588    171.762 
        LOPD_16bit_UNIT_MSB                  34    31.327     74.737    106.064 
          LOPD_8bit_unit_0                   14    13.324     43.448     56.773 
          LOPD_8bit_unit_1                   14    12.050     31.202     43.252 
        LOPD_8bit_UNIT_LSB                   14    13.453     41.826     55.279 
      EXP_SUB                                25    40.568     35.553     76.121 
        CLA_8BIT_UNIT                        20    37.944     16.944     54.889 
          CLA_4BIT_UNIT_0                    17    32.155     16.944     49.100 
          CLA_4BIT_UNIT_1                     2     4.871      0.000      4.871 
      EXP_SWAP                               13    29.258    103.051    132.309 
      EXP_COM_8BIT                           24    29.053     40.158     69.212 
        COMP_LESS_UNIT                       24    29.053     40.158     69.212 
          u_high                             13    18.350     23.348     41.698 
          u_low                              10     8.813     16.810     25.623 
      EXP_RND                                15    22.627      0.000     22.627 
      MAN_ALU_PROC_RND                        7    13.991      0.000     13.991 
      SIGN_UNIT                               1     2.259      4.901      7.160 
    DATA_A_RE                              1128  1499.182   4923.392   6422.574 
      MAN_ALU                               221   318.560   1172.978   1491.539 
        ALU_SUB_UNIT                        124   183.702    453.040    636.742 
          CLA_BLOCK_..CLA_4BIT_UNIT          20    32.240     65.269     97.508 
          CLA_BLOCK_..CLA_4BIT_UNIT          15    28.286     51.475     79.761 
          CLA_BLOCK_..CLA_4BIT_UNIT          18    27.118     64.651     91.769 
          CLA_BLOCK_..CLA_4BIT_UNIT          18    26.674     72.159     98.832 
          CLA_BLOCK_..CLA_4BIT_UNIT          18    26.662     75.035    101.697 
          CLA_BLOCK_..CLA_4BIT_UNIT          18    26.662     75.624    102.286 
      NOR_UNIT                              211   204.531   1033.884   1238.415 
        SHF_left_unit                       148   140.471    680.620    821.091 
      SHF_RIGHT_MAN                         132   130.223    716.213    846.436 
      PSC_UNIT                               86   112.335    271.028    383.363 
      MAN_COMP_24BIT                         80   105.394    115.948    221.342 
        u_i_data_1                           13    18.340     21.531     39.871 
        u_i_data_2                           13    18.340     20.881     39.221 
        u_i_data_3                           13    18.340     19.010     37.350 
        u_i_data_4                           13    18.340     19.999     38.339 
        u_i_data_5                           12    14.446     15.572     30.018 
        u_i_data_0                           10     9.012     18.955     27.967 
      MAN_SWAP                               48   105.280    348.126    453.406 
      MAN_SWAP_PRE                           46   103.434    349.959    453.393 
      MAN_RND                                26    80.551    162.953    243.503 
      EXP_ADJUST                             37    58.178    130.308    188.486 
        CLA_8BIT_UNIT                        30    52.524    123.979    176.503 
          CLA_4BIT_UNIT_0                    18    27.441     69.569     97.010 
          CLA_4BIT_UNIT_1                    11    23.751     49.622     73.373 
      LOPD_24BIT                             57    55.174    116.588    171.762 
        LOPD_16bit_UNIT_MSB                  34    31.327     74.737    106.064 
          LOPD_8bit_unit_0                   14    13.324     43.448     56.773 
          LOPD_8bit_unit_1                   14    12.050     31.202     43.252 
        LOPD_8bit_UNIT_LSB                   14    13.453     41.826     55.279 
      EXP_SUB                                25    40.568     35.553     76.121 
        CLA_8BIT_UNIT                        20    37.944     16.944     54.889 
          CLA_4BIT_UNIT_0                    17    32.155     16.944     49.100 
          CLA_4BIT_UNIT_1                     2     4.871      0.000      4.871 
      EXP_SWAP                               13    29.258    103.051    132.309 
      EXP_COM_8BIT                           24    29.053     40.158     69.212 
        COMP_LESS_UNIT                       24    29.053     40.158     69.212 
          u_high                             13    18.350     23.348     41.698 
          u_low                              10     8.813     16.810     25.623 
      EXP_RND                                15    22.627      0.000     22.627 
      MAN_ALU_PROC_RND                        7    13.991      0.000     13.991 
      SIGN_UNIT                               1     2.259      4.901      7.160 
  BFU2_S1_26                               4514  6026.901  16626.645  22653.546 
    DATA_B_IM                              1129  1514.268   3389.930   4904.199 
      MAN_ALU                               219   345.652    442.213    787.865 
        ALU_SUB_UNIT                        124   198.301      9.778    208.080 
          CLA_BLOCK_..CLA_4BIT_UNIT          20    35.506      1.330     36.836 
          CLA_BLOCK_..CLA_4BIT_UNIT          18    31.699      1.448     33.147 
          CLA_BLOCK_..CLA_4BIT_UNIT          15    30.356      2.607     32.963 
          CLA_BLOCK_..CLA_4BIT_UNIT          18    29.737      1.476     31.212 
          CLA_BLOCK_..CLA_4BIT_UNIT          18    28.744      1.460     30.204 
          CLA_BLOCK_..CLA_4BIT_UNIT          18    28.744      1.459     30.203 
      NOR_UNIT                              211   174.424    293.848    468.272 
        SHF_left_unit                       148   119.070    227.746    346.816 
      SHF_RIGHT_MAN                         132   130.223    716.213    846.436 
      PSC_UNIT                               88   117.982    261.486    379.468 
      MAN_COMP_24BIT                         80   105.394    115.948    221.342 
        u_i_data_1                           13    18.340     21.531     39.871 
        u_i_data_2                           13    18.340     20.881     39.221 
        u_i_data_3                           13    18.340     19.010     37.350 
        u_i_data_4                           13    18.340     19.999     38.339 
        u_i_data_5                           12    14.446     15.572     30.018 
        u_i_data_0                           10     9.012     18.955     27.967 
      MAN_SWAP                               48   105.323    345.917    451.241 
      MAN_SWAP_PRE                           46   103.434    349.959    453.393 
      MAN_RND                                26    79.378      0.030     79.408 
      LOPD_24BIT                             57    70.474     73.009    143.483 
        LOPD_16bit_UNIT_MSB                  34    42.120     26.010     68.129 
          LOPD_8bit_unit_0                   14    19.173      0.000     19.173 
          LOPD_8bit_unit_1                   14    17.597      9.935     27.532 
        LOPD_8bit_UNIT_LSB                   14    19.429      0.000     19.429 
      EXP_ADJUST                             37    59.466    151.926    211.392 
        CLA_8BIT_UNIT                        30    52.446    126.153    178.599 
          CLA_4BIT_UNIT_0                    18    28.698     73.967    102.665 
          CLA_4BIT_UNIT_1                    11    22.358     46.902     69.260 
      EXP_SUB                                25    40.568     35.553     76.121 
        CLA_8BIT_UNIT                        20    37.944     16.944     54.889 
          CLA_4BIT_UNIT_0                    17    32.155     16.944     49.100 
          CLA_4BIT_UNIT_1                     2     4.871      0.000      4.871 
      EXP_SWAP                               13    29.258    103.051    132.309 
      EXP_COM_8BIT                           24    29.053     40.158     69.212 
        COMP_LESS_UNIT                       24    29.053     40.158     69.212 
          u_high                             13    18.350     23.348     41.698 
          u_low                              10     8.813     16.810     25.623 
      EXP_RND                                15    22.326     20.969     43.295 
      MAN_ALU_PROC_RND                        7    13.991      0.000     13.991 
      SIGN_UNIT                               2     2.258      4.709      6.967 
    DATA_B_RE                              1129  1514.268   3389.930   4904.199 
      MAN_ALU                               219   345.652    442.213    787.865 
        ALU_SUB_UNIT                        124   198.301      9.778    208.080 
          CLA_BLOCK_..CLA_4BIT_UNIT          20    35.506      1.330     36.836 
          CLA_BLOCK_..CLA_4BIT_UNIT          18    31.699      1.448     33.147 
          CLA_BLOCK_..CLA_4BIT_UNIT          15    30.356      2.607     32.963 
          CLA_BLOCK_..CLA_4BIT_UNIT          18    29.737      1.476     31.212 
          CLA_BLOCK_..CLA_4BIT_UNIT          18    28.744      1.460     30.204 
          CLA_BLOCK_..CLA_4BIT_UNIT          18    28.744      1.459     30.203 
      NOR_UNIT                              211   174.424    293.848    468.272 
        SHF_left_unit                       148   119.070    227.746    346.816 
      SHF_RIGHT_MAN                         132   130.223    716.213    846.436 
      PSC_UNIT                               88   117.982    261.486    379.468 
      MAN_COMP_24BIT                         80   105.394    115.948    221.342 
        u_i_data_1                           13    18.340     21.531     39.871 
        u_i_data_2                           13    18.340     20.881     39.221 
        u_i_data_3                           13    18.340     19.010     37.350 
        u_i_data_4                           13    18.340     19.999     38.339 
        u_i_data_5                           12    14.446     15.572     30.018 
        u_i_data_0                           10     9.012     18.955     27.967 
      MAN_SWAP                               48   105.323    345.917    451.241 
      MAN_SWAP_PRE                           46   103.434    349.959    453.393 
      MAN_RND                                26    79.378      0.030     79.408 
      LOPD_24BIT                             57    70.474     73.009    143.483 
        LOPD_16bit_UNIT_MSB                  34    42.120     26.010     68.129 
          LOPD_8bit_unit_0                   14    19.173      0.000     19.173 
          LOPD_8bit_unit_1                   14    17.597      9.935     27.532 
        LOPD_8bit_UNIT_LSB                   14    19.429      0.000     19.429 
      EXP_ADJUST                             37    59.466    151.926    211.392 
        CLA_8BIT_UNIT                        30    52.446    126.153    178.599 
          CLA_4BIT_UNIT_0                    18    28.698     73.967    102.665 
          CLA_4BIT_UNIT_1                    11    22.358     46.902     69.260 
      EXP_SUB                                25    40.568     35.553     76.121 
        CLA_8BIT_UNIT                        20    37.944     16.944     54.889 
          CLA_4BIT_UNIT_0                    17    32.155     16.944     49.100 
          CLA_4BIT_UNIT_1                     2     4.871      0.000      4.871 
      EXP_SWAP                               13    29.258    103.051    132.309 
      EXP_COM_8BIT                           24    29.053     40.158     69.212 
        COMP_LESS_UNIT                       24    29.053     40.158     69.212 
          u_high                             13    18.350     23.348     41.698 
          u_low                              10     8.813     16.810     25.623 
      EXP_RND                                15    22.326     20.969     43.295 
      MAN_ALU_PROC_RND                        7    13.991      0.000     13.991 
      SIGN_UNIT                               2     2.258      4.709      6.967 
    DATA_A_IM                              1128  1499.182   4923.392   6422.574 
      MAN_ALU                               221   318.560   1172.978   1491.539 
        ALU_SUB_UNIT                        124   183.702    453.040    636.742 
          CLA_BLOCK_..CLA_4BIT_UNIT          20    32.240     65.269     97.508 
          CLA_BLOCK_..CLA_4BIT_UNIT          15    28.286     51.475     79.761 
          CLA_BLOCK_..CLA_4BIT_UNIT          18    27.118     64.651     91.769 
          CLA_BLOCK_..CLA_4BIT_UNIT          18    26.674     72.159     98.832 
          CLA_BLOCK_..CLA_4BIT_UNIT          18    26.662     75.035    101.697 
          CLA_BLOCK_..CLA_4BIT_UNIT          18    26.662     75.624    102.286 
      NOR_UNIT                              211   204.531   1033.884   1238.415 
        SHF_left_unit                       148   140.471    680.620    821.091 
      SHF_RIGHT_MAN                         132   130.223    716.213    846.436 
      PSC_UNIT                               86   112.335    271.028    383.363 
      MAN_COMP_24BIT                         80   105.394    115.948    221.342 
        u_i_data_1                           13    18.340     21.531     39.871 
        u_i_data_2                           13    18.340     20.881     39.221 
        u_i_data_3                           13    18.340     19.010     37.350 
        u_i_data_4                           13    18.340     19.999     38.339 
        u_i_data_5                           12    14.446     15.572     30.018 
        u_i_data_0                           10     9.012     18.955     27.967 
      MAN_SWAP                               48   105.280    348.126    453.406 
      MAN_SWAP_PRE                           46   103.434    349.959    453.393 
      MAN_RND                                26    80.551    162.953    243.503 
      EXP_ADJUST                             37    58.178    130.308    188.486 
        CLA_8BIT_UNIT                        30    52.524    123.979    176.503 
          CLA_4BIT_UNIT_0                    18    27.441     69.569     97.010 
          CLA_4BIT_UNIT_1                    11    23.751     49.622     73.373 
      LOPD_24BIT                             57    55.174    116.588    171.762 
        LOPD_16bit_UNIT_MSB                  34    31.327     74.737    106.064 
          LOPD_8bit_unit_0                   14    13.324     43.448     56.773 
          LOPD_8bit_unit_1                   14    12.050     31.202     43.252 
        LOPD_8bit_UNIT_LSB                   14    13.453     41.826     55.279 
      EXP_SUB                                25    40.568     35.553     76.121 
        CLA_8BIT_UNIT                        20    37.944     16.944     54.889 
          CLA_4BIT_UNIT_0                    17    32.155     16.944     49.100 
          CLA_4BIT_UNIT_1                     2     4.871      0.000      4.871 
      EXP_SWAP                               13    29.258    103.051    132.309 
      EXP_COM_8BIT                           24    29.053     40.158     69.212 
        COMP_LESS_UNIT                       24    29.053     40.158     69.212 
          u_high                             13    18.350     23.348     41.698 
          u_low                              10     8.813     16.810     25.623 
      EXP_RND                                15    22.627      0.000     22.627 
      MAN_ALU_PROC_RND                        7    13.991      0.000     13.991 
      SIGN_UNIT                               1     2.259      4.901      7.160 
    DATA_A_RE                              1128  1499.182   4923.392   6422.574 
      MAN_ALU                               221   318.560   1172.978   1491.539 
        ALU_SUB_UNIT                        124   183.702    453.040    636.742 
          CLA_BLOCK_..CLA_4BIT_UNIT          20    32.240     65.269     97.508 
          CLA_BLOCK_..CLA_4BIT_UNIT          15    28.286     51.475     79.761 
          CLA_BLOCK_..CLA_4BIT_UNIT          18    27.118     64.651     91.769 
          CLA_BLOCK_..CLA_4BIT_UNIT          18    26.674     72.159     98.832 
          CLA_BLOCK_..CLA_4BIT_UNIT          18    26.662     75.035    101.697 
          CLA_BLOCK_..CLA_4BIT_UNIT          18    26.662     75.624    102.286 
      NOR_UNIT                              211   204.531   1033.884   1238.415 
        SHF_left_unit                       148   140.471    680.620    821.091 
      SHF_RIGHT_MAN                         132   130.223    716.213    846.436 
      PSC_UNIT                               86   112.335    271.028    383.363 
      MAN_COMP_24BIT                         80   105.394    115.948    221.342 
        u_i_data_1                           13    18.340     21.531     39.871 
        u_i_data_2                           13    18.340     20.881     39.221 
        u_i_data_3                           13    18.340     19.010     37.350 
        u_i_data_4                           13    18.340     19.999     38.339 
        u_i_data_5                           12    14.446     15.572     30.018 
        u_i_data_0                           10     9.012     18.955     27.967 
      MAN_SWAP                               48   105.280    348.126    453.406 
      MAN_SWAP_PRE                           46   103.434    349.959    453.393 
      MAN_RND                                26    80.551    162.953    243.503 
      EXP_ADJUST                             37    58.178    130.308    188.486 
        CLA_8BIT_UNIT                        30    52.524    123.979    176.503 
          CLA_4BIT_UNIT_0                    18    27.441     69.569     97.010 
          CLA_4BIT_UNIT_1                    11    23.751     49.622     73.373 
      LOPD_24BIT                             57    55.174    116.588    171.762 
        LOPD_16bit_UNIT_MSB                  34    31.327     74.737    106.064 
          LOPD_8bit_unit_0                   14    13.324     43.448     56.773 
          LOPD_8bit_unit_1                   14    12.050     31.202     43.252 
        LOPD_8bit_UNIT_LSB                   14    13.453     41.826     55.279 
      EXP_SUB                                25    40.568     35.553     76.121 
        CLA_8BIT_UNIT                        20    37.944     16.944     54.889 
          CLA_4BIT_UNIT_0                    17    32.155     16.944     49.100 
          CLA_4BIT_UNIT_1                     2     4.871      0.000      4.871 
      EXP_SWAP                               13    29.258    103.051    132.309 
      EXP_COM_8BIT                           24    29.053     40.158     69.212 
        COMP_LESS_UNIT                       24    29.053     40.158     69.212 
          u_high                             13    18.350     23.348     41.698 
          u_low                              10     8.813     16.810     25.623 
      EXP_RND                                15    22.627      0.000     22.627 
      MAN_ALU_PROC_RND                        7    13.991      0.000     13.991 
      SIGN_UNIT                               1     2.259      4.901      7.160 
  BFU2_S1_37                               4514  6026.901  16626.645  22653.546 
    DATA_B_IM                              1129  1514.268   3389.930   4904.199 
      MAN_ALU                               219   345.652    442.213    787.865 
        ALU_SUB_UNIT                        124   198.301      9.778    208.080 
          CLA_BLOCK_..CLA_4BIT_UNIT          20    35.506      1.330     36.836 
          CLA_BLOCK_..CLA_4BIT_UNIT          18    31.699      1.448     33.147 
          CLA_BLOCK_..CLA_4BIT_UNIT          15    30.356      2.607     32.963 
          CLA_BLOCK_..CLA_4BIT_UNIT          18    29.737      1.476     31.212 
          CLA_BLOCK_..CLA_4BIT_UNIT          18    28.744      1.460     30.204 
          CLA_BLOCK_..CLA_4BIT_UNIT          18    28.744      1.459     30.203 
      NOR_UNIT                              211   174.424    293.848    468.272 
        SHF_left_unit                       148   119.070    227.746    346.816 
      SHF_RIGHT_MAN                         132   130.223    716.213    846.436 
      PSC_UNIT                               88   117.982    261.486    379.468 
      MAN_COMP_24BIT                         80   105.394    115.948    221.342 
        u_i_data_1                           13    18.340     21.531     39.871 
        u_i_data_2                           13    18.340     20.881     39.221 
        u_i_data_3                           13    18.340     19.010     37.350 
        u_i_data_4                           13    18.340     19.999     38.339 
        u_i_data_5                           12    14.446     15.572     30.018 
        u_i_data_0                           10     9.012     18.955     27.967 
      MAN_SWAP                               48   105.323    345.917    451.241 
      MAN_SWAP_PRE                           46   103.434    349.959    453.393 
      MAN_RND                                26    79.378      0.030     79.408 
      LOPD_24BIT                             57    70.474     73.009    143.483 
        LOPD_16bit_UNIT_MSB                  34    42.120     26.010     68.129 
          LOPD_8bit_unit_0                   14    19.173      0.000     19.173 
          LOPD_8bit_unit_1                   14    17.597      9.935     27.532 
        LOPD_8bit_UNIT_LSB                   14    19.429      0.000     19.429 
      EXP_ADJUST                             37    59.466    151.926    211.392 
        CLA_8BIT_UNIT                        30    52.446    126.153    178.599 
          CLA_4BIT_UNIT_0                    18    28.698     73.967    102.665 
          CLA_4BIT_UNIT_1                    11    22.358     46.902     69.260 
      EXP_SUB                                25    40.568     35.553     76.121 
        CLA_8BIT_UNIT                        20    37.944     16.944     54.889 
          CLA_4BIT_UNIT_0                    17    32.155     16.944     49.100 
          CLA_4BIT_UNIT_1                     2     4.871      0.000      4.871 
      EXP_SWAP                               13    29.258    103.051    132.309 
      EXP_COM_8BIT                           24    29.053     40.158     69.212 
        COMP_LESS_UNIT                       24    29.053     40.158     69.212 
          u_high                             13    18.350     23.348     41.698 
          u_low                              10     8.813     16.810     25.623 
      EXP_RND                                15    22.326     20.969     43.295 
      MAN_ALU_PROC_RND                        7    13.991      0.000     13.991 
      SIGN_UNIT                               2     2.258      4.709      6.967 
    DATA_B_RE                              1129  1514.268   3389.930   4904.199 
      MAN_ALU                               219   345.652    442.213    787.865 
        ALU_SUB_UNIT                        124   198.301      9.778    208.080 
          CLA_BLOCK_..CLA_4BIT_UNIT          20    35.506      1.330     36.836 
          CLA_BLOCK_..CLA_4BIT_UNIT          18    31.699      1.448     33.147 
          CLA_BLOCK_..CLA_4BIT_UNIT          15    30.356      2.607     32.963 
          CLA_BLOCK_..CLA_4BIT_UNIT          18    29.737      1.476     31.212 
          CLA_BLOCK_..CLA_4BIT_UNIT          18    28.744      1.460     30.204 
          CLA_BLOCK_..CLA_4BIT_UNIT          18    28.744      1.459     30.203 
      NOR_UNIT                              211   174.424    293.848    468.272 
        SHF_left_unit                       148   119.070    227.746    346.816 
      SHF_RIGHT_MAN                         132   130.223    716.213    846.436 
      PSC_UNIT                               88   117.982    261.486    379.468 
      MAN_COMP_24BIT                         80   105.394    115.948    221.342 
        u_i_data_1                           13    18.340     21.531     39.871 
        u_i_data_2                           13    18.340     20.881     39.221 
        u_i_data_3                           13    18.340     19.010     37.350 
        u_i_data_4                           13    18.340     19.999     38.339 
        u_i_data_5                           12    14.446     15.572     30.018 
        u_i_data_0                           10     9.012     18.955     27.967 
      MAN_SWAP                               48   105.323    345.917    451.241 
      MAN_SWAP_PRE                           46   103.434    349.959    453.393 
      MAN_RND                                26    79.378      0.030     79.408 
      LOPD_24BIT                             57    70.474     73.009    143.483 
        LOPD_16bit_UNIT_MSB                  34    42.120     26.010     68.129 
          LOPD_8bit_unit_0                   14    19.173      0.000     19.173 
          LOPD_8bit_unit_1                   14    17.597      9.935     27.532 
        LOPD_8bit_UNIT_LSB                   14    19.429      0.000     19.429 
      EXP_ADJUST                             37    59.466    151.926    211.392 
        CLA_8BIT_UNIT                        30    52.446    126.153    178.599 
          CLA_4BIT_UNIT_0                    18    28.698     73.967    102.665 
          CLA_4BIT_UNIT_1                    11    22.358     46.902     69.260 
      EXP_SUB                                25    40.568     35.553     76.121 
        CLA_8BIT_UNIT                        20    37.944     16.944     54.889 
          CLA_4BIT_UNIT_0                    17    32.155     16.944     49.100 
          CLA_4BIT_UNIT_1                     2     4.871      0.000      4.871 
      EXP_SWAP                               13    29.258    103.051    132.309 
      EXP_COM_8BIT                           24    29.053     40.158     69.212 
        COMP_LESS_UNIT                       24    29.053     40.158     69.212 
          u_high                             13    18.350     23.348     41.698 
          u_low                              10     8.813     16.810     25.623 
      EXP_RND                                15    22.326     20.969     43.295 
      MAN_ALU_PROC_RND                        7    13.991      0.000     13.991 
      SIGN_UNIT                               2     2.258      4.709      6.967 
    DATA_A_IM                              1128  1499.182   4923.392   6422.574 
      MAN_ALU                               221   318.560   1172.978   1491.539 
        ALU_SUB_UNIT                        124   183.702    453.040    636.742 
          CLA_BLOCK_..CLA_4BIT_UNIT          20    32.240     65.269     97.508 
          CLA_BLOCK_..CLA_4BIT_UNIT          15    28.286     51.475     79.761 
          CLA_BLOCK_..CLA_4BIT_UNIT          18    27.118     64.651     91.769 
          CLA_BLOCK_..CLA_4BIT_UNIT          18    26.674     72.159     98.832 
          CLA_BLOCK_..CLA_4BIT_UNIT          18    26.662     75.035    101.697 
          CLA_BLOCK_..CLA_4BIT_UNIT          18    26.662     75.624    102.286 
      NOR_UNIT                              211   204.531   1033.884   1238.415 
        SHF_left_unit                       148   140.471    680.620    821.091 
      SHF_RIGHT_MAN                         132   130.223    716.213    846.436 
      PSC_UNIT                               86   112.335    271.028    383.363 
      MAN_COMP_24BIT                         80   105.394    115.948    221.342 
        u_i_data_1                           13    18.340     21.531     39.871 
        u_i_data_2                           13    18.340     20.881     39.221 
        u_i_data_3                           13    18.340     19.010     37.350 
        u_i_data_4                           13    18.340     19.999     38.339 
        u_i_data_5                           12    14.446     15.572     30.018 
        u_i_data_0                           10     9.012     18.955     27.967 
      MAN_SWAP                               48   105.280    348.126    453.406 
      MAN_SWAP_PRE                           46   103.434    349.959    453.393 
      MAN_RND                                26    80.551    162.953    243.503 
      EXP_ADJUST                             37    58.178    130.308    188.486 
        CLA_8BIT_UNIT                        30    52.524    123.979    176.503 
          CLA_4BIT_UNIT_0                    18    27.441     69.569     97.010 
          CLA_4BIT_UNIT_1                    11    23.751     49.622     73.373 
      LOPD_24BIT                             57    55.174    116.588    171.762 
        LOPD_16bit_UNIT_MSB                  34    31.327     74.737    106.064 
          LOPD_8bit_unit_0                   14    13.324     43.448     56.773 
          LOPD_8bit_unit_1                   14    12.050     31.202     43.252 
        LOPD_8bit_UNIT_LSB                   14    13.453     41.826     55.279 
      EXP_SUB                                25    40.568     35.553     76.121 
        CLA_8BIT_UNIT                        20    37.944     16.944     54.889 
          CLA_4BIT_UNIT_0                    17    32.155     16.944     49.100 
          CLA_4BIT_UNIT_1                     2     4.871      0.000      4.871 
      EXP_SWAP                               13    29.258    103.051    132.309 
      EXP_COM_8BIT                           24    29.053     40.158     69.212 
        COMP_LESS_UNIT                       24    29.053     40.158     69.212 
          u_high                             13    18.350     23.348     41.698 
          u_low                              10     8.813     16.810     25.623 
      EXP_RND                                15    22.627      0.000     22.627 
      MAN_ALU_PROC_RND                        7    13.991      0.000     13.991 
      SIGN_UNIT                               1     2.259      4.901      7.160 
    DATA_A_RE                              1128  1499.182   4923.392   6422.574 
      MAN_ALU                               221   318.560   1172.978   1491.539 
        ALU_SUB_UNIT                        124   183.702    453.040    636.742 
          CLA_BLOCK_..CLA_4BIT_UNIT          20    32.240     65.269     97.508 
          CLA_BLOCK_..CLA_4BIT_UNIT          15    28.286     51.475     79.761 
          CLA_BLOCK_..CLA_4BIT_UNIT          18    27.118     64.651     91.769 
          CLA_BLOCK_..CLA_4BIT_UNIT          18    26.674     72.159     98.832 
          CLA_BLOCK_..CLA_4BIT_UNIT          18    26.662     75.035    101.697 
          CLA_BLOCK_..CLA_4BIT_UNIT          18    26.662     75.624    102.286 
      NOR_UNIT                              211   204.531   1033.884   1238.415 
        SHF_left_unit                       148   140.471    680.620    821.091 
      SHF_RIGHT_MAN                         132   130.223    716.213    846.436 
      PSC_UNIT                               86   112.335    271.028    383.363 
      MAN_COMP_24BIT                         80   105.394    115.948    221.342 
        u_i_data_1                           13    18.340     21.531     39.871 
        u_i_data_2                           13    18.340     20.881     39.221 
        u_i_data_3                           13    18.340     19.010     37.350 
        u_i_data_4                           13    18.340     19.999     38.339 
        u_i_data_5                           12    14.446     15.572     30.018 
        u_i_data_0                           10     9.012     18.955     27.967 
      MAN_SWAP                               48   105.280    348.126    453.406 
      MAN_SWAP_PRE                           46   103.434    349.959    453.393 
      MAN_RND                                26    80.551    162.953    243.503 
      EXP_ADJUST                             37    58.178    130.308    188.486 
        CLA_8BIT_UNIT                        30    52.524    123.979    176.503 
          CLA_4BIT_UNIT_0                    18    27.441     69.569     97.010 
          CLA_4BIT_UNIT_1                    11    23.751     49.622     73.373 
      LOPD_24BIT                             57    55.174    116.588    171.762 
        LOPD_16bit_UNIT_MSB                  34    31.327     74.737    106.064 
          LOPD_8bit_unit_0                   14    13.324     43.448     56.773 
          LOPD_8bit_unit_1                   14    12.050     31.202     43.252 
        LOPD_8bit_UNIT_LSB                   14    13.453     41.826     55.279 
      EXP_SUB                                25    40.568     35.553     76.121 
        CLA_8BIT_UNIT                        20    37.944     16.944     54.889 
          CLA_4BIT_UNIT_0                    17    32.155     16.944     49.100 
          CLA_4BIT_UNIT_1                     2     4.871      0.000      4.871 
      EXP_SWAP                               13    29.258    103.051    132.309 
      EXP_COM_8BIT                           24    29.053     40.158     69.212 
        COMP_LESS_UNIT                       24    29.053     40.158     69.212 
          u_high                             13    18.350     23.348     41.698 
          u_low                              10     8.813     16.810     25.623 
      EXP_RND                                15    22.627      0.000     22.627 
      MAN_ALU_PROC_RND                        7    13.991      0.000     13.991 
      SIGN_UNIT                               1     2.259      4.901      7.160 
  DETECT_START_STAGE1                         3    10.185     38.917     49.102 

