============================================================
  Generated by:           Genus(TM) Synthesis Solution GENUS15.20 - 15.20-p004_1
  Generated on:           Jan 05 2026  10:12:00 am
  Module:                 FFT_8Points
  Wireload mode:          enclosed
  Area mode:              timing library
============================================================

 
  Hierarchy Report Format : 
 
    level instance ( module ) <status>
 
    status :    preserve_<value> -- indicating preserve hierachy or inherited_preserve value
           :    blackbox --  indicating  unresolved instance
 
==================================================================

 0 FFT_8Points
  1 BFU2_S1_04 ( BFU_2_SIZE_DATA32_6 ) 
     2 DATA_A_IM ( FPU_add_sub_NUM_OP1_29 ) 
        3 EXP_ADJUST ( ADD_SUB_EXP_adjust_SIZE_EXP8_SIZE_LOPD8_29 ) 
           4 CLA_8BIT_UNIT ( ADD_SUB_CLA_8bit_59 ) 
              5 CLA_4BIT_UNIT_0 ( ADD_SUB_CLA_4bit_298 ) 
              5 CLA_4BIT_UNIT_1 ( ADD_SUB_CLA_4bit_299 ) 
        3 EXP_COM_8BIT ( ADD_SUB_EXP_comp_SIZE_DATA8_29 ) 
           4 COMP_LESS_UNIT ( ADD_SUB_COMP_8bit_SIZE_DATA8_29 ) 
              5 u_high ( ADD_SUB_COMP_4bit_233 ) 
              5 u_low ( ADD_SUB_COMP_4bit_232 ) 
        3 EXP_RND ( ADD_SUB_EXP_rounding_SIZE_DATA8_29 ) 
        3 EXP_SUB ( ADD_SUB_EXP_sub_SIZE_EXP_SUB8_29 ) 
           4 CLA_8BIT_UNIT ( ADD_SUB_CLA_8bit_58 ) 
              5 CLA_4BIT_UNIT_0 ( ADD_SUB_CLA_4bit_290 ) 
              5 CLA_4BIT_UNIT_1 ( ADD_SUB_CLA_4bit_291 ) 
        3 EXP_SWAP ( ADD_SUB_EXP_swap_SIZE_DATA8_29 ) 
        3 LOPD_24BIT ( ADD_SUB_LOPD_24bit_SIZE_DATA24_SIZE_LOPD5_29 ) 
           4 LOPD_16bit_UNIT_MSB ( ADD_SUB_LOPD_16bit_29 ) 
              5 LOPD_8bit_unit_0 ( ADD_SUB_LOPD_8bit_87 ) 
              5 LOPD_8bit_unit_1 ( ADD_SUB_LOPD_8bit_88 ) 
           4 LOPD_8bit_UNIT_LSB ( ADD_SUB_LOPD_8bit_89 ) 
        3 MAN_ALU ( ADD_SUB_MAN_ALU_NUM_OP1_SIZE_MAN24_29 ) 
           4 ALU_SUB_UNIT ( ADD_SUB_CLA_24bit_29 ) 
              5 CLA_BLOCK_GEN[0].CLA_4BIT_UNIT ( ADD_SUB_CLA_4bit_292 ) 
              5 CLA_BLOCK_GEN[1].CLA_4BIT_UNIT ( ADD_SUB_CLA_4bit_293 ) 
              5 CLA_BLOCK_GEN[2].CLA_4BIT_UNIT ( ADD_SUB_CLA_4bit_294 ) 
              5 CLA_BLOCK_GEN[3].CLA_4BIT_UNIT ( ADD_SUB_CLA_4bit_295 ) 
              5 CLA_BLOCK_GEN[4].CLA_4BIT_UNIT ( ADD_SUB_CLA_4bit_296 ) 
              5 CLA_BLOCK_GEN[5].CLA_4BIT_UNIT ( ADD_SUB_CLA_4bit_297 ) 
        3 MAN_ALU_PROC_RND ( ADD_SUB_CLS_4bit_29 ) 
        3 MAN_COMP_24BIT ( ADD_SUB_COMP_24bit_SIZE_DATA24_29 ) 
           4 u_i_data_0 ( ADD_SUB_COMP_4bit_234 ) 
           4 u_i_data_1 ( ADD_SUB_COMP_4bit_235 ) 
           4 u_i_data_2 ( ADD_SUB_COMP_4bit_236 ) 
           4 u_i_data_3 ( ADD_SUB_COMP_4bit_237 ) 
           4 u_i_data_4 ( ADD_SUB_COMP_4bit_238 ) 
           4 u_i_data_5 ( ADD_SUB_COMP_4bit_239 ) 
        3 MAN_RND ( ADD_SUB_MAN_rounding_SIZE_MAN32_SIZE_MAN_RESULT24_29 ) 
        3 MAN_SWAP ( ADD_SUB_MAN_swap_SIZE_MAN24_59 ) 
        3 MAN_SWAP_PRE ( ADD_SUB_MAN_swap_SIZE_MAN24_58 ) 
        3 NOR_UNIT ( ADD_SUB_NOR_unit_SIZE_LOPD5_SIZE_DATA32_29 ) 
           4 SHF_left_unit ( ADD_SUB_SHF_left_SIZE_DATA32_SIZE_SHIFT5_29 ) 
        3 PSC_UNIT ( ADD_SUB_PSC_unit_29 ) 
        3 SHF_RIGHT_MAN ( ADD_SUB_SHF_right_SIZE_DATA32_SIZE_SHIFT5_29 ) 
        3 SIGN_UNIT ( ADD_SUB_SIGN_unit_29 ) 
     2 DATA_A_RE ( FPU_add_sub_NUM_OP1_28 ) 
        3 EXP_ADJUST ( ADD_SUB_EXP_adjust_SIZE_EXP8_SIZE_LOPD8_28 ) 
           4 CLA_8BIT_UNIT ( ADD_SUB_CLA_8bit_57 ) 
              5 CLA_4BIT_UNIT_0 ( ADD_SUB_CLA_4bit_288 ) 
              5 CLA_4BIT_UNIT_1 ( ADD_SUB_CLA_4bit_289 ) 
        3 EXP_COM_8BIT ( ADD_SUB_EXP_comp_SIZE_DATA8_28 ) 
           4 COMP_LESS_UNIT ( ADD_SUB_COMP_8bit_SIZE_DATA8_28 ) 
              5 u_high ( ADD_SUB_COMP_4bit_225 ) 
              5 u_low ( ADD_SUB_COMP_4bit_224 ) 
        3 EXP_RND ( ADD_SUB_EXP_rounding_SIZE_DATA8_28 ) 
        3 EXP_SUB ( ADD_SUB_EXP_sub_SIZE_EXP_SUB8_28 ) 
           4 CLA_8BIT_UNIT ( ADD_SUB_CLA_8bit_56 ) 
              5 CLA_4BIT_UNIT_0 ( ADD_SUB_CLA_4bit_280 ) 
              5 CLA_4BIT_UNIT_1 ( ADD_SUB_CLA_4bit_281 ) 
        3 EXP_SWAP ( ADD_SUB_EXP_swap_SIZE_DATA8_28 ) 
        3 LOPD_24BIT ( ADD_SUB_LOPD_24bit_SIZE_DATA24_SIZE_LOPD5_28 ) 
           4 LOPD_16bit_UNIT_MSB ( ADD_SUB_LOPD_16bit_28 ) 
              5 LOPD_8bit_unit_0 ( ADD_SUB_LOPD_8bit_84 ) 
              5 LOPD_8bit_unit_1 ( ADD_SUB_LOPD_8bit_85 ) 
           4 LOPD_8bit_UNIT_LSB ( ADD_SUB_LOPD_8bit_86 ) 
        3 MAN_ALU ( ADD_SUB_MAN_ALU_NUM_OP1_SIZE_MAN24_28 ) 
           4 ALU_SUB_UNIT ( ADD_SUB_CLA_24bit_28 ) 
              5 CLA_BLOCK_GEN[0].CLA_4BIT_UNIT ( ADD_SUB_CLA_4bit_282 ) 
              5 CLA_BLOCK_GEN[1].CLA_4BIT_UNIT ( ADD_SUB_CLA_4bit_283 ) 
              5 CLA_BLOCK_GEN[2].CLA_4BIT_UNIT ( ADD_SUB_CLA_4bit_284 ) 
              5 CLA_BLOCK_GEN[3].CLA_4BIT_UNIT ( ADD_SUB_CLA_4bit_285 ) 
              5 CLA_BLOCK_GEN[4].CLA_4BIT_UNIT ( ADD_SUB_CLA_4bit_286 ) 
              5 CLA_BLOCK_GEN[5].CLA_4BIT_UNIT ( ADD_SUB_CLA_4bit_287 ) 
        3 MAN_ALU_PROC_RND ( ADD_SUB_CLS_4bit_28 ) 
        3 MAN_COMP_24BIT ( ADD_SUB_COMP_24bit_SIZE_DATA24_28 ) 
           4 u_i_data_0 ( ADD_SUB_COMP_4bit_226 ) 
           4 u_i_data_1 ( ADD_SUB_COMP_4bit_227 ) 
           4 u_i_data_2 ( ADD_SUB_COMP_4bit_228 ) 
           4 u_i_data_3 ( ADD_SUB_COMP_4bit_229 ) 
           4 u_i_data_4 ( ADD_SUB_COMP_4bit_230 ) 
           4 u_i_data_5 ( ADD_SUB_COMP_4bit_231 ) 
        3 MAN_RND ( ADD_SUB_MAN_rounding_SIZE_MAN32_SIZE_MAN_RESULT24_28 ) 
        3 MAN_SWAP ( ADD_SUB_MAN_swap_SIZE_MAN24_57 ) 
        3 MAN_SWAP_PRE ( ADD_SUB_MAN_swap_SIZE_MAN24_56 ) 
        3 NOR_UNIT ( ADD_SUB_NOR_unit_SIZE_LOPD5_SIZE_DATA32_28 ) 
           4 SHF_left_unit ( ADD_SUB_SHF_left_SIZE_DATA32_SIZE_SHIFT5_28 ) 
        3 PSC_UNIT ( ADD_SUB_PSC_unit_28 ) 
        3 SHF_RIGHT_MAN ( ADD_SUB_SHF_right_SIZE_DATA32_SIZE_SHIFT5_28 ) 
        3 SIGN_UNIT ( ADD_SUB_SIGN_unit_28 ) 
     2 DATA_B_IM ( FPU_add_sub_NUM_OP1_31 ) 
        3 EXP_ADJUST ( ADD_SUB_EXP_adjust_SIZE_EXP8_SIZE_LOPD8_31 ) 
           4 CLA_8BIT_UNIT ( ADD_SUB_CLA_8bit_63 ) 
              5 CLA_4BIT_UNIT_0 ( ADD_SUB_CLA_4bit_318 ) 
              5 CLA_4BIT_UNIT_1 ( ADD_SUB_CLA_4bit_319 ) 
        3 EXP_COM_8BIT ( ADD_SUB_EXP_comp_SIZE_DATA8_31 ) 
           4 COMP_LESS_UNIT ( ADD_SUB_COMP_8bit_SIZE_DATA8_31 ) 
              5 u_high ( ADD_SUB_COMP_4bit_249 ) 
              5 u_low ( ADD_SUB_COMP_4bit_248 ) 
        3 EXP_RND ( ADD_SUB_EXP_rounding_SIZE_DATA8_31 ) 
        3 EXP_SUB ( ADD_SUB_EXP_sub_SIZE_EXP_SUB8_31 ) 
           4 CLA_8BIT_UNIT ( ADD_SUB_CLA_8bit_62 ) 
              5 CLA_4BIT_UNIT_0 ( ADD_SUB_CLA_4bit_310 ) 
              5 CLA_4BIT_UNIT_1 ( ADD_SUB_CLA_4bit_311 ) 
        3 EXP_SWAP ( ADD_SUB_EXP_swap_SIZE_DATA8_31 ) 
        3 LOPD_24BIT ( ADD_SUB_LOPD_24bit_SIZE_DATA24_SIZE_LOPD5_31 ) 
           4 LOPD_16bit_UNIT_MSB ( ADD_SUB_LOPD_16bit_31 ) 
              5 LOPD_8bit_unit_0 ( ADD_SUB_LOPD_8bit_93 ) 
              5 LOPD_8bit_unit_1 ( ADD_SUB_LOPD_8bit_94 ) 
           4 LOPD_8bit_UNIT_LSB ( ADD_SUB_LOPD_8bit_95 ) 
        3 MAN_ALU ( ADD_SUB_MAN_ALU_NUM_OP1_SIZE_MAN24_31 ) 
           4 ALU_SUB_UNIT ( ADD_SUB_CLA_24bit_31 ) 
              5 CLA_BLOCK_GEN[0].CLA_4BIT_UNIT ( ADD_SUB_CLA_4bit_312 ) 
              5 CLA_BLOCK_GEN[1].CLA_4BIT_UNIT ( ADD_SUB_CLA_4bit_313 ) 
              5 CLA_BLOCK_GEN[2].CLA_4BIT_UNIT ( ADD_SUB_CLA_4bit_314 ) 
              5 CLA_BLOCK_GEN[3].CLA_4BIT_UNIT ( ADD_SUB_CLA_4bit_315 ) 
              5 CLA_BLOCK_GEN[4].CLA_4BIT_UNIT ( ADD_SUB_CLA_4bit_316 ) 
              5 CLA_BLOCK_GEN[5].CLA_4BIT_UNIT ( ADD_SUB_CLA_4bit_317 ) 
        3 MAN_ALU_PROC_RND ( ADD_SUB_CLS_4bit_31 ) 
        3 MAN_COMP_24BIT ( ADD_SUB_COMP_24bit_SIZE_DATA24_31 ) 
           4 u_i_data_0 ( ADD_SUB_COMP_4bit_250 ) 
           4 u_i_data_1 ( ADD_SUB_COMP_4bit_251 ) 
           4 u_i_data_2 ( ADD_SUB_COMP_4bit_252 ) 
           4 u_i_data_3 ( ADD_SUB_COMP_4bit_253 ) 
           4 u_i_data_4 ( ADD_SUB_COMP_4bit_254 ) 
           4 u_i_data_5 ( ADD_SUB_COMP_4bit_255 ) 
        3 MAN_RND ( ADD_SUB_MAN_rounding_SIZE_MAN32_SIZE_MAN_RESULT24_31 ) 
        3 MAN_SWAP ( ADD_SUB_MAN_swap_SIZE_MAN24_63 ) 
        3 MAN_SWAP_PRE ( ADD_SUB_MAN_swap_SIZE_MAN24_62 ) 
        3 NOR_UNIT ( ADD_SUB_NOR_unit_SIZE_LOPD5_SIZE_DATA32_31 ) 
           4 SHF_left_unit ( ADD_SUB_SHF_left_SIZE_DATA32_SIZE_SHIFT5_31 ) 
        3 PSC_UNIT ( ADD_SUB_PSC_unit_31 ) 
        3 SHF_RIGHT_MAN ( ADD_SUB_SHF_right_SIZE_DATA32_SIZE_SHIFT5_31 ) 
        3 SIGN_UNIT ( ADD_SUB_SIGN_unit_31 ) 
     2 DATA_B_RE ( FPU_add_sub_NUM_OP1_30 ) 
        3 EXP_ADJUST ( ADD_SUB_EXP_adjust_SIZE_EXP8_SIZE_LOPD8_30 ) 
           4 CLA_8BIT_UNIT ( ADD_SUB_CLA_8bit_61 ) 
              5 CLA_4BIT_UNIT_0 ( ADD_SUB_CLA_4bit_308 ) 
              5 CLA_4BIT_UNIT_1 ( ADD_SUB_CLA_4bit_309 ) 
        3 EXP_COM_8BIT ( ADD_SUB_EXP_comp_SIZE_DATA8_30 ) 
           4 COMP_LESS_UNIT ( ADD_SUB_COMP_8bit_SIZE_DATA8_30 ) 
              5 u_high ( ADD_SUB_COMP_4bit_241 ) 
              5 u_low ( ADD_SUB_COMP_4bit_240 ) 
        3 EXP_RND ( ADD_SUB_EXP_rounding_SIZE_DATA8_30 ) 
        3 EXP_SUB ( ADD_SUB_EXP_sub_SIZE_EXP_SUB8_30 ) 
           4 CLA_8BIT_UNIT ( ADD_SUB_CLA_8bit_60 ) 
              5 CLA_4BIT_UNIT_0 ( ADD_SUB_CLA_4bit_300 ) 
              5 CLA_4BIT_UNIT_1 ( ADD_SUB_CLA_4bit_301 ) 
        3 EXP_SWAP ( ADD_SUB_EXP_swap_SIZE_DATA8_30 ) 
        3 LOPD_24BIT ( ADD_SUB_LOPD_24bit_SIZE_DATA24_SIZE_LOPD5_30 ) 
           4 LOPD_16bit_UNIT_MSB ( ADD_SUB_LOPD_16bit_30 ) 
              5 LOPD_8bit_unit_0 ( ADD_SUB_LOPD_8bit_90 ) 
              5 LOPD_8bit_unit_1 ( ADD_SUB_LOPD_8bit_91 ) 
           4 LOPD_8bit_UNIT_LSB ( ADD_SUB_LOPD_8bit_92 ) 
        3 MAN_ALU ( ADD_SUB_MAN_ALU_NUM_OP1_SIZE_MAN24_30 ) 
           4 ALU_SUB_UNIT ( ADD_SUB_CLA_24bit_30 ) 
              5 CLA_BLOCK_GEN[0].CLA_4BIT_UNIT ( ADD_SUB_CLA_4bit_302 ) 
              5 CLA_BLOCK_GEN[1].CLA_4BIT_UNIT ( ADD_SUB_CLA_4bit_303 ) 
              5 CLA_BLOCK_GEN[2].CLA_4BIT_UNIT ( ADD_SUB_CLA_4bit_304 ) 
              5 CLA_BLOCK_GEN[3].CLA_4BIT_UNIT ( ADD_SUB_CLA_4bit_305 ) 
              5 CLA_BLOCK_GEN[4].CLA_4BIT_UNIT ( ADD_SUB_CLA_4bit_306 ) 
              5 CLA_BLOCK_GEN[5].CLA_4BIT_UNIT ( ADD_SUB_CLA_4bit_307 ) 
        3 MAN_ALU_PROC_RND ( ADD_SUB_CLS_4bit_30 ) 
        3 MAN_COMP_24BIT ( ADD_SUB_COMP_24bit_SIZE_DATA24_30 ) 
           4 u_i_data_0 ( ADD_SUB_COMP_4bit_242 ) 
           4 u_i_data_1 ( ADD_SUB_COMP_4bit_243 ) 
           4 u_i_data_2 ( ADD_SUB_COMP_4bit_244 ) 
           4 u_i_data_3 ( ADD_SUB_COMP_4bit_245 ) 
           4 u_i_data_4 ( ADD_SUB_COMP_4bit_246 ) 
           4 u_i_data_5 ( ADD_SUB_COMP_4bit_247 ) 
        3 MAN_RND ( ADD_SUB_MAN_rounding_SIZE_MAN32_SIZE_MAN_RESULT24_30 ) 
        3 MAN_SWAP ( ADD_SUB_MAN_swap_SIZE_MAN24_61 ) 
        3 MAN_SWAP_PRE ( ADD_SUB_MAN_swap_SIZE_MAN24_60 ) 
        3 NOR_UNIT ( ADD_SUB_NOR_unit_SIZE_LOPD5_SIZE_DATA32_30 ) 
           4 SHF_left_unit ( ADD_SUB_SHF_left_SIZE_DATA32_SIZE_SHIFT5_30 ) 
        3 PSC_UNIT ( ADD_SUB_PSC_unit_30 ) 
        3 SHF_RIGHT_MAN ( ADD_SUB_SHF_right_SIZE_DATA32_SIZE_SHIFT5_30 ) 
        3 SIGN_UNIT ( ADD_SUB_SIGN_unit_30 ) 
  1 BFU2_S1_15 ( BFU_2_SIZE_DATA32_8 ) 
     2 DATA_A_IM ( FPU_add_sub_NUM_OP1_37 ) 
        3 EXP_ADJUST ( ADD_SUB_EXP_adjust_SIZE_EXP8_SIZE_LOPD8_37 ) 
           4 CLA_8BIT_UNIT ( ADD_SUB_CLA_8bit_75 ) 
              5 CLA_4BIT_UNIT_0 ( ADD_SUB_CLA_4bit_378 ) 
              5 CLA_4BIT_UNIT_1 ( ADD_SUB_CLA_4bit_379 ) 
        3 EXP_COM_8BIT ( ADD_SUB_EXP_comp_SIZE_DATA8_37 ) 
           4 COMP_LESS_UNIT ( ADD_SUB_COMP_8bit_SIZE_DATA8_37 ) 
              5 u_high ( ADD_SUB_COMP_4bit_297 ) 
              5 u_low ( ADD_SUB_COMP_4bit_296 ) 
        3 EXP_RND ( ADD_SUB_EXP_rounding_SIZE_DATA8_37 ) 
        3 EXP_SUB ( ADD_SUB_EXP_sub_SIZE_EXP_SUB8_37 ) 
           4 CLA_8BIT_UNIT ( ADD_SUB_CLA_8bit_74 ) 
              5 CLA_4BIT_UNIT_0 ( ADD_SUB_CLA_4bit_370 ) 
              5 CLA_4BIT_UNIT_1 ( ADD_SUB_CLA_4bit_371 ) 
        3 EXP_SWAP ( ADD_SUB_EXP_swap_SIZE_DATA8_37 ) 
        3 LOPD_24BIT ( ADD_SUB_LOPD_24bit_SIZE_DATA24_SIZE_LOPD5_37 ) 
           4 LOPD_16bit_UNIT_MSB ( ADD_SUB_LOPD_16bit_37 ) 
              5 LOPD_8bit_unit_0 ( ADD_SUB_LOPD_8bit_111 ) 
              5 LOPD_8bit_unit_1 ( ADD_SUB_LOPD_8bit_112 ) 
           4 LOPD_8bit_UNIT_LSB ( ADD_SUB_LOPD_8bit_113 ) 
        3 MAN_ALU ( ADD_SUB_MAN_ALU_NUM_OP1_SIZE_MAN24_37 ) 
           4 ALU_SUB_UNIT ( ADD_SUB_CLA_24bit_37 ) 
              5 CLA_BLOCK_GEN[0].CLA_4BIT_UNIT ( ADD_SUB_CLA_4bit_372 ) 
              5 CLA_BLOCK_GEN[1].CLA_4BIT_UNIT ( ADD_SUB_CLA_4bit_373 ) 
              5 CLA_BLOCK_GEN[2].CLA_4BIT_UNIT ( ADD_SUB_CLA_4bit_374 ) 
              5 CLA_BLOCK_GEN[3].CLA_4BIT_UNIT ( ADD_SUB_CLA_4bit_375 ) 
              5 CLA_BLOCK_GEN[4].CLA_4BIT_UNIT ( ADD_SUB_CLA_4bit_376 ) 
              5 CLA_BLOCK_GEN[5].CLA_4BIT_UNIT ( ADD_SUB_CLA_4bit_377 ) 
        3 MAN_ALU_PROC_RND ( ADD_SUB_CLS_4bit_37 ) 
        3 MAN_COMP_24BIT ( ADD_SUB_COMP_24bit_SIZE_DATA24_37 ) 
           4 u_i_data_0 ( ADD_SUB_COMP_4bit_298 ) 
           4 u_i_data_1 ( ADD_SUB_COMP_4bit_299 ) 
           4 u_i_data_2 ( ADD_SUB_COMP_4bit_300 ) 
           4 u_i_data_3 ( ADD_SUB_COMP_4bit_301 ) 
           4 u_i_data_4 ( ADD_SUB_COMP_4bit_302 ) 
           4 u_i_data_5 ( ADD_SUB_COMP_4bit_303 ) 
        3 MAN_RND ( ADD_SUB_MAN_rounding_SIZE_MAN32_SIZE_MAN_RESULT24_37 ) 
        3 MAN_SWAP ( ADD_SUB_MAN_swap_SIZE_MAN24_75 ) 
        3 MAN_SWAP_PRE ( ADD_SUB_MAN_swap_SIZE_MAN24_74 ) 
        3 NOR_UNIT ( ADD_SUB_NOR_unit_SIZE_LOPD5_SIZE_DATA32_37 ) 
           4 SHF_left_unit ( ADD_SUB_SHF_left_SIZE_DATA32_SIZE_SHIFT5_37 ) 
        3 PSC_UNIT ( ADD_SUB_PSC_unit_37 ) 
        3 SHF_RIGHT_MAN ( ADD_SUB_SHF_right_SIZE_DATA32_SIZE_SHIFT5_37 ) 
        3 SIGN_UNIT ( ADD_SUB_SIGN_unit_37 ) 
     2 DATA_A_RE ( FPU_add_sub_NUM_OP1_36 ) 
        3 EXP_ADJUST ( ADD_SUB_EXP_adjust_SIZE_EXP8_SIZE_LOPD8_36 ) 
           4 CLA_8BIT_UNIT ( ADD_SUB_CLA_8bit_73 ) 
              5 CLA_4BIT_UNIT_0 ( ADD_SUB_CLA_4bit_368 ) 
              5 CLA_4BIT_UNIT_1 ( ADD_SUB_CLA_4bit_369 ) 
        3 EXP_COM_8BIT ( ADD_SUB_EXP_comp_SIZE_DATA8_36 ) 
           4 COMP_LESS_UNIT ( ADD_SUB_COMP_8bit_SIZE_DATA8_36 ) 
              5 u_high ( ADD_SUB_COMP_4bit_289 ) 
              5 u_low ( ADD_SUB_COMP_4bit_288 ) 
        3 EXP_RND ( ADD_SUB_EXP_rounding_SIZE_DATA8_36 ) 
        3 EXP_SUB ( ADD_SUB_EXP_sub_SIZE_EXP_SUB8_36 ) 
           4 CLA_8BIT_UNIT ( ADD_SUB_CLA_8bit_72 ) 
              5 CLA_4BIT_UNIT_0 ( ADD_SUB_CLA_4bit_360 ) 
              5 CLA_4BIT_UNIT_1 ( ADD_SUB_CLA_4bit_361 ) 
        3 EXP_SWAP ( ADD_SUB_EXP_swap_SIZE_DATA8_36 ) 
        3 LOPD_24BIT ( ADD_SUB_LOPD_24bit_SIZE_DATA24_SIZE_LOPD5_36 ) 
           4 LOPD_16bit_UNIT_MSB ( ADD_SUB_LOPD_16bit_36 ) 
              5 LOPD_8bit_unit_0 ( ADD_SUB_LOPD_8bit_108 ) 
              5 LOPD_8bit_unit_1 ( ADD_SUB_LOPD_8bit_109 ) 
           4 LOPD_8bit_UNIT_LSB ( ADD_SUB_LOPD_8bit_110 ) 
        3 MAN_ALU ( ADD_SUB_MAN_ALU_NUM_OP1_SIZE_MAN24_36 ) 
           4 ALU_SUB_UNIT ( ADD_SUB_CLA_24bit_36 ) 
              5 CLA_BLOCK_GEN[0].CLA_4BIT_UNIT ( ADD_SUB_CLA_4bit_362 ) 
              5 CLA_BLOCK_GEN[1].CLA_4BIT_UNIT ( ADD_SUB_CLA_4bit_363 ) 
              5 CLA_BLOCK_GEN[2].CLA_4BIT_UNIT ( ADD_SUB_CLA_4bit_364 ) 
              5 CLA_BLOCK_GEN[3].CLA_4BIT_UNIT ( ADD_SUB_CLA_4bit_365 ) 
              5 CLA_BLOCK_GEN[4].CLA_4BIT_UNIT ( ADD_SUB_CLA_4bit_366 ) 
              5 CLA_BLOCK_GEN[5].CLA_4BIT_UNIT ( ADD_SUB_CLA_4bit_367 ) 
        3 MAN_ALU_PROC_RND ( ADD_SUB_CLS_4bit_36 ) 
        3 MAN_COMP_24BIT ( ADD_SUB_COMP_24bit_SIZE_DATA24_36 ) 
           4 u_i_data_0 ( ADD_SUB_COMP_4bit_290 ) 
           4 u_i_data_1 ( ADD_SUB_COMP_4bit_291 ) 
           4 u_i_data_2 ( ADD_SUB_COMP_4bit_292 ) 
           4 u_i_data_3 ( ADD_SUB_COMP_4bit_293 ) 
           4 u_i_data_4 ( ADD_SUB_COMP_4bit_294 ) 
           4 u_i_data_5 ( ADD_SUB_COMP_4bit_295 ) 
        3 MAN_RND ( ADD_SUB_MAN_rounding_SIZE_MAN32_SIZE_MAN_RESULT24_36 ) 
        3 MAN_SWAP ( ADD_SUB_MAN_swap_SIZE_MAN24_73 ) 
        3 MAN_SWAP_PRE ( ADD_SUB_MAN_swap_SIZE_MAN24_72 ) 
        3 NOR_UNIT ( ADD_SUB_NOR_unit_SIZE_LOPD5_SIZE_DATA32_36 ) 
           4 SHF_left_unit ( ADD_SUB_SHF_left_SIZE_DATA32_SIZE_SHIFT5_36 ) 
        3 PSC_UNIT ( ADD_SUB_PSC_unit_36 ) 
        3 SHF_RIGHT_MAN ( ADD_SUB_SHF_right_SIZE_DATA32_SIZE_SHIFT5_36 ) 
        3 SIGN_UNIT ( ADD_SUB_SIGN_unit_36 ) 
     2 DATA_B_IM ( FPU_add_sub_NUM_OP1_39 ) 
        3 EXP_ADJUST ( ADD_SUB_EXP_adjust_SIZE_EXP8_SIZE_LOPD8_39 ) 
           4 CLA_8BIT_UNIT ( ADD_SUB_CLA_8bit_79 ) 
              5 CLA_4BIT_UNIT_0 ( ADD_SUB_CLA_4bit_398 ) 
              5 CLA_4BIT_UNIT_1 ( ADD_SUB_CLA_4bit_399 ) 
        3 EXP_COM_8BIT ( ADD_SUB_EXP_comp_SIZE_DATA8_39 ) 
           4 COMP_LESS_UNIT ( ADD_SUB_COMP_8bit_SIZE_DATA8_39 ) 
              5 u_high ( ADD_SUB_COMP_4bit_313 ) 
              5 u_low ( ADD_SUB_COMP_4bit_312 ) 
        3 EXP_RND ( ADD_SUB_EXP_rounding_SIZE_DATA8_39 ) 
        3 EXP_SUB ( ADD_SUB_EXP_sub_SIZE_EXP_SUB8_39 ) 
           4 CLA_8BIT_UNIT ( ADD_SUB_CLA_8bit_78 ) 
              5 CLA_4BIT_UNIT_0 ( ADD_SUB_CLA_4bit_390 ) 
              5 CLA_4BIT_UNIT_1 ( ADD_SUB_CLA_4bit_391 ) 
        3 EXP_SWAP ( ADD_SUB_EXP_swap_SIZE_DATA8_39 ) 
        3 LOPD_24BIT ( ADD_SUB_LOPD_24bit_SIZE_DATA24_SIZE_LOPD5_39 ) 
           4 LOPD_16bit_UNIT_MSB ( ADD_SUB_LOPD_16bit_39 ) 
              5 LOPD_8bit_unit_0 ( ADD_SUB_LOPD_8bit_117 ) 
              5 LOPD_8bit_unit_1 ( ADD_SUB_LOPD_8bit_118 ) 
           4 LOPD_8bit_UNIT_LSB ( ADD_SUB_LOPD_8bit_119 ) 
        3 MAN_ALU ( ADD_SUB_MAN_ALU_NUM_OP1_SIZE_MAN24_39 ) 
           4 ALU_SUB_UNIT ( ADD_SUB_CLA_24bit_39 ) 
              5 CLA_BLOCK_GEN[0].CLA_4BIT_UNIT ( ADD_SUB_CLA_4bit_392 ) 
              5 CLA_BLOCK_GEN[1].CLA_4BIT_UNIT ( ADD_SUB_CLA_4bit_393 ) 
              5 CLA_BLOCK_GEN[2].CLA_4BIT_UNIT ( ADD_SUB_CLA_4bit_394 ) 
              5 CLA_BLOCK_GEN[3].CLA_4BIT_UNIT ( ADD_SUB_CLA_4bit_395 ) 
              5 CLA_BLOCK_GEN[4].CLA_4BIT_UNIT ( ADD_SUB_CLA_4bit_396 ) 
              5 CLA_BLOCK_GEN[5].CLA_4BIT_UNIT ( ADD_SUB_CLA_4bit_397 ) 
        3 MAN_ALU_PROC_RND ( ADD_SUB_CLS_4bit_39 ) 
        3 MAN_COMP_24BIT ( ADD_SUB_COMP_24bit_SIZE_DATA24_39 ) 
           4 u_i_data_0 ( ADD_SUB_COMP_4bit_314 ) 
           4 u_i_data_1 ( ADD_SUB_COMP_4bit_315 ) 
           4 u_i_data_2 ( ADD_SUB_COMP_4bit_316 ) 
           4 u_i_data_3 ( ADD_SUB_COMP_4bit_317 ) 
           4 u_i_data_4 ( ADD_SUB_COMP_4bit_318 ) 
           4 u_i_data_5 ( ADD_SUB_COMP_4bit_319 ) 
        3 MAN_RND ( ADD_SUB_MAN_rounding_SIZE_MAN32_SIZE_MAN_RESULT24_39 ) 
        3 MAN_SWAP ( ADD_SUB_MAN_swap_SIZE_MAN24_79 ) 
        3 MAN_SWAP_PRE ( ADD_SUB_MAN_swap_SIZE_MAN24_78 ) 
        3 NOR_UNIT ( ADD_SUB_NOR_unit_SIZE_LOPD5_SIZE_DATA32_39 ) 
           4 SHF_left_unit ( ADD_SUB_SHF_left_SIZE_DATA32_SIZE_SHIFT5_39 ) 
        3 PSC_UNIT ( ADD_SUB_PSC_unit_39 ) 
        3 SHF_RIGHT_MAN ( ADD_SUB_SHF_right_SIZE_DATA32_SIZE_SHIFT5_39 ) 
        3 SIGN_UNIT ( ADD_SUB_SIGN_unit_39 ) 
     2 DATA_B_RE ( FPU_add_sub_NUM_OP1_38 ) 
        3 EXP_ADJUST ( ADD_SUB_EXP_adjust_SIZE_EXP8_SIZE_LOPD8_38 ) 
           4 CLA_8BIT_UNIT ( ADD_SUB_CLA_8bit_77 ) 
              5 CLA_4BIT_UNIT_0 ( ADD_SUB_CLA_4bit_388 ) 
              5 CLA_4BIT_UNIT_1 ( ADD_SUB_CLA_4bit_389 ) 
        3 EXP_COM_8BIT ( ADD_SUB_EXP_comp_SIZE_DATA8_38 ) 
           4 COMP_LESS_UNIT ( ADD_SUB_COMP_8bit_SIZE_DATA8_38 ) 
              5 u_high ( ADD_SUB_COMP_4bit_305 ) 
              5 u_low ( ADD_SUB_COMP_4bit_304 ) 
        3 EXP_RND ( ADD_SUB_EXP_rounding_SIZE_DATA8_38 ) 
        3 EXP_SUB ( ADD_SUB_EXP_sub_SIZE_EXP_SUB8_38 ) 
           4 CLA_8BIT_UNIT ( ADD_SUB_CLA_8bit_76 ) 
              5 CLA_4BIT_UNIT_0 ( ADD_SUB_CLA_4bit_380 ) 
              5 CLA_4BIT_UNIT_1 ( ADD_SUB_CLA_4bit_381 ) 
        3 EXP_SWAP ( ADD_SUB_EXP_swap_SIZE_DATA8_38 ) 
        3 LOPD_24BIT ( ADD_SUB_LOPD_24bit_SIZE_DATA24_SIZE_LOPD5_38 ) 
           4 LOPD_16bit_UNIT_MSB ( ADD_SUB_LOPD_16bit_38 ) 
              5 LOPD_8bit_unit_0 ( ADD_SUB_LOPD_8bit_114 ) 
              5 LOPD_8bit_unit_1 ( ADD_SUB_LOPD_8bit_115 ) 
           4 LOPD_8bit_UNIT_LSB ( ADD_SUB_LOPD_8bit_116 ) 
        3 MAN_ALU ( ADD_SUB_MAN_ALU_NUM_OP1_SIZE_MAN24_38 ) 
           4 ALU_SUB_UNIT ( ADD_SUB_CLA_24bit_38 ) 
              5 CLA_BLOCK_GEN[0].CLA_4BIT_UNIT ( ADD_SUB_CLA_4bit_382 ) 
              5 CLA_BLOCK_GEN[1].CLA_4BIT_UNIT ( ADD_SUB_CLA_4bit_383 ) 
              5 CLA_BLOCK_GEN[2].CLA_4BIT_UNIT ( ADD_SUB_CLA_4bit_384 ) 
              5 CLA_BLOCK_GEN[3].CLA_4BIT_UNIT ( ADD_SUB_CLA_4bit_385 ) 
              5 CLA_BLOCK_GEN[4].CLA_4BIT_UNIT ( ADD_SUB_CLA_4bit_386 ) 
              5 CLA_BLOCK_GEN[5].CLA_4BIT_UNIT ( ADD_SUB_CLA_4bit_387 ) 
        3 MAN_ALU_PROC_RND ( ADD_SUB_CLS_4bit_38 ) 
        3 MAN_COMP_24BIT ( ADD_SUB_COMP_24bit_SIZE_DATA24_38 ) 
           4 u_i_data_0 ( ADD_SUB_COMP_4bit_306 ) 
           4 u_i_data_1 ( ADD_SUB_COMP_4bit_307 ) 
           4 u_i_data_2 ( ADD_SUB_COMP_4bit_308 ) 
           4 u_i_data_3 ( ADD_SUB_COMP_4bit_309 ) 
           4 u_i_data_4 ( ADD_SUB_COMP_4bit_310 ) 
           4 u_i_data_5 ( ADD_SUB_COMP_4bit_311 ) 
        3 MAN_RND ( ADD_SUB_MAN_rounding_SIZE_MAN32_SIZE_MAN_RESULT24_38 ) 
        3 MAN_SWAP ( ADD_SUB_MAN_swap_SIZE_MAN24_77 ) 
        3 MAN_SWAP_PRE ( ADD_SUB_MAN_swap_SIZE_MAN24_76 ) 
        3 NOR_UNIT ( ADD_SUB_NOR_unit_SIZE_LOPD5_SIZE_DATA32_38 ) 
           4 SHF_left_unit ( ADD_SUB_SHF_left_SIZE_DATA32_SIZE_SHIFT5_38 ) 
        3 PSC_UNIT ( ADD_SUB_PSC_unit_38 ) 
        3 SHF_RIGHT_MAN ( ADD_SUB_SHF_right_SIZE_DATA32_SIZE_SHIFT5_38 ) 
        3 SIGN_UNIT ( ADD_SUB_SIGN_unit_38 ) 
  1 BFU2_S1_26 ( BFU_2_SIZE_DATA32_7 ) 
     2 DATA_A_IM ( FPU_add_sub_NUM_OP1_33 ) 
        3 EXP_ADJUST ( ADD_SUB_EXP_adjust_SIZE_EXP8_SIZE_LOPD8_33 ) 
           4 CLA_8BIT_UNIT ( ADD_SUB_CLA_8bit_67 ) 
              5 CLA_4BIT_UNIT_0 ( ADD_SUB_CLA_4bit_338 ) 
              5 CLA_4BIT_UNIT_1 ( ADD_SUB_CLA_4bit_339 ) 
        3 EXP_COM_8BIT ( ADD_SUB_EXP_comp_SIZE_DATA8_33 ) 
           4 COMP_LESS_UNIT ( ADD_SUB_COMP_8bit_SIZE_DATA8_33 ) 
              5 u_high ( ADD_SUB_COMP_4bit_265 ) 
              5 u_low ( ADD_SUB_COMP_4bit_264 ) 
        3 EXP_RND ( ADD_SUB_EXP_rounding_SIZE_DATA8_33 ) 
        3 EXP_SUB ( ADD_SUB_EXP_sub_SIZE_EXP_SUB8_33 ) 
           4 CLA_8BIT_UNIT ( ADD_SUB_CLA_8bit_66 ) 
              5 CLA_4BIT_UNIT_0 ( ADD_SUB_CLA_4bit_330 ) 
              5 CLA_4BIT_UNIT_1 ( ADD_SUB_CLA_4bit_331 ) 
        3 EXP_SWAP ( ADD_SUB_EXP_swap_SIZE_DATA8_33 ) 
        3 LOPD_24BIT ( ADD_SUB_LOPD_24bit_SIZE_DATA24_SIZE_LOPD5_33 ) 
           4 LOPD_16bit_UNIT_MSB ( ADD_SUB_LOPD_16bit_33 ) 
              5 LOPD_8bit_unit_0 ( ADD_SUB_LOPD_8bit_99 ) 
              5 LOPD_8bit_unit_1 ( ADD_SUB_LOPD_8bit_100 ) 
           4 LOPD_8bit_UNIT_LSB ( ADD_SUB_LOPD_8bit_101 ) 
        3 MAN_ALU ( ADD_SUB_MAN_ALU_NUM_OP1_SIZE_MAN24_33 ) 
           4 ALU_SUB_UNIT ( ADD_SUB_CLA_24bit_33 ) 
              5 CLA_BLOCK_GEN[0].CLA_4BIT_UNIT ( ADD_SUB_CLA_4bit_332 ) 
              5 CLA_BLOCK_GEN[1].CLA_4BIT_UNIT ( ADD_SUB_CLA_4bit_333 ) 
              5 CLA_BLOCK_GEN[2].CLA_4BIT_UNIT ( ADD_SUB_CLA_4bit_334 ) 
              5 CLA_BLOCK_GEN[3].CLA_4BIT_UNIT ( ADD_SUB_CLA_4bit_335 ) 
              5 CLA_BLOCK_GEN[4].CLA_4BIT_UNIT ( ADD_SUB_CLA_4bit_336 ) 
              5 CLA_BLOCK_GEN[5].CLA_4BIT_UNIT ( ADD_SUB_CLA_4bit_337 ) 
        3 MAN_ALU_PROC_RND ( ADD_SUB_CLS_4bit_33 ) 
        3 MAN_COMP_24BIT ( ADD_SUB_COMP_24bit_SIZE_DATA24_33 ) 
           4 u_i_data_0 ( ADD_SUB_COMP_4bit_266 ) 
           4 u_i_data_1 ( ADD_SUB_COMP_4bit_267 ) 
           4 u_i_data_2 ( ADD_SUB_COMP_4bit_268 ) 
           4 u_i_data_3 ( ADD_SUB_COMP_4bit_269 ) 
           4 u_i_data_4 ( ADD_SUB_COMP_4bit_270 ) 
           4 u_i_data_5 ( ADD_SUB_COMP_4bit_271 ) 
        3 MAN_RND ( ADD_SUB_MAN_rounding_SIZE_MAN32_SIZE_MAN_RESULT24_33 ) 
        3 MAN_SWAP ( ADD_SUB_MAN_swap_SIZE_MAN24_67 ) 
        3 MAN_SWAP_PRE ( ADD_SUB_MAN_swap_SIZE_MAN24_66 ) 
        3 NOR_UNIT ( ADD_SUB_NOR_unit_SIZE_LOPD5_SIZE_DATA32_33 ) 
           4 SHF_left_unit ( ADD_SUB_SHF_left_SIZE_DATA32_SIZE_SHIFT5_33 ) 
        3 PSC_UNIT ( ADD_SUB_PSC_unit_33 ) 
        3 SHF_RIGHT_MAN ( ADD_SUB_SHF_right_SIZE_DATA32_SIZE_SHIFT5_33 ) 
        3 SIGN_UNIT ( ADD_SUB_SIGN_unit_33 ) 
     2 DATA_A_RE ( FPU_add_sub_NUM_OP1_32 ) 
        3 EXP_ADJUST ( ADD_SUB_EXP_adjust_SIZE_EXP8_SIZE_LOPD8_32 ) 
           4 CLA_8BIT_UNIT ( ADD_SUB_CLA_8bit_65 ) 
              5 CLA_4BIT_UNIT_0 ( ADD_SUB_CLA_4bit_328 ) 
              5 CLA_4BIT_UNIT_1 ( ADD_SUB_CLA_4bit_329 ) 
        3 EXP_COM_8BIT ( ADD_SUB_EXP_comp_SIZE_DATA8_32 ) 
           4 COMP_LESS_UNIT ( ADD_SUB_COMP_8bit_SIZE_DATA8_32 ) 
              5 u_high ( ADD_SUB_COMP_4bit_257 ) 
              5 u_low ( ADD_SUB_COMP_4bit_256 ) 
        3 EXP_RND ( ADD_SUB_EXP_rounding_SIZE_DATA8_32 ) 
        3 EXP_SUB ( ADD_SUB_EXP_sub_SIZE_EXP_SUB8_32 ) 
           4 CLA_8BIT_UNIT ( ADD_SUB_CLA_8bit_64 ) 
              5 CLA_4BIT_UNIT_0 ( ADD_SUB_CLA_4bit_320 ) 
              5 CLA_4BIT_UNIT_1 ( ADD_SUB_CLA_4bit_321 ) 
        3 EXP_SWAP ( ADD_SUB_EXP_swap_SIZE_DATA8_32 ) 
        3 LOPD_24BIT ( ADD_SUB_LOPD_24bit_SIZE_DATA24_SIZE_LOPD5_32 ) 
           4 LOPD_16bit_UNIT_MSB ( ADD_SUB_LOPD_16bit_32 ) 
              5 LOPD_8bit_unit_0 ( ADD_SUB_LOPD_8bit_96 ) 
              5 LOPD_8bit_unit_1 ( ADD_SUB_LOPD_8bit_97 ) 
           4 LOPD_8bit_UNIT_LSB ( ADD_SUB_LOPD_8bit_98 ) 
        3 MAN_ALU ( ADD_SUB_MAN_ALU_NUM_OP1_SIZE_MAN24_32 ) 
           4 ALU_SUB_UNIT ( ADD_SUB_CLA_24bit_32 ) 
              5 CLA_BLOCK_GEN[0].CLA_4BIT_UNIT ( ADD_SUB_CLA_4bit_322 ) 
              5 CLA_BLOCK_GEN[1].CLA_4BIT_UNIT ( ADD_SUB_CLA_4bit_323 ) 
              5 CLA_BLOCK_GEN[2].CLA_4BIT_UNIT ( ADD_SUB_CLA_4bit_324 ) 
              5 CLA_BLOCK_GEN[3].CLA_4BIT_UNIT ( ADD_SUB_CLA_4bit_325 ) 
              5 CLA_BLOCK_GEN[4].CLA_4BIT_UNIT ( ADD_SUB_CLA_4bit_326 ) 
              5 CLA_BLOCK_GEN[5].CLA_4BIT_UNIT ( ADD_SUB_CLA_4bit_327 ) 
        3 MAN_ALU_PROC_RND ( ADD_SUB_CLS_4bit_32 ) 
        3 MAN_COMP_24BIT ( ADD_SUB_COMP_24bit_SIZE_DATA24_32 ) 
           4 u_i_data_0 ( ADD_SUB_COMP_4bit_258 ) 
           4 u_i_data_1 ( ADD_SUB_COMP_4bit_259 ) 
           4 u_i_data_2 ( ADD_SUB_COMP_4bit_260 ) 
           4 u_i_data_3 ( ADD_SUB_COMP_4bit_261 ) 
           4 u_i_data_4 ( ADD_SUB_COMP_4bit_262 ) 
           4 u_i_data_5 ( ADD_SUB_COMP_4bit_263 ) 
        3 MAN_RND ( ADD_SUB_MAN_rounding_SIZE_MAN32_SIZE_MAN_RESULT24_32 ) 
        3 MAN_SWAP ( ADD_SUB_MAN_swap_SIZE_MAN24_65 ) 
        3 MAN_SWAP_PRE ( ADD_SUB_MAN_swap_SIZE_MAN24_64 ) 
        3 NOR_UNIT ( ADD_SUB_NOR_unit_SIZE_LOPD5_SIZE_DATA32_32 ) 
           4 SHF_left_unit ( ADD_SUB_SHF_left_SIZE_DATA32_SIZE_SHIFT5_32 ) 
        3 PSC_UNIT ( ADD_SUB_PSC_unit_32 ) 
        3 SHF_RIGHT_MAN ( ADD_SUB_SHF_right_SIZE_DATA32_SIZE_SHIFT5_32 ) 
        3 SIGN_UNIT ( ADD_SUB_SIGN_unit_32 ) 
     2 DATA_B_IM ( FPU_add_sub_NUM_OP1_35 ) 
        3 EXP_ADJUST ( ADD_SUB_EXP_adjust_SIZE_EXP8_SIZE_LOPD8_35 ) 
           4 CLA_8BIT_UNIT ( ADD_SUB_CLA_8bit_71 ) 
              5 CLA_4BIT_UNIT_0 ( ADD_SUB_CLA_4bit_358 ) 
              5 CLA_4BIT_UNIT_1 ( ADD_SUB_CLA_4bit_359 ) 
        3 EXP_COM_8BIT ( ADD_SUB_EXP_comp_SIZE_DATA8_35 ) 
           4 COMP_LESS_UNIT ( ADD_SUB_COMP_8bit_SIZE_DATA8_35 ) 
              5 u_high ( ADD_SUB_COMP_4bit_281 ) 
              5 u_low ( ADD_SUB_COMP_4bit_280 ) 
        3 EXP_RND ( ADD_SUB_EXP_rounding_SIZE_DATA8_35 ) 
        3 EXP_SUB ( ADD_SUB_EXP_sub_SIZE_EXP_SUB8_35 ) 
           4 CLA_8BIT_UNIT ( ADD_SUB_CLA_8bit_70 ) 
              5 CLA_4BIT_UNIT_0 ( ADD_SUB_CLA_4bit_350 ) 
              5 CLA_4BIT_UNIT_1 ( ADD_SUB_CLA_4bit_351 ) 
        3 EXP_SWAP ( ADD_SUB_EXP_swap_SIZE_DATA8_35 ) 
        3 LOPD_24BIT ( ADD_SUB_LOPD_24bit_SIZE_DATA24_SIZE_LOPD5_35 ) 
           4 LOPD_16bit_UNIT_MSB ( ADD_SUB_LOPD_16bit_35 ) 
              5 LOPD_8bit_unit_0 ( ADD_SUB_LOPD_8bit_105 ) 
              5 LOPD_8bit_unit_1 ( ADD_SUB_LOPD_8bit_106 ) 
           4 LOPD_8bit_UNIT_LSB ( ADD_SUB_LOPD_8bit_107 ) 
        3 MAN_ALU ( ADD_SUB_MAN_ALU_NUM_OP1_SIZE_MAN24_35 ) 
           4 ALU_SUB_UNIT ( ADD_SUB_CLA_24bit_35 ) 
              5 CLA_BLOCK_GEN[0].CLA_4BIT_UNIT ( ADD_SUB_CLA_4bit_352 ) 
              5 CLA_BLOCK_GEN[1].CLA_4BIT_UNIT ( ADD_SUB_CLA_4bit_353 ) 
              5 CLA_BLOCK_GEN[2].CLA_4BIT_UNIT ( ADD_SUB_CLA_4bit_354 ) 
              5 CLA_BLOCK_GEN[3].CLA_4BIT_UNIT ( ADD_SUB_CLA_4bit_355 ) 
              5 CLA_BLOCK_GEN[4].CLA_4BIT_UNIT ( ADD_SUB_CLA_4bit_356 ) 
              5 CLA_BLOCK_GEN[5].CLA_4BIT_UNIT ( ADD_SUB_CLA_4bit_357 ) 
        3 MAN_ALU_PROC_RND ( ADD_SUB_CLS_4bit_35 ) 
        3 MAN_COMP_24BIT ( ADD_SUB_COMP_24bit_SIZE_DATA24_35 ) 
           4 u_i_data_0 ( ADD_SUB_COMP_4bit_282 ) 
           4 u_i_data_1 ( ADD_SUB_COMP_4bit_283 ) 
           4 u_i_data_2 ( ADD_SUB_COMP_4bit_284 ) 
           4 u_i_data_3 ( ADD_SUB_COMP_4bit_285 ) 
           4 u_i_data_4 ( ADD_SUB_COMP_4bit_286 ) 
           4 u_i_data_5 ( ADD_SUB_COMP_4bit_287 ) 
        3 MAN_RND ( ADD_SUB_MAN_rounding_SIZE_MAN32_SIZE_MAN_RESULT24_35 ) 
        3 MAN_SWAP ( ADD_SUB_MAN_swap_SIZE_MAN24_71 ) 
        3 MAN_SWAP_PRE ( ADD_SUB_MAN_swap_SIZE_MAN24_70 ) 
        3 NOR_UNIT ( ADD_SUB_NOR_unit_SIZE_LOPD5_SIZE_DATA32_35 ) 
           4 SHF_left_unit ( ADD_SUB_SHF_left_SIZE_DATA32_SIZE_SHIFT5_35 ) 
        3 PSC_UNIT ( ADD_SUB_PSC_unit_35 ) 
        3 SHF_RIGHT_MAN ( ADD_SUB_SHF_right_SIZE_DATA32_SIZE_SHIFT5_35 ) 
        3 SIGN_UNIT ( ADD_SUB_SIGN_unit_35 ) 
     2 DATA_B_RE ( FPU_add_sub_NUM_OP1_34 ) 
        3 EXP_ADJUST ( ADD_SUB_EXP_adjust_SIZE_EXP8_SIZE_LOPD8_34 ) 
           4 CLA_8BIT_UNIT ( ADD_SUB_CLA_8bit_69 ) 
              5 CLA_4BIT_UNIT_0 ( ADD_SUB_CLA_4bit_348 ) 
              5 CLA_4BIT_UNIT_1 ( ADD_SUB_CLA_4bit_349 ) 
        3 EXP_COM_8BIT ( ADD_SUB_EXP_comp_SIZE_DATA8_34 ) 
           4 COMP_LESS_UNIT ( ADD_SUB_COMP_8bit_SIZE_DATA8_34 ) 
              5 u_high ( ADD_SUB_COMP_4bit_273 ) 
              5 u_low ( ADD_SUB_COMP_4bit_272 ) 
        3 EXP_RND ( ADD_SUB_EXP_rounding_SIZE_DATA8_34 ) 
        3 EXP_SUB ( ADD_SUB_EXP_sub_SIZE_EXP_SUB8_34 ) 
           4 CLA_8BIT_UNIT ( ADD_SUB_CLA_8bit_68 ) 
              5 CLA_4BIT_UNIT_0 ( ADD_SUB_CLA_4bit_340 ) 
              5 CLA_4BIT_UNIT_1 ( ADD_SUB_CLA_4bit_341 ) 
        3 EXP_SWAP ( ADD_SUB_EXP_swap_SIZE_DATA8_34 ) 
        3 LOPD_24BIT ( ADD_SUB_LOPD_24bit_SIZE_DATA24_SIZE_LOPD5_34 ) 
           4 LOPD_16bit_UNIT_MSB ( ADD_SUB_LOPD_16bit_34 ) 
              5 LOPD_8bit_unit_0 ( ADD_SUB_LOPD_8bit_102 ) 
              5 LOPD_8bit_unit_1 ( ADD_SUB_LOPD_8bit_103 ) 
           4 LOPD_8bit_UNIT_LSB ( ADD_SUB_LOPD_8bit_104 ) 
        3 MAN_ALU ( ADD_SUB_MAN_ALU_NUM_OP1_SIZE_MAN24_34 ) 
           4 ALU_SUB_UNIT ( ADD_SUB_CLA_24bit_34 ) 
              5 CLA_BLOCK_GEN[0].CLA_4BIT_UNIT ( ADD_SUB_CLA_4bit_342 ) 
              5 CLA_BLOCK_GEN[1].CLA_4BIT_UNIT ( ADD_SUB_CLA_4bit_343 ) 
              5 CLA_BLOCK_GEN[2].CLA_4BIT_UNIT ( ADD_SUB_CLA_4bit_344 ) 
              5 CLA_BLOCK_GEN[3].CLA_4BIT_UNIT ( ADD_SUB_CLA_4bit_345 ) 
              5 CLA_BLOCK_GEN[4].CLA_4BIT_UNIT ( ADD_SUB_CLA_4bit_346 ) 
              5 CLA_BLOCK_GEN[5].CLA_4BIT_UNIT ( ADD_SUB_CLA_4bit_347 ) 
        3 MAN_ALU_PROC_RND ( ADD_SUB_CLS_4bit_34 ) 
        3 MAN_COMP_24BIT ( ADD_SUB_COMP_24bit_SIZE_DATA24_34 ) 
           4 u_i_data_0 ( ADD_SUB_COMP_4bit_274 ) 
           4 u_i_data_1 ( ADD_SUB_COMP_4bit_275 ) 
           4 u_i_data_2 ( ADD_SUB_COMP_4bit_276 ) 
           4 u_i_data_3 ( ADD_SUB_COMP_4bit_277 ) 
           4 u_i_data_4 ( ADD_SUB_COMP_4bit_278 ) 
           4 u_i_data_5 ( ADD_SUB_COMP_4bit_279 ) 
        3 MAN_RND ( ADD_SUB_MAN_rounding_SIZE_MAN32_SIZE_MAN_RESULT24_34 ) 
        3 MAN_SWAP ( ADD_SUB_MAN_swap_SIZE_MAN24_69 ) 
        3 MAN_SWAP_PRE ( ADD_SUB_MAN_swap_SIZE_MAN24_68 ) 
        3 NOR_UNIT ( ADD_SUB_NOR_unit_SIZE_LOPD5_SIZE_DATA32_34 ) 
           4 SHF_left_unit ( ADD_SUB_SHF_left_SIZE_DATA32_SIZE_SHIFT5_34 ) 
        3 PSC_UNIT ( ADD_SUB_PSC_unit_34 ) 
        3 SHF_RIGHT_MAN ( ADD_SUB_SHF_right_SIZE_DATA32_SIZE_SHIFT5_34 ) 
        3 SIGN_UNIT ( ADD_SUB_SIGN_unit_34 ) 
  1 BFU2_S1_37 ( BFU_2_SIZE_DATA32_9 ) 
     2 DATA_A_IM ( FPU_add_sub_NUM_OP1_41 ) 
        3 EXP_ADJUST ( ADD_SUB_EXP_adjust_SIZE_EXP8_SIZE_LOPD8_41 ) 
           4 CLA_8BIT_UNIT ( ADD_SUB_CLA_8bit_83 ) 
              5 CLA_4BIT_UNIT_0 ( ADD_SUB_CLA_4bit_418 ) 
              5 CLA_4BIT_UNIT_1 ( ADD_SUB_CLA_4bit_419 ) 
        3 EXP_COM_8BIT ( ADD_SUB_EXP_comp_SIZE_DATA8_41 ) 
           4 COMP_LESS_UNIT ( ADD_SUB_COMP_8bit_SIZE_DATA8_41 ) 
              5 u_high ( ADD_SUB_COMP_4bit_329 ) 
              5 u_low ( ADD_SUB_COMP_4bit_328 ) 
        3 EXP_RND ( ADD_SUB_EXP_rounding_SIZE_DATA8_41 ) 
        3 EXP_SUB ( ADD_SUB_EXP_sub_SIZE_EXP_SUB8_41 ) 
           4 CLA_8BIT_UNIT ( ADD_SUB_CLA_8bit_82 ) 
              5 CLA_4BIT_UNIT_0 ( ADD_SUB_CLA_4bit_410 ) 
              5 CLA_4BIT_UNIT_1 ( ADD_SUB_CLA_4bit_411 ) 
        3 EXP_SWAP ( ADD_SUB_EXP_swap_SIZE_DATA8_41 ) 
        3 LOPD_24BIT ( ADD_SUB_LOPD_24bit_SIZE_DATA24_SIZE_LOPD5_41 ) 
           4 LOPD_16bit_UNIT_MSB ( ADD_SUB_LOPD_16bit_41 ) 
              5 LOPD_8bit_unit_0 ( ADD_SUB_LOPD_8bit_123 ) 
              5 LOPD_8bit_unit_1 ( ADD_SUB_LOPD_8bit_124 ) 
           4 LOPD_8bit_UNIT_LSB ( ADD_SUB_LOPD_8bit_125 ) 
        3 MAN_ALU ( ADD_SUB_MAN_ALU_NUM_OP1_SIZE_MAN24_41 ) 
           4 ALU_SUB_UNIT ( ADD_SUB_CLA_24bit_41 ) 
              5 CLA_BLOCK_GEN[0].CLA_4BIT_UNIT ( ADD_SUB_CLA_4bit_412 ) 
              5 CLA_BLOCK_GEN[1].CLA_4BIT_UNIT ( ADD_SUB_CLA_4bit_413 ) 
              5 CLA_BLOCK_GEN[2].CLA_4BIT_UNIT ( ADD_SUB_CLA_4bit_414 ) 
              5 CLA_BLOCK_GEN[3].CLA_4BIT_UNIT ( ADD_SUB_CLA_4bit_415 ) 
              5 CLA_BLOCK_GEN[4].CLA_4BIT_UNIT ( ADD_SUB_CLA_4bit_416 ) 
              5 CLA_BLOCK_GEN[5].CLA_4BIT_UNIT ( ADD_SUB_CLA_4bit_417 ) 
        3 MAN_ALU_PROC_RND ( ADD_SUB_CLS_4bit_41 ) 
        3 MAN_COMP_24BIT ( ADD_SUB_COMP_24bit_SIZE_DATA24_41 ) 
           4 u_i_data_0 ( ADD_SUB_COMP_4bit_330 ) 
           4 u_i_data_1 ( ADD_SUB_COMP_4bit_331 ) 
           4 u_i_data_2 ( ADD_SUB_COMP_4bit_332 ) 
           4 u_i_data_3 ( ADD_SUB_COMP_4bit_333 ) 
           4 u_i_data_4 ( ADD_SUB_COMP_4bit_334 ) 
           4 u_i_data_5 ( ADD_SUB_COMP_4bit_335 ) 
        3 MAN_RND ( ADD_SUB_MAN_rounding_SIZE_MAN32_SIZE_MAN_RESULT24_41 ) 
        3 MAN_SWAP ( ADD_SUB_MAN_swap_SIZE_MAN24_83 ) 
        3 MAN_SWAP_PRE ( ADD_SUB_MAN_swap_SIZE_MAN24_82 ) 
        3 NOR_UNIT ( ADD_SUB_NOR_unit_SIZE_LOPD5_SIZE_DATA32_41 ) 
           4 SHF_left_unit ( ADD_SUB_SHF_left_SIZE_DATA32_SIZE_SHIFT5_41 ) 
        3 PSC_UNIT ( ADD_SUB_PSC_unit_41 ) 
        3 SHF_RIGHT_MAN ( ADD_SUB_SHF_right_SIZE_DATA32_SIZE_SHIFT5_41 ) 
        3 SIGN_UNIT ( ADD_SUB_SIGN_unit_41 ) 
     2 DATA_A_RE ( FPU_add_sub_NUM_OP1_40 ) 
        3 EXP_ADJUST ( ADD_SUB_EXP_adjust_SIZE_EXP8_SIZE_LOPD8_40 ) 
           4 CLA_8BIT_UNIT ( ADD_SUB_CLA_8bit_81 ) 
              5 CLA_4BIT_UNIT_0 ( ADD_SUB_CLA_4bit_408 ) 
              5 CLA_4BIT_UNIT_1 ( ADD_SUB_CLA_4bit_409 ) 
        3 EXP_COM_8BIT ( ADD_SUB_EXP_comp_SIZE_DATA8_40 ) 
           4 COMP_LESS_UNIT ( ADD_SUB_COMP_8bit_SIZE_DATA8_40 ) 
              5 u_high ( ADD_SUB_COMP_4bit_321 ) 
              5 u_low ( ADD_SUB_COMP_4bit_320 ) 
        3 EXP_RND ( ADD_SUB_EXP_rounding_SIZE_DATA8_40 ) 
        3 EXP_SUB ( ADD_SUB_EXP_sub_SIZE_EXP_SUB8_40 ) 
           4 CLA_8BIT_UNIT ( ADD_SUB_CLA_8bit_80 ) 
              5 CLA_4BIT_UNIT_0 ( ADD_SUB_CLA_4bit_400 ) 
              5 CLA_4BIT_UNIT_1 ( ADD_SUB_CLA_4bit_401 ) 
        3 EXP_SWAP ( ADD_SUB_EXP_swap_SIZE_DATA8_40 ) 
        3 LOPD_24BIT ( ADD_SUB_LOPD_24bit_SIZE_DATA24_SIZE_LOPD5_40 ) 
           4 LOPD_16bit_UNIT_MSB ( ADD_SUB_LOPD_16bit_40 ) 
              5 LOPD_8bit_unit_0 ( ADD_SUB_LOPD_8bit_120 ) 
              5 LOPD_8bit_unit_1 ( ADD_SUB_LOPD_8bit_121 ) 
           4 LOPD_8bit_UNIT_LSB ( ADD_SUB_LOPD_8bit_122 ) 
        3 MAN_ALU ( ADD_SUB_MAN_ALU_NUM_OP1_SIZE_MAN24_40 ) 
           4 ALU_SUB_UNIT ( ADD_SUB_CLA_24bit_40 ) 
              5 CLA_BLOCK_GEN[0].CLA_4BIT_UNIT ( ADD_SUB_CLA_4bit_402 ) 
              5 CLA_BLOCK_GEN[1].CLA_4BIT_UNIT ( ADD_SUB_CLA_4bit_403 ) 
              5 CLA_BLOCK_GEN[2].CLA_4BIT_UNIT ( ADD_SUB_CLA_4bit_404 ) 
              5 CLA_BLOCK_GEN[3].CLA_4BIT_UNIT ( ADD_SUB_CLA_4bit_405 ) 
              5 CLA_BLOCK_GEN[4].CLA_4BIT_UNIT ( ADD_SUB_CLA_4bit_406 ) 
              5 CLA_BLOCK_GEN[5].CLA_4BIT_UNIT ( ADD_SUB_CLA_4bit_407 ) 
        3 MAN_ALU_PROC_RND ( ADD_SUB_CLS_4bit_40 ) 
        3 MAN_COMP_24BIT ( ADD_SUB_COMP_24bit_SIZE_DATA24_40 ) 
           4 u_i_data_0 ( ADD_SUB_COMP_4bit_322 ) 
           4 u_i_data_1 ( ADD_SUB_COMP_4bit_323 ) 
           4 u_i_data_2 ( ADD_SUB_COMP_4bit_324 ) 
           4 u_i_data_3 ( ADD_SUB_COMP_4bit_325 ) 
           4 u_i_data_4 ( ADD_SUB_COMP_4bit_326 ) 
           4 u_i_data_5 ( ADD_SUB_COMP_4bit_327 ) 
        3 MAN_RND ( ADD_SUB_MAN_rounding_SIZE_MAN32_SIZE_MAN_RESULT24_40 ) 
        3 MAN_SWAP ( ADD_SUB_MAN_swap_SIZE_MAN24_81 ) 
        3 MAN_SWAP_PRE ( ADD_SUB_MAN_swap_SIZE_MAN24_80 ) 
        3 NOR_UNIT ( ADD_SUB_NOR_unit_SIZE_LOPD5_SIZE_DATA32_40 ) 
           4 SHF_left_unit ( ADD_SUB_SHF_left_SIZE_DATA32_SIZE_SHIFT5_40 ) 
        3 PSC_UNIT ( ADD_SUB_PSC_unit_40 ) 
        3 SHF_RIGHT_MAN ( ADD_SUB_SHF_right_SIZE_DATA32_SIZE_SHIFT5_40 ) 
        3 SIGN_UNIT ( ADD_SUB_SIGN_unit_40 ) 
     2 DATA_B_IM ( FPU_add_sub_NUM_OP1_43 ) 
        3 EXP_ADJUST ( ADD_SUB_EXP_adjust_SIZE_EXP8_SIZE_LOPD8_43 ) 
           4 CLA_8BIT_UNIT ( ADD_SUB_CLA_8bit_87 ) 
              5 CLA_4BIT_UNIT_0 ( ADD_SUB_CLA_4bit_438 ) 
              5 CLA_4BIT_UNIT_1 ( ADD_SUB_CLA_4bit_439 ) 
        3 EXP_COM_8BIT ( ADD_SUB_EXP_comp_SIZE_DATA8_43 ) 
           4 COMP_LESS_UNIT ( ADD_SUB_COMP_8bit_SIZE_DATA8_43 ) 
              5 u_high ( ADD_SUB_COMP_4bit_345 ) 
              5 u_low ( ADD_SUB_COMP_4bit_344 ) 
        3 EXP_RND ( ADD_SUB_EXP_rounding_SIZE_DATA8_43 ) 
        3 EXP_SUB ( ADD_SUB_EXP_sub_SIZE_EXP_SUB8_43 ) 
           4 CLA_8BIT_UNIT ( ADD_SUB_CLA_8bit_86 ) 
              5 CLA_4BIT_UNIT_0 ( ADD_SUB_CLA_4bit_430 ) 
              5 CLA_4BIT_UNIT_1 ( ADD_SUB_CLA_4bit_431 ) 
        3 EXP_SWAP ( ADD_SUB_EXP_swap_SIZE_DATA8_43 ) 
        3 LOPD_24BIT ( ADD_SUB_LOPD_24bit_SIZE_DATA24_SIZE_LOPD5_43 ) 
           4 LOPD_16bit_UNIT_MSB ( ADD_SUB_LOPD_16bit_43 ) 
              5 LOPD_8bit_unit_0 ( ADD_SUB_LOPD_8bit_129 ) 
              5 LOPD_8bit_unit_1 ( ADD_SUB_LOPD_8bit_130 ) 
           4 LOPD_8bit_UNIT_LSB ( ADD_SUB_LOPD_8bit_131 ) 
        3 MAN_ALU ( ADD_SUB_MAN_ALU_NUM_OP1_SIZE_MAN24_43 ) 
           4 ALU_SUB_UNIT ( ADD_SUB_CLA_24bit_43 ) 
              5 CLA_BLOCK_GEN[0].CLA_4BIT_UNIT ( ADD_SUB_CLA_4bit_432 ) 
              5 CLA_BLOCK_GEN[1].CLA_4BIT_UNIT ( ADD_SUB_CLA_4bit_433 ) 
              5 CLA_BLOCK_GEN[2].CLA_4BIT_UNIT ( ADD_SUB_CLA_4bit_434 ) 
              5 CLA_BLOCK_GEN[3].CLA_4BIT_UNIT ( ADD_SUB_CLA_4bit_435 ) 
              5 CLA_BLOCK_GEN[4].CLA_4BIT_UNIT ( ADD_SUB_CLA_4bit_436 ) 
              5 CLA_BLOCK_GEN[5].CLA_4BIT_UNIT ( ADD_SUB_CLA_4bit_437 ) 
        3 MAN_ALU_PROC_RND ( ADD_SUB_CLS_4bit_43 ) 
        3 MAN_COMP_24BIT ( ADD_SUB_COMP_24bit_SIZE_DATA24_43 ) 
           4 u_i_data_0 ( ADD_SUB_COMP_4bit_346 ) 
           4 u_i_data_1 ( ADD_SUB_COMP_4bit_347 ) 
           4 u_i_data_2 ( ADD_SUB_COMP_4bit_348 ) 
           4 u_i_data_3 ( ADD_SUB_COMP_4bit_349 ) 
           4 u_i_data_4 ( ADD_SUB_COMP_4bit_350 ) 
           4 u_i_data_5 ( ADD_SUB_COMP_4bit_351 ) 
        3 MAN_RND ( ADD_SUB_MAN_rounding_SIZE_MAN32_SIZE_MAN_RESULT24_43 ) 
        3 MAN_SWAP ( ADD_SUB_MAN_swap_SIZE_MAN24_87 ) 
        3 MAN_SWAP_PRE ( ADD_SUB_MAN_swap_SIZE_MAN24_86 ) 
        3 NOR_UNIT ( ADD_SUB_NOR_unit_SIZE_LOPD5_SIZE_DATA32_43 ) 
           4 SHF_left_unit ( ADD_SUB_SHF_left_SIZE_DATA32_SIZE_SHIFT5_43 ) 
        3 PSC_UNIT ( ADD_SUB_PSC_unit_43 ) 
        3 SHF_RIGHT_MAN ( ADD_SUB_SHF_right_SIZE_DATA32_SIZE_SHIFT5_43 ) 
        3 SIGN_UNIT ( ADD_SUB_SIGN_unit_43 ) 
     2 DATA_B_RE ( FPU_add_sub_NUM_OP1_42 ) 
        3 EXP_ADJUST ( ADD_SUB_EXP_adjust_SIZE_EXP8_SIZE_LOPD8_42 ) 
           4 CLA_8BIT_UNIT ( ADD_SUB_CLA_8bit_85 ) 
              5 CLA_4BIT_UNIT_0 ( ADD_SUB_CLA_4bit_428 ) 
              5 CLA_4BIT_UNIT_1 ( ADD_SUB_CLA_4bit_429 ) 
        3 EXP_COM_8BIT ( ADD_SUB_EXP_comp_SIZE_DATA8_42 ) 
           4 COMP_LESS_UNIT ( ADD_SUB_COMP_8bit_SIZE_DATA8_42 ) 
              5 u_high ( ADD_SUB_COMP_4bit_337 ) 
              5 u_low ( ADD_SUB_COMP_4bit_336 ) 
        3 EXP_RND ( ADD_SUB_EXP_rounding_SIZE_DATA8_42 ) 
        3 EXP_SUB ( ADD_SUB_EXP_sub_SIZE_EXP_SUB8_42 ) 
           4 CLA_8BIT_UNIT ( ADD_SUB_CLA_8bit_84 ) 
              5 CLA_4BIT_UNIT_0 ( ADD_SUB_CLA_4bit_420 ) 
              5 CLA_4BIT_UNIT_1 ( ADD_SUB_CLA_4bit_421 ) 
        3 EXP_SWAP ( ADD_SUB_EXP_swap_SIZE_DATA8_42 ) 
        3 LOPD_24BIT ( ADD_SUB_LOPD_24bit_SIZE_DATA24_SIZE_LOPD5_42 ) 
           4 LOPD_16bit_UNIT_MSB ( ADD_SUB_LOPD_16bit_42 ) 
              5 LOPD_8bit_unit_0 ( ADD_SUB_LOPD_8bit_126 ) 
              5 LOPD_8bit_unit_1 ( ADD_SUB_LOPD_8bit_127 ) 
           4 LOPD_8bit_UNIT_LSB ( ADD_SUB_LOPD_8bit_128 ) 
        3 MAN_ALU ( ADD_SUB_MAN_ALU_NUM_OP1_SIZE_MAN24_42 ) 
           4 ALU_SUB_UNIT ( ADD_SUB_CLA_24bit_42 ) 
              5 CLA_BLOCK_GEN[0].CLA_4BIT_UNIT ( ADD_SUB_CLA_4bit_422 ) 
              5 CLA_BLOCK_GEN[1].CLA_4BIT_UNIT ( ADD_SUB_CLA_4bit_423 ) 
              5 CLA_BLOCK_GEN[2].CLA_4BIT_UNIT ( ADD_SUB_CLA_4bit_424 ) 
              5 CLA_BLOCK_GEN[3].CLA_4BIT_UNIT ( ADD_SUB_CLA_4bit_425 ) 
              5 CLA_BLOCK_GEN[4].CLA_4BIT_UNIT ( ADD_SUB_CLA_4bit_426 ) 
              5 CLA_BLOCK_GEN[5].CLA_4BIT_UNIT ( ADD_SUB_CLA_4bit_427 ) 
        3 MAN_ALU_PROC_RND ( ADD_SUB_CLS_4bit_42 ) 
        3 MAN_COMP_24BIT ( ADD_SUB_COMP_24bit_SIZE_DATA24_42 ) 
           4 u_i_data_0 ( ADD_SUB_COMP_4bit_338 ) 
           4 u_i_data_1 ( ADD_SUB_COMP_4bit_339 ) 
           4 u_i_data_2 ( ADD_SUB_COMP_4bit_340 ) 
           4 u_i_data_3 ( ADD_SUB_COMP_4bit_341 ) 
           4 u_i_data_4 ( ADD_SUB_COMP_4bit_342 ) 
           4 u_i_data_5 ( ADD_SUB_COMP_4bit_343 ) 
        3 MAN_RND ( ADD_SUB_MAN_rounding_SIZE_MAN32_SIZE_MAN_RESULT24_42 ) 
        3 MAN_SWAP ( ADD_SUB_MAN_swap_SIZE_MAN24_85 ) 
        3 MAN_SWAP_PRE ( ADD_SUB_MAN_swap_SIZE_MAN24_84 ) 
        3 NOR_UNIT ( ADD_SUB_NOR_unit_SIZE_LOPD5_SIZE_DATA32_42 ) 
           4 SHF_left_unit ( ADD_SUB_SHF_left_SIZE_DATA32_SIZE_SHIFT5_42 ) 
        3 PSC_UNIT ( ADD_SUB_PSC_unit_42 ) 
        3 SHF_RIGHT_MAN ( ADD_SUB_SHF_right_SIZE_DATA32_SIZE_SHIFT5_42 ) 
        3 SIGN_UNIT ( ADD_SUB_SIGN_unit_42 ) 
  1 BFU4_06 ( BFU_4_SIZE_DATA32 ) 
     2 BFU2_UNIT0 ( BFU_2_SIZE_DATA32 ) 
        3 DATA_A_IM ( FPU_add_sub_NUM_OP1_1 ) 
           4 EXP_ADJUST ( ADD_SUB_EXP_adjust_SIZE_EXP8_SIZE_LOPD8_1 ) 
              5 CLA_8BIT_UNIT ( ADD_SUB_CLA_8bit_3 ) 
                 6 CLA_4BIT_UNIT_0 ( ADD_SUB_CLA_4bit_18 ) 
                 6 CLA_4BIT_UNIT_1 ( ADD_SUB_CLA_4bit_19 ) 
           4 EXP_COM_8BIT ( ADD_SUB_EXP_comp_SIZE_DATA8_1 ) 
              5 COMP_LESS_UNIT ( ADD_SUB_COMP_8bit_SIZE_DATA8_1 ) 
                 6 u_high ( ADD_SUB_COMP_4bit_9 ) 
                 6 u_low ( ADD_SUB_COMP_4bit_8 ) 
           4 EXP_RND ( ADD_SUB_EXP_rounding_SIZE_DATA8_1 ) 
           4 EXP_SUB ( ADD_SUB_EXP_sub_SIZE_EXP_SUB8_1 ) 
              5 CLA_8BIT_UNIT ( ADD_SUB_CLA_8bit_2 ) 
                 6 CLA_4BIT_UNIT_0 ( ADD_SUB_CLA_4bit_10 ) 
                 6 CLA_4BIT_UNIT_1 ( ADD_SUB_CLA_4bit_11 ) 
           4 EXP_SWAP ( ADD_SUB_EXP_swap_SIZE_DATA8_1 ) 
           4 LOPD_24BIT ( ADD_SUB_LOPD_24bit_SIZE_DATA24_SIZE_LOPD5_1 ) 
              5 LOPD_16bit_UNIT_MSB ( ADD_SUB_LOPD_16bit_1 ) 
                 6 LOPD_8bit_unit_0 ( ADD_SUB_LOPD_8bit_3 ) 
                 6 LOPD_8bit_unit_1 ( ADD_SUB_LOPD_8bit_4 ) 
              5 LOPD_8bit_UNIT_LSB ( ADD_SUB_LOPD_8bit_5 ) 
           4 MAN_ALU ( ADD_SUB_MAN_ALU_NUM_OP1_SIZE_MAN24_1 ) 
              5 ALU_SUB_UNIT ( ADD_SUB_CLA_24bit_1 ) 
                 6 CLA_BLOCK_GEN[0].CLA_4BIT_UNIT ( ADD_SUB_CLA_4bit_12 ) 
                 6 CLA_BLOCK_GEN[1].CLA_4BIT_UNIT ( ADD_SUB_CLA_4bit_13 ) 
                 6 CLA_BLOCK_GEN[2].CLA_4BIT_UNIT ( ADD_SUB_CLA_4bit_14 ) 
                 6 CLA_BLOCK_GEN[3].CLA_4BIT_UNIT ( ADD_SUB_CLA_4bit_15 ) 
                 6 CLA_BLOCK_GEN[4].CLA_4BIT_UNIT ( ADD_SUB_CLA_4bit_16 ) 
                 6 CLA_BLOCK_GEN[5].CLA_4BIT_UNIT ( ADD_SUB_CLA_4bit_17 ) 
           4 MAN_ALU_PROC_RND ( ADD_SUB_CLS_4bit_1 ) 
           4 MAN_COMP_24BIT ( ADD_SUB_COMP_24bit_SIZE_DATA24_1 ) 
              5 u_i_data_0 ( ADD_SUB_COMP_4bit_10 ) 
              5 u_i_data_1 ( ADD_SUB_COMP_4bit_11 ) 
              5 u_i_data_2 ( ADD_SUB_COMP_4bit_12 ) 
              5 u_i_data_3 ( ADD_SUB_COMP_4bit_13 ) 
              5 u_i_data_4 ( ADD_SUB_COMP_4bit_14 ) 
              5 u_i_data_5 ( ADD_SUB_COMP_4bit_15 ) 
           4 MAN_RND ( ADD_SUB_MAN_rounding_SIZE_MAN32_SIZE_MAN_RESULT24_1 ) 
           4 MAN_SWAP ( ADD_SUB_MAN_swap_SIZE_MAN24_3 ) 
           4 MAN_SWAP_PRE ( ADD_SUB_MAN_swap_SIZE_MAN24_2 ) 
           4 NOR_UNIT ( ADD_SUB_NOR_unit_SIZE_LOPD5_SIZE_DATA32_1 ) 
              5 SHF_left_unit ( ADD_SUB_SHF_left_SIZE_DATA32_SIZE_SHIFT5_1 ) 
           4 PSC_UNIT ( ADD_SUB_PSC_unit_1 ) 
           4 SHF_RIGHT_MAN ( ADD_SUB_SHF_right_SIZE_DATA32_SIZE_SHIFT5_1 ) 
           4 SIGN_UNIT ( ADD_SUB_SIGN_unit_1 ) 
        3 DATA_A_RE ( FPU_add_sub_NUM_OP1 ) 
           4 EXP_ADJUST ( ADD_SUB_EXP_adjust_SIZE_EXP8_SIZE_LOPD8 ) 
              5 CLA_8BIT_UNIT ( ADD_SUB_CLA_8bit_1 ) 
                 6 CLA_4BIT_UNIT_0 ( ADD_SUB_CLA_4bit_8 ) 
                 6 CLA_4BIT_UNIT_1 ( ADD_SUB_CLA_4bit_9 ) 
           4 EXP_COM_8BIT ( ADD_SUB_EXP_comp_SIZE_DATA8 ) 
              5 COMP_LESS_UNIT ( ADD_SUB_COMP_8bit_SIZE_DATA8 ) 
                 6 u_high ( ADD_SUB_COMP_4bit_1 ) 
                 6 u_low ( ADD_SUB_COMP_4bit ) 
           4 EXP_RND ( ADD_SUB_EXP_rounding_SIZE_DATA8 ) 
           4 EXP_SUB ( ADD_SUB_EXP_sub_SIZE_EXP_SUB8 ) 
              5 CLA_8BIT_UNIT ( ADD_SUB_CLA_8bit ) 
                 6 CLA_4BIT_UNIT_0 ( ADD_SUB_CLA_4bit ) 
                 6 CLA_4BIT_UNIT_1 ( ADD_SUB_CLA_4bit_1 ) 
           4 EXP_SWAP ( ADD_SUB_EXP_swap_SIZE_DATA8 ) 
           4 LOPD_24BIT ( ADD_SUB_LOPD_24bit_SIZE_DATA24_SIZE_LOPD5 ) 
              5 LOPD_16bit_UNIT_MSB ( ADD_SUB_LOPD_16bit ) 
                 6 LOPD_8bit_unit_0 ( ADD_SUB_LOPD_8bit ) 
                 6 LOPD_8bit_unit_1 ( ADD_SUB_LOPD_8bit_1 ) 
              5 LOPD_8bit_UNIT_LSB ( ADD_SUB_LOPD_8bit_2 ) 
           4 MAN_ALU ( ADD_SUB_MAN_ALU_NUM_OP1_SIZE_MAN24 ) 
              5 ALU_SUB_UNIT ( ADD_SUB_CLA_24bit ) 
                 6 CLA_BLOCK_GEN[0].CLA_4BIT_UNIT ( ADD_SUB_CLA_4bit_2 ) 
                 6 CLA_BLOCK_GEN[1].CLA_4BIT_UNIT ( ADD_SUB_CLA_4bit_3 ) 
                 6 CLA_BLOCK_GEN[2].CLA_4BIT_UNIT ( ADD_SUB_CLA_4bit_4 ) 
                 6 CLA_BLOCK_GEN[3].CLA_4BIT_UNIT ( ADD_SUB_CLA_4bit_5 ) 
                 6 CLA_BLOCK_GEN[4].CLA_4BIT_UNIT ( ADD_SUB_CLA_4bit_6 ) 
                 6 CLA_BLOCK_GEN[5].CLA_4BIT_UNIT ( ADD_SUB_CLA_4bit_7 ) 
           4 MAN_ALU_PROC_RND ( ADD_SUB_CLS_4bit ) 
           4 MAN_COMP_24BIT ( ADD_SUB_COMP_24bit_SIZE_DATA24 ) 
              5 u_i_data_0 ( ADD_SUB_COMP_4bit_2 ) 
              5 u_i_data_1 ( ADD_SUB_COMP_4bit_3 ) 
              5 u_i_data_2 ( ADD_SUB_COMP_4bit_4 ) 
              5 u_i_data_3 ( ADD_SUB_COMP_4bit_5 ) 
              5 u_i_data_4 ( ADD_SUB_COMP_4bit_6 ) 
              5 u_i_data_5 ( ADD_SUB_COMP_4bit_7 ) 
           4 MAN_RND ( ADD_SUB_MAN_rounding_SIZE_MAN32_SIZE_MAN_RESULT24 ) 
           4 MAN_SWAP ( ADD_SUB_MAN_swap_SIZE_MAN24_1 ) 
           4 MAN_SWAP_PRE ( ADD_SUB_MAN_swap_SIZE_MAN24 ) 
           4 NOR_UNIT ( ADD_SUB_NOR_unit_SIZE_LOPD5_SIZE_DATA32 ) 
              5 SHF_left_unit ( ADD_SUB_SHF_left_SIZE_DATA32_SIZE_SHIFT5 ) 
           4 PSC_UNIT ( ADD_SUB_PSC_unit ) 
           4 SHF_RIGHT_MAN ( ADD_SUB_SHF_right_SIZE_DATA32_SIZE_SHIFT5 ) 
           4 SIGN_UNIT ( ADD_SUB_SIGN_unit ) 
        3 DATA_B_IM ( FPU_add_sub_NUM_OP1_3 ) 
           4 EXP_ADJUST ( ADD_SUB_EXP_adjust_SIZE_EXP8_SIZE_LOPD8_3 ) 
              5 CLA_8BIT_UNIT ( ADD_SUB_CLA_8bit_7 ) 
                 6 CLA_4BIT_UNIT_0 ( ADD_SUB_CLA_4bit_38 ) 
                 6 CLA_4BIT_UNIT_1 ( ADD_SUB_CLA_4bit_39 ) 
           4 EXP_COM_8BIT ( ADD_SUB_EXP_comp_SIZE_DATA8_3 ) 
              5 COMP_LESS_UNIT ( ADD_SUB_COMP_8bit_SIZE_DATA8_3 ) 
                 6 u_high ( ADD_SUB_COMP_4bit_25 ) 
                 6 u_low ( ADD_SUB_COMP_4bit_24 ) 
           4 EXP_RND ( ADD_SUB_EXP_rounding_SIZE_DATA8_3 ) 
           4 EXP_SUB ( ADD_SUB_EXP_sub_SIZE_EXP_SUB8_3 ) 
              5 CLA_8BIT_UNIT ( ADD_SUB_CLA_8bit_6 ) 
                 6 CLA_4BIT_UNIT_0 ( ADD_SUB_CLA_4bit_30 ) 
                 6 CLA_4BIT_UNIT_1 ( ADD_SUB_CLA_4bit_31 ) 
           4 EXP_SWAP ( ADD_SUB_EXP_swap_SIZE_DATA8_3 ) 
           4 LOPD_24BIT ( ADD_SUB_LOPD_24bit_SIZE_DATA24_SIZE_LOPD5_3 ) 
              5 LOPD_16bit_UNIT_MSB ( ADD_SUB_LOPD_16bit_3 ) 
                 6 LOPD_8bit_unit_0 ( ADD_SUB_LOPD_8bit_9 ) 
                 6 LOPD_8bit_unit_1 ( ADD_SUB_LOPD_8bit_10 ) 
              5 LOPD_8bit_UNIT_LSB ( ADD_SUB_LOPD_8bit_11 ) 
           4 MAN_ALU ( ADD_SUB_MAN_ALU_NUM_OP1_SIZE_MAN24_3 ) 
              5 ALU_SUB_UNIT ( ADD_SUB_CLA_24bit_3 ) 
                 6 CLA_BLOCK_GEN[0].CLA_4BIT_UNIT ( ADD_SUB_CLA_4bit_32 ) 
                 6 CLA_BLOCK_GEN[1].CLA_4BIT_UNIT ( ADD_SUB_CLA_4bit_33 ) 
                 6 CLA_BLOCK_GEN[2].CLA_4BIT_UNIT ( ADD_SUB_CLA_4bit_34 ) 
                 6 CLA_BLOCK_GEN[3].CLA_4BIT_UNIT ( ADD_SUB_CLA_4bit_35 ) 
                 6 CLA_BLOCK_GEN[4].CLA_4BIT_UNIT ( ADD_SUB_CLA_4bit_36 ) 
                 6 CLA_BLOCK_GEN[5].CLA_4BIT_UNIT ( ADD_SUB_CLA_4bit_37 ) 
           4 MAN_ALU_PROC_RND ( ADD_SUB_CLS_4bit_3 ) 
           4 MAN_COMP_24BIT ( ADD_SUB_COMP_24bit_SIZE_DATA24_3 ) 
              5 u_i_data_0 ( ADD_SUB_COMP_4bit_26 ) 
              5 u_i_data_1 ( ADD_SUB_COMP_4bit_27 ) 
              5 u_i_data_2 ( ADD_SUB_COMP_4bit_28 ) 
              5 u_i_data_3 ( ADD_SUB_COMP_4bit_29 ) 
              5 u_i_data_4 ( ADD_SUB_COMP_4bit_30 ) 
              5 u_i_data_5 ( ADD_SUB_COMP_4bit_31 ) 
           4 MAN_RND ( ADD_SUB_MAN_rounding_SIZE_MAN32_SIZE_MAN_RESULT24_3 ) 
           4 MAN_SWAP ( ADD_SUB_MAN_swap_SIZE_MAN24_7 ) 
           4 MAN_SWAP_PRE ( ADD_SUB_MAN_swap_SIZE_MAN24_6 ) 
           4 NOR_UNIT ( ADD_SUB_NOR_unit_SIZE_LOPD5_SIZE_DATA32_3 ) 
              5 SHF_left_unit ( ADD_SUB_SHF_left_SIZE_DATA32_SIZE_SHIFT5_3 ) 
           4 PSC_UNIT ( ADD_SUB_PSC_unit_3 ) 
           4 SHF_RIGHT_MAN ( ADD_SUB_SHF_right_SIZE_DATA32_SIZE_SHIFT5_3 ) 
           4 SIGN_UNIT ( ADD_SUB_SIGN_unit_3 ) 
        3 DATA_B_RE ( FPU_add_sub_NUM_OP1_2 ) 
           4 EXP_ADJUST ( ADD_SUB_EXP_adjust_SIZE_EXP8_SIZE_LOPD8_2 ) 
              5 CLA_8BIT_UNIT ( ADD_SUB_CLA_8bit_5 ) 
                 6 CLA_4BIT_UNIT_0 ( ADD_SUB_CLA_4bit_28 ) 
                 6 CLA_4BIT_UNIT_1 ( ADD_SUB_CLA_4bit_29 ) 
           4 EXP_COM_8BIT ( ADD_SUB_EXP_comp_SIZE_DATA8_2 ) 
              5 COMP_LESS_UNIT ( ADD_SUB_COMP_8bit_SIZE_DATA8_2 ) 
                 6 u_high ( ADD_SUB_COMP_4bit_17 ) 
                 6 u_low ( ADD_SUB_COMP_4bit_16 ) 
           4 EXP_RND ( ADD_SUB_EXP_rounding_SIZE_DATA8_2 ) 
           4 EXP_SUB ( ADD_SUB_EXP_sub_SIZE_EXP_SUB8_2 ) 
              5 CLA_8BIT_UNIT ( ADD_SUB_CLA_8bit_4 ) 
                 6 CLA_4BIT_UNIT_0 ( ADD_SUB_CLA_4bit_20 ) 
                 6 CLA_4BIT_UNIT_1 ( ADD_SUB_CLA_4bit_21 ) 
           4 EXP_SWAP ( ADD_SUB_EXP_swap_SIZE_DATA8_2 ) 
           4 LOPD_24BIT ( ADD_SUB_LOPD_24bit_SIZE_DATA24_SIZE_LOPD5_2 ) 
              5 LOPD_16bit_UNIT_MSB ( ADD_SUB_LOPD_16bit_2 ) 
                 6 LOPD_8bit_unit_0 ( ADD_SUB_LOPD_8bit_6 ) 
                 6 LOPD_8bit_unit_1 ( ADD_SUB_LOPD_8bit_7 ) 
              5 LOPD_8bit_UNIT_LSB ( ADD_SUB_LOPD_8bit_8 ) 
           4 MAN_ALU ( ADD_SUB_MAN_ALU_NUM_OP1_SIZE_MAN24_2 ) 
              5 ALU_SUB_UNIT ( ADD_SUB_CLA_24bit_2 ) 
                 6 CLA_BLOCK_GEN[0].CLA_4BIT_UNIT ( ADD_SUB_CLA_4bit_22 ) 
                 6 CLA_BLOCK_GEN[1].CLA_4BIT_UNIT ( ADD_SUB_CLA_4bit_23 ) 
                 6 CLA_BLOCK_GEN[2].CLA_4BIT_UNIT ( ADD_SUB_CLA_4bit_24 ) 
                 6 CLA_BLOCK_GEN[3].CLA_4BIT_UNIT ( ADD_SUB_CLA_4bit_25 ) 
                 6 CLA_BLOCK_GEN[4].CLA_4BIT_UNIT ( ADD_SUB_CLA_4bit_26 ) 
                 6 CLA_BLOCK_GEN[5].CLA_4BIT_UNIT ( ADD_SUB_CLA_4bit_27 ) 
           4 MAN_ALU_PROC_RND ( ADD_SUB_CLS_4bit_2 ) 
           4 MAN_COMP_24BIT ( ADD_SUB_COMP_24bit_SIZE_DATA24_2 ) 
              5 u_i_data_0 ( ADD_SUB_COMP_4bit_18 ) 
              5 u_i_data_1 ( ADD_SUB_COMP_4bit_19 ) 
              5 u_i_data_2 ( ADD_SUB_COMP_4bit_20 ) 
              5 u_i_data_3 ( ADD_SUB_COMP_4bit_21 ) 
              5 u_i_data_4 ( ADD_SUB_COMP_4bit_22 ) 
              5 u_i_data_5 ( ADD_SUB_COMP_4bit_23 ) 
           4 MAN_RND ( ADD_SUB_MAN_rounding_SIZE_MAN32_SIZE_MAN_RESULT24_2 ) 
           4 MAN_SWAP ( ADD_SUB_MAN_swap_SIZE_MAN24_5 ) 
           4 MAN_SWAP_PRE ( ADD_SUB_MAN_swap_SIZE_MAN24_4 ) 
           4 NOR_UNIT ( ADD_SUB_NOR_unit_SIZE_LOPD5_SIZE_DATA32_2 ) 
              5 SHF_left_unit ( ADD_SUB_SHF_left_SIZE_DATA32_SIZE_SHIFT5_2 ) 
           4 PSC_UNIT ( ADD_SUB_PSC_unit_2 ) 
           4 SHF_RIGHT_MAN ( ADD_SUB_SHF_right_SIZE_DATA32_SIZE_SHIFT5_2 ) 
           4 SIGN_UNIT ( ADD_SUB_SIGN_unit_2 ) 
     2 BFU2_UNIT1 ( BFU_2_SIZE_DATA32_1 ) 
        3 DATA_A_IM ( FPU_add_sub_NUM_OP1_5 ) 
           4 EXP_ADJUST ( ADD_SUB_EXP_adjust_SIZE_EXP8_SIZE_LOPD8_5 ) 
              5 CLA_8BIT_UNIT ( ADD_SUB_CLA_8bit_11 ) 
                 6 CLA_4BIT_UNIT_0 ( ADD_SUB_CLA_4bit_58 ) 
                 6 CLA_4BIT_UNIT_1 ( ADD_SUB_CLA_4bit_59 ) 
           4 EXP_COM_8BIT ( ADD_SUB_EXP_comp_SIZE_DATA8_5 ) 
              5 COMP_LESS_UNIT ( ADD_SUB_COMP_8bit_SIZE_DATA8_5 ) 
                 6 u_high ( ADD_SUB_COMP_4bit_41 ) 
                 6 u_low ( ADD_SUB_COMP_4bit_40 ) 
           4 EXP_RND ( ADD_SUB_EXP_rounding_SIZE_DATA8_5 ) 
           4 EXP_SUB ( ADD_SUB_EXP_sub_SIZE_EXP_SUB8_5 ) 
              5 CLA_8BIT_UNIT ( ADD_SUB_CLA_8bit_10 ) 
                 6 CLA_4BIT_UNIT_0 ( ADD_SUB_CLA_4bit_50 ) 
                 6 CLA_4BIT_UNIT_1 ( ADD_SUB_CLA_4bit_51 ) 
           4 EXP_SWAP ( ADD_SUB_EXP_swap_SIZE_DATA8_5 ) 
           4 LOPD_24BIT ( ADD_SUB_LOPD_24bit_SIZE_DATA24_SIZE_LOPD5_5 ) 
              5 LOPD_16bit_UNIT_MSB ( ADD_SUB_LOPD_16bit_5 ) 
                 6 LOPD_8bit_unit_0 ( ADD_SUB_LOPD_8bit_15 ) 
                 6 LOPD_8bit_unit_1 ( ADD_SUB_LOPD_8bit_16 ) 
              5 LOPD_8bit_UNIT_LSB ( ADD_SUB_LOPD_8bit_17 ) 
           4 MAN_ALU ( ADD_SUB_MAN_ALU_NUM_OP1_SIZE_MAN24_5 ) 
              5 ALU_SUB_UNIT ( ADD_SUB_CLA_24bit_5 ) 
                 6 CLA_BLOCK_GEN[0].CLA_4BIT_UNIT ( ADD_SUB_CLA_4bit_52 ) 
                 6 CLA_BLOCK_GEN[1].CLA_4BIT_UNIT ( ADD_SUB_CLA_4bit_53 ) 
                 6 CLA_BLOCK_GEN[2].CLA_4BIT_UNIT ( ADD_SUB_CLA_4bit_54 ) 
                 6 CLA_BLOCK_GEN[3].CLA_4BIT_UNIT ( ADD_SUB_CLA_4bit_55 ) 
                 6 CLA_BLOCK_GEN[4].CLA_4BIT_UNIT ( ADD_SUB_CLA_4bit_56 ) 
                 6 CLA_BLOCK_GEN[5].CLA_4BIT_UNIT ( ADD_SUB_CLA_4bit_57 ) 
           4 MAN_ALU_PROC_RND ( ADD_SUB_CLS_4bit_5 ) 
           4 MAN_COMP_24BIT ( ADD_SUB_COMP_24bit_SIZE_DATA24_5 ) 
              5 u_i_data_0 ( ADD_SUB_COMP_4bit_42 ) 
              5 u_i_data_1 ( ADD_SUB_COMP_4bit_43 ) 
              5 u_i_data_2 ( ADD_SUB_COMP_4bit_44 ) 
              5 u_i_data_3 ( ADD_SUB_COMP_4bit_45 ) 
              5 u_i_data_4 ( ADD_SUB_COMP_4bit_46 ) 
              5 u_i_data_5 ( ADD_SUB_COMP_4bit_47 ) 
           4 MAN_RND ( ADD_SUB_MAN_rounding_SIZE_MAN32_SIZE_MAN_RESULT24_5 ) 
           4 MAN_SWAP ( ADD_SUB_MAN_swap_SIZE_MAN24_11 ) 
           4 MAN_SWAP_PRE ( ADD_SUB_MAN_swap_SIZE_MAN24_10 ) 
           4 NOR_UNIT ( ADD_SUB_NOR_unit_SIZE_LOPD5_SIZE_DATA32_5 ) 
              5 SHF_left_unit ( ADD_SUB_SHF_left_SIZE_DATA32_SIZE_SHIFT5_5 ) 
           4 PSC_UNIT ( ADD_SUB_PSC_unit_5 ) 
           4 SHF_RIGHT_MAN ( ADD_SUB_SHF_right_SIZE_DATA32_SIZE_SHIFT5_5 ) 
           4 SIGN_UNIT ( ADD_SUB_SIGN_unit_5 ) 
        3 DATA_A_RE ( FPU_add_sub_NUM_OP1_4 ) 
           4 EXP_ADJUST ( ADD_SUB_EXP_adjust_SIZE_EXP8_SIZE_LOPD8_4 ) 
              5 CLA_8BIT_UNIT ( ADD_SUB_CLA_8bit_9 ) 
                 6 CLA_4BIT_UNIT_0 ( ADD_SUB_CLA_4bit_48 ) 
                 6 CLA_4BIT_UNIT_1 ( ADD_SUB_CLA_4bit_49 ) 
           4 EXP_COM_8BIT ( ADD_SUB_EXP_comp_SIZE_DATA8_4 ) 
              5 COMP_LESS_UNIT ( ADD_SUB_COMP_8bit_SIZE_DATA8_4 ) 
                 6 u_high ( ADD_SUB_COMP_4bit_33 ) 
                 6 u_low ( ADD_SUB_COMP_4bit_32 ) 
           4 EXP_RND ( ADD_SUB_EXP_rounding_SIZE_DATA8_4 ) 
           4 EXP_SUB ( ADD_SUB_EXP_sub_SIZE_EXP_SUB8_4 ) 
              5 CLA_8BIT_UNIT ( ADD_SUB_CLA_8bit_8 ) 
                 6 CLA_4BIT_UNIT_0 ( ADD_SUB_CLA_4bit_40 ) 
                 6 CLA_4BIT_UNIT_1 ( ADD_SUB_CLA_4bit_41 ) 
           4 EXP_SWAP ( ADD_SUB_EXP_swap_SIZE_DATA8_4 ) 
           4 LOPD_24BIT ( ADD_SUB_LOPD_24bit_SIZE_DATA24_SIZE_LOPD5_4 ) 
              5 LOPD_16bit_UNIT_MSB ( ADD_SUB_LOPD_16bit_4 ) 
                 6 LOPD_8bit_unit_0 ( ADD_SUB_LOPD_8bit_12 ) 
                 6 LOPD_8bit_unit_1 ( ADD_SUB_LOPD_8bit_13 ) 
              5 LOPD_8bit_UNIT_LSB ( ADD_SUB_LOPD_8bit_14 ) 
           4 MAN_ALU ( ADD_SUB_MAN_ALU_NUM_OP1_SIZE_MAN24_4 ) 
              5 ALU_SUB_UNIT ( ADD_SUB_CLA_24bit_4 ) 
                 6 CLA_BLOCK_GEN[0].CLA_4BIT_UNIT ( ADD_SUB_CLA_4bit_42 ) 
                 6 CLA_BLOCK_GEN[1].CLA_4BIT_UNIT ( ADD_SUB_CLA_4bit_43 ) 
                 6 CLA_BLOCK_GEN[2].CLA_4BIT_UNIT ( ADD_SUB_CLA_4bit_44 ) 
                 6 CLA_BLOCK_GEN[3].CLA_4BIT_UNIT ( ADD_SUB_CLA_4bit_45 ) 
                 6 CLA_BLOCK_GEN[4].CLA_4BIT_UNIT ( ADD_SUB_CLA_4bit_46 ) 
                 6 CLA_BLOCK_GEN[5].CLA_4BIT_UNIT ( ADD_SUB_CLA_4bit_47 ) 
           4 MAN_ALU_PROC_RND ( ADD_SUB_CLS_4bit_4 ) 
           4 MAN_COMP_24BIT ( ADD_SUB_COMP_24bit_SIZE_DATA24_4 ) 
              5 u_i_data_0 ( ADD_SUB_COMP_4bit_34 ) 
              5 u_i_data_1 ( ADD_SUB_COMP_4bit_35 ) 
              5 u_i_data_2 ( ADD_SUB_COMP_4bit_36 ) 
              5 u_i_data_3 ( ADD_SUB_COMP_4bit_37 ) 
              5 u_i_data_4 ( ADD_SUB_COMP_4bit_38 ) 
              5 u_i_data_5 ( ADD_SUB_COMP_4bit_39 ) 
           4 MAN_RND ( ADD_SUB_MAN_rounding_SIZE_MAN32_SIZE_MAN_RESULT24_4 ) 
           4 MAN_SWAP ( ADD_SUB_MAN_swap_SIZE_MAN24_9 ) 
           4 MAN_SWAP_PRE ( ADD_SUB_MAN_swap_SIZE_MAN24_8 ) 
           4 NOR_UNIT ( ADD_SUB_NOR_unit_SIZE_LOPD5_SIZE_DATA32_4 ) 
              5 SHF_left_unit ( ADD_SUB_SHF_left_SIZE_DATA32_SIZE_SHIFT5_4 ) 
           4 PSC_UNIT ( ADD_SUB_PSC_unit_4 ) 
           4 SHF_RIGHT_MAN ( ADD_SUB_SHF_right_SIZE_DATA32_SIZE_SHIFT5_4 ) 
           4 SIGN_UNIT ( ADD_SUB_SIGN_unit_4 ) 
        3 DATA_B_IM ( FPU_add_sub_NUM_OP1_7 ) 
           4 EXP_ADJUST ( ADD_SUB_EXP_adjust_SIZE_EXP8_SIZE_LOPD8_7 ) 
              5 CLA_8BIT_UNIT ( ADD_SUB_CLA_8bit_15 ) 
                 6 CLA_4BIT_UNIT_0 ( ADD_SUB_CLA_4bit_78 ) 
                 6 CLA_4BIT_UNIT_1 ( ADD_SUB_CLA_4bit_79 ) 
           4 EXP_COM_8BIT ( ADD_SUB_EXP_comp_SIZE_DATA8_7 ) 
              5 COMP_LESS_UNIT ( ADD_SUB_COMP_8bit_SIZE_DATA8_7 ) 
                 6 u_high ( ADD_SUB_COMP_4bit_57 ) 
                 6 u_low ( ADD_SUB_COMP_4bit_56 ) 
           4 EXP_RND ( ADD_SUB_EXP_rounding_SIZE_DATA8_7 ) 
           4 EXP_SUB ( ADD_SUB_EXP_sub_SIZE_EXP_SUB8_7 ) 
              5 CLA_8BIT_UNIT ( ADD_SUB_CLA_8bit_14 ) 
                 6 CLA_4BIT_UNIT_0 ( ADD_SUB_CLA_4bit_70 ) 
                 6 CLA_4BIT_UNIT_1 ( ADD_SUB_CLA_4bit_71 ) 
           4 EXP_SWAP ( ADD_SUB_EXP_swap_SIZE_DATA8_7 ) 
           4 LOPD_24BIT ( ADD_SUB_LOPD_24bit_SIZE_DATA24_SIZE_LOPD5_7 ) 
              5 LOPD_16bit_UNIT_MSB ( ADD_SUB_LOPD_16bit_7 ) 
                 6 LOPD_8bit_unit_0 ( ADD_SUB_LOPD_8bit_21 ) 
                 6 LOPD_8bit_unit_1 ( ADD_SUB_LOPD_8bit_22 ) 
              5 LOPD_8bit_UNIT_LSB ( ADD_SUB_LOPD_8bit_23 ) 
           4 MAN_ALU ( ADD_SUB_MAN_ALU_NUM_OP1_SIZE_MAN24_7 ) 
              5 ALU_SUB_UNIT ( ADD_SUB_CLA_24bit_7 ) 
                 6 CLA_BLOCK_GEN[0].CLA_4BIT_UNIT ( ADD_SUB_CLA_4bit_72 ) 
                 6 CLA_BLOCK_GEN[1].CLA_4BIT_UNIT ( ADD_SUB_CLA_4bit_73 ) 
                 6 CLA_BLOCK_GEN[2].CLA_4BIT_UNIT ( ADD_SUB_CLA_4bit_74 ) 
                 6 CLA_BLOCK_GEN[3].CLA_4BIT_UNIT ( ADD_SUB_CLA_4bit_75 ) 
                 6 CLA_BLOCK_GEN[4].CLA_4BIT_UNIT ( ADD_SUB_CLA_4bit_76 ) 
                 6 CLA_BLOCK_GEN[5].CLA_4BIT_UNIT ( ADD_SUB_CLA_4bit_77 ) 
           4 MAN_ALU_PROC_RND ( ADD_SUB_CLS_4bit_7 ) 
           4 MAN_COMP_24BIT ( ADD_SUB_COMP_24bit_SIZE_DATA24_7 ) 
              5 u_i_data_0 ( ADD_SUB_COMP_4bit_58 ) 
              5 u_i_data_1 ( ADD_SUB_COMP_4bit_59 ) 
              5 u_i_data_2 ( ADD_SUB_COMP_4bit_60 ) 
              5 u_i_data_3 ( ADD_SUB_COMP_4bit_61 ) 
              5 u_i_data_4 ( ADD_SUB_COMP_4bit_62 ) 
              5 u_i_data_5 ( ADD_SUB_COMP_4bit_63 ) 
           4 MAN_RND ( ADD_SUB_MAN_rounding_SIZE_MAN32_SIZE_MAN_RESULT24_7 ) 
           4 MAN_SWAP ( ADD_SUB_MAN_swap_SIZE_MAN24_15 ) 
           4 MAN_SWAP_PRE ( ADD_SUB_MAN_swap_SIZE_MAN24_14 ) 
           4 NOR_UNIT ( ADD_SUB_NOR_unit_SIZE_LOPD5_SIZE_DATA32_7 ) 
              5 SHF_left_unit ( ADD_SUB_SHF_left_SIZE_DATA32_SIZE_SHIFT5_7 ) 
           4 PSC_UNIT ( ADD_SUB_PSC_unit_7 ) 
           4 SHF_RIGHT_MAN ( ADD_SUB_SHF_right_SIZE_DATA32_SIZE_SHIFT5_7 ) 
           4 SIGN_UNIT ( ADD_SUB_SIGN_unit_7 ) 
        3 DATA_B_RE ( FPU_add_sub_NUM_OP1_6 ) 
           4 EXP_ADJUST ( ADD_SUB_EXP_adjust_SIZE_EXP8_SIZE_LOPD8_6 ) 
              5 CLA_8BIT_UNIT ( ADD_SUB_CLA_8bit_13 ) 
                 6 CLA_4BIT_UNIT_0 ( ADD_SUB_CLA_4bit_68 ) 
                 6 CLA_4BIT_UNIT_1 ( ADD_SUB_CLA_4bit_69 ) 
           4 EXP_COM_8BIT ( ADD_SUB_EXP_comp_SIZE_DATA8_6 ) 
              5 COMP_LESS_UNIT ( ADD_SUB_COMP_8bit_SIZE_DATA8_6 ) 
                 6 u_high ( ADD_SUB_COMP_4bit_49 ) 
                 6 u_low ( ADD_SUB_COMP_4bit_48 ) 
           4 EXP_RND ( ADD_SUB_EXP_rounding_SIZE_DATA8_6 ) 
           4 EXP_SUB ( ADD_SUB_EXP_sub_SIZE_EXP_SUB8_6 ) 
              5 CLA_8BIT_UNIT ( ADD_SUB_CLA_8bit_12 ) 
                 6 CLA_4BIT_UNIT_0 ( ADD_SUB_CLA_4bit_60 ) 
                 6 CLA_4BIT_UNIT_1 ( ADD_SUB_CLA_4bit_61 ) 
           4 EXP_SWAP ( ADD_SUB_EXP_swap_SIZE_DATA8_6 ) 
           4 LOPD_24BIT ( ADD_SUB_LOPD_24bit_SIZE_DATA24_SIZE_LOPD5_6 ) 
              5 LOPD_16bit_UNIT_MSB ( ADD_SUB_LOPD_16bit_6 ) 
                 6 LOPD_8bit_unit_0 ( ADD_SUB_LOPD_8bit_18 ) 
                 6 LOPD_8bit_unit_1 ( ADD_SUB_LOPD_8bit_19 ) 
              5 LOPD_8bit_UNIT_LSB ( ADD_SUB_LOPD_8bit_20 ) 
           4 MAN_ALU ( ADD_SUB_MAN_ALU_NUM_OP1_SIZE_MAN24_6 ) 
              5 ALU_SUB_UNIT ( ADD_SUB_CLA_24bit_6 ) 
                 6 CLA_BLOCK_GEN[0].CLA_4BIT_UNIT ( ADD_SUB_CLA_4bit_62 ) 
                 6 CLA_BLOCK_GEN[1].CLA_4BIT_UNIT ( ADD_SUB_CLA_4bit_63 ) 
                 6 CLA_BLOCK_GEN[2].CLA_4BIT_UNIT ( ADD_SUB_CLA_4bit_64 ) 
                 6 CLA_BLOCK_GEN[3].CLA_4BIT_UNIT ( ADD_SUB_CLA_4bit_65 ) 
                 6 CLA_BLOCK_GEN[4].CLA_4BIT_UNIT ( ADD_SUB_CLA_4bit_66 ) 
                 6 CLA_BLOCK_GEN[5].CLA_4BIT_UNIT ( ADD_SUB_CLA_4bit_67 ) 
           4 MAN_ALU_PROC_RND ( ADD_SUB_CLS_4bit_6 ) 
           4 MAN_COMP_24BIT ( ADD_SUB_COMP_24bit_SIZE_DATA24_6 ) 
              5 u_i_data_0 ( ADD_SUB_COMP_4bit_50 ) 
              5 u_i_data_1 ( ADD_SUB_COMP_4bit_51 ) 
              5 u_i_data_2 ( ADD_SUB_COMP_4bit_52 ) 
              5 u_i_data_3 ( ADD_SUB_COMP_4bit_53 ) 
              5 u_i_data_4 ( ADD_SUB_COMP_4bit_54 ) 
              5 u_i_data_5 ( ADD_SUB_COMP_4bit_55 ) 
           4 MAN_RND ( ADD_SUB_MAN_rounding_SIZE_MAN32_SIZE_MAN_RESULT24_6 ) 
           4 MAN_SWAP ( ADD_SUB_MAN_swap_SIZE_MAN24_13 ) 
           4 MAN_SWAP_PRE ( ADD_SUB_MAN_swap_SIZE_MAN24_12 ) 
           4 NOR_UNIT ( ADD_SUB_NOR_unit_SIZE_LOPD5_SIZE_DATA32_6 ) 
              5 SHF_left_unit ( ADD_SUB_SHF_left_SIZE_DATA32_SIZE_SHIFT5_6 ) 
           4 PSC_UNIT ( ADD_SUB_PSC_unit_6 ) 
           4 SHF_RIGHT_MAN ( ADD_SUB_SHF_right_SIZE_DATA32_SIZE_SHIFT5_6 ) 
           4 SIGN_UNIT ( ADD_SUB_SIGN_unit_6 ) 
  1 BFU4_17 ( BFU_4_SIZE_DATA32_1 ) 
     2 BFU2_UNIT0 ( BFU_2_SIZE_DATA32_10 ) 
        3 DATA_A_IM ( FPU_add_sub_NUM_OP1_45 ) 
           4 EXP_ADJUST ( ADD_SUB_EXP_adjust_SIZE_EXP8_SIZE_LOPD8_45 ) 
              5 CLA_8BIT_UNIT ( ADD_SUB_CLA_8bit_91 ) 
                 6 CLA_4BIT_UNIT_0 ( ADD_SUB_CLA_4bit_458 ) 
                 6 CLA_4BIT_UNIT_1 ( ADD_SUB_CLA_4bit_459 ) 
           4 EXP_COM_8BIT ( ADD_SUB_EXP_comp_SIZE_DATA8_45 ) 
              5 COMP_LESS_UNIT ( ADD_SUB_COMP_8bit_SIZE_DATA8_45 ) 
                 6 u_high ( ADD_SUB_COMP_4bit_361 ) 
                 6 u_low ( ADD_SUB_COMP_4bit_360 ) 
           4 EXP_RND ( ADD_SUB_EXP_rounding_SIZE_DATA8_45 ) 
           4 EXP_SUB ( ADD_SUB_EXP_sub_SIZE_EXP_SUB8_45 ) 
              5 CLA_8BIT_UNIT ( ADD_SUB_CLA_8bit_90 ) 
                 6 CLA_4BIT_UNIT_0 ( ADD_SUB_CLA_4bit_450 ) 
                 6 CLA_4BIT_UNIT_1 ( ADD_SUB_CLA_4bit_451 ) 
           4 EXP_SWAP ( ADD_SUB_EXP_swap_SIZE_DATA8_45 ) 
           4 LOPD_24BIT ( ADD_SUB_LOPD_24bit_SIZE_DATA24_SIZE_LOPD5_45 ) 
              5 LOPD_16bit_UNIT_MSB ( ADD_SUB_LOPD_16bit_45 ) 
                 6 LOPD_8bit_unit_0 ( ADD_SUB_LOPD_8bit_135 ) 
                 6 LOPD_8bit_unit_1 ( ADD_SUB_LOPD_8bit_136 ) 
              5 LOPD_8bit_UNIT_LSB ( ADD_SUB_LOPD_8bit_137 ) 
           4 MAN_ALU ( ADD_SUB_MAN_ALU_NUM_OP1_SIZE_MAN24_45 ) 
              5 ALU_SUB_UNIT ( ADD_SUB_CLA_24bit_45 ) 
                 6 CLA_BLOCK_GEN[0].CLA_4BIT_UNIT ( ADD_SUB_CLA_4bit_452 ) 
                 6 CLA_BLOCK_GEN[1].CLA_4BIT_UNIT ( ADD_SUB_CLA_4bit_453 ) 
                 6 CLA_BLOCK_GEN[2].CLA_4BIT_UNIT ( ADD_SUB_CLA_4bit_454 ) 
                 6 CLA_BLOCK_GEN[3].CLA_4BIT_UNIT ( ADD_SUB_CLA_4bit_455 ) 
                 6 CLA_BLOCK_GEN[4].CLA_4BIT_UNIT ( ADD_SUB_CLA_4bit_456 ) 
                 6 CLA_BLOCK_GEN[5].CLA_4BIT_UNIT ( ADD_SUB_CLA_4bit_457 ) 
           4 MAN_ALU_PROC_RND ( ADD_SUB_CLS_4bit_45 ) 
           4 MAN_COMP_24BIT ( ADD_SUB_COMP_24bit_SIZE_DATA24_45 ) 
              5 u_i_data_0 ( ADD_SUB_COMP_4bit_362 ) 
              5 u_i_data_1 ( ADD_SUB_COMP_4bit_363 ) 
              5 u_i_data_2 ( ADD_SUB_COMP_4bit_364 ) 
              5 u_i_data_3 ( ADD_SUB_COMP_4bit_365 ) 
              5 u_i_data_4 ( ADD_SUB_COMP_4bit_366 ) 
              5 u_i_data_5 ( ADD_SUB_COMP_4bit_367 ) 
           4 MAN_RND ( ADD_SUB_MAN_rounding_SIZE_MAN32_SIZE_MAN_RESULT24_45 ) 
           4 MAN_SWAP ( ADD_SUB_MAN_swap_SIZE_MAN24_91 ) 
           4 MAN_SWAP_PRE ( ADD_SUB_MAN_swap_SIZE_MAN24_90 ) 
           4 NOR_UNIT ( ADD_SUB_NOR_unit_SIZE_LOPD5_SIZE_DATA32_45 ) 
              5 SHF_left_unit ( ADD_SUB_SHF_left_SIZE_DATA32_SIZE_SHIFT5_45 ) 
           4 PSC_UNIT ( ADD_SUB_PSC_unit_45 ) 
           4 SHF_RIGHT_MAN ( ADD_SUB_SHF_right_SIZE_DATA32_SIZE_SHIFT5_45 ) 
           4 SIGN_UNIT ( ADD_SUB_SIGN_unit_45 ) 
        3 DATA_A_RE ( FPU_add_sub_NUM_OP1_44 ) 
           4 EXP_ADJUST ( ADD_SUB_EXP_adjust_SIZE_EXP8_SIZE_LOPD8_44 ) 
              5 CLA_8BIT_UNIT ( ADD_SUB_CLA_8bit_89 ) 
                 6 CLA_4BIT_UNIT_0 ( ADD_SUB_CLA_4bit_448 ) 
                 6 CLA_4BIT_UNIT_1 ( ADD_SUB_CLA_4bit_449 ) 
           4 EXP_COM_8BIT ( ADD_SUB_EXP_comp_SIZE_DATA8_44 ) 
              5 COMP_LESS_UNIT ( ADD_SUB_COMP_8bit_SIZE_DATA8_44 ) 
                 6 u_high ( ADD_SUB_COMP_4bit_353 ) 
                 6 u_low ( ADD_SUB_COMP_4bit_352 ) 
           4 EXP_RND ( ADD_SUB_EXP_rounding_SIZE_DATA8_44 ) 
           4 EXP_SUB ( ADD_SUB_EXP_sub_SIZE_EXP_SUB8_44 ) 
              5 CLA_8BIT_UNIT ( ADD_SUB_CLA_8bit_88 ) 
                 6 CLA_4BIT_UNIT_0 ( ADD_SUB_CLA_4bit_440 ) 
                 6 CLA_4BIT_UNIT_1 ( ADD_SUB_CLA_4bit_441 ) 
           4 EXP_SWAP ( ADD_SUB_EXP_swap_SIZE_DATA8_44 ) 
           4 LOPD_24BIT ( ADD_SUB_LOPD_24bit_SIZE_DATA24_SIZE_LOPD5_44 ) 
              5 LOPD_16bit_UNIT_MSB ( ADD_SUB_LOPD_16bit_44 ) 
                 6 LOPD_8bit_unit_0 ( ADD_SUB_LOPD_8bit_132 ) 
                 6 LOPD_8bit_unit_1 ( ADD_SUB_LOPD_8bit_133 ) 
              5 LOPD_8bit_UNIT_LSB ( ADD_SUB_LOPD_8bit_134 ) 
           4 MAN_ALU ( ADD_SUB_MAN_ALU_NUM_OP1_SIZE_MAN24_44 ) 
              5 ALU_SUB_UNIT ( ADD_SUB_CLA_24bit_44 ) 
                 6 CLA_BLOCK_GEN[0].CLA_4BIT_UNIT ( ADD_SUB_CLA_4bit_442 ) 
                 6 CLA_BLOCK_GEN[1].CLA_4BIT_UNIT ( ADD_SUB_CLA_4bit_443 ) 
                 6 CLA_BLOCK_GEN[2].CLA_4BIT_UNIT ( ADD_SUB_CLA_4bit_444 ) 
                 6 CLA_BLOCK_GEN[3].CLA_4BIT_UNIT ( ADD_SUB_CLA_4bit_445 ) 
                 6 CLA_BLOCK_GEN[4].CLA_4BIT_UNIT ( ADD_SUB_CLA_4bit_446 ) 
                 6 CLA_BLOCK_GEN[5].CLA_4BIT_UNIT ( ADD_SUB_CLA_4bit_447 ) 
           4 MAN_ALU_PROC_RND ( ADD_SUB_CLS_4bit_44 ) 
           4 MAN_COMP_24BIT ( ADD_SUB_COMP_24bit_SIZE_DATA24_44 ) 
              5 u_i_data_0 ( ADD_SUB_COMP_4bit_354 ) 
              5 u_i_data_1 ( ADD_SUB_COMP_4bit_355 ) 
              5 u_i_data_2 ( ADD_SUB_COMP_4bit_356 ) 
              5 u_i_data_3 ( ADD_SUB_COMP_4bit_357 ) 
              5 u_i_data_4 ( ADD_SUB_COMP_4bit_358 ) 
              5 u_i_data_5 ( ADD_SUB_COMP_4bit_359 ) 
           4 MAN_RND ( ADD_SUB_MAN_rounding_SIZE_MAN32_SIZE_MAN_RESULT24_44 ) 
           4 MAN_SWAP ( ADD_SUB_MAN_swap_SIZE_MAN24_89 ) 
           4 MAN_SWAP_PRE ( ADD_SUB_MAN_swap_SIZE_MAN24_88 ) 
           4 NOR_UNIT ( ADD_SUB_NOR_unit_SIZE_LOPD5_SIZE_DATA32_44 ) 
              5 SHF_left_unit ( ADD_SUB_SHF_left_SIZE_DATA32_SIZE_SHIFT5_44 ) 
           4 PSC_UNIT ( ADD_SUB_PSC_unit_44 ) 
           4 SHF_RIGHT_MAN ( ADD_SUB_SHF_right_SIZE_DATA32_SIZE_SHIFT5_44 ) 
           4 SIGN_UNIT ( ADD_SUB_SIGN_unit_44 ) 
        3 DATA_B_IM ( FPU_add_sub_NUM_OP1_47 ) 
           4 EXP_ADJUST ( ADD_SUB_EXP_adjust_SIZE_EXP8_SIZE_LOPD8_47 ) 
              5 CLA_8BIT_UNIT ( ADD_SUB_CLA_8bit_95 ) 
                 6 CLA_4BIT_UNIT_0 ( ADD_SUB_CLA_4bit_478 ) 
                 6 CLA_4BIT_UNIT_1 ( ADD_SUB_CLA_4bit_479 ) 
           4 EXP_COM_8BIT ( ADD_SUB_EXP_comp_SIZE_DATA8_47 ) 
              5 COMP_LESS_UNIT ( ADD_SUB_COMP_8bit_SIZE_DATA8_47 ) 
                 6 u_high ( ADD_SUB_COMP_4bit_377 ) 
                 6 u_low ( ADD_SUB_COMP_4bit_376 ) 
           4 EXP_RND ( ADD_SUB_EXP_rounding_SIZE_DATA8_47 ) 
           4 EXP_SUB ( ADD_SUB_EXP_sub_SIZE_EXP_SUB8_47 ) 
              5 CLA_8BIT_UNIT ( ADD_SUB_CLA_8bit_94 ) 
                 6 CLA_4BIT_UNIT_0 ( ADD_SUB_CLA_4bit_470 ) 
                 6 CLA_4BIT_UNIT_1 ( ADD_SUB_CLA_4bit_471 ) 
           4 EXP_SWAP ( ADD_SUB_EXP_swap_SIZE_DATA8_47 ) 
           4 LOPD_24BIT ( ADD_SUB_LOPD_24bit_SIZE_DATA24_SIZE_LOPD5_47 ) 
              5 LOPD_16bit_UNIT_MSB ( ADD_SUB_LOPD_16bit_47 ) 
                 6 LOPD_8bit_unit_0 ( ADD_SUB_LOPD_8bit_141 ) 
                 6 LOPD_8bit_unit_1 ( ADD_SUB_LOPD_8bit_142 ) 
              5 LOPD_8bit_UNIT_LSB ( ADD_SUB_LOPD_8bit_143 ) 
           4 MAN_ALU ( ADD_SUB_MAN_ALU_NUM_OP1_SIZE_MAN24_47 ) 
              5 ALU_SUB_UNIT ( ADD_SUB_CLA_24bit_47 ) 
                 6 CLA_BLOCK_GEN[0].CLA_4BIT_UNIT ( ADD_SUB_CLA_4bit_472 ) 
                 6 CLA_BLOCK_GEN[1].CLA_4BIT_UNIT ( ADD_SUB_CLA_4bit_473 ) 
                 6 CLA_BLOCK_GEN[2].CLA_4BIT_UNIT ( ADD_SUB_CLA_4bit_474 ) 
                 6 CLA_BLOCK_GEN[3].CLA_4BIT_UNIT ( ADD_SUB_CLA_4bit_475 ) 
                 6 CLA_BLOCK_GEN[4].CLA_4BIT_UNIT ( ADD_SUB_CLA_4bit_476 ) 
                 6 CLA_BLOCK_GEN[5].CLA_4BIT_UNIT ( ADD_SUB_CLA_4bit_477 ) 
           4 MAN_ALU_PROC_RND ( ADD_SUB_CLS_4bit_47 ) 
           4 MAN_COMP_24BIT ( ADD_SUB_COMP_24bit_SIZE_DATA24_47 ) 
              5 u_i_data_0 ( ADD_SUB_COMP_4bit_378 ) 
              5 u_i_data_1 ( ADD_SUB_COMP_4bit_379 ) 
              5 u_i_data_2 ( ADD_SUB_COMP_4bit_380 ) 
              5 u_i_data_3 ( ADD_SUB_COMP_4bit_381 ) 
              5 u_i_data_4 ( ADD_SUB_COMP_4bit_382 ) 
              5 u_i_data_5 ( ADD_SUB_COMP_4bit_383 ) 
           4 MAN_RND ( ADD_SUB_MAN_rounding_SIZE_MAN32_SIZE_MAN_RESULT24_47 ) 
           4 MAN_SWAP ( ADD_SUB_MAN_swap_SIZE_MAN24_95 ) 
           4 MAN_SWAP_PRE ( ADD_SUB_MAN_swap_SIZE_MAN24_94 ) 
           4 NOR_UNIT ( ADD_SUB_NOR_unit_SIZE_LOPD5_SIZE_DATA32_47 ) 
              5 SHF_left_unit ( ADD_SUB_SHF_left_SIZE_DATA32_SIZE_SHIFT5_47 ) 
           4 PSC_UNIT ( ADD_SUB_PSC_unit_47 ) 
           4 SHF_RIGHT_MAN ( ADD_SUB_SHF_right_SIZE_DATA32_SIZE_SHIFT5_47 ) 
           4 SIGN_UNIT ( ADD_SUB_SIGN_unit_47 ) 
        3 DATA_B_RE ( FPU_add_sub_NUM_OP1_46 ) 
           4 EXP_ADJUST ( ADD_SUB_EXP_adjust_SIZE_EXP8_SIZE_LOPD8_46 ) 
              5 CLA_8BIT_UNIT ( ADD_SUB_CLA_8bit_93 ) 
                 6 CLA_4BIT_UNIT_0 ( ADD_SUB_CLA_4bit_468 ) 
                 6 CLA_4BIT_UNIT_1 ( ADD_SUB_CLA_4bit_469 ) 
           4 EXP_COM_8BIT ( ADD_SUB_EXP_comp_SIZE_DATA8_46 ) 
              5 COMP_LESS_UNIT ( ADD_SUB_COMP_8bit_SIZE_DATA8_46 ) 
                 6 u_high ( ADD_SUB_COMP_4bit_369 ) 
                 6 u_low ( ADD_SUB_COMP_4bit_368 ) 
           4 EXP_RND ( ADD_SUB_EXP_rounding_SIZE_DATA8_46 ) 
           4 EXP_SUB ( ADD_SUB_EXP_sub_SIZE_EXP_SUB8_46 ) 
              5 CLA_8BIT_UNIT ( ADD_SUB_CLA_8bit_92 ) 
                 6 CLA_4BIT_UNIT_0 ( ADD_SUB_CLA_4bit_460 ) 
                 6 CLA_4BIT_UNIT_1 ( ADD_SUB_CLA_4bit_461 ) 
           4 EXP_SWAP ( ADD_SUB_EXP_swap_SIZE_DATA8_46 ) 
           4 LOPD_24BIT ( ADD_SUB_LOPD_24bit_SIZE_DATA24_SIZE_LOPD5_46 ) 
              5 LOPD_16bit_UNIT_MSB ( ADD_SUB_LOPD_16bit_46 ) 
                 6 LOPD_8bit_unit_0 ( ADD_SUB_LOPD_8bit_138 ) 
                 6 LOPD_8bit_unit_1 ( ADD_SUB_LOPD_8bit_139 ) 
              5 LOPD_8bit_UNIT_LSB ( ADD_SUB_LOPD_8bit_140 ) 
           4 MAN_ALU ( ADD_SUB_MAN_ALU_NUM_OP1_SIZE_MAN24_46 ) 
              5 ALU_SUB_UNIT ( ADD_SUB_CLA_24bit_46 ) 
                 6 CLA_BLOCK_GEN[0].CLA_4BIT_UNIT ( ADD_SUB_CLA_4bit_462 ) 
                 6 CLA_BLOCK_GEN[1].CLA_4BIT_UNIT ( ADD_SUB_CLA_4bit_463 ) 
                 6 CLA_BLOCK_GEN[2].CLA_4BIT_UNIT ( ADD_SUB_CLA_4bit_464 ) 
                 6 CLA_BLOCK_GEN[3].CLA_4BIT_UNIT ( ADD_SUB_CLA_4bit_465 ) 
                 6 CLA_BLOCK_GEN[4].CLA_4BIT_UNIT ( ADD_SUB_CLA_4bit_466 ) 
                 6 CLA_BLOCK_GEN[5].CLA_4BIT_UNIT ( ADD_SUB_CLA_4bit_467 ) 
           4 MAN_ALU_PROC_RND ( ADD_SUB_CLS_4bit_46 ) 
           4 MAN_COMP_24BIT ( ADD_SUB_COMP_24bit_SIZE_DATA24_46 ) 
              5 u_i_data_0 ( ADD_SUB_COMP_4bit_370 ) 
              5 u_i_data_1 ( ADD_SUB_COMP_4bit_371 ) 
              5 u_i_data_2 ( ADD_SUB_COMP_4bit_372 ) 
              5 u_i_data_3 ( ADD_SUB_COMP_4bit_373 ) 
              5 u_i_data_4 ( ADD_SUB_COMP_4bit_374 ) 
              5 u_i_data_5 ( ADD_SUB_COMP_4bit_375 ) 
           4 MAN_RND ( ADD_SUB_MAN_rounding_SIZE_MAN32_SIZE_MAN_RESULT24_46 ) 
           4 MAN_SWAP ( ADD_SUB_MAN_swap_SIZE_MAN24_93 ) 
           4 MAN_SWAP_PRE ( ADD_SUB_MAN_swap_SIZE_MAN24_92 ) 
           4 NOR_UNIT ( ADD_SUB_NOR_unit_SIZE_LOPD5_SIZE_DATA32_46 ) 
              5 SHF_left_unit ( ADD_SUB_SHF_left_SIZE_DATA32_SIZE_SHIFT5_46 ) 
           4 PSC_UNIT ( ADD_SUB_PSC_unit_46 ) 
           4 SHF_RIGHT_MAN ( ADD_SUB_SHF_right_SIZE_DATA32_SIZE_SHIFT5_46 ) 
           4 SIGN_UNIT ( ADD_SUB_SIGN_unit_46 ) 
     2 BFU2_UNIT1 ( BFU_2_SIZE_DATA32_11 ) 
        3 DATA_A_IM ( FPU_add_sub_NUM_OP1_49 ) 
           4 EXP_ADJUST ( ADD_SUB_EXP_adjust_SIZE_EXP8_SIZE_LOPD8_49 ) 
              5 CLA_8BIT_UNIT ( ADD_SUB_CLA_8bit_99 ) 
                 6 CLA_4BIT_UNIT_0 ( ADD_SUB_CLA_4bit_498 ) 
                 6 CLA_4BIT_UNIT_1 ( ADD_SUB_CLA_4bit_499 ) 
           4 EXP_COM_8BIT ( ADD_SUB_EXP_comp_SIZE_DATA8_49 ) 
              5 COMP_LESS_UNIT ( ADD_SUB_COMP_8bit_SIZE_DATA8_49 ) 
                 6 u_high ( ADD_SUB_COMP_4bit_393 ) 
                 6 u_low ( ADD_SUB_COMP_4bit_392 ) 
           4 EXP_RND ( ADD_SUB_EXP_rounding_SIZE_DATA8_49 ) 
           4 EXP_SUB ( ADD_SUB_EXP_sub_SIZE_EXP_SUB8_49 ) 
              5 CLA_8BIT_UNIT ( ADD_SUB_CLA_8bit_98 ) 
                 6 CLA_4BIT_UNIT_0 ( ADD_SUB_CLA_4bit_490 ) 
                 6 CLA_4BIT_UNIT_1 ( ADD_SUB_CLA_4bit_491 ) 
           4 EXP_SWAP ( ADD_SUB_EXP_swap_SIZE_DATA8_49 ) 
           4 LOPD_24BIT ( ADD_SUB_LOPD_24bit_SIZE_DATA24_SIZE_LOPD5_49 ) 
              5 LOPD_16bit_UNIT_MSB ( ADD_SUB_LOPD_16bit_49 ) 
                 6 LOPD_8bit_unit_0 ( ADD_SUB_LOPD_8bit_147 ) 
                 6 LOPD_8bit_unit_1 ( ADD_SUB_LOPD_8bit_148 ) 
              5 LOPD_8bit_UNIT_LSB ( ADD_SUB_LOPD_8bit_149 ) 
           4 MAN_ALU ( ADD_SUB_MAN_ALU_NUM_OP1_SIZE_MAN24_49 ) 
              5 ALU_SUB_UNIT ( ADD_SUB_CLA_24bit_49 ) 
                 6 CLA_BLOCK_GEN[0].CLA_4BIT_UNIT ( ADD_SUB_CLA_4bit_492 ) 
                 6 CLA_BLOCK_GEN[1].CLA_4BIT_UNIT ( ADD_SUB_CLA_4bit_493 ) 
                 6 CLA_BLOCK_GEN[2].CLA_4BIT_UNIT ( ADD_SUB_CLA_4bit_494 ) 
                 6 CLA_BLOCK_GEN[3].CLA_4BIT_UNIT ( ADD_SUB_CLA_4bit_495 ) 
                 6 CLA_BLOCK_GEN[4].CLA_4BIT_UNIT ( ADD_SUB_CLA_4bit_496 ) 
                 6 CLA_BLOCK_GEN[5].CLA_4BIT_UNIT ( ADD_SUB_CLA_4bit_497 ) 
           4 MAN_ALU_PROC_RND ( ADD_SUB_CLS_4bit_49 ) 
           4 MAN_COMP_24BIT ( ADD_SUB_COMP_24bit_SIZE_DATA24_49 ) 
              5 u_i_data_0 ( ADD_SUB_COMP_4bit_394 ) 
              5 u_i_data_1 ( ADD_SUB_COMP_4bit_395 ) 
              5 u_i_data_2 ( ADD_SUB_COMP_4bit_396 ) 
              5 u_i_data_3 ( ADD_SUB_COMP_4bit_397 ) 
              5 u_i_data_4 ( ADD_SUB_COMP_4bit_398 ) 
              5 u_i_data_5 ( ADD_SUB_COMP_4bit_399 ) 
           4 MAN_RND ( ADD_SUB_MAN_rounding_SIZE_MAN32_SIZE_MAN_RESULT24_49 ) 
           4 MAN_SWAP ( ADD_SUB_MAN_swap_SIZE_MAN24_99 ) 
           4 MAN_SWAP_PRE ( ADD_SUB_MAN_swap_SIZE_MAN24_98 ) 
           4 NOR_UNIT ( ADD_SUB_NOR_unit_SIZE_LOPD5_SIZE_DATA32_49 ) 
              5 SHF_left_unit ( ADD_SUB_SHF_left_SIZE_DATA32_SIZE_SHIFT5_49 ) 
           4 PSC_UNIT ( ADD_SUB_PSC_unit_49 ) 
           4 SHF_RIGHT_MAN ( ADD_SUB_SHF_right_SIZE_DATA32_SIZE_SHIFT5_49 ) 
           4 SIGN_UNIT ( ADD_SUB_SIGN_unit_49 ) 
        3 DATA_A_RE ( FPU_add_sub_NUM_OP1_48 ) 
           4 EXP_ADJUST ( ADD_SUB_EXP_adjust_SIZE_EXP8_SIZE_LOPD8_48 ) 
              5 CLA_8BIT_UNIT ( ADD_SUB_CLA_8bit_97 ) 
                 6 CLA_4BIT_UNIT_0 ( ADD_SUB_CLA_4bit_488 ) 
                 6 CLA_4BIT_UNIT_1 ( ADD_SUB_CLA_4bit_489 ) 
           4 EXP_COM_8BIT ( ADD_SUB_EXP_comp_SIZE_DATA8_48 ) 
              5 COMP_LESS_UNIT ( ADD_SUB_COMP_8bit_SIZE_DATA8_48 ) 
                 6 u_high ( ADD_SUB_COMP_4bit_385 ) 
                 6 u_low ( ADD_SUB_COMP_4bit_384 ) 
           4 EXP_RND ( ADD_SUB_EXP_rounding_SIZE_DATA8_48 ) 
           4 EXP_SUB ( ADD_SUB_EXP_sub_SIZE_EXP_SUB8_48 ) 
              5 CLA_8BIT_UNIT ( ADD_SUB_CLA_8bit_96 ) 
                 6 CLA_4BIT_UNIT_0 ( ADD_SUB_CLA_4bit_480 ) 
                 6 CLA_4BIT_UNIT_1 ( ADD_SUB_CLA_4bit_481 ) 
           4 EXP_SWAP ( ADD_SUB_EXP_swap_SIZE_DATA8_48 ) 
           4 LOPD_24BIT ( ADD_SUB_LOPD_24bit_SIZE_DATA24_SIZE_LOPD5_48 ) 
              5 LOPD_16bit_UNIT_MSB ( ADD_SUB_LOPD_16bit_48 ) 
                 6 LOPD_8bit_unit_0 ( ADD_SUB_LOPD_8bit_144 ) 
                 6 LOPD_8bit_unit_1 ( ADD_SUB_LOPD_8bit_145 ) 
              5 LOPD_8bit_UNIT_LSB ( ADD_SUB_LOPD_8bit_146 ) 
           4 MAN_ALU ( ADD_SUB_MAN_ALU_NUM_OP1_SIZE_MAN24_48 ) 
              5 ALU_SUB_UNIT ( ADD_SUB_CLA_24bit_48 ) 
                 6 CLA_BLOCK_GEN[0].CLA_4BIT_UNIT ( ADD_SUB_CLA_4bit_482 ) 
                 6 CLA_BLOCK_GEN[1].CLA_4BIT_UNIT ( ADD_SUB_CLA_4bit_483 ) 
                 6 CLA_BLOCK_GEN[2].CLA_4BIT_UNIT ( ADD_SUB_CLA_4bit_484 ) 
                 6 CLA_BLOCK_GEN[3].CLA_4BIT_UNIT ( ADD_SUB_CLA_4bit_485 ) 
                 6 CLA_BLOCK_GEN[4].CLA_4BIT_UNIT ( ADD_SUB_CLA_4bit_486 ) 
                 6 CLA_BLOCK_GEN[5].CLA_4BIT_UNIT ( ADD_SUB_CLA_4bit_487 ) 
           4 MAN_ALU_PROC_RND ( ADD_SUB_CLS_4bit_48 ) 
           4 MAN_COMP_24BIT ( ADD_SUB_COMP_24bit_SIZE_DATA24_48 ) 
              5 u_i_data_0 ( ADD_SUB_COMP_4bit_386 ) 
              5 u_i_data_1 ( ADD_SUB_COMP_4bit_387 ) 
              5 u_i_data_2 ( ADD_SUB_COMP_4bit_388 ) 
              5 u_i_data_3 ( ADD_SUB_COMP_4bit_389 ) 
              5 u_i_data_4 ( ADD_SUB_COMP_4bit_390 ) 
              5 u_i_data_5 ( ADD_SUB_COMP_4bit_391 ) 
           4 MAN_RND ( ADD_SUB_MAN_rounding_SIZE_MAN32_SIZE_MAN_RESULT24_48 ) 
           4 MAN_SWAP ( ADD_SUB_MAN_swap_SIZE_MAN24_97 ) 
           4 MAN_SWAP_PRE ( ADD_SUB_MAN_swap_SIZE_MAN24_96 ) 
           4 NOR_UNIT ( ADD_SUB_NOR_unit_SIZE_LOPD5_SIZE_DATA32_48 ) 
              5 SHF_left_unit ( ADD_SUB_SHF_left_SIZE_DATA32_SIZE_SHIFT5_48 ) 
           4 PSC_UNIT ( ADD_SUB_PSC_unit_48 ) 
           4 SHF_RIGHT_MAN ( ADD_SUB_SHF_right_SIZE_DATA32_SIZE_SHIFT5_48 ) 
           4 SIGN_UNIT ( ADD_SUB_SIGN_unit_48 ) 
        3 DATA_B_IM ( FPU_add_sub_NUM_OP1_51 ) 
           4 EXP_ADJUST ( ADD_SUB_EXP_adjust_SIZE_EXP8_SIZE_LOPD8_51 ) 
              5 CLA_8BIT_UNIT ( ADD_SUB_CLA_8bit_103 ) 
                 6 CLA_4BIT_UNIT_0 ( ADD_SUB_CLA_4bit_518 ) 
                 6 CLA_4BIT_UNIT_1 ( ADD_SUB_CLA_4bit_519 ) 
           4 EXP_COM_8BIT ( ADD_SUB_EXP_comp_SIZE_DATA8_51 ) 
              5 COMP_LESS_UNIT ( ADD_SUB_COMP_8bit_SIZE_DATA8_51 ) 
                 6 u_high ( ADD_SUB_COMP_4bit_409 ) 
                 6 u_low ( ADD_SUB_COMP_4bit_408 ) 
           4 EXP_RND ( ADD_SUB_EXP_rounding_SIZE_DATA8_51 ) 
           4 EXP_SUB ( ADD_SUB_EXP_sub_SIZE_EXP_SUB8_51 ) 
              5 CLA_8BIT_UNIT ( ADD_SUB_CLA_8bit_102 ) 
                 6 CLA_4BIT_UNIT_0 ( ADD_SUB_CLA_4bit_510 ) 
                 6 CLA_4BIT_UNIT_1 ( ADD_SUB_CLA_4bit_511 ) 
           4 EXP_SWAP ( ADD_SUB_EXP_swap_SIZE_DATA8_51 ) 
           4 LOPD_24BIT ( ADD_SUB_LOPD_24bit_SIZE_DATA24_SIZE_LOPD5_51 ) 
              5 LOPD_16bit_UNIT_MSB ( ADD_SUB_LOPD_16bit_51 ) 
                 6 LOPD_8bit_unit_0 ( ADD_SUB_LOPD_8bit_153 ) 
                 6 LOPD_8bit_unit_1 ( ADD_SUB_LOPD_8bit_154 ) 
              5 LOPD_8bit_UNIT_LSB ( ADD_SUB_LOPD_8bit_155 ) 
           4 MAN_ALU ( ADD_SUB_MAN_ALU_NUM_OP1_SIZE_MAN24_51 ) 
              5 ALU_SUB_UNIT ( ADD_SUB_CLA_24bit_51 ) 
                 6 CLA_BLOCK_GEN[0].CLA_4BIT_UNIT ( ADD_SUB_CLA_4bit_512 ) 
                 6 CLA_BLOCK_GEN[1].CLA_4BIT_UNIT ( ADD_SUB_CLA_4bit_513 ) 
                 6 CLA_BLOCK_GEN[2].CLA_4BIT_UNIT ( ADD_SUB_CLA_4bit_514 ) 
                 6 CLA_BLOCK_GEN[3].CLA_4BIT_UNIT ( ADD_SUB_CLA_4bit_515 ) 
                 6 CLA_BLOCK_GEN[4].CLA_4BIT_UNIT ( ADD_SUB_CLA_4bit_516 ) 
                 6 CLA_BLOCK_GEN[5].CLA_4BIT_UNIT ( ADD_SUB_CLA_4bit_517 ) 
           4 MAN_ALU_PROC_RND ( ADD_SUB_CLS_4bit_51 ) 
           4 MAN_COMP_24BIT ( ADD_SUB_COMP_24bit_SIZE_DATA24_51 ) 
              5 u_i_data_0 ( ADD_SUB_COMP_4bit_410 ) 
              5 u_i_data_1 ( ADD_SUB_COMP_4bit_411 ) 
              5 u_i_data_2 ( ADD_SUB_COMP_4bit_412 ) 
              5 u_i_data_3 ( ADD_SUB_COMP_4bit_413 ) 
              5 u_i_data_4 ( ADD_SUB_COMP_4bit_414 ) 
              5 u_i_data_5 ( ADD_SUB_COMP_4bit_415 ) 
           4 MAN_RND ( ADD_SUB_MAN_rounding_SIZE_MAN32_SIZE_MAN_RESULT24_51 ) 
           4 MAN_SWAP ( ADD_SUB_MAN_swap_SIZE_MAN24_103 ) 
           4 MAN_SWAP_PRE ( ADD_SUB_MAN_swap_SIZE_MAN24_102 ) 
           4 NOR_UNIT ( ADD_SUB_NOR_unit_SIZE_LOPD5_SIZE_DATA32_51 ) 
              5 SHF_left_unit ( ADD_SUB_SHF_left_SIZE_DATA32_SIZE_SHIFT5_51 ) 
           4 PSC_UNIT ( ADD_SUB_PSC_unit_51 ) 
           4 SHF_RIGHT_MAN ( ADD_SUB_SHF_right_SIZE_DATA32_SIZE_SHIFT5_51 ) 
           4 SIGN_UNIT ( ADD_SUB_SIGN_unit_51 ) 
        3 DATA_B_RE ( FPU_add_sub_NUM_OP1_50 ) 
           4 EXP_ADJUST ( ADD_SUB_EXP_adjust_SIZE_EXP8_SIZE_LOPD8_50 ) 
              5 CLA_8BIT_UNIT ( ADD_SUB_CLA_8bit_101 ) 
                 6 CLA_4BIT_UNIT_0 ( ADD_SUB_CLA_4bit_508 ) 
                 6 CLA_4BIT_UNIT_1 ( ADD_SUB_CLA_4bit_509 ) 
           4 EXP_COM_8BIT ( ADD_SUB_EXP_comp_SIZE_DATA8_50 ) 
              5 COMP_LESS_UNIT ( ADD_SUB_COMP_8bit_SIZE_DATA8_50 ) 
                 6 u_high ( ADD_SUB_COMP_4bit_401 ) 
                 6 u_low ( ADD_SUB_COMP_4bit_400 ) 
           4 EXP_RND ( ADD_SUB_EXP_rounding_SIZE_DATA8_50 ) 
           4 EXP_SUB ( ADD_SUB_EXP_sub_SIZE_EXP_SUB8_50 ) 
              5 CLA_8BIT_UNIT ( ADD_SUB_CLA_8bit_100 ) 
                 6 CLA_4BIT_UNIT_0 ( ADD_SUB_CLA_4bit_500 ) 
                 6 CLA_4BIT_UNIT_1 ( ADD_SUB_CLA_4bit_501 ) 
           4 EXP_SWAP ( ADD_SUB_EXP_swap_SIZE_DATA8_50 ) 
           4 LOPD_24BIT ( ADD_SUB_LOPD_24bit_SIZE_DATA24_SIZE_LOPD5_50 ) 
              5 LOPD_16bit_UNIT_MSB ( ADD_SUB_LOPD_16bit_50 ) 
                 6 LOPD_8bit_unit_0 ( ADD_SUB_LOPD_8bit_150 ) 
                 6 LOPD_8bit_unit_1 ( ADD_SUB_LOPD_8bit_151 ) 
              5 LOPD_8bit_UNIT_LSB ( ADD_SUB_LOPD_8bit_152 ) 
           4 MAN_ALU ( ADD_SUB_MAN_ALU_NUM_OP1_SIZE_MAN24_50 ) 
              5 ALU_SUB_UNIT ( ADD_SUB_CLA_24bit_50 ) 
                 6 CLA_BLOCK_GEN[0].CLA_4BIT_UNIT ( ADD_SUB_CLA_4bit_502 ) 
                 6 CLA_BLOCK_GEN[1].CLA_4BIT_UNIT ( ADD_SUB_CLA_4bit_503 ) 
                 6 CLA_BLOCK_GEN[2].CLA_4BIT_UNIT ( ADD_SUB_CLA_4bit_504 ) 
                 6 CLA_BLOCK_GEN[3].CLA_4BIT_UNIT ( ADD_SUB_CLA_4bit_505 ) 
                 6 CLA_BLOCK_GEN[4].CLA_4BIT_UNIT ( ADD_SUB_CLA_4bit_506 ) 
                 6 CLA_BLOCK_GEN[5].CLA_4BIT_UNIT ( ADD_SUB_CLA_4bit_507 ) 
           4 MAN_ALU_PROC_RND ( ADD_SUB_CLS_4bit_50 ) 
           4 MAN_COMP_24BIT ( ADD_SUB_COMP_24bit_SIZE_DATA24_50 ) 
              5 u_i_data_0 ( ADD_SUB_COMP_4bit_402 ) 
              5 u_i_data_1 ( ADD_SUB_COMP_4bit_403 ) 
              5 u_i_data_2 ( ADD_SUB_COMP_4bit_404 ) 
              5 u_i_data_3 ( ADD_SUB_COMP_4bit_405 ) 
              5 u_i_data_4 ( ADD_SUB_COMP_4bit_406 ) 
              5 u_i_data_5 ( ADD_SUB_COMP_4bit_407 ) 
           4 MAN_RND ( ADD_SUB_MAN_rounding_SIZE_MAN32_SIZE_MAN_RESULT24_50 ) 
           4 MAN_SWAP ( ADD_SUB_MAN_swap_SIZE_MAN24_101 ) 
           4 MAN_SWAP_PRE ( ADD_SUB_MAN_swap_SIZE_MAN24_100 ) 
           4 NOR_UNIT ( ADD_SUB_NOR_unit_SIZE_LOPD5_SIZE_DATA32_50 ) 
              5 SHF_left_unit ( ADD_SUB_SHF_left_SIZE_DATA32_SIZE_SHIFT5_50 ) 
           4 PSC_UNIT ( ADD_SUB_PSC_unit_50 ) 
           4 SHF_RIGHT_MAN ( ADD_SUB_SHF_right_SIZE_DATA32_SIZE_SHIFT5_50 ) 
           4 SIGN_UNIT ( ADD_SUB_SIGN_unit_50 ) 
  1 BFU8_07 ( BFU_8_SIZE_DATA32 ) 
     2 BFU2_UNIT0 ( BFU_2_SIZE_DATA32_2 ) 
        3 DATA_A_IM ( FPU_add_sub_NUM_OP1_13 ) 
           4 EXP_ADJUST ( ADD_SUB_EXP_adjust_SIZE_EXP8_SIZE_LOPD8_13 ) 
              5 CLA_8BIT_UNIT ( ADD_SUB_CLA_8bit_27 ) 
                 6 CLA_4BIT_UNIT_0 ( ADD_SUB_CLA_4bit_138 ) 
                 6 CLA_4BIT_UNIT_1 ( ADD_SUB_CLA_4bit_139 ) 
           4 EXP_COM_8BIT ( ADD_SUB_EXP_comp_SIZE_DATA8_13 ) 
              5 COMP_LESS_UNIT ( ADD_SUB_COMP_8bit_SIZE_DATA8_13 ) 
                 6 u_high ( ADD_SUB_COMP_4bit_105 ) 
                 6 u_low ( ADD_SUB_COMP_4bit_104 ) 
           4 EXP_RND ( ADD_SUB_EXP_rounding_SIZE_DATA8_13 ) 
           4 EXP_SUB ( ADD_SUB_EXP_sub_SIZE_EXP_SUB8_13 ) 
              5 CLA_8BIT_UNIT ( ADD_SUB_CLA_8bit_26 ) 
                 6 CLA_4BIT_UNIT_0 ( ADD_SUB_CLA_4bit_130 ) 
                 6 CLA_4BIT_UNIT_1 ( ADD_SUB_CLA_4bit_131 ) 
           4 EXP_SWAP ( ADD_SUB_EXP_swap_SIZE_DATA8_13 ) 
           4 LOPD_24BIT ( ADD_SUB_LOPD_24bit_SIZE_DATA24_SIZE_LOPD5_13 ) 
              5 LOPD_16bit_UNIT_MSB ( ADD_SUB_LOPD_16bit_13 ) 
                 6 LOPD_8bit_unit_0 ( ADD_SUB_LOPD_8bit_39 ) 
                 6 LOPD_8bit_unit_1 ( ADD_SUB_LOPD_8bit_40 ) 
              5 LOPD_8bit_UNIT_LSB ( ADD_SUB_LOPD_8bit_41 ) 
           4 MAN_ALU ( ADD_SUB_MAN_ALU_NUM_OP1_SIZE_MAN24_13 ) 
              5 ALU_SUB_UNIT ( ADD_SUB_CLA_24bit_13 ) 
                 6 CLA_BLOCK_GEN[0].CLA_4BIT_UNIT ( ADD_SUB_CLA_4bit_132 ) 
                 6 CLA_BLOCK_GEN[1].CLA_4BIT_UNIT ( ADD_SUB_CLA_4bit_133 ) 
                 6 CLA_BLOCK_GEN[2].CLA_4BIT_UNIT ( ADD_SUB_CLA_4bit_134 ) 
                 6 CLA_BLOCK_GEN[3].CLA_4BIT_UNIT ( ADD_SUB_CLA_4bit_135 ) 
                 6 CLA_BLOCK_GEN[4].CLA_4BIT_UNIT ( ADD_SUB_CLA_4bit_136 ) 
                 6 CLA_BLOCK_GEN[5].CLA_4BIT_UNIT ( ADD_SUB_CLA_4bit_137 ) 
           4 MAN_ALU_PROC_RND ( ADD_SUB_CLS_4bit_13 ) 
           4 MAN_COMP_24BIT ( ADD_SUB_COMP_24bit_SIZE_DATA24_13 ) 
              5 u_i_data_0 ( ADD_SUB_COMP_4bit_106 ) 
              5 u_i_data_1 ( ADD_SUB_COMP_4bit_107 ) 
              5 u_i_data_2 ( ADD_SUB_COMP_4bit_108 ) 
              5 u_i_data_3 ( ADD_SUB_COMP_4bit_109 ) 
              5 u_i_data_4 ( ADD_SUB_COMP_4bit_110 ) 
              5 u_i_data_5 ( ADD_SUB_COMP_4bit_111 ) 
           4 MAN_RND ( ADD_SUB_MAN_rounding_SIZE_MAN32_SIZE_MAN_RESULT24_13 ) 
           4 MAN_SWAP ( ADD_SUB_MAN_swap_SIZE_MAN24_27 ) 
           4 MAN_SWAP_PRE ( ADD_SUB_MAN_swap_SIZE_MAN24_26 ) 
           4 NOR_UNIT ( ADD_SUB_NOR_unit_SIZE_LOPD5_SIZE_DATA32_13 ) 
              5 SHF_left_unit ( ADD_SUB_SHF_left_SIZE_DATA32_SIZE_SHIFT5_13 ) 
           4 PSC_UNIT ( ADD_SUB_PSC_unit_13 ) 
           4 SHF_RIGHT_MAN ( ADD_SUB_SHF_right_SIZE_DATA32_SIZE_SHIFT5_13 ) 
           4 SIGN_UNIT ( ADD_SUB_SIGN_unit_13 ) 
        3 DATA_A_RE ( FPU_add_sub_NUM_OP1_12 ) 
           4 EXP_ADJUST ( ADD_SUB_EXP_adjust_SIZE_EXP8_SIZE_LOPD8_12 ) 
              5 CLA_8BIT_UNIT ( ADD_SUB_CLA_8bit_25 ) 
                 6 CLA_4BIT_UNIT_0 ( ADD_SUB_CLA_4bit_128 ) 
                 6 CLA_4BIT_UNIT_1 ( ADD_SUB_CLA_4bit_129 ) 
           4 EXP_COM_8BIT ( ADD_SUB_EXP_comp_SIZE_DATA8_12 ) 
              5 COMP_LESS_UNIT ( ADD_SUB_COMP_8bit_SIZE_DATA8_12 ) 
                 6 u_high ( ADD_SUB_COMP_4bit_97 ) 
                 6 u_low ( ADD_SUB_COMP_4bit_96 ) 
           4 EXP_RND ( ADD_SUB_EXP_rounding_SIZE_DATA8_12 ) 
           4 EXP_SUB ( ADD_SUB_EXP_sub_SIZE_EXP_SUB8_12 ) 
              5 CLA_8BIT_UNIT ( ADD_SUB_CLA_8bit_24 ) 
                 6 CLA_4BIT_UNIT_0 ( ADD_SUB_CLA_4bit_120 ) 
                 6 CLA_4BIT_UNIT_1 ( ADD_SUB_CLA_4bit_121 ) 
           4 EXP_SWAP ( ADD_SUB_EXP_swap_SIZE_DATA8_12 ) 
           4 LOPD_24BIT ( ADD_SUB_LOPD_24bit_SIZE_DATA24_SIZE_LOPD5_12 ) 
              5 LOPD_16bit_UNIT_MSB ( ADD_SUB_LOPD_16bit_12 ) 
                 6 LOPD_8bit_unit_0 ( ADD_SUB_LOPD_8bit_36 ) 
                 6 LOPD_8bit_unit_1 ( ADD_SUB_LOPD_8bit_37 ) 
              5 LOPD_8bit_UNIT_LSB ( ADD_SUB_LOPD_8bit_38 ) 
           4 MAN_ALU ( ADD_SUB_MAN_ALU_NUM_OP1_SIZE_MAN24_12 ) 
              5 ALU_SUB_UNIT ( ADD_SUB_CLA_24bit_12 ) 
                 6 CLA_BLOCK_GEN[0].CLA_4BIT_UNIT ( ADD_SUB_CLA_4bit_122 ) 
                 6 CLA_BLOCK_GEN[1].CLA_4BIT_UNIT ( ADD_SUB_CLA_4bit_123 ) 
                 6 CLA_BLOCK_GEN[2].CLA_4BIT_UNIT ( ADD_SUB_CLA_4bit_124 ) 
                 6 CLA_BLOCK_GEN[3].CLA_4BIT_UNIT ( ADD_SUB_CLA_4bit_125 ) 
                 6 CLA_BLOCK_GEN[4].CLA_4BIT_UNIT ( ADD_SUB_CLA_4bit_126 ) 
                 6 CLA_BLOCK_GEN[5].CLA_4BIT_UNIT ( ADD_SUB_CLA_4bit_127 ) 
           4 MAN_ALU_PROC_RND ( ADD_SUB_CLS_4bit_12 ) 
           4 MAN_COMP_24BIT ( ADD_SUB_COMP_24bit_SIZE_DATA24_12 ) 
              5 u_i_data_0 ( ADD_SUB_COMP_4bit_98 ) 
              5 u_i_data_1 ( ADD_SUB_COMP_4bit_99 ) 
              5 u_i_data_2 ( ADD_SUB_COMP_4bit_100 ) 
              5 u_i_data_3 ( ADD_SUB_COMP_4bit_101 ) 
              5 u_i_data_4 ( ADD_SUB_COMP_4bit_102 ) 
              5 u_i_data_5 ( ADD_SUB_COMP_4bit_103 ) 
           4 MAN_RND ( ADD_SUB_MAN_rounding_SIZE_MAN32_SIZE_MAN_RESULT24_12 ) 
           4 MAN_SWAP ( ADD_SUB_MAN_swap_SIZE_MAN24_25 ) 
           4 MAN_SWAP_PRE ( ADD_SUB_MAN_swap_SIZE_MAN24_24 ) 
           4 NOR_UNIT ( ADD_SUB_NOR_unit_SIZE_LOPD5_SIZE_DATA32_12 ) 
              5 SHF_left_unit ( ADD_SUB_SHF_left_SIZE_DATA32_SIZE_SHIFT5_12 ) 
           4 PSC_UNIT ( ADD_SUB_PSC_unit_12 ) 
           4 SHF_RIGHT_MAN ( ADD_SUB_SHF_right_SIZE_DATA32_SIZE_SHIFT5_12 ) 
           4 SIGN_UNIT ( ADD_SUB_SIGN_unit_12 ) 
        3 DATA_B_IM ( FPU_add_sub_NUM_OP1_15 ) 
           4 EXP_ADJUST ( ADD_SUB_EXP_adjust_SIZE_EXP8_SIZE_LOPD8_15 ) 
              5 CLA_8BIT_UNIT ( ADD_SUB_CLA_8bit_31 ) 
                 6 CLA_4BIT_UNIT_0 ( ADD_SUB_CLA_4bit_158 ) 
                 6 CLA_4BIT_UNIT_1 ( ADD_SUB_CLA_4bit_159 ) 
           4 EXP_COM_8BIT ( ADD_SUB_EXP_comp_SIZE_DATA8_15 ) 
              5 COMP_LESS_UNIT ( ADD_SUB_COMP_8bit_SIZE_DATA8_15 ) 
                 6 u_high ( ADD_SUB_COMP_4bit_121 ) 
                 6 u_low ( ADD_SUB_COMP_4bit_120 ) 
           4 EXP_RND ( ADD_SUB_EXP_rounding_SIZE_DATA8_15 ) 
           4 EXP_SUB ( ADD_SUB_EXP_sub_SIZE_EXP_SUB8_15 ) 
              5 CLA_8BIT_UNIT ( ADD_SUB_CLA_8bit_30 ) 
                 6 CLA_4BIT_UNIT_0 ( ADD_SUB_CLA_4bit_150 ) 
                 6 CLA_4BIT_UNIT_1 ( ADD_SUB_CLA_4bit_151 ) 
           4 EXP_SWAP ( ADD_SUB_EXP_swap_SIZE_DATA8_15 ) 
           4 LOPD_24BIT ( ADD_SUB_LOPD_24bit_SIZE_DATA24_SIZE_LOPD5_15 ) 
              5 LOPD_16bit_UNIT_MSB ( ADD_SUB_LOPD_16bit_15 ) 
                 6 LOPD_8bit_unit_0 ( ADD_SUB_LOPD_8bit_45 ) 
                 6 LOPD_8bit_unit_1 ( ADD_SUB_LOPD_8bit_46 ) 
              5 LOPD_8bit_UNIT_LSB ( ADD_SUB_LOPD_8bit_47 ) 
           4 MAN_ALU ( ADD_SUB_MAN_ALU_NUM_OP1_SIZE_MAN24_15 ) 
              5 ALU_SUB_UNIT ( ADD_SUB_CLA_24bit_15 ) 
                 6 CLA_BLOCK_GEN[0].CLA_4BIT_UNIT ( ADD_SUB_CLA_4bit_152 ) 
                 6 CLA_BLOCK_GEN[1].CLA_4BIT_UNIT ( ADD_SUB_CLA_4bit_153 ) 
                 6 CLA_BLOCK_GEN[2].CLA_4BIT_UNIT ( ADD_SUB_CLA_4bit_154 ) 
                 6 CLA_BLOCK_GEN[3].CLA_4BIT_UNIT ( ADD_SUB_CLA_4bit_155 ) 
                 6 CLA_BLOCK_GEN[4].CLA_4BIT_UNIT ( ADD_SUB_CLA_4bit_156 ) 
                 6 CLA_BLOCK_GEN[5].CLA_4BIT_UNIT ( ADD_SUB_CLA_4bit_157 ) 
           4 MAN_ALU_PROC_RND ( ADD_SUB_CLS_4bit_15 ) 
           4 MAN_COMP_24BIT ( ADD_SUB_COMP_24bit_SIZE_DATA24_15 ) 
              5 u_i_data_0 ( ADD_SUB_COMP_4bit_122 ) 
              5 u_i_data_1 ( ADD_SUB_COMP_4bit_123 ) 
              5 u_i_data_2 ( ADD_SUB_COMP_4bit_124 ) 
              5 u_i_data_3 ( ADD_SUB_COMP_4bit_125 ) 
              5 u_i_data_4 ( ADD_SUB_COMP_4bit_126 ) 
              5 u_i_data_5 ( ADD_SUB_COMP_4bit_127 ) 
           4 MAN_RND ( ADD_SUB_MAN_rounding_SIZE_MAN32_SIZE_MAN_RESULT24_15 ) 
           4 MAN_SWAP ( ADD_SUB_MAN_swap_SIZE_MAN24_31 ) 
           4 MAN_SWAP_PRE ( ADD_SUB_MAN_swap_SIZE_MAN24_30 ) 
           4 NOR_UNIT ( ADD_SUB_NOR_unit_SIZE_LOPD5_SIZE_DATA32_15 ) 
              5 SHF_left_unit ( ADD_SUB_SHF_left_SIZE_DATA32_SIZE_SHIFT5_15 ) 
           4 PSC_UNIT ( ADD_SUB_PSC_unit_15 ) 
           4 SHF_RIGHT_MAN ( ADD_SUB_SHF_right_SIZE_DATA32_SIZE_SHIFT5_15 ) 
           4 SIGN_UNIT ( ADD_SUB_SIGN_unit_15 ) 
        3 DATA_B_RE ( FPU_add_sub_NUM_OP1_14 ) 
           4 EXP_ADJUST ( ADD_SUB_EXP_adjust_SIZE_EXP8_SIZE_LOPD8_14 ) 
              5 CLA_8BIT_UNIT ( ADD_SUB_CLA_8bit_29 ) 
                 6 CLA_4BIT_UNIT_0 ( ADD_SUB_CLA_4bit_148 ) 
                 6 CLA_4BIT_UNIT_1 ( ADD_SUB_CLA_4bit_149 ) 
           4 EXP_COM_8BIT ( ADD_SUB_EXP_comp_SIZE_DATA8_14 ) 
              5 COMP_LESS_UNIT ( ADD_SUB_COMP_8bit_SIZE_DATA8_14 ) 
                 6 u_high ( ADD_SUB_COMP_4bit_113 ) 
                 6 u_low ( ADD_SUB_COMP_4bit_112 ) 
           4 EXP_RND ( ADD_SUB_EXP_rounding_SIZE_DATA8_14 ) 
           4 EXP_SUB ( ADD_SUB_EXP_sub_SIZE_EXP_SUB8_14 ) 
              5 CLA_8BIT_UNIT ( ADD_SUB_CLA_8bit_28 ) 
                 6 CLA_4BIT_UNIT_0 ( ADD_SUB_CLA_4bit_140 ) 
                 6 CLA_4BIT_UNIT_1 ( ADD_SUB_CLA_4bit_141 ) 
           4 EXP_SWAP ( ADD_SUB_EXP_swap_SIZE_DATA8_14 ) 
           4 LOPD_24BIT ( ADD_SUB_LOPD_24bit_SIZE_DATA24_SIZE_LOPD5_14 ) 
              5 LOPD_16bit_UNIT_MSB ( ADD_SUB_LOPD_16bit_14 ) 
                 6 LOPD_8bit_unit_0 ( ADD_SUB_LOPD_8bit_42 ) 
                 6 LOPD_8bit_unit_1 ( ADD_SUB_LOPD_8bit_43 ) 
              5 LOPD_8bit_UNIT_LSB ( ADD_SUB_LOPD_8bit_44 ) 
           4 MAN_ALU ( ADD_SUB_MAN_ALU_NUM_OP1_SIZE_MAN24_14 ) 
              5 ALU_SUB_UNIT ( ADD_SUB_CLA_24bit_14 ) 
                 6 CLA_BLOCK_GEN[0].CLA_4BIT_UNIT ( ADD_SUB_CLA_4bit_142 ) 
                 6 CLA_BLOCK_GEN[1].CLA_4BIT_UNIT ( ADD_SUB_CLA_4bit_143 ) 
                 6 CLA_BLOCK_GEN[2].CLA_4BIT_UNIT ( ADD_SUB_CLA_4bit_144 ) 
                 6 CLA_BLOCK_GEN[3].CLA_4BIT_UNIT ( ADD_SUB_CLA_4bit_145 ) 
                 6 CLA_BLOCK_GEN[4].CLA_4BIT_UNIT ( ADD_SUB_CLA_4bit_146 ) 
                 6 CLA_BLOCK_GEN[5].CLA_4BIT_UNIT ( ADD_SUB_CLA_4bit_147 ) 
           4 MAN_ALU_PROC_RND ( ADD_SUB_CLS_4bit_14 ) 
           4 MAN_COMP_24BIT ( ADD_SUB_COMP_24bit_SIZE_DATA24_14 ) 
              5 u_i_data_0 ( ADD_SUB_COMP_4bit_114 ) 
              5 u_i_data_1 ( ADD_SUB_COMP_4bit_115 ) 
              5 u_i_data_2 ( ADD_SUB_COMP_4bit_116 ) 
              5 u_i_data_3 ( ADD_SUB_COMP_4bit_117 ) 
              5 u_i_data_4 ( ADD_SUB_COMP_4bit_118 ) 
              5 u_i_data_5 ( ADD_SUB_COMP_4bit_119 ) 
           4 MAN_RND ( ADD_SUB_MAN_rounding_SIZE_MAN32_SIZE_MAN_RESULT24_14 ) 
           4 MAN_SWAP ( ADD_SUB_MAN_swap_SIZE_MAN24_29 ) 
           4 MAN_SWAP_PRE ( ADD_SUB_MAN_swap_SIZE_MAN24_28 ) 
           4 NOR_UNIT ( ADD_SUB_NOR_unit_SIZE_LOPD5_SIZE_DATA32_14 ) 
              5 SHF_left_unit ( ADD_SUB_SHF_left_SIZE_DATA32_SIZE_SHIFT5_14 ) 
           4 PSC_UNIT ( ADD_SUB_PSC_unit_14 ) 
           4 SHF_RIGHT_MAN ( ADD_SUB_SHF_right_SIZE_DATA32_SIZE_SHIFT5_14 ) 
           4 SIGN_UNIT ( ADD_SUB_SIGN_unit_14 ) 
     2 BFU2_UNIT1 ( BFU_2_SIZE_DATA32_3 ) 
        3 DATA_A_IM ( FPU_add_sub_NUM_OP1_17 ) 
           4 EXP_ADJUST ( ADD_SUB_EXP_adjust_SIZE_EXP8_SIZE_LOPD8_17 ) 
              5 CLA_8BIT_UNIT ( ADD_SUB_CLA_8bit_35 ) 
                 6 CLA_4BIT_UNIT_0 ( ADD_SUB_CLA_4bit_178 ) 
                 6 CLA_4BIT_UNIT_1 ( ADD_SUB_CLA_4bit_179 ) 
           4 EXP_COM_8BIT ( ADD_SUB_EXP_comp_SIZE_DATA8_17 ) 
              5 COMP_LESS_UNIT ( ADD_SUB_COMP_8bit_SIZE_DATA8_17 ) 
                 6 u_high ( ADD_SUB_COMP_4bit_137 ) 
                 6 u_low ( ADD_SUB_COMP_4bit_136 ) 
           4 EXP_RND ( ADD_SUB_EXP_rounding_SIZE_DATA8_17 ) 
           4 EXP_SUB ( ADD_SUB_EXP_sub_SIZE_EXP_SUB8_17 ) 
              5 CLA_8BIT_UNIT ( ADD_SUB_CLA_8bit_34 ) 
                 6 CLA_4BIT_UNIT_0 ( ADD_SUB_CLA_4bit_170 ) 
                 6 CLA_4BIT_UNIT_1 ( ADD_SUB_CLA_4bit_171 ) 
           4 EXP_SWAP ( ADD_SUB_EXP_swap_SIZE_DATA8_17 ) 
           4 LOPD_24BIT ( ADD_SUB_LOPD_24bit_SIZE_DATA24_SIZE_LOPD5_17 ) 
              5 LOPD_16bit_UNIT_MSB ( ADD_SUB_LOPD_16bit_17 ) 
                 6 LOPD_8bit_unit_0 ( ADD_SUB_LOPD_8bit_51 ) 
                 6 LOPD_8bit_unit_1 ( ADD_SUB_LOPD_8bit_52 ) 
              5 LOPD_8bit_UNIT_LSB ( ADD_SUB_LOPD_8bit_53 ) 
           4 MAN_ALU ( ADD_SUB_MAN_ALU_NUM_OP1_SIZE_MAN24_17 ) 
              5 ALU_SUB_UNIT ( ADD_SUB_CLA_24bit_17 ) 
                 6 CLA_BLOCK_GEN[0].CLA_4BIT_UNIT ( ADD_SUB_CLA_4bit_172 ) 
                 6 CLA_BLOCK_GEN[1].CLA_4BIT_UNIT ( ADD_SUB_CLA_4bit_173 ) 
                 6 CLA_BLOCK_GEN[2].CLA_4BIT_UNIT ( ADD_SUB_CLA_4bit_174 ) 
                 6 CLA_BLOCK_GEN[3].CLA_4BIT_UNIT ( ADD_SUB_CLA_4bit_175 ) 
                 6 CLA_BLOCK_GEN[4].CLA_4BIT_UNIT ( ADD_SUB_CLA_4bit_176 ) 
                 6 CLA_BLOCK_GEN[5].CLA_4BIT_UNIT ( ADD_SUB_CLA_4bit_177 ) 
           4 MAN_ALU_PROC_RND ( ADD_SUB_CLS_4bit_17 ) 
           4 MAN_COMP_24BIT ( ADD_SUB_COMP_24bit_SIZE_DATA24_17 ) 
              5 u_i_data_0 ( ADD_SUB_COMP_4bit_138 ) 
              5 u_i_data_1 ( ADD_SUB_COMP_4bit_139 ) 
              5 u_i_data_2 ( ADD_SUB_COMP_4bit_140 ) 
              5 u_i_data_3 ( ADD_SUB_COMP_4bit_141 ) 
              5 u_i_data_4 ( ADD_SUB_COMP_4bit_142 ) 
              5 u_i_data_5 ( ADD_SUB_COMP_4bit_143 ) 
           4 MAN_RND ( ADD_SUB_MAN_rounding_SIZE_MAN32_SIZE_MAN_RESULT24_17 ) 
           4 MAN_SWAP ( ADD_SUB_MAN_swap_SIZE_MAN24_35 ) 
           4 MAN_SWAP_PRE ( ADD_SUB_MAN_swap_SIZE_MAN24_34 ) 
           4 NOR_UNIT ( ADD_SUB_NOR_unit_SIZE_LOPD5_SIZE_DATA32_17 ) 
              5 SHF_left_unit ( ADD_SUB_SHF_left_SIZE_DATA32_SIZE_SHIFT5_17 ) 
           4 PSC_UNIT ( ADD_SUB_PSC_unit_17 ) 
           4 SHF_RIGHT_MAN ( ADD_SUB_SHF_right_SIZE_DATA32_SIZE_SHIFT5_17 ) 
           4 SIGN_UNIT ( ADD_SUB_SIGN_unit_17 ) 
        3 DATA_A_RE ( FPU_add_sub_NUM_OP1_16 ) 
           4 EXP_ADJUST ( ADD_SUB_EXP_adjust_SIZE_EXP8_SIZE_LOPD8_16 ) 
              5 CLA_8BIT_UNIT ( ADD_SUB_CLA_8bit_33 ) 
                 6 CLA_4BIT_UNIT_0 ( ADD_SUB_CLA_4bit_168 ) 
                 6 CLA_4BIT_UNIT_1 ( ADD_SUB_CLA_4bit_169 ) 
           4 EXP_COM_8BIT ( ADD_SUB_EXP_comp_SIZE_DATA8_16 ) 
              5 COMP_LESS_UNIT ( ADD_SUB_COMP_8bit_SIZE_DATA8_16 ) 
                 6 u_high ( ADD_SUB_COMP_4bit_129 ) 
                 6 u_low ( ADD_SUB_COMP_4bit_128 ) 
           4 EXP_RND ( ADD_SUB_EXP_rounding_SIZE_DATA8_16 ) 
           4 EXP_SUB ( ADD_SUB_EXP_sub_SIZE_EXP_SUB8_16 ) 
              5 CLA_8BIT_UNIT ( ADD_SUB_CLA_8bit_32 ) 
                 6 CLA_4BIT_UNIT_0 ( ADD_SUB_CLA_4bit_160 ) 
                 6 CLA_4BIT_UNIT_1 ( ADD_SUB_CLA_4bit_161 ) 
           4 EXP_SWAP ( ADD_SUB_EXP_swap_SIZE_DATA8_16 ) 
           4 LOPD_24BIT ( ADD_SUB_LOPD_24bit_SIZE_DATA24_SIZE_LOPD5_16 ) 
              5 LOPD_16bit_UNIT_MSB ( ADD_SUB_LOPD_16bit_16 ) 
                 6 LOPD_8bit_unit_0 ( ADD_SUB_LOPD_8bit_48 ) 
                 6 LOPD_8bit_unit_1 ( ADD_SUB_LOPD_8bit_49 ) 
              5 LOPD_8bit_UNIT_LSB ( ADD_SUB_LOPD_8bit_50 ) 
           4 MAN_ALU ( ADD_SUB_MAN_ALU_NUM_OP1_SIZE_MAN24_16 ) 
              5 ALU_SUB_UNIT ( ADD_SUB_CLA_24bit_16 ) 
                 6 CLA_BLOCK_GEN[0].CLA_4BIT_UNIT ( ADD_SUB_CLA_4bit_162 ) 
                 6 CLA_BLOCK_GEN[1].CLA_4BIT_UNIT ( ADD_SUB_CLA_4bit_163 ) 
                 6 CLA_BLOCK_GEN[2].CLA_4BIT_UNIT ( ADD_SUB_CLA_4bit_164 ) 
                 6 CLA_BLOCK_GEN[3].CLA_4BIT_UNIT ( ADD_SUB_CLA_4bit_165 ) 
                 6 CLA_BLOCK_GEN[4].CLA_4BIT_UNIT ( ADD_SUB_CLA_4bit_166 ) 
                 6 CLA_BLOCK_GEN[5].CLA_4BIT_UNIT ( ADD_SUB_CLA_4bit_167 ) 
           4 MAN_ALU_PROC_RND ( ADD_SUB_CLS_4bit_16 ) 
           4 MAN_COMP_24BIT ( ADD_SUB_COMP_24bit_SIZE_DATA24_16 ) 
              5 u_i_data_0 ( ADD_SUB_COMP_4bit_130 ) 
              5 u_i_data_1 ( ADD_SUB_COMP_4bit_131 ) 
              5 u_i_data_2 ( ADD_SUB_COMP_4bit_132 ) 
              5 u_i_data_3 ( ADD_SUB_COMP_4bit_133 ) 
              5 u_i_data_4 ( ADD_SUB_COMP_4bit_134 ) 
              5 u_i_data_5 ( ADD_SUB_COMP_4bit_135 ) 
           4 MAN_RND ( ADD_SUB_MAN_rounding_SIZE_MAN32_SIZE_MAN_RESULT24_16 ) 
           4 MAN_SWAP ( ADD_SUB_MAN_swap_SIZE_MAN24_33 ) 
           4 MAN_SWAP_PRE ( ADD_SUB_MAN_swap_SIZE_MAN24_32 ) 
           4 NOR_UNIT ( ADD_SUB_NOR_unit_SIZE_LOPD5_SIZE_DATA32_16 ) 
              5 SHF_left_unit ( ADD_SUB_SHF_left_SIZE_DATA32_SIZE_SHIFT5_16 ) 
           4 PSC_UNIT ( ADD_SUB_PSC_unit_16 ) 
           4 SHF_RIGHT_MAN ( ADD_SUB_SHF_right_SIZE_DATA32_SIZE_SHIFT5_16 ) 
           4 SIGN_UNIT ( ADD_SUB_SIGN_unit_16 ) 
        3 DATA_B_IM ( FPU_add_sub_NUM_OP1_19 ) 
           4 EXP_ADJUST ( ADD_SUB_EXP_adjust_SIZE_EXP8_SIZE_LOPD8_19 ) 
              5 CLA_8BIT_UNIT ( ADD_SUB_CLA_8bit_39 ) 
                 6 CLA_4BIT_UNIT_0 ( ADD_SUB_CLA_4bit_198 ) 
                 6 CLA_4BIT_UNIT_1 ( ADD_SUB_CLA_4bit_199 ) 
           4 EXP_COM_8BIT ( ADD_SUB_EXP_comp_SIZE_DATA8_19 ) 
              5 COMP_LESS_UNIT ( ADD_SUB_COMP_8bit_SIZE_DATA8_19 ) 
                 6 u_high ( ADD_SUB_COMP_4bit_153 ) 
                 6 u_low ( ADD_SUB_COMP_4bit_152 ) 
           4 EXP_RND ( ADD_SUB_EXP_rounding_SIZE_DATA8_19 ) 
           4 EXP_SUB ( ADD_SUB_EXP_sub_SIZE_EXP_SUB8_19 ) 
              5 CLA_8BIT_UNIT ( ADD_SUB_CLA_8bit_38 ) 
                 6 CLA_4BIT_UNIT_0 ( ADD_SUB_CLA_4bit_190 ) 
                 6 CLA_4BIT_UNIT_1 ( ADD_SUB_CLA_4bit_191 ) 
           4 EXP_SWAP ( ADD_SUB_EXP_swap_SIZE_DATA8_19 ) 
           4 LOPD_24BIT ( ADD_SUB_LOPD_24bit_SIZE_DATA24_SIZE_LOPD5_19 ) 
              5 LOPD_16bit_UNIT_MSB ( ADD_SUB_LOPD_16bit_19 ) 
                 6 LOPD_8bit_unit_0 ( ADD_SUB_LOPD_8bit_57 ) 
                 6 LOPD_8bit_unit_1 ( ADD_SUB_LOPD_8bit_58 ) 
              5 LOPD_8bit_UNIT_LSB ( ADD_SUB_LOPD_8bit_59 ) 
           4 MAN_ALU ( ADD_SUB_MAN_ALU_NUM_OP1_SIZE_MAN24_19 ) 
              5 ALU_SUB_UNIT ( ADD_SUB_CLA_24bit_19 ) 
                 6 CLA_BLOCK_GEN[0].CLA_4BIT_UNIT ( ADD_SUB_CLA_4bit_192 ) 
                 6 CLA_BLOCK_GEN[1].CLA_4BIT_UNIT ( ADD_SUB_CLA_4bit_193 ) 
                 6 CLA_BLOCK_GEN[2].CLA_4BIT_UNIT ( ADD_SUB_CLA_4bit_194 ) 
                 6 CLA_BLOCK_GEN[3].CLA_4BIT_UNIT ( ADD_SUB_CLA_4bit_195 ) 
                 6 CLA_BLOCK_GEN[4].CLA_4BIT_UNIT ( ADD_SUB_CLA_4bit_196 ) 
                 6 CLA_BLOCK_GEN[5].CLA_4BIT_UNIT ( ADD_SUB_CLA_4bit_197 ) 
           4 MAN_ALU_PROC_RND ( ADD_SUB_CLS_4bit_19 ) 
           4 MAN_COMP_24BIT ( ADD_SUB_COMP_24bit_SIZE_DATA24_19 ) 
              5 u_i_data_0 ( ADD_SUB_COMP_4bit_154 ) 
              5 u_i_data_1 ( ADD_SUB_COMP_4bit_155 ) 
              5 u_i_data_2 ( ADD_SUB_COMP_4bit_156 ) 
              5 u_i_data_3 ( ADD_SUB_COMP_4bit_157 ) 
              5 u_i_data_4 ( ADD_SUB_COMP_4bit_158 ) 
              5 u_i_data_5 ( ADD_SUB_COMP_4bit_159 ) 
           4 MAN_RND ( ADD_SUB_MAN_rounding_SIZE_MAN32_SIZE_MAN_RESULT24_19 ) 
           4 MAN_SWAP ( ADD_SUB_MAN_swap_SIZE_MAN24_39 ) 
           4 MAN_SWAP_PRE ( ADD_SUB_MAN_swap_SIZE_MAN24_38 ) 
           4 NOR_UNIT ( ADD_SUB_NOR_unit_SIZE_LOPD5_SIZE_DATA32_19 ) 
              5 SHF_left_unit ( ADD_SUB_SHF_left_SIZE_DATA32_SIZE_SHIFT5_19 ) 
           4 PSC_UNIT ( ADD_SUB_PSC_unit_19 ) 
           4 SHF_RIGHT_MAN ( ADD_SUB_SHF_right_SIZE_DATA32_SIZE_SHIFT5_19 ) 
           4 SIGN_UNIT ( ADD_SUB_SIGN_unit_19 ) 
        3 DATA_B_RE ( FPU_add_sub_NUM_OP1_18 ) 
           4 EXP_ADJUST ( ADD_SUB_EXP_adjust_SIZE_EXP8_SIZE_LOPD8_18 ) 
              5 CLA_8BIT_UNIT ( ADD_SUB_CLA_8bit_37 ) 
                 6 CLA_4BIT_UNIT_0 ( ADD_SUB_CLA_4bit_188 ) 
                 6 CLA_4BIT_UNIT_1 ( ADD_SUB_CLA_4bit_189 ) 
           4 EXP_COM_8BIT ( ADD_SUB_EXP_comp_SIZE_DATA8_18 ) 
              5 COMP_LESS_UNIT ( ADD_SUB_COMP_8bit_SIZE_DATA8_18 ) 
                 6 u_high ( ADD_SUB_COMP_4bit_145 ) 
                 6 u_low ( ADD_SUB_COMP_4bit_144 ) 
           4 EXP_RND ( ADD_SUB_EXP_rounding_SIZE_DATA8_18 ) 
           4 EXP_SUB ( ADD_SUB_EXP_sub_SIZE_EXP_SUB8_18 ) 
              5 CLA_8BIT_UNIT ( ADD_SUB_CLA_8bit_36 ) 
                 6 CLA_4BIT_UNIT_0 ( ADD_SUB_CLA_4bit_180 ) 
                 6 CLA_4BIT_UNIT_1 ( ADD_SUB_CLA_4bit_181 ) 
           4 EXP_SWAP ( ADD_SUB_EXP_swap_SIZE_DATA8_18 ) 
           4 LOPD_24BIT ( ADD_SUB_LOPD_24bit_SIZE_DATA24_SIZE_LOPD5_18 ) 
              5 LOPD_16bit_UNIT_MSB ( ADD_SUB_LOPD_16bit_18 ) 
                 6 LOPD_8bit_unit_0 ( ADD_SUB_LOPD_8bit_54 ) 
                 6 LOPD_8bit_unit_1 ( ADD_SUB_LOPD_8bit_55 ) 
              5 LOPD_8bit_UNIT_LSB ( ADD_SUB_LOPD_8bit_56 ) 
           4 MAN_ALU ( ADD_SUB_MAN_ALU_NUM_OP1_SIZE_MAN24_18 ) 
              5 ALU_SUB_UNIT ( ADD_SUB_CLA_24bit_18 ) 
                 6 CLA_BLOCK_GEN[0].CLA_4BIT_UNIT ( ADD_SUB_CLA_4bit_182 ) 
                 6 CLA_BLOCK_GEN[1].CLA_4BIT_UNIT ( ADD_SUB_CLA_4bit_183 ) 
                 6 CLA_BLOCK_GEN[2].CLA_4BIT_UNIT ( ADD_SUB_CLA_4bit_184 ) 
                 6 CLA_BLOCK_GEN[3].CLA_4BIT_UNIT ( ADD_SUB_CLA_4bit_185 ) 
                 6 CLA_BLOCK_GEN[4].CLA_4BIT_UNIT ( ADD_SUB_CLA_4bit_186 ) 
                 6 CLA_BLOCK_GEN[5].CLA_4BIT_UNIT ( ADD_SUB_CLA_4bit_187 ) 
           4 MAN_ALU_PROC_RND ( ADD_SUB_CLS_4bit_18 ) 
           4 MAN_COMP_24BIT ( ADD_SUB_COMP_24bit_SIZE_DATA24_18 ) 
              5 u_i_data_0 ( ADD_SUB_COMP_4bit_146 ) 
              5 u_i_data_1 ( ADD_SUB_COMP_4bit_147 ) 
              5 u_i_data_2 ( ADD_SUB_COMP_4bit_148 ) 
              5 u_i_data_3 ( ADD_SUB_COMP_4bit_149 ) 
              5 u_i_data_4 ( ADD_SUB_COMP_4bit_150 ) 
              5 u_i_data_5 ( ADD_SUB_COMP_4bit_151 ) 
           4 MAN_RND ( ADD_SUB_MAN_rounding_SIZE_MAN32_SIZE_MAN_RESULT24_18 ) 
           4 MAN_SWAP ( ADD_SUB_MAN_swap_SIZE_MAN24_37 ) 
           4 MAN_SWAP_PRE ( ADD_SUB_MAN_swap_SIZE_MAN24_36 ) 
           4 NOR_UNIT ( ADD_SUB_NOR_unit_SIZE_LOPD5_SIZE_DATA32_18 ) 
              5 SHF_left_unit ( ADD_SUB_SHF_left_SIZE_DATA32_SIZE_SHIFT5_18 ) 
           4 PSC_UNIT ( ADD_SUB_PSC_unit_18 ) 
           4 SHF_RIGHT_MAN ( ADD_SUB_SHF_right_SIZE_DATA32_SIZE_SHIFT5_18 ) 
           4 SIGN_UNIT ( ADD_SUB_SIGN_unit_18 ) 
     2 BFU2_UNIT2 ( BFU_2_SIZE_DATA32_4 ) 
        3 DATA_A_IM ( FPU_add_sub_NUM_OP1_21 ) 
           4 EXP_ADJUST ( ADD_SUB_EXP_adjust_SIZE_EXP8_SIZE_LOPD8_21 ) 
              5 CLA_8BIT_UNIT ( ADD_SUB_CLA_8bit_43 ) 
                 6 CLA_4BIT_UNIT_0 ( ADD_SUB_CLA_4bit_218 ) 
                 6 CLA_4BIT_UNIT_1 ( ADD_SUB_CLA_4bit_219 ) 
           4 EXP_COM_8BIT ( ADD_SUB_EXP_comp_SIZE_DATA8_21 ) 
              5 COMP_LESS_UNIT ( ADD_SUB_COMP_8bit_SIZE_DATA8_21 ) 
                 6 u_high ( ADD_SUB_COMP_4bit_169 ) 
                 6 u_low ( ADD_SUB_COMP_4bit_168 ) 
           4 EXP_RND ( ADD_SUB_EXP_rounding_SIZE_DATA8_21 ) 
           4 EXP_SUB ( ADD_SUB_EXP_sub_SIZE_EXP_SUB8_21 ) 
              5 CLA_8BIT_UNIT ( ADD_SUB_CLA_8bit_42 ) 
                 6 CLA_4BIT_UNIT_0 ( ADD_SUB_CLA_4bit_210 ) 
                 6 CLA_4BIT_UNIT_1 ( ADD_SUB_CLA_4bit_211 ) 
           4 EXP_SWAP ( ADD_SUB_EXP_swap_SIZE_DATA8_21 ) 
           4 LOPD_24BIT ( ADD_SUB_LOPD_24bit_SIZE_DATA24_SIZE_LOPD5_21 ) 
              5 LOPD_16bit_UNIT_MSB ( ADD_SUB_LOPD_16bit_21 ) 
                 6 LOPD_8bit_unit_0 ( ADD_SUB_LOPD_8bit_63 ) 
                 6 LOPD_8bit_unit_1 ( ADD_SUB_LOPD_8bit_64 ) 
              5 LOPD_8bit_UNIT_LSB ( ADD_SUB_LOPD_8bit_65 ) 
           4 MAN_ALU ( ADD_SUB_MAN_ALU_NUM_OP1_SIZE_MAN24_21 ) 
              5 ALU_SUB_UNIT ( ADD_SUB_CLA_24bit_21 ) 
                 6 CLA_BLOCK_GEN[0].CLA_4BIT_UNIT ( ADD_SUB_CLA_4bit_212 ) 
                 6 CLA_BLOCK_GEN[1].CLA_4BIT_UNIT ( ADD_SUB_CLA_4bit_213 ) 
                 6 CLA_BLOCK_GEN[2].CLA_4BIT_UNIT ( ADD_SUB_CLA_4bit_214 ) 
                 6 CLA_BLOCK_GEN[3].CLA_4BIT_UNIT ( ADD_SUB_CLA_4bit_215 ) 
                 6 CLA_BLOCK_GEN[4].CLA_4BIT_UNIT ( ADD_SUB_CLA_4bit_216 ) 
                 6 CLA_BLOCK_GEN[5].CLA_4BIT_UNIT ( ADD_SUB_CLA_4bit_217 ) 
           4 MAN_ALU_PROC_RND ( ADD_SUB_CLS_4bit_21 ) 
           4 MAN_COMP_24BIT ( ADD_SUB_COMP_24bit_SIZE_DATA24_21 ) 
              5 u_i_data_0 ( ADD_SUB_COMP_4bit_170 ) 
              5 u_i_data_1 ( ADD_SUB_COMP_4bit_171 ) 
              5 u_i_data_2 ( ADD_SUB_COMP_4bit_172 ) 
              5 u_i_data_3 ( ADD_SUB_COMP_4bit_173 ) 
              5 u_i_data_4 ( ADD_SUB_COMP_4bit_174 ) 
              5 u_i_data_5 ( ADD_SUB_COMP_4bit_175 ) 
           4 MAN_RND ( ADD_SUB_MAN_rounding_SIZE_MAN32_SIZE_MAN_RESULT24_21 ) 
           4 MAN_SWAP ( ADD_SUB_MAN_swap_SIZE_MAN24_43 ) 
           4 MAN_SWAP_PRE ( ADD_SUB_MAN_swap_SIZE_MAN24_42 ) 
           4 NOR_UNIT ( ADD_SUB_NOR_unit_SIZE_LOPD5_SIZE_DATA32_21 ) 
              5 SHF_left_unit ( ADD_SUB_SHF_left_SIZE_DATA32_SIZE_SHIFT5_21 ) 
           4 PSC_UNIT ( ADD_SUB_PSC_unit_21 ) 
           4 SHF_RIGHT_MAN ( ADD_SUB_SHF_right_SIZE_DATA32_SIZE_SHIFT5_21 ) 
           4 SIGN_UNIT ( ADD_SUB_SIGN_unit_21 ) 
        3 DATA_A_RE ( FPU_add_sub_NUM_OP1_20 ) 
           4 EXP_ADJUST ( ADD_SUB_EXP_adjust_SIZE_EXP8_SIZE_LOPD8_20 ) 
              5 CLA_8BIT_UNIT ( ADD_SUB_CLA_8bit_41 ) 
                 6 CLA_4BIT_UNIT_0 ( ADD_SUB_CLA_4bit_208 ) 
                 6 CLA_4BIT_UNIT_1 ( ADD_SUB_CLA_4bit_209 ) 
           4 EXP_COM_8BIT ( ADD_SUB_EXP_comp_SIZE_DATA8_20 ) 
              5 COMP_LESS_UNIT ( ADD_SUB_COMP_8bit_SIZE_DATA8_20 ) 
                 6 u_high ( ADD_SUB_COMP_4bit_161 ) 
                 6 u_low ( ADD_SUB_COMP_4bit_160 ) 
           4 EXP_RND ( ADD_SUB_EXP_rounding_SIZE_DATA8_20 ) 
           4 EXP_SUB ( ADD_SUB_EXP_sub_SIZE_EXP_SUB8_20 ) 
              5 CLA_8BIT_UNIT ( ADD_SUB_CLA_8bit_40 ) 
                 6 CLA_4BIT_UNIT_0 ( ADD_SUB_CLA_4bit_200 ) 
                 6 CLA_4BIT_UNIT_1 ( ADD_SUB_CLA_4bit_201 ) 
           4 EXP_SWAP ( ADD_SUB_EXP_swap_SIZE_DATA8_20 ) 
           4 LOPD_24BIT ( ADD_SUB_LOPD_24bit_SIZE_DATA24_SIZE_LOPD5_20 ) 
              5 LOPD_16bit_UNIT_MSB ( ADD_SUB_LOPD_16bit_20 ) 
                 6 LOPD_8bit_unit_0 ( ADD_SUB_LOPD_8bit_60 ) 
                 6 LOPD_8bit_unit_1 ( ADD_SUB_LOPD_8bit_61 ) 
              5 LOPD_8bit_UNIT_LSB ( ADD_SUB_LOPD_8bit_62 ) 
           4 MAN_ALU ( ADD_SUB_MAN_ALU_NUM_OP1_SIZE_MAN24_20 ) 
              5 ALU_SUB_UNIT ( ADD_SUB_CLA_24bit_20 ) 
                 6 CLA_BLOCK_GEN[0].CLA_4BIT_UNIT ( ADD_SUB_CLA_4bit_202 ) 
                 6 CLA_BLOCK_GEN[1].CLA_4BIT_UNIT ( ADD_SUB_CLA_4bit_203 ) 
                 6 CLA_BLOCK_GEN[2].CLA_4BIT_UNIT ( ADD_SUB_CLA_4bit_204 ) 
                 6 CLA_BLOCK_GEN[3].CLA_4BIT_UNIT ( ADD_SUB_CLA_4bit_205 ) 
                 6 CLA_BLOCK_GEN[4].CLA_4BIT_UNIT ( ADD_SUB_CLA_4bit_206 ) 
                 6 CLA_BLOCK_GEN[5].CLA_4BIT_UNIT ( ADD_SUB_CLA_4bit_207 ) 
           4 MAN_ALU_PROC_RND ( ADD_SUB_CLS_4bit_20 ) 
           4 MAN_COMP_24BIT ( ADD_SUB_COMP_24bit_SIZE_DATA24_20 ) 
              5 u_i_data_0 ( ADD_SUB_COMP_4bit_162 ) 
              5 u_i_data_1 ( ADD_SUB_COMP_4bit_163 ) 
              5 u_i_data_2 ( ADD_SUB_COMP_4bit_164 ) 
              5 u_i_data_3 ( ADD_SUB_COMP_4bit_165 ) 
              5 u_i_data_4 ( ADD_SUB_COMP_4bit_166 ) 
              5 u_i_data_5 ( ADD_SUB_COMP_4bit_167 ) 
           4 MAN_RND ( ADD_SUB_MAN_rounding_SIZE_MAN32_SIZE_MAN_RESULT24_20 ) 
           4 MAN_SWAP ( ADD_SUB_MAN_swap_SIZE_MAN24_41 ) 
           4 MAN_SWAP_PRE ( ADD_SUB_MAN_swap_SIZE_MAN24_40 ) 
           4 NOR_UNIT ( ADD_SUB_NOR_unit_SIZE_LOPD5_SIZE_DATA32_20 ) 
              5 SHF_left_unit ( ADD_SUB_SHF_left_SIZE_DATA32_SIZE_SHIFT5_20 ) 
           4 PSC_UNIT ( ADD_SUB_PSC_unit_20 ) 
           4 SHF_RIGHT_MAN ( ADD_SUB_SHF_right_SIZE_DATA32_SIZE_SHIFT5_20 ) 
           4 SIGN_UNIT ( ADD_SUB_SIGN_unit_20 ) 
        3 DATA_B_IM ( FPU_add_sub_NUM_OP1_23 ) 
           4 EXP_ADJUST ( ADD_SUB_EXP_adjust_SIZE_EXP8_SIZE_LOPD8_23 ) 
              5 CLA_8BIT_UNIT ( ADD_SUB_CLA_8bit_47 ) 
                 6 CLA_4BIT_UNIT_0 ( ADD_SUB_CLA_4bit_238 ) 
                 6 CLA_4BIT_UNIT_1 ( ADD_SUB_CLA_4bit_239 ) 
           4 EXP_COM_8BIT ( ADD_SUB_EXP_comp_SIZE_DATA8_23 ) 
              5 COMP_LESS_UNIT ( ADD_SUB_COMP_8bit_SIZE_DATA8_23 ) 
                 6 u_high ( ADD_SUB_COMP_4bit_185 ) 
                 6 u_low ( ADD_SUB_COMP_4bit_184 ) 
           4 EXP_RND ( ADD_SUB_EXP_rounding_SIZE_DATA8_23 ) 
           4 EXP_SUB ( ADD_SUB_EXP_sub_SIZE_EXP_SUB8_23 ) 
              5 CLA_8BIT_UNIT ( ADD_SUB_CLA_8bit_46 ) 
                 6 CLA_4BIT_UNIT_0 ( ADD_SUB_CLA_4bit_230 ) 
                 6 CLA_4BIT_UNIT_1 ( ADD_SUB_CLA_4bit_231 ) 
           4 EXP_SWAP ( ADD_SUB_EXP_swap_SIZE_DATA8_23 ) 
           4 LOPD_24BIT ( ADD_SUB_LOPD_24bit_SIZE_DATA24_SIZE_LOPD5_23 ) 
              5 LOPD_16bit_UNIT_MSB ( ADD_SUB_LOPD_16bit_23 ) 
                 6 LOPD_8bit_unit_0 ( ADD_SUB_LOPD_8bit_69 ) 
                 6 LOPD_8bit_unit_1 ( ADD_SUB_LOPD_8bit_70 ) 
              5 LOPD_8bit_UNIT_LSB ( ADD_SUB_LOPD_8bit_71 ) 
           4 MAN_ALU ( ADD_SUB_MAN_ALU_NUM_OP1_SIZE_MAN24_23 ) 
              5 ALU_SUB_UNIT ( ADD_SUB_CLA_24bit_23 ) 
                 6 CLA_BLOCK_GEN[0].CLA_4BIT_UNIT ( ADD_SUB_CLA_4bit_232 ) 
                 6 CLA_BLOCK_GEN[1].CLA_4BIT_UNIT ( ADD_SUB_CLA_4bit_233 ) 
                 6 CLA_BLOCK_GEN[2].CLA_4BIT_UNIT ( ADD_SUB_CLA_4bit_234 ) 
                 6 CLA_BLOCK_GEN[3].CLA_4BIT_UNIT ( ADD_SUB_CLA_4bit_235 ) 
                 6 CLA_BLOCK_GEN[4].CLA_4BIT_UNIT ( ADD_SUB_CLA_4bit_236 ) 
                 6 CLA_BLOCK_GEN[5].CLA_4BIT_UNIT ( ADD_SUB_CLA_4bit_237 ) 
           4 MAN_ALU_PROC_RND ( ADD_SUB_CLS_4bit_23 ) 
           4 MAN_COMP_24BIT ( ADD_SUB_COMP_24bit_SIZE_DATA24_23 ) 
              5 u_i_data_0 ( ADD_SUB_COMP_4bit_186 ) 
              5 u_i_data_1 ( ADD_SUB_COMP_4bit_187 ) 
              5 u_i_data_2 ( ADD_SUB_COMP_4bit_188 ) 
              5 u_i_data_3 ( ADD_SUB_COMP_4bit_189 ) 
              5 u_i_data_4 ( ADD_SUB_COMP_4bit_190 ) 
              5 u_i_data_5 ( ADD_SUB_COMP_4bit_191 ) 
           4 MAN_RND ( ADD_SUB_MAN_rounding_SIZE_MAN32_SIZE_MAN_RESULT24_23 ) 
           4 MAN_SWAP ( ADD_SUB_MAN_swap_SIZE_MAN24_47 ) 
           4 MAN_SWAP_PRE ( ADD_SUB_MAN_swap_SIZE_MAN24_46 ) 
           4 NOR_UNIT ( ADD_SUB_NOR_unit_SIZE_LOPD5_SIZE_DATA32_23 ) 
              5 SHF_left_unit ( ADD_SUB_SHF_left_SIZE_DATA32_SIZE_SHIFT5_23 ) 
           4 PSC_UNIT ( ADD_SUB_PSC_unit_23 ) 
           4 SHF_RIGHT_MAN ( ADD_SUB_SHF_right_SIZE_DATA32_SIZE_SHIFT5_23 ) 
           4 SIGN_UNIT ( ADD_SUB_SIGN_unit_23 ) 
        3 DATA_B_RE ( FPU_add_sub_NUM_OP1_22 ) 
           4 EXP_ADJUST ( ADD_SUB_EXP_adjust_SIZE_EXP8_SIZE_LOPD8_22 ) 
              5 CLA_8BIT_UNIT ( ADD_SUB_CLA_8bit_45 ) 
                 6 CLA_4BIT_UNIT_0 ( ADD_SUB_CLA_4bit_228 ) 
                 6 CLA_4BIT_UNIT_1 ( ADD_SUB_CLA_4bit_229 ) 
           4 EXP_COM_8BIT ( ADD_SUB_EXP_comp_SIZE_DATA8_22 ) 
              5 COMP_LESS_UNIT ( ADD_SUB_COMP_8bit_SIZE_DATA8_22 ) 
                 6 u_high ( ADD_SUB_COMP_4bit_177 ) 
                 6 u_low ( ADD_SUB_COMP_4bit_176 ) 
           4 EXP_RND ( ADD_SUB_EXP_rounding_SIZE_DATA8_22 ) 
           4 EXP_SUB ( ADD_SUB_EXP_sub_SIZE_EXP_SUB8_22 ) 
              5 CLA_8BIT_UNIT ( ADD_SUB_CLA_8bit_44 ) 
                 6 CLA_4BIT_UNIT_0 ( ADD_SUB_CLA_4bit_220 ) 
                 6 CLA_4BIT_UNIT_1 ( ADD_SUB_CLA_4bit_221 ) 
           4 EXP_SWAP ( ADD_SUB_EXP_swap_SIZE_DATA8_22 ) 
           4 LOPD_24BIT ( ADD_SUB_LOPD_24bit_SIZE_DATA24_SIZE_LOPD5_22 ) 
              5 LOPD_16bit_UNIT_MSB ( ADD_SUB_LOPD_16bit_22 ) 
                 6 LOPD_8bit_unit_0 ( ADD_SUB_LOPD_8bit_66 ) 
                 6 LOPD_8bit_unit_1 ( ADD_SUB_LOPD_8bit_67 ) 
              5 LOPD_8bit_UNIT_LSB ( ADD_SUB_LOPD_8bit_68 ) 
           4 MAN_ALU ( ADD_SUB_MAN_ALU_NUM_OP1_SIZE_MAN24_22 ) 
              5 ALU_SUB_UNIT ( ADD_SUB_CLA_24bit_22 ) 
                 6 CLA_BLOCK_GEN[0].CLA_4BIT_UNIT ( ADD_SUB_CLA_4bit_222 ) 
                 6 CLA_BLOCK_GEN[1].CLA_4BIT_UNIT ( ADD_SUB_CLA_4bit_223 ) 
                 6 CLA_BLOCK_GEN[2].CLA_4BIT_UNIT ( ADD_SUB_CLA_4bit_224 ) 
                 6 CLA_BLOCK_GEN[3].CLA_4BIT_UNIT ( ADD_SUB_CLA_4bit_225 ) 
                 6 CLA_BLOCK_GEN[4].CLA_4BIT_UNIT ( ADD_SUB_CLA_4bit_226 ) 
                 6 CLA_BLOCK_GEN[5].CLA_4BIT_UNIT ( ADD_SUB_CLA_4bit_227 ) 
           4 MAN_ALU_PROC_RND ( ADD_SUB_CLS_4bit_22 ) 
           4 MAN_COMP_24BIT ( ADD_SUB_COMP_24bit_SIZE_DATA24_22 ) 
              5 u_i_data_0 ( ADD_SUB_COMP_4bit_178 ) 
              5 u_i_data_1 ( ADD_SUB_COMP_4bit_179 ) 
              5 u_i_data_2 ( ADD_SUB_COMP_4bit_180 ) 
              5 u_i_data_3 ( ADD_SUB_COMP_4bit_181 ) 
              5 u_i_data_4 ( ADD_SUB_COMP_4bit_182 ) 
              5 u_i_data_5 ( ADD_SUB_COMP_4bit_183 ) 
           4 MAN_RND ( ADD_SUB_MAN_rounding_SIZE_MAN32_SIZE_MAN_RESULT24_22 ) 
           4 MAN_SWAP ( ADD_SUB_MAN_swap_SIZE_MAN24_45 ) 
           4 MAN_SWAP_PRE ( ADD_SUB_MAN_swap_SIZE_MAN24_44 ) 
           4 NOR_UNIT ( ADD_SUB_NOR_unit_SIZE_LOPD5_SIZE_DATA32_22 ) 
              5 SHF_left_unit ( ADD_SUB_SHF_left_SIZE_DATA32_SIZE_SHIFT5_22 ) 
           4 PSC_UNIT ( ADD_SUB_PSC_unit_22 ) 
           4 SHF_RIGHT_MAN ( ADD_SUB_SHF_right_SIZE_DATA32_SIZE_SHIFT5_22 ) 
           4 SIGN_UNIT ( ADD_SUB_SIGN_unit_22 ) 
     2 BFU2_UNIT3 ( BFU_2_SIZE_DATA32_5 ) 
        3 DATA_A_IM ( FPU_add_sub_NUM_OP1_25 ) 
           4 EXP_ADJUST ( ADD_SUB_EXP_adjust_SIZE_EXP8_SIZE_LOPD8_25 ) 
              5 CLA_8BIT_UNIT ( ADD_SUB_CLA_8bit_51 ) 
                 6 CLA_4BIT_UNIT_0 ( ADD_SUB_CLA_4bit_258 ) 
                 6 CLA_4BIT_UNIT_1 ( ADD_SUB_CLA_4bit_259 ) 
           4 EXP_COM_8BIT ( ADD_SUB_EXP_comp_SIZE_DATA8_25 ) 
              5 COMP_LESS_UNIT ( ADD_SUB_COMP_8bit_SIZE_DATA8_25 ) 
                 6 u_high ( ADD_SUB_COMP_4bit_201 ) 
                 6 u_low ( ADD_SUB_COMP_4bit_200 ) 
           4 EXP_RND ( ADD_SUB_EXP_rounding_SIZE_DATA8_25 ) 
           4 EXP_SUB ( ADD_SUB_EXP_sub_SIZE_EXP_SUB8_25 ) 
              5 CLA_8BIT_UNIT ( ADD_SUB_CLA_8bit_50 ) 
                 6 CLA_4BIT_UNIT_0 ( ADD_SUB_CLA_4bit_250 ) 
                 6 CLA_4BIT_UNIT_1 ( ADD_SUB_CLA_4bit_251 ) 
           4 EXP_SWAP ( ADD_SUB_EXP_swap_SIZE_DATA8_25 ) 
           4 LOPD_24BIT ( ADD_SUB_LOPD_24bit_SIZE_DATA24_SIZE_LOPD5_25 ) 
              5 LOPD_16bit_UNIT_MSB ( ADD_SUB_LOPD_16bit_25 ) 
                 6 LOPD_8bit_unit_0 ( ADD_SUB_LOPD_8bit_75 ) 
                 6 LOPD_8bit_unit_1 ( ADD_SUB_LOPD_8bit_76 ) 
              5 LOPD_8bit_UNIT_LSB ( ADD_SUB_LOPD_8bit_77 ) 
           4 MAN_ALU ( ADD_SUB_MAN_ALU_NUM_OP1_SIZE_MAN24_25 ) 
              5 ALU_SUB_UNIT ( ADD_SUB_CLA_24bit_25 ) 
                 6 CLA_BLOCK_GEN[0].CLA_4BIT_UNIT ( ADD_SUB_CLA_4bit_252 ) 
                 6 CLA_BLOCK_GEN[1].CLA_4BIT_UNIT ( ADD_SUB_CLA_4bit_253 ) 
                 6 CLA_BLOCK_GEN[2].CLA_4BIT_UNIT ( ADD_SUB_CLA_4bit_254 ) 
                 6 CLA_BLOCK_GEN[3].CLA_4BIT_UNIT ( ADD_SUB_CLA_4bit_255 ) 
                 6 CLA_BLOCK_GEN[4].CLA_4BIT_UNIT ( ADD_SUB_CLA_4bit_256 ) 
                 6 CLA_BLOCK_GEN[5].CLA_4BIT_UNIT ( ADD_SUB_CLA_4bit_257 ) 
           4 MAN_ALU_PROC_RND ( ADD_SUB_CLS_4bit_25 ) 
           4 MAN_COMP_24BIT ( ADD_SUB_COMP_24bit_SIZE_DATA24_25 ) 
              5 u_i_data_0 ( ADD_SUB_COMP_4bit_202 ) 
              5 u_i_data_1 ( ADD_SUB_COMP_4bit_203 ) 
              5 u_i_data_2 ( ADD_SUB_COMP_4bit_204 ) 
              5 u_i_data_3 ( ADD_SUB_COMP_4bit_205 ) 
              5 u_i_data_4 ( ADD_SUB_COMP_4bit_206 ) 
              5 u_i_data_5 ( ADD_SUB_COMP_4bit_207 ) 
           4 MAN_RND ( ADD_SUB_MAN_rounding_SIZE_MAN32_SIZE_MAN_RESULT24_25 ) 
           4 MAN_SWAP ( ADD_SUB_MAN_swap_SIZE_MAN24_51 ) 
           4 MAN_SWAP_PRE ( ADD_SUB_MAN_swap_SIZE_MAN24_50 ) 
           4 NOR_UNIT ( ADD_SUB_NOR_unit_SIZE_LOPD5_SIZE_DATA32_25 ) 
              5 SHF_left_unit ( ADD_SUB_SHF_left_SIZE_DATA32_SIZE_SHIFT5_25 ) 
           4 PSC_UNIT ( ADD_SUB_PSC_unit_25 ) 
           4 SHF_RIGHT_MAN ( ADD_SUB_SHF_right_SIZE_DATA32_SIZE_SHIFT5_25 ) 
           4 SIGN_UNIT ( ADD_SUB_SIGN_unit_25 ) 
        3 DATA_A_RE ( FPU_add_sub_NUM_OP1_24 ) 
           4 EXP_ADJUST ( ADD_SUB_EXP_adjust_SIZE_EXP8_SIZE_LOPD8_24 ) 
              5 CLA_8BIT_UNIT ( ADD_SUB_CLA_8bit_49 ) 
                 6 CLA_4BIT_UNIT_0 ( ADD_SUB_CLA_4bit_248 ) 
                 6 CLA_4BIT_UNIT_1 ( ADD_SUB_CLA_4bit_249 ) 
           4 EXP_COM_8BIT ( ADD_SUB_EXP_comp_SIZE_DATA8_24 ) 
              5 COMP_LESS_UNIT ( ADD_SUB_COMP_8bit_SIZE_DATA8_24 ) 
                 6 u_high ( ADD_SUB_COMP_4bit_193 ) 
                 6 u_low ( ADD_SUB_COMP_4bit_192 ) 
           4 EXP_RND ( ADD_SUB_EXP_rounding_SIZE_DATA8_24 ) 
           4 EXP_SUB ( ADD_SUB_EXP_sub_SIZE_EXP_SUB8_24 ) 
              5 CLA_8BIT_UNIT ( ADD_SUB_CLA_8bit_48 ) 
                 6 CLA_4BIT_UNIT_0 ( ADD_SUB_CLA_4bit_240 ) 
                 6 CLA_4BIT_UNIT_1 ( ADD_SUB_CLA_4bit_241 ) 
           4 EXP_SWAP ( ADD_SUB_EXP_swap_SIZE_DATA8_24 ) 
           4 LOPD_24BIT ( ADD_SUB_LOPD_24bit_SIZE_DATA24_SIZE_LOPD5_24 ) 
              5 LOPD_16bit_UNIT_MSB ( ADD_SUB_LOPD_16bit_24 ) 
                 6 LOPD_8bit_unit_0 ( ADD_SUB_LOPD_8bit_72 ) 
                 6 LOPD_8bit_unit_1 ( ADD_SUB_LOPD_8bit_73 ) 
              5 LOPD_8bit_UNIT_LSB ( ADD_SUB_LOPD_8bit_74 ) 
           4 MAN_ALU ( ADD_SUB_MAN_ALU_NUM_OP1_SIZE_MAN24_24 ) 
              5 ALU_SUB_UNIT ( ADD_SUB_CLA_24bit_24 ) 
                 6 CLA_BLOCK_GEN[0].CLA_4BIT_UNIT ( ADD_SUB_CLA_4bit_242 ) 
                 6 CLA_BLOCK_GEN[1].CLA_4BIT_UNIT ( ADD_SUB_CLA_4bit_243 ) 
                 6 CLA_BLOCK_GEN[2].CLA_4BIT_UNIT ( ADD_SUB_CLA_4bit_244 ) 
                 6 CLA_BLOCK_GEN[3].CLA_4BIT_UNIT ( ADD_SUB_CLA_4bit_245 ) 
                 6 CLA_BLOCK_GEN[4].CLA_4BIT_UNIT ( ADD_SUB_CLA_4bit_246 ) 
                 6 CLA_BLOCK_GEN[5].CLA_4BIT_UNIT ( ADD_SUB_CLA_4bit_247 ) 
           4 MAN_ALU_PROC_RND ( ADD_SUB_CLS_4bit_24 ) 
           4 MAN_COMP_24BIT ( ADD_SUB_COMP_24bit_SIZE_DATA24_24 ) 
              5 u_i_data_0 ( ADD_SUB_COMP_4bit_194 ) 
              5 u_i_data_1 ( ADD_SUB_COMP_4bit_195 ) 
              5 u_i_data_2 ( ADD_SUB_COMP_4bit_196 ) 
              5 u_i_data_3 ( ADD_SUB_COMP_4bit_197 ) 
              5 u_i_data_4 ( ADD_SUB_COMP_4bit_198 ) 
              5 u_i_data_5 ( ADD_SUB_COMP_4bit_199 ) 
           4 MAN_RND ( ADD_SUB_MAN_rounding_SIZE_MAN32_SIZE_MAN_RESULT24_24 ) 
           4 MAN_SWAP ( ADD_SUB_MAN_swap_SIZE_MAN24_49 ) 
           4 MAN_SWAP_PRE ( ADD_SUB_MAN_swap_SIZE_MAN24_48 ) 
           4 NOR_UNIT ( ADD_SUB_NOR_unit_SIZE_LOPD5_SIZE_DATA32_24 ) 
              5 SHF_left_unit ( ADD_SUB_SHF_left_SIZE_DATA32_SIZE_SHIFT5_24 ) 
           4 PSC_UNIT ( ADD_SUB_PSC_unit_24 ) 
           4 SHF_RIGHT_MAN ( ADD_SUB_SHF_right_SIZE_DATA32_SIZE_SHIFT5_24 ) 
           4 SIGN_UNIT ( ADD_SUB_SIGN_unit_24 ) 
        3 DATA_B_IM ( FPU_add_sub_NUM_OP1_27 ) 
           4 EXP_ADJUST ( ADD_SUB_EXP_adjust_SIZE_EXP8_SIZE_LOPD8_27 ) 
              5 CLA_8BIT_UNIT ( ADD_SUB_CLA_8bit_55 ) 
                 6 CLA_4BIT_UNIT_0 ( ADD_SUB_CLA_4bit_278 ) 
                 6 CLA_4BIT_UNIT_1 ( ADD_SUB_CLA_4bit_279 ) 
           4 EXP_COM_8BIT ( ADD_SUB_EXP_comp_SIZE_DATA8_27 ) 
              5 COMP_LESS_UNIT ( ADD_SUB_COMP_8bit_SIZE_DATA8_27 ) 
                 6 u_high ( ADD_SUB_COMP_4bit_217 ) 
                 6 u_low ( ADD_SUB_COMP_4bit_216 ) 
           4 EXP_RND ( ADD_SUB_EXP_rounding_SIZE_DATA8_27 ) 
           4 EXP_SUB ( ADD_SUB_EXP_sub_SIZE_EXP_SUB8_27 ) 
              5 CLA_8BIT_UNIT ( ADD_SUB_CLA_8bit_54 ) 
                 6 CLA_4BIT_UNIT_0 ( ADD_SUB_CLA_4bit_270 ) 
                 6 CLA_4BIT_UNIT_1 ( ADD_SUB_CLA_4bit_271 ) 
           4 EXP_SWAP ( ADD_SUB_EXP_swap_SIZE_DATA8_27 ) 
           4 LOPD_24BIT ( ADD_SUB_LOPD_24bit_SIZE_DATA24_SIZE_LOPD5_27 ) 
              5 LOPD_16bit_UNIT_MSB ( ADD_SUB_LOPD_16bit_27 ) 
                 6 LOPD_8bit_unit_0 ( ADD_SUB_LOPD_8bit_81 ) 
                 6 LOPD_8bit_unit_1 ( ADD_SUB_LOPD_8bit_82 ) 
              5 LOPD_8bit_UNIT_LSB ( ADD_SUB_LOPD_8bit_83 ) 
           4 MAN_ALU ( ADD_SUB_MAN_ALU_NUM_OP1_SIZE_MAN24_27 ) 
              5 ALU_SUB_UNIT ( ADD_SUB_CLA_24bit_27 ) 
                 6 CLA_BLOCK_GEN[0].CLA_4BIT_UNIT ( ADD_SUB_CLA_4bit_272 ) 
                 6 CLA_BLOCK_GEN[1].CLA_4BIT_UNIT ( ADD_SUB_CLA_4bit_273 ) 
                 6 CLA_BLOCK_GEN[2].CLA_4BIT_UNIT ( ADD_SUB_CLA_4bit_274 ) 
                 6 CLA_BLOCK_GEN[3].CLA_4BIT_UNIT ( ADD_SUB_CLA_4bit_275 ) 
                 6 CLA_BLOCK_GEN[4].CLA_4BIT_UNIT ( ADD_SUB_CLA_4bit_276 ) 
                 6 CLA_BLOCK_GEN[5].CLA_4BIT_UNIT ( ADD_SUB_CLA_4bit_277 ) 
           4 MAN_ALU_PROC_RND ( ADD_SUB_CLS_4bit_27 ) 
           4 MAN_COMP_24BIT ( ADD_SUB_COMP_24bit_SIZE_DATA24_27 ) 
              5 u_i_data_0 ( ADD_SUB_COMP_4bit_218 ) 
              5 u_i_data_1 ( ADD_SUB_COMP_4bit_219 ) 
              5 u_i_data_2 ( ADD_SUB_COMP_4bit_220 ) 
              5 u_i_data_3 ( ADD_SUB_COMP_4bit_221 ) 
              5 u_i_data_4 ( ADD_SUB_COMP_4bit_222 ) 
              5 u_i_data_5 ( ADD_SUB_COMP_4bit_223 ) 
           4 MAN_RND ( ADD_SUB_MAN_rounding_SIZE_MAN32_SIZE_MAN_RESULT24_27 ) 
           4 MAN_SWAP ( ADD_SUB_MAN_swap_SIZE_MAN24_55 ) 
           4 MAN_SWAP_PRE ( ADD_SUB_MAN_swap_SIZE_MAN24_54 ) 
           4 NOR_UNIT ( ADD_SUB_NOR_unit_SIZE_LOPD5_SIZE_DATA32_27 ) 
              5 SHF_left_unit ( ADD_SUB_SHF_left_SIZE_DATA32_SIZE_SHIFT5_27 ) 
           4 PSC_UNIT ( ADD_SUB_PSC_unit_27 ) 
           4 SHF_RIGHT_MAN ( ADD_SUB_SHF_right_SIZE_DATA32_SIZE_SHIFT5_27 ) 
           4 SIGN_UNIT ( ADD_SUB_SIGN_unit_27 ) 
        3 DATA_B_RE ( FPU_add_sub_NUM_OP1_26 ) 
           4 EXP_ADJUST ( ADD_SUB_EXP_adjust_SIZE_EXP8_SIZE_LOPD8_26 ) 
              5 CLA_8BIT_UNIT ( ADD_SUB_CLA_8bit_53 ) 
                 6 CLA_4BIT_UNIT_0 ( ADD_SUB_CLA_4bit_268 ) 
                 6 CLA_4BIT_UNIT_1 ( ADD_SUB_CLA_4bit_269 ) 
           4 EXP_COM_8BIT ( ADD_SUB_EXP_comp_SIZE_DATA8_26 ) 
              5 COMP_LESS_UNIT ( ADD_SUB_COMP_8bit_SIZE_DATA8_26 ) 
                 6 u_high ( ADD_SUB_COMP_4bit_209 ) 
                 6 u_low ( ADD_SUB_COMP_4bit_208 ) 
           4 EXP_RND ( ADD_SUB_EXP_rounding_SIZE_DATA8_26 ) 
           4 EXP_SUB ( ADD_SUB_EXP_sub_SIZE_EXP_SUB8_26 ) 
              5 CLA_8BIT_UNIT ( ADD_SUB_CLA_8bit_52 ) 
                 6 CLA_4BIT_UNIT_0 ( ADD_SUB_CLA_4bit_260 ) 
                 6 CLA_4BIT_UNIT_1 ( ADD_SUB_CLA_4bit_261 ) 
           4 EXP_SWAP ( ADD_SUB_EXP_swap_SIZE_DATA8_26 ) 
           4 LOPD_24BIT ( ADD_SUB_LOPD_24bit_SIZE_DATA24_SIZE_LOPD5_26 ) 
              5 LOPD_16bit_UNIT_MSB ( ADD_SUB_LOPD_16bit_26 ) 
                 6 LOPD_8bit_unit_0 ( ADD_SUB_LOPD_8bit_78 ) 
                 6 LOPD_8bit_unit_1 ( ADD_SUB_LOPD_8bit_79 ) 
              5 LOPD_8bit_UNIT_LSB ( ADD_SUB_LOPD_8bit_80 ) 
           4 MAN_ALU ( ADD_SUB_MAN_ALU_NUM_OP1_SIZE_MAN24_26 ) 
              5 ALU_SUB_UNIT ( ADD_SUB_CLA_24bit_26 ) 
                 6 CLA_BLOCK_GEN[0].CLA_4BIT_UNIT ( ADD_SUB_CLA_4bit_262 ) 
                 6 CLA_BLOCK_GEN[1].CLA_4BIT_UNIT ( ADD_SUB_CLA_4bit_263 ) 
                 6 CLA_BLOCK_GEN[2].CLA_4BIT_UNIT ( ADD_SUB_CLA_4bit_264 ) 
                 6 CLA_BLOCK_GEN[3].CLA_4BIT_UNIT ( ADD_SUB_CLA_4bit_265 ) 
                 6 CLA_BLOCK_GEN[4].CLA_4BIT_UNIT ( ADD_SUB_CLA_4bit_266 ) 
                 6 CLA_BLOCK_GEN[5].CLA_4BIT_UNIT ( ADD_SUB_CLA_4bit_267 ) 
           4 MAN_ALU_PROC_RND ( ADD_SUB_CLS_4bit_26 ) 
           4 MAN_COMP_24BIT ( ADD_SUB_COMP_24bit_SIZE_DATA24_26 ) 
              5 u_i_data_0 ( ADD_SUB_COMP_4bit_210 ) 
              5 u_i_data_1 ( ADD_SUB_COMP_4bit_211 ) 
              5 u_i_data_2 ( ADD_SUB_COMP_4bit_212 ) 
              5 u_i_data_3 ( ADD_SUB_COMP_4bit_213 ) 
              5 u_i_data_4 ( ADD_SUB_COMP_4bit_214 ) 
              5 u_i_data_5 ( ADD_SUB_COMP_4bit_215 ) 
           4 MAN_RND ( ADD_SUB_MAN_rounding_SIZE_MAN32_SIZE_MAN_RESULT24_26 ) 
           4 MAN_SWAP ( ADD_SUB_MAN_swap_SIZE_MAN24_53 ) 
           4 MAN_SWAP_PRE ( ADD_SUB_MAN_swap_SIZE_MAN24_52 ) 
           4 NOR_UNIT ( ADD_SUB_NOR_unit_SIZE_LOPD5_SIZE_DATA32_26 ) 
              5 SHF_left_unit ( ADD_SUB_SHF_left_SIZE_DATA32_SIZE_SHIFT5_26 ) 
           4 PSC_UNIT ( ADD_SUB_PSC_unit_26 ) 
           4 SHF_RIGHT_MAN ( ADD_SUB_SHF_right_SIZE_DATA32_SIZE_SHIFT5_26 ) 
           4 SIGN_UNIT ( ADD_SUB_SIGN_unit_26 ) 
     2 INPUT_DATA_5 ( Complex_Multiplier_SIZE_DATA32 ) 
        3 DATA_A_IM ( FPU_add_sub_NUM_OP1_9 ) 
           4 EXP_ADJUST ( ADD_SUB_EXP_adjust_SIZE_EXP8_SIZE_LOPD8_9 ) 
              5 CLA_8BIT_UNIT ( ADD_SUB_CLA_8bit_19 ) 
                 6 CLA_4BIT_UNIT_0 ( ADD_SUB_CLA_4bit_98 ) 
                 6 CLA_4BIT_UNIT_1 ( ADD_SUB_CLA_4bit_99 ) 
           4 EXP_COM_8BIT ( ADD_SUB_EXP_comp_SIZE_DATA8_9 ) 
              5 COMP_LESS_UNIT ( ADD_SUB_COMP_8bit_SIZE_DATA8_9 ) 
                 6 u_high ( ADD_SUB_COMP_4bit_73 ) 
                 6 u_low ( ADD_SUB_COMP_4bit_72 ) 
           4 EXP_RND ( ADD_SUB_EXP_rounding_SIZE_DATA8_9 ) 
           4 EXP_SUB ( ADD_SUB_EXP_sub_SIZE_EXP_SUB8_9 ) 
              5 CLA_8BIT_UNIT ( ADD_SUB_CLA_8bit_18 ) 
                 6 CLA_4BIT_UNIT_0 ( ADD_SUB_CLA_4bit_90 ) 
                 6 CLA_4BIT_UNIT_1 ( ADD_SUB_CLA_4bit_91 ) 
           4 EXP_SWAP ( ADD_SUB_EXP_swap_SIZE_DATA8_9 ) 
           4 LOPD_24BIT ( ADD_SUB_LOPD_24bit_SIZE_DATA24_SIZE_LOPD5_9 ) 
              5 LOPD_16bit_UNIT_MSB ( ADD_SUB_LOPD_16bit_9 ) 
                 6 LOPD_8bit_unit_0 ( ADD_SUB_LOPD_8bit_27 ) 
                 6 LOPD_8bit_unit_1 ( ADD_SUB_LOPD_8bit_28 ) 
              5 LOPD_8bit_UNIT_LSB ( ADD_SUB_LOPD_8bit_29 ) 
           4 MAN_ALU ( ADD_SUB_MAN_ALU_NUM_OP1_SIZE_MAN24_9 ) 
              5 ALU_SUB_UNIT ( ADD_SUB_CLA_24bit_9 ) 
                 6 CLA_BLOCK_GEN[0].CLA_4BIT_UNIT ( ADD_SUB_CLA_4bit_92 ) 
                 6 CLA_BLOCK_GEN[1].CLA_4BIT_UNIT ( ADD_SUB_CLA_4bit_93 ) 
                 6 CLA_BLOCK_GEN[2].CLA_4BIT_UNIT ( ADD_SUB_CLA_4bit_94 ) 
                 6 CLA_BLOCK_GEN[3].CLA_4BIT_UNIT ( ADD_SUB_CLA_4bit_95 ) 
                 6 CLA_BLOCK_GEN[4].CLA_4BIT_UNIT ( ADD_SUB_CLA_4bit_96 ) 
                 6 CLA_BLOCK_GEN[5].CLA_4BIT_UNIT ( ADD_SUB_CLA_4bit_97 ) 
           4 MAN_ALU_PROC_RND ( ADD_SUB_CLS_4bit_9 ) 
           4 MAN_COMP_24BIT ( ADD_SUB_COMP_24bit_SIZE_DATA24_9 ) 
              5 u_i_data_0 ( ADD_SUB_COMP_4bit_74 ) 
              5 u_i_data_1 ( ADD_SUB_COMP_4bit_75 ) 
              5 u_i_data_2 ( ADD_SUB_COMP_4bit_76 ) 
              5 u_i_data_3 ( ADD_SUB_COMP_4bit_77 ) 
              5 u_i_data_4 ( ADD_SUB_COMP_4bit_78 ) 
              5 u_i_data_5 ( ADD_SUB_COMP_4bit_79 ) 
           4 MAN_RND ( ADD_SUB_MAN_rounding_SIZE_MAN32_SIZE_MAN_RESULT24_9 ) 
           4 MAN_SWAP ( ADD_SUB_MAN_swap_SIZE_MAN24_19 ) 
           4 MAN_SWAP_PRE ( ADD_SUB_MAN_swap_SIZE_MAN24_18 ) 
           4 NOR_UNIT ( ADD_SUB_NOR_unit_SIZE_LOPD5_SIZE_DATA32_9 ) 
              5 SHF_left_unit ( ADD_SUB_SHF_left_SIZE_DATA32_SIZE_SHIFT5_9 ) 
           4 PSC_UNIT ( ADD_SUB_PSC_unit_9 ) 
           4 SHF_RIGHT_MAN ( ADD_SUB_SHF_right_SIZE_DATA32_SIZE_SHIFT5_9 ) 
           4 SIGN_UNIT ( ADD_SUB_SIGN_unit_9 ) 
        3 DATA_A_RE ( FPU_add_sub_NUM_OP1_8 ) 
           4 EXP_ADJUST ( ADD_SUB_EXP_adjust_SIZE_EXP8_SIZE_LOPD8_8 ) 
              5 CLA_8BIT_UNIT ( ADD_SUB_CLA_8bit_17 ) 
                 6 CLA_4BIT_UNIT_0 ( ADD_SUB_CLA_4bit_88 ) 
                 6 CLA_4BIT_UNIT_1 ( ADD_SUB_CLA_4bit_89 ) 
           4 EXP_COM_8BIT ( ADD_SUB_EXP_comp_SIZE_DATA8_8 ) 
              5 COMP_LESS_UNIT ( ADD_SUB_COMP_8bit_SIZE_DATA8_8 ) 
                 6 u_high ( ADD_SUB_COMP_4bit_65 ) 
                 6 u_low ( ADD_SUB_COMP_4bit_64 ) 
           4 EXP_RND ( ADD_SUB_EXP_rounding_SIZE_DATA8_8 ) 
           4 EXP_SUB ( ADD_SUB_EXP_sub_SIZE_EXP_SUB8_8 ) 
              5 CLA_8BIT_UNIT ( ADD_SUB_CLA_8bit_16 ) 
                 6 CLA_4BIT_UNIT_0 ( ADD_SUB_CLA_4bit_80 ) 
                 6 CLA_4BIT_UNIT_1 ( ADD_SUB_CLA_4bit_81 ) 
           4 EXP_SWAP ( ADD_SUB_EXP_swap_SIZE_DATA8_8 ) 
           4 LOPD_24BIT ( ADD_SUB_LOPD_24bit_SIZE_DATA24_SIZE_LOPD5_8 ) 
              5 LOPD_16bit_UNIT_MSB ( ADD_SUB_LOPD_16bit_8 ) 
                 6 LOPD_8bit_unit_0 ( ADD_SUB_LOPD_8bit_24 ) 
                 6 LOPD_8bit_unit_1 ( ADD_SUB_LOPD_8bit_25 ) 
              5 LOPD_8bit_UNIT_LSB ( ADD_SUB_LOPD_8bit_26 ) 
           4 MAN_ALU ( ADD_SUB_MAN_ALU_NUM_OP1_SIZE_MAN24_8 ) 
              5 ALU_SUB_UNIT ( ADD_SUB_CLA_24bit_8 ) 
                 6 CLA_BLOCK_GEN[0].CLA_4BIT_UNIT ( ADD_SUB_CLA_4bit_82 ) 
                 6 CLA_BLOCK_GEN[1].CLA_4BIT_UNIT ( ADD_SUB_CLA_4bit_83 ) 
                 6 CLA_BLOCK_GEN[2].CLA_4BIT_UNIT ( ADD_SUB_CLA_4bit_84 ) 
                 6 CLA_BLOCK_GEN[3].CLA_4BIT_UNIT ( ADD_SUB_CLA_4bit_85 ) 
                 6 CLA_BLOCK_GEN[4].CLA_4BIT_UNIT ( ADD_SUB_CLA_4bit_86 ) 
                 6 CLA_BLOCK_GEN[5].CLA_4BIT_UNIT ( ADD_SUB_CLA_4bit_87 ) 
           4 MAN_ALU_PROC_RND ( ADD_SUB_CLS_4bit_8 ) 
           4 MAN_COMP_24BIT ( ADD_SUB_COMP_24bit_SIZE_DATA24_8 ) 
              5 u_i_data_0 ( ADD_SUB_COMP_4bit_66 ) 
              5 u_i_data_1 ( ADD_SUB_COMP_4bit_67 ) 
              5 u_i_data_2 ( ADD_SUB_COMP_4bit_68 ) 
              5 u_i_data_3 ( ADD_SUB_COMP_4bit_69 ) 
              5 u_i_data_4 ( ADD_SUB_COMP_4bit_70 ) 
              5 u_i_data_5 ( ADD_SUB_COMP_4bit_71 ) 
           4 MAN_RND ( ADD_SUB_MAN_rounding_SIZE_MAN32_SIZE_MAN_RESULT24_8 ) 
           4 MAN_SWAP ( ADD_SUB_MAN_swap_SIZE_MAN24_17 ) 
           4 MAN_SWAP_PRE ( ADD_SUB_MAN_swap_SIZE_MAN24_16 ) 
           4 NOR_UNIT ( ADD_SUB_NOR_unit_SIZE_LOPD5_SIZE_DATA32_8 ) 
              5 SHF_left_unit ( ADD_SUB_SHF_left_SIZE_DATA32_SIZE_SHIFT5_8 ) 
           4 PSC_UNIT ( ADD_SUB_PSC_unit_8 ) 
           4 SHF_RIGHT_MAN ( ADD_SUB_SHF_right_SIZE_DATA32_SIZE_SHIFT5_8 ) 
           4 SIGN_UNIT ( ADD_SUB_SIGN_unit_8 ) 
        3 mul1_add ( fpu_mul_SIZE_DATA32 ) 
           4 EXP_ROUNDING_UNIT ( MUL_EXP_rounding_SIZE_DATA8 ) 
           4 LOPD_UNIT ( MUL_LOPD_24bit_SIZE_DATA24_SIZE_LOPD5 ) 
              5 LOPD_16bit_UNIT_MSB ( MUL_LOPD_16bit ) 
                 6 LOPD_8bit_unit_0 ( MUL_LOPD_8bit ) 
                 6 LOPD_8bit_unit_1 ( MUL_LOPD_8bit_1 ) 
              5 LOPD_8bit_UNIT_LSB ( MUL_LOPD_8bit_2 ) 
           4 MAN_MUL_UNIT ( MUL_MAN_mul_SIZE_DATA24 ) 
              5 MUL_UNIT_MAN_UNIT ( Multiplier_SIZE_DATA24 ) 
                 6 csa_tree_add_108_35_groupi ( csa_tree_add_108_35_group_692_693_3 ) 
                 6 m1 ( array_multiplier ) 
                    7 csa_tree_add_74_27_groupi ( csa_tree_add_74_27_group_684_685_3 ) 
                    7 m1 ( vedic8x8 ) 
                       8 csa_tree_add_46_27_groupi ( csa_tree_add_46_27_group_388_389_8 ) 
                       8 m1 ( vedic4x4 ) 
                          9 m1 ( vedic2x2 ) 
                          9 m2 ( vedic2x2_1 ) 
                       8 m2 ( vedic4x4_1 ) 
                          9 m1 ( vedic2x2_4 ) 
                          9 m2 ( vedic2x2_5 ) 
                       8 m3 ( vedic4x4_2 ) 
                          9 m1 ( vedic2x2_8 ) 
                          9 m2 ( vedic2x2_9 ) 
                       8 m4 ( vedic4x4_3 ) 
                          9 m1 ( vedic2x2_12 ) 
                          9 m2 ( vedic2x2_13 ) 
                    7 m2 ( vedic8x8_1 ) 
                       8 csa_tree_add_46_27_groupi ( csa_tree_add_46_27_group_388_389_5435 ) 
                       8 m1 ( vedic4x4_4 ) 
                          9 m1 ( vedic2x2_16 ) 
                          9 m2 ( vedic2x2_17 ) 
                       8 m2 ( vedic4x4_5 ) 
                          9 m1 ( vedic2x2_20 ) 
                          9 m2 ( vedic2x2_21 ) 
                       8 m3 ( vedic4x4_6 ) 
                          9 m1 ( vedic2x2_24 ) 
                          9 m2 ( vedic2x2_25 ) 
                       8 m4 ( vedic4x4_7 ) 
                          9 m1 ( vedic2x2_28 ) 
                          9 m2 ( vedic2x2_29 ) 
                 6 m2 ( vedic16x8 ) 
                    7 m1 ( vedic8x8_4 ) 
                       8 csa_tree_add_46_27_groupi ( csa_tree_add_46_27_group_388_389_12 ) 
                       8 m1 ( vedic4x4_16 ) 
                       8 m2 ( vedic4x4_17 ) 
                       8 m3 ( vedic4x4_18 ) 
                          9 m1 ( vedic2x2_72 ) 
                          9 m2 ( vedic2x2_73 ) 
                       8 m4 ( vedic4x4_19 ) 
                          9 m1 ( vedic2x2_76 ) 
                          9 m2 ( vedic2x2_77 ) 
                    7 m2 ( vedic8x8_5 ) 
                       8 csa_tree_add_46_27_groupi ( csa_tree_add_46_27_group_388_389_13 ) 
                       8 m1 ( vedic4x4_20 ) 
                       8 m2 ( vedic4x4_21 ) 
                       8 m3 ( vedic4x4_22 ) 
                          9 m1 ( vedic2x2_88 ) 
                          9 m2 ( vedic2x2_89 ) 
                       8 m4 ( vedic4x4_23 ) 
                          9 m1 ( vedic2x2_92 ) 
                          9 m2 ( vedic2x2_93 ) 
                 6 m3 ( vedic16x8_1 ) 
                    7 m1 ( vedic8x8_6 ) 
                       8 csa_tree_add_46_27_groupi ( csa_tree_add_46_27_group_388_389_5_5438 ) 
                       8 m1 ( vedic4x4_24 ) 
                          9 m1 ( vedic2x2_96 ) 
                          9 m3 ( vedic2x2_98 ) 
                       8 m2 ( vedic4x4_25 ) 
                          9 m1 ( vedic2x2_100 ) 
                          9 m3 ( vedic2x2_102 ) 
                       8 m3 ( vedic4x4_26 ) 
                          9 m1 ( vedic2x2_104 ) 
                       8 m4 ( vedic4x4_27 ) 
                          9 m1 ( vedic2x2_108 ) 
                 6 m4 ( vedic8x8_8 ) 
                    7 csa_tree_add_46_27_groupi ( csa_tree_add_46_27_group_388_389_34_5442 ) 
                    7 m1 ( vedic4x4_32 ) 
                    7 m2 ( vedic4x4_33 ) 
                    7 m3 ( vedic4x4_34 ) 
                       8 m1 ( vedic2x2_136 ) 
                       8 m2 ( vedic2x2_137 ) 
                    7 m4 ( vedic4x4_35 ) 
                       8 m1 ( vedic2x2_140 ) 
           4 MAN_ROUNDING_UNIT ( MUL_MAN_rounding_SIZE_MAN24 ) 
           4 MUL_EXP_ADJUST_UNIT ( MUL_EXP_adjust_SIZE_DATA8_SIZE_LOPD8 ) 
              5 CLA_8BIT_UNIT ( MUL_CLA_8bit ) 
                 6 CLA_4BIT_UNIT_0 ( MUL_CLA_4bit ) 
                 6 CLA_4BIT_UNIT_1 ( MUL_CLA_4bit_1 ) 
           4 MUL_EXP_UNIT ( MUL_EXP_unit_SIZE_EXP8 ) 
           4 NOR_UNIT ( MUL_NOR_unit_SIZE_LOPD5_SIZE_DATA24 ) 
              5 SHF_left_unit ( MUL_SHF_left_SIZE_DATA32_SIZE_SHIFT5 ) 
           4 PSC_UNIT ( MUL_PSC_unit_SIZE_EXP8_SIZE_MAN24 ) 
        3 mul1_sub ( fpu_mul_SIZE_DATA32_1 ) 
           4 EXP_ROUNDING_UNIT ( MUL_EXP_rounding_SIZE_DATA8_1 ) 
           4 LOPD_UNIT ( MUL_LOPD_24bit_SIZE_DATA24_SIZE_LOPD5_1 ) 
              5 LOPD_16bit_UNIT_MSB ( MUL_LOPD_16bit_1 ) 
                 6 LOPD_8bit_unit_0 ( MUL_LOPD_8bit_3 ) 
                 6 LOPD_8bit_unit_1 ( MUL_LOPD_8bit_4 ) 
              5 LOPD_8bit_UNIT_LSB ( MUL_LOPD_8bit_5 ) 
           4 MAN_MUL_UNIT ( MUL_MAN_mul_SIZE_DATA24_1 ) 
              5 MUL_UNIT_MAN_UNIT ( Multiplier_SIZE_DATA24_1 ) 
                 6 csa_tree_add_108_35_groupi ( csa_tree_add_108_35_group_692_693 ) 
                 6 m1 ( array_multiplier_1 ) 
                    7 csa_tree_add_74_27_groupi ( csa_tree_add_74_27_group_684_685 ) 
                    7 m1 ( vedic8x8_9 ) 
                       8 csa_tree_add_46_27_groupi ( csa_tree_add_46_27_group_388_389_8_5447 ) 
                       8 m1 ( vedic4x4_36 ) 
                          9 m1 ( vedic2x2_144 ) 
                          9 m2 ( vedic2x2_145 ) 
                       8 m2 ( vedic4x4_37 ) 
                          9 m1 ( vedic2x2_148 ) 
                          9 m2 ( vedic2x2_149 ) 
                       8 m3 ( vedic4x4_38 ) 
                          9 m1 ( vedic2x2_152 ) 
                          9 m2 ( vedic2x2_153 ) 
                       8 m4 ( vedic4x4_39 ) 
                          9 m1 ( vedic2x2_156 ) 
                          9 m2 ( vedic2x2_157 ) 
                    7 m2 ( vedic8x8_10 ) 
                       8 csa_tree_add_46_27_groupi ( csa_tree_add_46_27_group_388_389_5436 ) 
                       8 m1 ( vedic4x4_40 ) 
                          9 m1 ( vedic2x2_160 ) 
                          9 m2 ( vedic2x2_161 ) 
                       8 m2 ( vedic4x4_41 ) 
                          9 m1 ( vedic2x2_164 ) 
                          9 m2 ( vedic2x2_165 ) 
                       8 m3 ( vedic4x4_42 ) 
                          9 m1 ( vedic2x2_168 ) 
                          9 m2 ( vedic2x2_169 ) 
                       8 m4 ( vedic4x4_43 ) 
                          9 m1 ( vedic2x2_172 ) 
                          9 m2 ( vedic2x2_173 ) 
                 6 m2 ( vedic16x8_2 ) 
                    7 m1 ( vedic8x8_13 ) 
                       8 csa_tree_add_46_27_groupi ( csa_tree_add_46_27_group_388_389_12_5450 ) 
                       8 m1 ( vedic4x4_52 ) 
                       8 m2 ( vedic4x4_53 ) 
                       8 m3 ( vedic4x4_54 ) 
                          9 m1 ( vedic2x2_216 ) 
                          9 m2 ( vedic2x2_217 ) 
                       8 m4 ( vedic4x4_55 ) 
                          9 m1 ( vedic2x2_220 ) 
                          9 m2 ( vedic2x2_221 ) 
                    7 m2 ( vedic8x8_14 ) 
                       8 csa_tree_add_46_27_groupi ( csa_tree_add_46_27_group_388_389_13_5444 ) 
                       8 m1 ( vedic4x4_56 ) 
                       8 m2 ( vedic4x4_57 ) 
                       8 m3 ( vedic4x4_58 ) 
                          9 m1 ( vedic2x2_232 ) 
                          9 m2 ( vedic2x2_233 ) 
                       8 m4 ( vedic4x4_59 ) 
                          9 m1 ( vedic2x2_236 ) 
                          9 m2 ( vedic2x2_237 ) 
                 6 m3 ( vedic16x8_3 ) 
                    7 m1 ( vedic8x8_15 ) 
                       8 csa_tree_add_46_27_groupi ( csa_tree_add_46_27_group_388_389_5 ) 
                       8 m1 ( vedic4x4_60 ) 
                          9 m1 ( vedic2x2_240 ) 
                          9 m3 ( vedic2x2_242 ) 
                       8 m2 ( vedic4x4_61 ) 
                          9 m1 ( vedic2x2_244 ) 
                          9 m3 ( vedic2x2_246 ) 
                       8 m3 ( vedic4x4_62 ) 
                          9 m1 ( vedic2x2_248 ) 
                       8 m4 ( vedic4x4_63 ) 
                          9 m1 ( vedic2x2_252 ) 
                 6 m4 ( vedic8x8_17 ) 
                    7 csa_tree_add_46_27_groupi ( csa_tree_add_46_27_group_388_389_34_5443 ) 
                    7 m1 ( vedic4x4_68 ) 
                    7 m2 ( vedic4x4_69 ) 
                    7 m3 ( vedic4x4_70 ) 
                       8 m1 ( vedic2x2_280 ) 
                       8 m2 ( vedic2x2_281 ) 
                    7 m4 ( vedic4x4_71 ) 
                       8 m1 ( vedic2x2_284 ) 
           4 MAN_ROUNDING_UNIT ( MUL_MAN_rounding_SIZE_MAN24_1 ) 
           4 MUL_EXP_ADJUST_UNIT ( MUL_EXP_adjust_SIZE_DATA8_SIZE_LOPD8_1 ) 
              5 CLA_8BIT_UNIT ( MUL_CLA_8bit_1 ) 
                 6 CLA_4BIT_UNIT_0 ( MUL_CLA_4bit_2 ) 
                 6 CLA_4BIT_UNIT_1 ( MUL_CLA_4bit_3 ) 
           4 MUL_EXP_UNIT ( MUL_EXP_unit_SIZE_EXP8_1 ) 
           4 NOR_UNIT ( MUL_NOR_unit_SIZE_LOPD5_SIZE_DATA24_1 ) 
              5 SHF_left_unit ( MUL_SHF_left_SIZE_DATA32_SIZE_SHIFT5_1 ) 
           4 PSC_UNIT ( MUL_PSC_unit_SIZE_EXP8_SIZE_MAN24_1 ) 
     2 INPUT_DATA_7 ( Complex_Multiplier_SIZE_DATA32_1 ) 
        3 DATA_A_IM ( FPU_add_sub_NUM_OP1_11 ) 
           4 EXP_ADJUST ( ADD_SUB_EXP_adjust_SIZE_EXP8_SIZE_LOPD8_11 ) 
              5 CLA_8BIT_UNIT ( ADD_SUB_CLA_8bit_23 ) 
                 6 CLA_4BIT_UNIT_0 ( ADD_SUB_CLA_4bit_118 ) 
                 6 CLA_4BIT_UNIT_1 ( ADD_SUB_CLA_4bit_119 ) 
           4 EXP_COM_8BIT ( ADD_SUB_EXP_comp_SIZE_DATA8_11 ) 
              5 COMP_LESS_UNIT ( ADD_SUB_COMP_8bit_SIZE_DATA8_11 ) 
                 6 u_high ( ADD_SUB_COMP_4bit_89 ) 
                 6 u_low ( ADD_SUB_COMP_4bit_88 ) 
           4 EXP_RND ( ADD_SUB_EXP_rounding_SIZE_DATA8_11 ) 
           4 EXP_SUB ( ADD_SUB_EXP_sub_SIZE_EXP_SUB8_11 ) 
              5 CLA_8BIT_UNIT ( ADD_SUB_CLA_8bit_22 ) 
                 6 CLA_4BIT_UNIT_0 ( ADD_SUB_CLA_4bit_110 ) 
                 6 CLA_4BIT_UNIT_1 ( ADD_SUB_CLA_4bit_111 ) 
           4 EXP_SWAP ( ADD_SUB_EXP_swap_SIZE_DATA8_11 ) 
           4 LOPD_24BIT ( ADD_SUB_LOPD_24bit_SIZE_DATA24_SIZE_LOPD5_11 ) 
              5 LOPD_16bit_UNIT_MSB ( ADD_SUB_LOPD_16bit_11 ) 
                 6 LOPD_8bit_unit_0 ( ADD_SUB_LOPD_8bit_33 ) 
                 6 LOPD_8bit_unit_1 ( ADD_SUB_LOPD_8bit_34 ) 
              5 LOPD_8bit_UNIT_LSB ( ADD_SUB_LOPD_8bit_35 ) 
           4 MAN_ALU ( ADD_SUB_MAN_ALU_NUM_OP1_SIZE_MAN24_11 ) 
              5 ALU_SUB_UNIT ( ADD_SUB_CLA_24bit_11 ) 
                 6 CLA_BLOCK_GEN[0].CLA_4BIT_UNIT ( ADD_SUB_CLA_4bit_112 ) 
                 6 CLA_BLOCK_GEN[1].CLA_4BIT_UNIT ( ADD_SUB_CLA_4bit_113 ) 
                 6 CLA_BLOCK_GEN[2].CLA_4BIT_UNIT ( ADD_SUB_CLA_4bit_114 ) 
                 6 CLA_BLOCK_GEN[3].CLA_4BIT_UNIT ( ADD_SUB_CLA_4bit_115 ) 
                 6 CLA_BLOCK_GEN[4].CLA_4BIT_UNIT ( ADD_SUB_CLA_4bit_116 ) 
                 6 CLA_BLOCK_GEN[5].CLA_4BIT_UNIT ( ADD_SUB_CLA_4bit_117 ) 
           4 MAN_ALU_PROC_RND ( ADD_SUB_CLS_4bit_11 ) 
           4 MAN_COMP_24BIT ( ADD_SUB_COMP_24bit_SIZE_DATA24_11 ) 
              5 u_i_data_0 ( ADD_SUB_COMP_4bit_90 ) 
              5 u_i_data_1 ( ADD_SUB_COMP_4bit_91 ) 
              5 u_i_data_2 ( ADD_SUB_COMP_4bit_92 ) 
              5 u_i_data_3 ( ADD_SUB_COMP_4bit_93 ) 
              5 u_i_data_4 ( ADD_SUB_COMP_4bit_94 ) 
              5 u_i_data_5 ( ADD_SUB_COMP_4bit_95 ) 
           4 MAN_RND ( ADD_SUB_MAN_rounding_SIZE_MAN32_SIZE_MAN_RESULT24_11 ) 
           4 MAN_SWAP ( ADD_SUB_MAN_swap_SIZE_MAN24_23 ) 
           4 MAN_SWAP_PRE ( ADD_SUB_MAN_swap_SIZE_MAN24_22 ) 
           4 NOR_UNIT ( ADD_SUB_NOR_unit_SIZE_LOPD5_SIZE_DATA32_11 ) 
              5 SHF_left_unit ( ADD_SUB_SHF_left_SIZE_DATA32_SIZE_SHIFT5_11 ) 
           4 PSC_UNIT ( ADD_SUB_PSC_unit_11 ) 
           4 SHF_RIGHT_MAN ( ADD_SUB_SHF_right_SIZE_DATA32_SIZE_SHIFT5_11 ) 
           4 SIGN_UNIT ( ADD_SUB_SIGN_unit_11 ) 
        3 DATA_A_RE ( FPU_add_sub_NUM_OP1_10 ) 
           4 EXP_ADJUST ( ADD_SUB_EXP_adjust_SIZE_EXP8_SIZE_LOPD8_10 ) 
              5 CLA_8BIT_UNIT ( ADD_SUB_CLA_8bit_21 ) 
                 6 CLA_4BIT_UNIT_0 ( ADD_SUB_CLA_4bit_108 ) 
                 6 CLA_4BIT_UNIT_1 ( ADD_SUB_CLA_4bit_109 ) 
           4 EXP_COM_8BIT ( ADD_SUB_EXP_comp_SIZE_DATA8_10 ) 
              5 COMP_LESS_UNIT ( ADD_SUB_COMP_8bit_SIZE_DATA8_10 ) 
                 6 u_high ( ADD_SUB_COMP_4bit_81 ) 
                 6 u_low ( ADD_SUB_COMP_4bit_80 ) 
           4 EXP_RND ( ADD_SUB_EXP_rounding_SIZE_DATA8_10 ) 
           4 EXP_SUB ( ADD_SUB_EXP_sub_SIZE_EXP_SUB8_10 ) 
              5 CLA_8BIT_UNIT ( ADD_SUB_CLA_8bit_20 ) 
                 6 CLA_4BIT_UNIT_0 ( ADD_SUB_CLA_4bit_100 ) 
                 6 CLA_4BIT_UNIT_1 ( ADD_SUB_CLA_4bit_101 ) 
           4 EXP_SWAP ( ADD_SUB_EXP_swap_SIZE_DATA8_10 ) 
           4 LOPD_24BIT ( ADD_SUB_LOPD_24bit_SIZE_DATA24_SIZE_LOPD5_10 ) 
              5 LOPD_16bit_UNIT_MSB ( ADD_SUB_LOPD_16bit_10 ) 
                 6 LOPD_8bit_unit_0 ( ADD_SUB_LOPD_8bit_30 ) 
                 6 LOPD_8bit_unit_1 ( ADD_SUB_LOPD_8bit_31 ) 
              5 LOPD_8bit_UNIT_LSB ( ADD_SUB_LOPD_8bit_32 ) 
           4 MAN_ALU ( ADD_SUB_MAN_ALU_NUM_OP1_SIZE_MAN24_10 ) 
              5 ALU_SUB_UNIT ( ADD_SUB_CLA_24bit_10 ) 
                 6 CLA_BLOCK_GEN[0].CLA_4BIT_UNIT ( ADD_SUB_CLA_4bit_102 ) 
                 6 CLA_BLOCK_GEN[1].CLA_4BIT_UNIT ( ADD_SUB_CLA_4bit_103 ) 
                 6 CLA_BLOCK_GEN[2].CLA_4BIT_UNIT ( ADD_SUB_CLA_4bit_104 ) 
                 6 CLA_BLOCK_GEN[3].CLA_4BIT_UNIT ( ADD_SUB_CLA_4bit_105 ) 
                 6 CLA_BLOCK_GEN[4].CLA_4BIT_UNIT ( ADD_SUB_CLA_4bit_106 ) 
                 6 CLA_BLOCK_GEN[5].CLA_4BIT_UNIT ( ADD_SUB_CLA_4bit_107 ) 
           4 MAN_ALU_PROC_RND ( ADD_SUB_CLS_4bit_10 ) 
           4 MAN_COMP_24BIT ( ADD_SUB_COMP_24bit_SIZE_DATA24_10 ) 
              5 u_i_data_0 ( ADD_SUB_COMP_4bit_82 ) 
              5 u_i_data_1 ( ADD_SUB_COMP_4bit_83 ) 
              5 u_i_data_2 ( ADD_SUB_COMP_4bit_84 ) 
              5 u_i_data_3 ( ADD_SUB_COMP_4bit_85 ) 
              5 u_i_data_4 ( ADD_SUB_COMP_4bit_86 ) 
              5 u_i_data_5 ( ADD_SUB_COMP_4bit_87 ) 
           4 MAN_RND ( ADD_SUB_MAN_rounding_SIZE_MAN32_SIZE_MAN_RESULT24_10 ) 
           4 MAN_SWAP ( ADD_SUB_MAN_swap_SIZE_MAN24_21 ) 
           4 MAN_SWAP_PRE ( ADD_SUB_MAN_swap_SIZE_MAN24_20 ) 
           4 NOR_UNIT ( ADD_SUB_NOR_unit_SIZE_LOPD5_SIZE_DATA32_10 ) 
              5 SHF_left_unit ( ADD_SUB_SHF_left_SIZE_DATA32_SIZE_SHIFT5_10 ) 
           4 PSC_UNIT ( ADD_SUB_PSC_unit_10 ) 
           4 SHF_RIGHT_MAN ( ADD_SUB_SHF_right_SIZE_DATA32_SIZE_SHIFT5_10 ) 
           4 SIGN_UNIT ( ADD_SUB_SIGN_unit_10 ) 
        3 mul1_add ( fpu_mul_SIZE_DATA32_2 ) 
           4 EXP_ROUNDING_UNIT ( MUL_EXP_rounding_SIZE_DATA8_2 ) 
           4 LOPD_UNIT ( MUL_LOPD_24bit_SIZE_DATA24_SIZE_LOPD5_2 ) 
              5 LOPD_16bit_UNIT_MSB ( MUL_LOPD_16bit_2 ) 
                 6 LOPD_8bit_unit_0 ( MUL_LOPD_8bit_6 ) 
                 6 LOPD_8bit_unit_1 ( MUL_LOPD_8bit_7 ) 
              5 LOPD_8bit_UNIT_LSB ( MUL_LOPD_8bit_8 ) 
           4 MAN_MUL_UNIT ( MUL_MAN_mul_SIZE_DATA24_2 ) 
              5 MUL_UNIT_MAN_UNIT ( Multiplier_SIZE_DATA24_2 ) 
                 6 csa_tree_add_108_35_groupi ( csa_tree_add_108_35_group_692_693_1 ) 
                 6 m1 ( array_multiplier_2 ) 
                    7 csa_tree_add_74_27_groupi ( csa_tree_add_74_27_group_684_685_1 ) 
                    7 m1 ( vedic8x8_18 ) 
                       8 csa_tree_add_46_27_groupi ( csa_tree_add_46_27_group_388_389_8_5448 ) 
                       8 m1 ( vedic4x4_72 ) 
                          9 m1 ( vedic2x2_288 ) 
                          9 m2 ( vedic2x2_289 ) 
                       8 m2 ( vedic4x4_73 ) 
                          9 m1 ( vedic2x2_292 ) 
                          9 m2 ( vedic2x2_293 ) 
                       8 m3 ( vedic4x4_74 ) 
                          9 m1 ( vedic2x2_296 ) 
                          9 m2 ( vedic2x2_297 ) 
                       8 m4 ( vedic4x4_75 ) 
                          9 m1 ( vedic2x2_300 ) 
                          9 m2 ( vedic2x2_301 ) 
                    7 m2 ( vedic8x8_19 ) 
                       8 csa_tree_add_46_27_groupi ( csa_tree_add_46_27_group_388_389_5437 ) 
                       8 m1 ( vedic4x4_76 ) 
                          9 m1 ( vedic2x2_304 ) 
                          9 m2 ( vedic2x2_305 ) 
                       8 m2 ( vedic4x4_77 ) 
                          9 m1 ( vedic2x2_308 ) 
                          9 m2 ( vedic2x2_309 ) 
                       8 m3 ( vedic4x4_78 ) 
                          9 m1 ( vedic2x2_312 ) 
                          9 m2 ( vedic2x2_313 ) 
                       8 m4 ( vedic4x4_79 ) 
                          9 m1 ( vedic2x2_316 ) 
                          9 m2 ( vedic2x2_317 ) 
                 6 m2 ( vedic16x8_4 ) 
                    7 m1 ( vedic8x8_22 ) 
                       8 csa_tree_add_46_27_groupi ( csa_tree_add_46_27_group_388_389_12_5451 ) 
                       8 m1 ( vedic4x4_88 ) 
                       8 m2 ( vedic4x4_89 ) 
                       8 m3 ( vedic4x4_90 ) 
                          9 m1 ( vedic2x2_360 ) 
                          9 m2 ( vedic2x2_361 ) 
                       8 m4 ( vedic4x4_91 ) 
                          9 m1 ( vedic2x2_364 ) 
                          9 m2 ( vedic2x2_365 ) 
                    7 m2 ( vedic8x8_23 ) 
                       8 csa_tree_add_46_27_groupi ( csa_tree_add_46_27_group_388_389_13_5445 ) 
                       8 m1 ( vedic4x4_92 ) 
                       8 m2 ( vedic4x4_93 ) 
                       8 m3 ( vedic4x4_94 ) 
                          9 m1 ( vedic2x2_376 ) 
                          9 m2 ( vedic2x2_377 ) 
                       8 m4 ( vedic4x4_95 ) 
                          9 m1 ( vedic2x2_380 ) 
                          9 m2 ( vedic2x2_381 ) 
                 6 m3 ( vedic16x8_5 ) 
                    7 m1 ( vedic8x8_24 ) 
                       8 csa_tree_add_46_27_groupi ( csa_tree_add_46_27_group_388_389_5_5440 ) 
                       8 m1 ( vedic4x4_96 ) 
                          9 m1 ( vedic2x2_384 ) 
                          9 m3 ( vedic2x2_386 ) 
                       8 m2 ( vedic4x4_97 ) 
                          9 m1 ( vedic2x2_388 ) 
                          9 m3 ( vedic2x2_390 ) 
                       8 m3 ( vedic4x4_98 ) 
                          9 m1 ( vedic2x2_392 ) 
                       8 m4 ( vedic4x4_99 ) 
                          9 m1 ( vedic2x2_396 ) 
                 6 m4 ( vedic8x8_26 ) 
                    7 csa_tree_add_46_27_groupi ( csa_tree_add_46_27_group_388_389_34 ) 
                    7 m1 ( vedic4x4_104 ) 
                    7 m2 ( vedic4x4_105 ) 
                    7 m3 ( vedic4x4_106 ) 
                       8 m1 ( vedic2x2_424 ) 
                       8 m2 ( vedic2x2_425 ) 
                    7 m4 ( vedic4x4_107 ) 
                       8 m1 ( vedic2x2_428 ) 
           4 MAN_ROUNDING_UNIT ( MUL_MAN_rounding_SIZE_MAN24_2 ) 
           4 MUL_EXP_ADJUST_UNIT ( MUL_EXP_adjust_SIZE_DATA8_SIZE_LOPD8_2 ) 
              5 CLA_8BIT_UNIT ( MUL_CLA_8bit_2 ) 
                 6 CLA_4BIT_UNIT_0 ( MUL_CLA_4bit_4 ) 
                 6 CLA_4BIT_UNIT_1 ( MUL_CLA_4bit_5 ) 
           4 MUL_EXP_UNIT ( MUL_EXP_unit_SIZE_EXP8_2 ) 
           4 NOR_UNIT ( MUL_NOR_unit_SIZE_LOPD5_SIZE_DATA24_2 ) 
              5 SHF_left_unit ( MUL_SHF_left_SIZE_DATA32_SIZE_SHIFT5_2 ) 
           4 PSC_UNIT ( MUL_PSC_unit_SIZE_EXP8_SIZE_MAN24_2 ) 
        3 mul1_sub ( fpu_mul_SIZE_DATA32_3 ) 
           4 EXP_ROUNDING_UNIT ( MUL_EXP_rounding_SIZE_DATA8_3 ) 
           4 LOPD_UNIT ( MUL_LOPD_24bit_SIZE_DATA24_SIZE_LOPD5_3 ) 
              5 LOPD_16bit_UNIT_MSB ( MUL_LOPD_16bit_3 ) 
                 6 LOPD_8bit_unit_0 ( MUL_LOPD_8bit_9 ) 
                 6 LOPD_8bit_unit_1 ( MUL_LOPD_8bit_10 ) 
              5 LOPD_8bit_UNIT_LSB ( MUL_LOPD_8bit_11 ) 
           4 MAN_MUL_UNIT ( MUL_MAN_mul_SIZE_DATA24_3 ) 
              5 MUL_UNIT_MAN_UNIT ( Multiplier_SIZE_DATA24_3 ) 
                 6 csa_tree_add_108_35_groupi ( csa_tree_add_108_35_group_692_693_2 ) 
                 6 m1 ( array_multiplier_3 ) 
                    7 csa_tree_add_74_27_groupi ( csa_tree_add_74_27_group_684_685_2 ) 
                    7 m1 ( vedic8x8_27 ) 
                       8 csa_tree_add_46_27_groupi ( csa_tree_add_46_27_group_388_389_8_5449 ) 
                       8 m1 ( vedic4x4_108 ) 
                          9 m1 ( vedic2x2_432 ) 
                          9 m2 ( vedic2x2_433 ) 
                       8 m2 ( vedic4x4_109 ) 
                          9 m1 ( vedic2x2_436 ) 
                          9 m2 ( vedic2x2_437 ) 
                       8 m3 ( vedic4x4_110 ) 
                          9 m1 ( vedic2x2_440 ) 
                          9 m2 ( vedic2x2_441 ) 
                       8 m4 ( vedic4x4_111 ) 
                          9 m1 ( vedic2x2_444 ) 
                          9 m2 ( vedic2x2_445 ) 
                    7 m2 ( vedic8x8_28 ) 
                       8 csa_tree_add_46_27_groupi ( csa_tree_add_46_27_group_388_389 ) 
                       8 m1 ( vedic4x4_112 ) 
                          9 m1 ( vedic2x2_448 ) 
                          9 m2 ( vedic2x2_449 ) 
                       8 m2 ( vedic4x4_113 ) 
                          9 m1 ( vedic2x2_452 ) 
                          9 m2 ( vedic2x2_453 ) 
                       8 m3 ( vedic4x4_114 ) 
                          9 m1 ( vedic2x2_456 ) 
                          9 m2 ( vedic2x2_457 ) 
                       8 m4 ( vedic4x4_115 ) 
                          9 m1 ( vedic2x2_460 ) 
                          9 m2 ( vedic2x2_461 ) 
                 6 m2 ( vedic16x8_6 ) 
                    7 m1 ( vedic8x8_31 ) 
                       8 csa_tree_add_46_27_groupi ( csa_tree_add_46_27_group_388_389_12_5452 ) 
                       8 m1 ( vedic4x4_124 ) 
                       8 m2 ( vedic4x4_125 ) 
                       8 m3 ( vedic4x4_126 ) 
                          9 m1 ( vedic2x2_504 ) 
                          9 m2 ( vedic2x2_505 ) 
                       8 m4 ( vedic4x4_127 ) 
                          9 m1 ( vedic2x2_508 ) 
                          9 m2 ( vedic2x2_509 ) 
                    7 m2 ( vedic8x8_32 ) 
                       8 csa_tree_add_46_27_groupi ( csa_tree_add_46_27_group_388_389_13_5446 ) 
                       8 m1 ( vedic4x4_128 ) 
                       8 m2 ( vedic4x4_129 ) 
                       8 m3 ( vedic4x4_130 ) 
                          9 m1 ( vedic2x2_520 ) 
                          9 m2 ( vedic2x2_521 ) 
                       8 m4 ( vedic4x4_131 ) 
                          9 m1 ( vedic2x2_524 ) 
                          9 m2 ( vedic2x2_525 ) 
                 6 m3 ( vedic16x8_7 ) 
                    7 m1 ( vedic8x8_33 ) 
                       8 csa_tree_add_46_27_groupi ( csa_tree_add_46_27_group_388_389_5_5439 ) 
                       8 m1 ( vedic4x4_132 ) 
                          9 m1 ( vedic2x2_528 ) 
                          9 m3 ( vedic2x2_530 ) 
                       8 m2 ( vedic4x4_133 ) 
                          9 m1 ( vedic2x2_532 ) 
                          9 m3 ( vedic2x2_534 ) 
                       8 m3 ( vedic4x4_134 ) 
                          9 m1 ( vedic2x2_536 ) 
                       8 m4 ( vedic4x4_135 ) 
                          9 m1 ( vedic2x2_540 ) 
                 6 m4 ( vedic8x8_35 ) 
                    7 csa_tree_add_46_27_groupi ( csa_tree_add_46_27_group_388_389_34_5441 ) 
                    7 m1 ( vedic4x4_140 ) 
                    7 m2 ( vedic4x4_141 ) 
                    7 m3 ( vedic4x4_142 ) 
                       8 m1 ( vedic2x2_568 ) 
                       8 m2 ( vedic2x2_569 ) 
                    7 m4 ( vedic4x4_143 ) 
                       8 m1 ( vedic2x2_572 ) 
           4 MAN_ROUNDING_UNIT ( MUL_MAN_rounding_SIZE_MAN24_3 ) 
           4 MUL_EXP_ADJUST_UNIT ( MUL_EXP_adjust_SIZE_DATA8_SIZE_LOPD8_3 ) 
              5 CLA_8BIT_UNIT ( MUL_CLA_8bit_3 ) 
                 6 CLA_4BIT_UNIT_0 ( MUL_CLA_4bit_6 ) 
                 6 CLA_4BIT_UNIT_1 ( MUL_CLA_4bit_7 ) 
           4 MUL_EXP_UNIT ( MUL_EXP_unit_SIZE_EXP8_3 ) 
           4 NOR_UNIT ( MUL_NOR_unit_SIZE_LOPD5_SIZE_DATA24_3 ) 
              5 SHF_left_unit ( MUL_SHF_left_SIZE_DATA32_SIZE_SHIFT5_3 ) 
           4 PSC_UNIT ( MUL_PSC_unit_SIZE_EXP8_SIZE_MAN24_3 ) 
  1 DETECT_START_STAGE1 ( Detect_edge_POS_EDGE1 ) 
