============================================================
  Generated by:           Genus(TM) Synthesis Solution GENUS15.20 - 15.20-p004_1
  Generated on:           Jan 05 2026  09:29:20 am
  Module:                 FFT_8Points
  Wireload mode:          enclosed
  Area mode:              timing library
============================================================

                 Instance                   Cells  Cell Area  Net Area  Total Area  Wireload     
-------------------------------------------------------------------------------------------------
FFT_8Points                                 66329     141582         0      141582    <none> (D) 
  BFU8_07                                   28168      55250         0       55250    <none> (D) 
    INPUT_DATA_7                             5066      10399         0       10399    <none> (D) 
      mul1_sub                               1405       3044         0        3044    <none> (D) 
        MAN_MUL_UNIT                         1010       2314         0        2314    <none> (D) 
          MUL_UNIT_MAN_UNIT                  1002       2300         0        2300    <none> (D) 
            m1                                439        898         0         898    <none> (D) 
              m2                              190        360         0         360    <none> (D) 
                csa_tree_add_46_27_groupi      51        118         0         118    <none> (D) 
                m4                             50         84         0          84    <none> (D) 
                  m2                            4          6         0           6    <none> (D) 
                  m1                            4          6         0           6    <none> (D) 
                m3                             49         81         0          81    <none> (D) 
                  m2                            4          6         0           6    <none> (D) 
                  m1                            4          5         0           5    <none> (D) 
                m2                             20         38         0          38    <none> (D) 
                  m2                            4          6         0           6    <none> (D) 
                  m1                            4          6         0           6    <none> (D) 
                m1                             20         38         0          38    <none> (D) 
                  m2                            4          6         0           6    <none> (D) 
                  m1                            4          6         0           6    <none> (D) 
              m1                              185        352         0         352    <none> (D) 
                csa_tree_add_46_27_groupi      50        114         0         114    <none> (D) 
                m4                             49         82         0          82    <none> (D) 
                  m2                            4          6         0           6    <none> (D) 
                  m1                            4          6         0           6    <none> (D) 
                m3                             46         79         0          79    <none> (D) 
                  m2                            4          6         0           6    <none> (D) 
                  m1                            4          6         0           6    <none> (D) 
                m2                             20         38         0          38    <none> (D) 
                  m2                            4          6         0           6    <none> (D) 
                  m1                            4          6         0           6    <none> (D) 
                m1                             20         38         0          38    <none> (D) 
                  m2                            4          6         0           6    <none> (D) 
                  m1                            4          6         0           6    <none> (D) 
              csa_tree_add_74_27_groupi        64        186         0         186    <none> (D) 
            m2                                240        587         0         587    <none> (D) 
              m2                              109        260         0         260    <none> (D) 
                csa_tree_add_46_27_groupi      51        118         0         118    <none> (D) 
                m4                             21         51         0          51    <none> (D) 
                  m2                            4          6         0           6    <none> (D) 
                  m1                            4          6         0           6    <none> (D) 
                m3                             21         51         0          51    <none> (D) 
                  m2                            4          6         0           6    <none> (D) 
                  m1                            4          6         0           6    <none> (D) 
                m2                              8         20         0          20    <none> (D) 
                m1                              8         20         0          20    <none> (D) 
              m1                              108        259         0         259    <none> (D) 
                csa_tree_add_46_27_groupi      50        117         0         117    <none> (D) 
                m4                             21         51         0          51    <none> (D) 
                  m2                            4          6         0           6    <none> (D) 
                  m1                            4          6         0           6    <none> (D) 
                m3                             21         51         0          51    <none> (D) 
                  m2                            4          6         0           6    <none> (D) 
                  m1                            4          6         0           6    <none> (D) 
                m2                              8         20         0          20    <none> (D) 
                m1                              8         20         0          20    <none> (D) 
            m3                                152        323         0         323    <none> (D) 
              m1                              144        290         0         290    <none> (D) 
                csa_tree_add_46_27_groupi      48        108         0         108    <none> (D) 
                m2                             36         75         0          75    <none> (D) 
                  m3                            4          6         0           6    <none> (D) 
                  m1                            4          5         0           5    <none> (D) 
                m4                             30         54         0          54    <none> (D) 
                  m1                            4          6         0           6    <none> (D) 
                m1                             18         35         0          35    <none> (D) 
                  m3                            4          6         0           6    <none> (D) 
                  m1                            4          6         0           6    <none> (D) 
                m3                             12         18         0          18    <none> (D) 
                  m1                            4          6         0           6    <none> (D) 
            csa_tree_add_108_35_groupi         66        263         0         263    <none> (D) 
            m4                                105        231         0         231    <none> (D) 
              csa_tree_add_46_27_groupi        51        117         0         117    <none> (D) 
              m3                               21         51         0          51    <none> (D) 
                m2                              4          6         0           6    <none> (D) 
                m1                              4          6         0           6    <none> (D) 
              m4                               17         31         0          31    <none> (D) 
                m1                              4          6         0           6    <none> (D) 
              m1                                8         20         0          20    <none> (D) 
              m2                                8         12         0          12    <none> (D) 
        NOR_UNIT                              177        324         0         324    <none> (D) 
          SHF_left_unit                       121        226         0         226    <none> (D) 
        MUL_EXP_ADJUST_UNIT                    45         92         0          92    <none> (D) 
          CLA_8BIT_UNIT                        30         73         0          73    <none> (D) 
            CLA_4BIT_UNIT_0                    18         41         0          41    <none> (D) 
            CLA_4BIT_UNIT_1                    11         29         0          29    <none> (D) 
        MAN_ROUNDING_UNIT                      24         88         0          88    <none> (D) 
        LOPD_UNIT                              58         85         0          85    <none> (D) 
          LOPD_16bit_UNIT_MSB                  34         52         0          52    <none> (D) 
            LOPD_8bit_unit_1                   14         20         0          20    <none> (D) 
            LOPD_8bit_unit_0                   14         20         0          20    <none> (D) 
          LOPD_8bit_UNIT_LSB                   14         20         0          20    <none> (D) 
        EXP_ROUNDING_UNIT                      15         29         0          29    <none> (D) 
        MUL_EXP_UNIT                           21         28         0          28    <none> (D) 
        PSC_UNIT                               12         19         0          19    <none> (D) 
      mul1_add                               1405       3044         0        3044    <none> (D) 
        MAN_MUL_UNIT                         1010       2314         0        2314    <none> (D) 
          MUL_UNIT_MAN_UNIT                  1002       2300         0        2300    <none> (D) 
            m1                                439        898         0         898    <none> (D) 
              m2                              190        360         0         360    <none> (D) 
                csa_tree_add_46_27_groupi      51        118         0         118    <none> (D) 
                m4                             50         84         0          84    <none> (D) 
                  m2                            4          6         0           6    <none> (D) 
                  m1                            4          6         0           6    <none> (D) 
                m3                             49         81         0          81    <none> (D) 
                  m2                            4          6         0           6    <none> (D) 
                  m1                            4          5         0           5    <none> (D) 
                m2                             20         38         0          38    <none> (D) 
                  m2                            4          6         0           6    <none> (D) 
                  m1                            4          6         0           6    <none> (D) 
                m1                             20         38         0          38    <none> (D) 
                  m2                            4          6         0           6    <none> (D) 
                  m1                            4          6         0           6    <none> (D) 
              m1                              185        352         0         352    <none> (D) 
                csa_tree_add_46_27_groupi      50        114         0         114    <none> (D) 
                m4                             49         82         0          82    <none> (D) 
                  m2                            4          6         0           6    <none> (D) 
                  m1                            4          6         0           6    <none> (D) 
                m3                             46         79         0          79    <none> (D) 
                  m2                            4          6         0           6    <none> (D) 
                  m1                            4          6         0           6    <none> (D) 
                m2                             20         38         0          38    <none> (D) 
                  m2                            4          6         0           6    <none> (D) 
                  m1                            4          6         0           6    <none> (D) 
                m1                             20         38         0          38    <none> (D) 
                  m2                            4          6         0           6    <none> (D) 
                  m1                            4          6         0           6    <none> (D) 
              csa_tree_add_74_27_groupi        64        186         0         186    <none> (D) 
            m2                                240        587         0         587    <none> (D) 
              m2                              109        260         0         260    <none> (D) 
                csa_tree_add_46_27_groupi      51        118         0         118    <none> (D) 
                m4                             21         51         0          51    <none> (D) 
                  m2                            4          6         0           6    <none> (D) 
                  m1                            4          6         0           6    <none> (D) 
                m3                             21         51         0          51    <none> (D) 
                  m2                            4          6         0           6    <none> (D) 
                  m1                            4          6         0           6    <none> (D) 
                m2                              8         20         0          20    <none> (D) 
                m1                              8         20         0          20    <none> (D) 
              m1                              108        259         0         259    <none> (D) 
                csa_tree_add_46_27_groupi      50        117         0         117    <none> (D) 
                m4                             21         51         0          51    <none> (D) 
                  m2                            4          6         0           6    <none> (D) 
                  m1                            4          6         0           6    <none> (D) 
                m3                             21         51         0          51    <none> (D) 
                  m2                            4          6         0           6    <none> (D) 
                  m1                            4          6         0           6    <none> (D) 
                m2                              8         20         0          20    <none> (D) 
                m1                              8         20         0          20    <none> (D) 
            m3                                152        323         0         323    <none> (D) 
              m1                              144        290         0         290    <none> (D) 
                csa_tree_add_46_27_groupi      48        108         0         108    <none> (D) 
                m2                             36         75         0          75    <none> (D) 
                  m3                            4          6         0           6    <none> (D) 
                  m1                            4          5         0           5    <none> (D) 
                m4                             30         54         0          54    <none> (D) 
                  m1                            4          6         0           6    <none> (D) 
                m1                             18         35         0          35    <none> (D) 
                  m3                            4          6         0           6    <none> (D) 
                  m1                            4          6         0           6    <none> (D) 
                m3                             12         18         0          18    <none> (D) 
                  m1                            4          6         0           6    <none> (D) 
            csa_tree_add_108_35_groupi         66        263         0         263    <none> (D) 
            m4                                105        231         0         231    <none> (D) 
              csa_tree_add_46_27_groupi        51        117         0         117    <none> (D) 
              m3                               21         51         0          51    <none> (D) 
                m2                              4          6         0           6    <none> (D) 
                m1                              4          6         0           6    <none> (D) 
              m4                               17         31         0          31    <none> (D) 
                m1                              4          6         0           6    <none> (D) 
              m1                                8         20         0          20    <none> (D) 
              m2                                8         12         0          12    <none> (D) 
        NOR_UNIT                              177        324         0         324    <none> (D) 
          SHF_left_unit                       121        226         0         226    <none> (D) 
        MUL_EXP_ADJUST_UNIT                    45         92         0          92    <none> (D) 
          CLA_8BIT_UNIT                        30         73         0          73    <none> (D) 
            CLA_4BIT_UNIT_0                    18         41         0          41    <none> (D) 
            CLA_4BIT_UNIT_1                    11         29         0          29    <none> (D) 
        MAN_ROUNDING_UNIT                      24         88         0          88    <none> (D) 
        LOPD_UNIT                              58         85         0          85    <none> (D) 
          LOPD_16bit_UNIT_MSB                  34         52         0          52    <none> (D) 
            LOPD_8bit_unit_1                   14         20         0          20    <none> (D) 
            LOPD_8bit_unit_0                   14         20         0          20    <none> (D) 
          LOPD_8bit_UNIT_LSB                   14         20         0          20    <none> (D) 
        EXP_ROUNDING_UNIT                      15         29         0          29    <none> (D) 
        MUL_EXP_UNIT                           21         28         0          28    <none> (D) 
        PSC_UNIT                               12         19         0          19    <none> (D) 
      DATA_A_RE                              1132       2155         0        2155    <none> (D) 
        MAN_ALU                               217        425         0         425    <none> (D) 
          ALU_SUB_UNIT                        120        235         0         235    <none> (D) 
            CLA_BLOCK_GEN[0].CLA_4BIT_UNIT     18         41         0          41    <none> (D) 
            CLA_BLOCK_GEN[5].CLA_4BIT_UNIT     18         34         0          34    <none> (D) 
            CLA_BLOCK_GEN[3].CLA_4BIT_UNIT     18         34         0          34    <none> (D) 
            CLA_BLOCK_GEN[2].CLA_4BIT_UNIT     18         34         0          34    <none> (D) 
            CLA_BLOCK_GEN[1].CLA_4BIT_UNIT     18         34         0          34    <none> (D) 
            CLA_BLOCK_GEN[4].CLA_4BIT_UNIT     15         34         0          34    <none> (D) 
        NOR_UNIT                              207        362         0         362    <none> (D) 
          SHF_left_unit                       142        249         0         249    <none> (D) 
        SHF_RIGHT_MAN                         137        239         0         239    <none> (D) 
        PSC_UNIT                               90        159         0         159    <none> (D) 
        MAN_COMP_24BIT                         80        143         0         143    <none> (D) 
          u_i_data_4                           13         25         0          25    <none> (D) 
          u_i_data_3                           13         25         0          25    <none> (D) 
          u_i_data_2                           13         25         0          25    <none> (D) 
          u_i_data_1                           13         25         0          25    <none> (D) 
          u_i_data_5                           12         21         0          21    <none> (D) 
          u_i_data_0                           10         13         0          13    <none> (D) 
        MAN_SWAP                               48        113         0         113    <none> (D) 
        MAN_SWAP_PRE                           46        110         0         110    <none> (D) 
        MAN_RND                                26         91         0          91    <none> (D) 
        LOPD_24BIT                             58         85         0          85    <none> (D) 
          LOPD_16bit_UNIT_MSB                  34         52         0          52    <none> (D) 
            LOPD_8bit_unit_1                   14         20         0          20    <none> (D) 
            LOPD_8bit_unit_0                   14         20         0          20    <none> (D) 
          LOPD_8bit_UNIT_LSB                   14         20         0          20    <none> (D) 
        EXP_ADJUST                             37         81         0          81    <none> (D) 
          CLA_8BIT_UNIT                        30         73         0          73    <none> (D) 
            CLA_4BIT_UNIT_0                    18         41         0          41    <none> (D) 
            CLA_4BIT_UNIT_1                    11         29         0          29    <none> (D) 
        EXP_SUB                                25         45         0          45    <none> (D) 
          CLA_8BIT_UNIT                        20         41         0          41    <none> (D) 
            CLA_4BIT_UNIT_0                    17         35         0          35    <none> (D) 
            CLA_4BIT_UNIT_1                     2          5         0           5    <none> (D) 
        EXP_COM_8BIT                           24         41         0          41    <none> (D) 
          COMP_LESS_UNIT                       24         41         0          41    <none> (D) 
            u_high                             13         25         0          25    <none> (D) 
            u_low                              10         13         0          13    <none> (D) 
        EXP_SWAP                               13         31         0          31    <none> (D) 
        EXP_RND                                15         29         0          29    <none> (D) 
        MAN_ALU_PROC_RND                        7         13         0          13    <none> (D) 
        SIGN_UNIT                               1          2         0           2    <none> (D) 
      DATA_A_IM                              1124       2155         0        2155    <none> (D) 
        MAN_ALU                               215        424         0         424    <none> (D) 
          ALU_SUB_UNIT                        120        235         0         235    <none> (D) 
            CLA_BLOCK_GEN[0].CLA_4BIT_UNIT     18         41         0          41    <none> (D) 
            CLA_BLOCK_GEN[5].CLA_4BIT_UNIT     18         34         0          34    <none> (D) 
            CLA_BLOCK_GEN[3].CLA_4BIT_UNIT     18         34         0          34    <none> (D) 
            CLA_BLOCK_GEN[2].CLA_4BIT_UNIT     18         34         0          34    <none> (D) 
            CLA_BLOCK_GEN[1].CLA_4BIT_UNIT     18         34         0          34    <none> (D) 
            CLA_BLOCK_GEN[4].CLA_4BIT_UNIT     15         34         0          34    <none> (D) 
        NOR_UNIT                              207        362         0         362    <none> (D) 
          SHF_left_unit                       142        249         0         249    <none> (D) 
        SHF_RIGHT_MAN                         134        239         0         239    <none> (D) 
        PSC_UNIT                               86        160         0         160    <none> (D) 
        MAN_COMP_24BIT                         80        143         0         143    <none> (D) 
          u_i_data_4                           13         25         0          25    <none> (D) 
          u_i_data_3                           13         25         0          25    <none> (D) 
          u_i_data_2                           13         25         0          25    <none> (D) 
          u_i_data_1                           13         25         0          25    <none> (D) 
          u_i_data_5                           12         21         0          21    <none> (D) 
          u_i_data_0                           10         13         0          13    <none> (D) 
        MAN_SWAP                               48        113         0         113    <none> (D) 
        MAN_SWAP_PRE                           46        110         0         110    <none> (D) 
        MAN_RND                                26         91         0          91    <none> (D) 
        LOPD_24BIT                             58         85         0          85    <none> (D) 
          LOPD_16bit_UNIT_MSB                  34         52         0          52    <none> (D) 
            LOPD_8bit_unit_1                   14         20         0          20    <none> (D) 
            LOPD_8bit_unit_0                   14         20         0          20    <none> (D) 
          LOPD_8bit_UNIT_LSB                   14         20         0          20    <none> (D) 
        EXP_ADJUST                             37         81         0          81    <none> (D) 
          CLA_8BIT_UNIT                        30         73         0          73    <none> (D) 
            CLA_4BIT_UNIT_0                    18         41         0          41    <none> (D) 
            CLA_4BIT_UNIT_1                    11         29         0          29    <none> (D) 
        EXP_SUB                                25         45         0          45    <none> (D) 
          CLA_8BIT_UNIT                        20         41         0          41    <none> (D) 
            CLA_4BIT_UNIT_0                    17         35         0          35    <none> (D) 
            CLA_4BIT_UNIT_1                     2          5         0           5    <none> (D) 
        EXP_COM_8BIT                           24         41         0          41    <none> (D) 
          COMP_LESS_UNIT                       24         41         0          41    <none> (D) 
            u_high                             13         25         0          25    <none> (D) 
            u_low                              10         13         0          13    <none> (D) 
        EXP_SWAP                               13         31         0          31    <none> (D) 
        EXP_RND                                15         29         0          29    <none> (D) 
        MAN_ALU_PROC_RND                        7         13         0          13    <none> (D) 
        SIGN_UNIT                               2          3         0           3    <none> (D) 
    INPUT_DATA_5                             5066      10399         0       10399    <none> (D) 
      mul1_sub                               1405       3044         0        3044    <none> (D) 
        MAN_MUL_UNIT                         1010       2314         0        2314    <none> (D) 
          MUL_UNIT_MAN_UNIT                  1002       2300         0        2300    <none> (D) 
            m1                                439        898         0         898    <none> (D) 
              m2                              190        360         0         360    <none> (D) 
                csa_tree_add_46_27_groupi      51        118         0         118    <none> (D) 
                m4                             50         84         0          84    <none> (D) 
                  m2                            4          6         0           6    <none> (D) 
                  m1                            4          6         0           6    <none> (D) 
                m3                             49         81         0          81    <none> (D) 
                  m2                            4          6         0           6    <none> (D) 
                  m1                            4          5         0           5    <none> (D) 
                m2                             20         38         0          38    <none> (D) 
                  m2                            4          6         0           6    <none> (D) 
                  m1                            4          6         0           6    <none> (D) 
                m1                             20         38         0          38    <none> (D) 
                  m2                            4          6         0           6    <none> (D) 
                  m1                            4          6         0           6    <none> (D) 
              m1                              185        352         0         352    <none> (D) 
                csa_tree_add_46_27_groupi      50        114         0         114    <none> (D) 
                m4                             49         82         0          82    <none> (D) 
                  m2                            4          6         0           6    <none> (D) 
                  m1                            4          6         0           6    <none> (D) 
                m3                             46         79         0          79    <none> (D) 
                  m2                            4          6         0           6    <none> (D) 
                  m1                            4          6         0           6    <none> (D) 
                m2                             20         38         0          38    <none> (D) 
                  m2                            4          6         0           6    <none> (D) 
                  m1                            4          6         0           6    <none> (D) 
                m1                             20         38         0          38    <none> (D) 
                  m2                            4          6         0           6    <none> (D) 
                  m1                            4          6         0           6    <none> (D) 
              csa_tree_add_74_27_groupi        64        186         0         186    <none> (D) 
            m2                                240        587         0         587    <none> (D) 
              m2                              109        260         0         260    <none> (D) 
                csa_tree_add_46_27_groupi      51        118         0         118    <none> (D) 
                m4                             21         51         0          51    <none> (D) 
                  m2                            4          6         0           6    <none> (D) 
                  m1                            4          6         0           6    <none> (D) 
                m3                             21         51         0          51    <none> (D) 
                  m2                            4          6         0           6    <none> (D) 
                  m1                            4          6         0           6    <none> (D) 
                m2                              8         20         0          20    <none> (D) 
                m1                              8         20         0          20    <none> (D) 
              m1                              108        259         0         259    <none> (D) 
                csa_tree_add_46_27_groupi      50        117         0         117    <none> (D) 
                m4                             21         51         0          51    <none> (D) 
                  m2                            4          6         0           6    <none> (D) 
                  m1                            4          6         0           6    <none> (D) 
                m3                             21         51         0          51    <none> (D) 
                  m2                            4          6         0           6    <none> (D) 
                  m1                            4          6         0           6    <none> (D) 
                m2                              8         20         0          20    <none> (D) 
                m1                              8         20         0          20    <none> (D) 
            m3                                152        323         0         323    <none> (D) 
              m1                              144        290         0         290    <none> (D) 
                csa_tree_add_46_27_groupi      48        108         0         108    <none> (D) 
                m2                             36         75         0          75    <none> (D) 
                  m3                            4          6         0           6    <none> (D) 
                  m1                            4          5         0           5    <none> (D) 
                m4                             30         54         0          54    <none> (D) 
                  m1                            4          6         0           6    <none> (D) 
                m1                             18         35         0          35    <none> (D) 
                  m3                            4          6         0           6    <none> (D) 
                  m1                            4          6         0           6    <none> (D) 
                m3                             12         18         0          18    <none> (D) 
                  m1                            4          6         0           6    <none> (D) 
            csa_tree_add_108_35_groupi         66        263         0         263    <none> (D) 
            m4                                105        231         0         231    <none> (D) 
              csa_tree_add_46_27_groupi        51        117         0         117    <none> (D) 
              m3                               21         51         0          51    <none> (D) 
                m2                              4          6         0           6    <none> (D) 
                m1                              4          6         0           6    <none> (D) 
              m4                               17         31         0          31    <none> (D) 
                m1                              4          6         0           6    <none> (D) 
              m1                                8         20         0          20    <none> (D) 
              m2                                8         12         0          12    <none> (D) 
        NOR_UNIT                              177        324         0         324    <none> (D) 
          SHF_left_unit                       121        226         0         226    <none> (D) 
        MUL_EXP_ADJUST_UNIT                    45         92         0          92    <none> (D) 
          CLA_8BIT_UNIT                        30         73         0          73    <none> (D) 
            CLA_4BIT_UNIT_0                    18         41         0          41    <none> (D) 
            CLA_4BIT_UNIT_1                    11         29         0          29    <none> (D) 
        MAN_ROUNDING_UNIT                      24         88         0          88    <none> (D) 
        LOPD_UNIT                              58         85         0          85    <none> (D) 
          LOPD_16bit_UNIT_MSB                  34         52         0          52    <none> (D) 
            LOPD_8bit_unit_1                   14         20         0          20    <none> (D) 
            LOPD_8bit_unit_0                   14         20         0          20    <none> (D) 
          LOPD_8bit_UNIT_LSB                   14         20         0          20    <none> (D) 
        EXP_ROUNDING_UNIT                      15         29         0          29    <none> (D) 
        MUL_EXP_UNIT                           21         28         0          28    <none> (D) 
        PSC_UNIT                               12         19         0          19    <none> (D) 
      mul1_add                               1405       3044         0        3044    <none> (D) 
        MAN_MUL_UNIT                         1010       2314         0        2314    <none> (D) 
          MUL_UNIT_MAN_UNIT                  1002       2300         0        2300    <none> (D) 
            m1                                439        898         0         898    <none> (D) 
              m2                              190        360         0         360    <none> (D) 
                csa_tree_add_46_27_groupi      51        118         0         118    <none> (D) 
                m4                             50         84         0          84    <none> (D) 
                  m2                            4          6         0           6    <none> (D) 
                  m1                            4          6         0           6    <none> (D) 
                m3                             49         81         0          81    <none> (D) 
                  m2                            4          6         0           6    <none> (D) 
                  m1                            4          5         0           5    <none> (D) 
                m2                             20         38         0          38    <none> (D) 
                  m2                            4          6         0           6    <none> (D) 
                  m1                            4          6         0           6    <none> (D) 
                m1                             20         38         0          38    <none> (D) 
                  m2                            4          6         0           6    <none> (D) 
                  m1                            4          6         0           6    <none> (D) 
              m1                              185        352         0         352    <none> (D) 
                csa_tree_add_46_27_groupi      50        114         0         114    <none> (D) 
                m4                             49         82         0          82    <none> (D) 
                  m2                            4          6         0           6    <none> (D) 
                  m1                            4          6         0           6    <none> (D) 
                m3                             46         79         0          79    <none> (D) 
                  m2                            4          6         0           6    <none> (D) 
                  m1                            4          6         0           6    <none> (D) 
                m2                             20         38         0          38    <none> (D) 
                  m2                            4          6         0           6    <none> (D) 
                  m1                            4          6         0           6    <none> (D) 
                m1                             20         38         0          38    <none> (D) 
                  m2                            4          6         0           6    <none> (D) 
                  m1                            4          6         0           6    <none> (D) 
              csa_tree_add_74_27_groupi        64        186         0         186    <none> (D) 
            m2                                240        587         0         587    <none> (D) 
              m2                              109        260         0         260    <none> (D) 
                csa_tree_add_46_27_groupi      51        118         0         118    <none> (D) 
                m4                             21         51         0          51    <none> (D) 
                  m2                            4          6         0           6    <none> (D) 
                  m1                            4          6         0           6    <none> (D) 
                m3                             21         51         0          51    <none> (D) 
                  m2                            4          6         0           6    <none> (D) 
                  m1                            4          6         0           6    <none> (D) 
                m2                              8         20         0          20    <none> (D) 
                m1                              8         20         0          20    <none> (D) 
              m1                              108        259         0         259    <none> (D) 
                csa_tree_add_46_27_groupi      50        117         0         117    <none> (D) 
                m4                             21         51         0          51    <none> (D) 
                  m2                            4          6         0           6    <none> (D) 
                  m1                            4          6         0           6    <none> (D) 
                m3                             21         51         0          51    <none> (D) 
                  m2                            4          6         0           6    <none> (D) 
                  m1                            4          6         0           6    <none> (D) 
                m2                              8         20         0          20    <none> (D) 
                m1                              8         20         0          20    <none> (D) 
            m3                                152        323         0         323    <none> (D) 
              m1                              144        290         0         290    <none> (D) 
                csa_tree_add_46_27_groupi      48        108         0         108    <none> (D) 
                m2                             36         75         0          75    <none> (D) 
                  m3                            4          6         0           6    <none> (D) 
                  m1                            4          5         0           5    <none> (D) 
                m4                             30         54         0          54    <none> (D) 
                  m1                            4          6         0           6    <none> (D) 
                m1                             18         35         0          35    <none> (D) 
                  m3                            4          6         0           6    <none> (D) 
                  m1                            4          6         0           6    <none> (D) 
                m3                             12         18         0          18    <none> (D) 
                  m1                            4          6         0           6    <none> (D) 
            csa_tree_add_108_35_groupi         66        263         0         263    <none> (D) 
            m4                                105        231         0         231    <none> (D) 
              csa_tree_add_46_27_groupi        51        117         0         117    <none> (D) 
              m3                               21         51         0          51    <none> (D) 
                m2                              4          6         0           6    <none> (D) 
                m1                              4          6         0           6    <none> (D) 
              m4                               17         31         0          31    <none> (D) 
                m1                              4          6         0           6    <none> (D) 
              m1                                8         20         0          20    <none> (D) 
              m2                                8         12         0          12    <none> (D) 
        NOR_UNIT                              177        324         0         324    <none> (D) 
          SHF_left_unit                       121        226         0         226    <none> (D) 
        MUL_EXP_ADJUST_UNIT                    45         92         0          92    <none> (D) 
          CLA_8BIT_UNIT                        30         73         0          73    <none> (D) 
            CLA_4BIT_UNIT_0                    18         41         0          41    <none> (D) 
            CLA_4BIT_UNIT_1                    11         29         0          29    <none> (D) 
        MAN_ROUNDING_UNIT                      24         88         0          88    <none> (D) 
        LOPD_UNIT                              58         85         0          85    <none> (D) 
          LOPD_16bit_UNIT_MSB                  34         52         0          52    <none> (D) 
            LOPD_8bit_unit_1                   14         20         0          20    <none> (D) 
            LOPD_8bit_unit_0                   14         20         0          20    <none> (D) 
          LOPD_8bit_UNIT_LSB                   14         20         0          20    <none> (D) 
        EXP_ROUNDING_UNIT                      15         29         0          29    <none> (D) 
        MUL_EXP_UNIT                           21         28         0          28    <none> (D) 
        PSC_UNIT                               12         19         0          19    <none> (D) 
      DATA_A_RE                              1132       2155         0        2155    <none> (D) 
        MAN_ALU                               217        425         0         425    <none> (D) 
          ALU_SUB_UNIT                        120        235         0         235    <none> (D) 
            CLA_BLOCK_GEN[0].CLA_4BIT_UNIT     18         41         0          41    <none> (D) 
            CLA_BLOCK_GEN[5].CLA_4BIT_UNIT     18         34         0          34    <none> (D) 
            CLA_BLOCK_GEN[3].CLA_4BIT_UNIT     18         34         0          34    <none> (D) 
            CLA_BLOCK_GEN[2].CLA_4BIT_UNIT     18         34         0          34    <none> (D) 
            CLA_BLOCK_GEN[1].CLA_4BIT_UNIT     18         34         0          34    <none> (D) 
            CLA_BLOCK_GEN[4].CLA_4BIT_UNIT     15         34         0          34    <none> (D) 
        NOR_UNIT                              207        362         0         362    <none> (D) 
          SHF_left_unit                       142        249         0         249    <none> (D) 
        SHF_RIGHT_MAN                         137        239         0         239    <none> (D) 
        PSC_UNIT                               90        159         0         159    <none> (D) 
        MAN_COMP_24BIT                         80        143         0         143    <none> (D) 
          u_i_data_4                           13         25         0          25    <none> (D) 
          u_i_data_3                           13         25         0          25    <none> (D) 
          u_i_data_2                           13         25         0          25    <none> (D) 
          u_i_data_1                           13         25         0          25    <none> (D) 
          u_i_data_5                           12         21         0          21    <none> (D) 
          u_i_data_0                           10         13         0          13    <none> (D) 
        MAN_SWAP                               48        113         0         113    <none> (D) 
        MAN_SWAP_PRE                           46        110         0         110    <none> (D) 
        MAN_RND                                26         91         0          91    <none> (D) 
        LOPD_24BIT                             58         85         0          85    <none> (D) 
          LOPD_16bit_UNIT_MSB                  34         52         0          52    <none> (D) 
            LOPD_8bit_unit_1                   14         20         0          20    <none> (D) 
            LOPD_8bit_unit_0                   14         20         0          20    <none> (D) 
          LOPD_8bit_UNIT_LSB                   14         20         0          20    <none> (D) 
        EXP_ADJUST                             37         81         0          81    <none> (D) 
          CLA_8BIT_UNIT                        30         73         0          73    <none> (D) 
            CLA_4BIT_UNIT_0                    18         41         0          41    <none> (D) 
            CLA_4BIT_UNIT_1                    11         29         0          29    <none> (D) 
        EXP_SUB                                25         45         0          45    <none> (D) 
          CLA_8BIT_UNIT                        20         41         0          41    <none> (D) 
            CLA_4BIT_UNIT_0                    17         35         0          35    <none> (D) 
            CLA_4BIT_UNIT_1                     2          5         0           5    <none> (D) 
        EXP_COM_8BIT                           24         41         0          41    <none> (D) 
          COMP_LESS_UNIT                       24         41         0          41    <none> (D) 
            u_high                             13         25         0          25    <none> (D) 
            u_low                              10         13         0          13    <none> (D) 
        EXP_SWAP                               13         31         0          31    <none> (D) 
        EXP_RND                                15         29         0          29    <none> (D) 
        MAN_ALU_PROC_RND                        7         13         0          13    <none> (D) 
        SIGN_UNIT                               1          2         0           2    <none> (D) 
      DATA_A_IM                              1124       2155         0        2155    <none> (D) 
        MAN_ALU                               215        424         0         424    <none> (D) 
          ALU_SUB_UNIT                        120        235         0         235    <none> (D) 
            CLA_BLOCK_GEN[0].CLA_4BIT_UNIT     18         41         0          41    <none> (D) 
            CLA_BLOCK_GEN[5].CLA_4BIT_UNIT     18         34         0          34    <none> (D) 
            CLA_BLOCK_GEN[3].CLA_4BIT_UNIT     18         34         0          34    <none> (D) 
            CLA_BLOCK_GEN[2].CLA_4BIT_UNIT     18         34         0          34    <none> (D) 
            CLA_BLOCK_GEN[1].CLA_4BIT_UNIT     18         34         0          34    <none> (D) 
            CLA_BLOCK_GEN[4].CLA_4BIT_UNIT     15         34         0          34    <none> (D) 
        NOR_UNIT                              207        362         0         362    <none> (D) 
          SHF_left_unit                       142        249         0         249    <none> (D) 
        SHF_RIGHT_MAN                         134        239         0         239    <none> (D) 
        PSC_UNIT                               86        160         0         160    <none> (D) 
        MAN_COMP_24BIT                         80        143         0         143    <none> (D) 
          u_i_data_4                           13         25         0          25    <none> (D) 
          u_i_data_3                           13         25         0          25    <none> (D) 
          u_i_data_2                           13         25         0          25    <none> (D) 
          u_i_data_1                           13         25         0          25    <none> (D) 
          u_i_data_5                           12         21         0          21    <none> (D) 
          u_i_data_0                           10         13         0          13    <none> (D) 
        MAN_SWAP                               48        113         0         113    <none> (D) 
        MAN_SWAP_PRE                           46        110         0         110    <none> (D) 
        MAN_RND                                26         91         0          91    <none> (D) 
        LOPD_24BIT                             58         85         0          85    <none> (D) 
          LOPD_16bit_UNIT_MSB                  34         52         0          52    <none> (D) 
            LOPD_8bit_unit_1                   14         20         0          20    <none> (D) 
            LOPD_8bit_unit_0                   14         20         0          20    <none> (D) 
          LOPD_8bit_UNIT_LSB                   14         20         0          20    <none> (D) 
        EXP_ADJUST                             37         81         0          81    <none> (D) 
          CLA_8BIT_UNIT                        30         73         0          73    <none> (D) 
            CLA_4BIT_UNIT_0                    18         41         0          41    <none> (D) 
            CLA_4BIT_UNIT_1                    11         29         0          29    <none> (D) 
        EXP_SUB                                25         45         0          45    <none> (D) 
          CLA_8BIT_UNIT                        20         41         0          41    <none> (D) 
            CLA_4BIT_UNIT_0                    17         35         0          35    <none> (D) 
            CLA_4BIT_UNIT_1                     2          5         0           5    <none> (D) 
        EXP_COM_8BIT                           24         41         0          41    <none> (D) 
          COMP_LESS_UNIT                       24         41         0          41    <none> (D) 
            u_high                             13         25         0          25    <none> (D) 
            u_low                              10         13         0          13    <none> (D) 
        EXP_SWAP                               13         31         0          31    <none> (D) 
        EXP_RND                                15         29         0          29    <none> (D) 
        MAN_ALU_PROC_RND                        7         13         0          13    <none> (D) 
        SIGN_UNIT                               2          3         0           3    <none> (D) 
    BFU2_UNIT2                               4508       8614         0        8614    <none> (D) 
      DATA_B_RE                              1126       2155         0        2155    <none> (D) 
        MAN_ALU                               215        424         0         424    <none> (D) 
          ALU_SUB_UNIT                        120        235         0         235    <none> (D) 
            CLA_BLOCK_GEN[0].CLA_4BIT_UNIT     18         41         0          41    <none> (D) 
            CLA_BLOCK_GEN[5].CLA_4BIT_UNIT     18         34         0          34    <none> (D) 
            CLA_BLOCK_GEN[3].CLA_4BIT_UNIT     18         34         0          34    <none> (D) 
            CLA_BLOCK_GEN[2].CLA_4BIT_UNIT     18         34         0          34    <none> (D) 
            CLA_BLOCK_GEN[1].CLA_4BIT_UNIT     18         34         0          34    <none> (D) 
            CLA_BLOCK_GEN[4].CLA_4BIT_UNIT     15         34         0          34    <none> (D) 
        NOR_UNIT                              207        362         0         362    <none> (D) 
          SHF_left_unit                       142        249         0         249    <none> (D) 
        SHF_RIGHT_MAN                         134        239         0         239    <none> (D) 
        PSC_UNIT                               88        160         0         160    <none> (D) 
        MAN_COMP_24BIT                         80        143         0         143    <none> (D) 
          u_i_data_4                           13         25         0          25    <none> (D) 
          u_i_data_3                           13         25         0          25    <none> (D) 
          u_i_data_2                           13         25         0          25    <none> (D) 
          u_i_data_1                           13         25         0          25    <none> (D) 
          u_i_data_5                           12         21         0          21    <none> (D) 
          u_i_data_0                           10         13         0          13    <none> (D) 
        MAN_SWAP                               48        113         0         113    <none> (D) 
        MAN_SWAP_PRE                           46        110         0         110    <none> (D) 
        MAN_RND                                26         91         0          91    <none> (D) 
        LOPD_24BIT                             58         85         0          85    <none> (D) 
          LOPD_16bit_UNIT_MSB                  34         52         0          52    <none> (D) 
            LOPD_8bit_unit_1                   14         20         0          20    <none> (D) 
            LOPD_8bit_unit_0                   14         20         0          20    <none> (D) 
          LOPD_8bit_UNIT_LSB                   14         20         0          20    <none> (D) 
        EXP_ADJUST                             37         81         0          81    <none> (D) 
          CLA_8BIT_UNIT                        30         73         0          73    <none> (D) 
            CLA_4BIT_UNIT_0                    18         41         0          41    <none> (D) 
            CLA_4BIT_UNIT_1                    11         29         0          29    <none> (D) 
        EXP_SUB                                25         45         0          45    <none> (D) 
          CLA_8BIT_UNIT                        20         41         0          41    <none> (D) 
            CLA_4BIT_UNIT_0                    17         35         0          35    <none> (D) 
            CLA_4BIT_UNIT_1                     2          5         0           5    <none> (D) 
        EXP_COM_8BIT                           24         41         0          41    <none> (D) 
          COMP_LESS_UNIT                       24         41         0          41    <none> (D) 
            u_high                             13         25         0          25    <none> (D) 
            u_low                              10         13         0          13    <none> (D) 
        EXP_SWAP                               13         31         0          31    <none> (D) 
        EXP_RND                                15         29         0          29    <none> (D) 
        MAN_ALU_PROC_RND                        7         13         0          13    <none> (D) 
        SIGN_UNIT                               2          3         0           3    <none> (D) 
      DATA_B_IM                              1126       2155         0        2155    <none> (D) 
        MAN_ALU                               215        424         0         424    <none> (D) 
          ALU_SUB_UNIT                        120        235         0         235    <none> (D) 
            CLA_BLOCK_GEN[0].CLA_4BIT_UNIT     18         41         0          41    <none> (D) 
            CLA_BLOCK_GEN[5].CLA_4BIT_UNIT     18         34         0          34    <none> (D) 
            CLA_BLOCK_GEN[3].CLA_4BIT_UNIT     18         34         0          34    <none> (D) 
            CLA_BLOCK_GEN[2].CLA_4BIT_UNIT     18         34         0          34    <none> (D) 
            CLA_BLOCK_GEN[1].CLA_4BIT_UNIT     18         34         0          34    <none> (D) 
            CLA_BLOCK_GEN[4].CLA_4BIT_UNIT     15         34         0          34    <none> (D) 
        NOR_UNIT                              207        362         0         362    <none> (D) 
          SHF_left_unit                       142        249         0         249    <none> (D) 
        SHF_RIGHT_MAN                         134        239         0         239    <none> (D) 
        PSC_UNIT                               88        160         0         160    <none> (D) 
        MAN_COMP_24BIT                         80        143         0         143    <none> (D) 
          u_i_data_4                           13         25         0          25    <none> (D) 
          u_i_data_3                           13         25         0          25    <none> (D) 
          u_i_data_2                           13         25         0          25    <none> (D) 
          u_i_data_1                           13         25         0          25    <none> (D) 
          u_i_data_5                           12         21         0          21    <none> (D) 
          u_i_data_0                           10         13         0          13    <none> (D) 
        MAN_SWAP                               48        113         0         113    <none> (D) 
        MAN_SWAP_PRE                           46        110         0         110    <none> (D) 
        MAN_RND                                26         91         0          91    <none> (D) 
        LOPD_24BIT                             58         85         0          85    <none> (D) 
          LOPD_16bit_UNIT_MSB                  34         52         0          52    <none> (D) 
            LOPD_8bit_unit_1                   14         20         0          20    <none> (D) 
            LOPD_8bit_unit_0                   14         20         0          20    <none> (D) 
          LOPD_8bit_UNIT_LSB                   14         20         0          20    <none> (D) 
        EXP_ADJUST                             37         81         0          81    <none> (D) 
          CLA_8BIT_UNIT                        30         73         0          73    <none> (D) 
            CLA_4BIT_UNIT_0                    18         41         0          41    <none> (D) 
            CLA_4BIT_UNIT_1                    11         29         0          29    <none> (D) 
        EXP_SUB                                25         45         0          45    <none> (D) 
          CLA_8BIT_UNIT                        20         41         0          41    <none> (D) 
            CLA_4BIT_UNIT_0                    17         35         0          35    <none> (D) 
            CLA_4BIT_UNIT_1                     2          5         0           5    <none> (D) 
        EXP_COM_8BIT                           24         41         0          41    <none> (D) 
          COMP_LESS_UNIT                       24         41         0          41    <none> (D) 
            u_high                             13         25         0          25    <none> (D) 
            u_low                              10         13         0          13    <none> (D) 
        EXP_SWAP                               13         31         0          31    <none> (D) 
        EXP_RND                                15         29         0          29    <none> (D) 
        MAN_ALU_PROC_RND                        7         13         0          13    <none> (D) 
        SIGN_UNIT                               2          3         0           3    <none> (D) 
      DATA_A_RE                              1128       2153         0        2153    <none> (D) 
        MAN_ALU                               217        425         0         425    <none> (D) 
          ALU_SUB_UNIT                        120        235         0         235    <none> (D) 
            CLA_BLOCK_GEN[0].CLA_4BIT_UNIT     18         41         0          41    <none> (D) 
            CLA_BLOCK_GEN[5].CLA_4BIT_UNIT     18         34         0          34    <none> (D) 
            CLA_BLOCK_GEN[3].CLA_4BIT_UNIT     18         34         0          34    <none> (D) 
            CLA_BLOCK_GEN[2].CLA_4BIT_UNIT     18         34         0          34    <none> (D) 
            CLA_BLOCK_GEN[1].CLA_4BIT_UNIT     18         34         0          34    <none> (D) 
            CLA_BLOCK_GEN[4].CLA_4BIT_UNIT     15         34         0          34    <none> (D) 
        NOR_UNIT                              207        362         0         362    <none> (D) 
          SHF_left_unit                       142        249         0         249    <none> (D) 
        SHF_RIGHT_MAN                         137        239         0         239    <none> (D) 
        PSC_UNIT                               86        158         0         158    <none> (D) 
        MAN_COMP_24BIT                         80        143         0         143    <none> (D) 
          u_i_data_4                           13         25         0          25    <none> (D) 
          u_i_data_3                           13         25         0          25    <none> (D) 
          u_i_data_2                           13         25         0          25    <none> (D) 
          u_i_data_1                           13         25         0          25    <none> (D) 
          u_i_data_5                           12         21         0          21    <none> (D) 
          u_i_data_0                           10         13         0          13    <none> (D) 
        MAN_SWAP                               48        113         0         113    <none> (D) 
        MAN_SWAP_PRE                           46        110         0         110    <none> (D) 
        MAN_RND                                26         91         0          91    <none> (D) 
        LOPD_24BIT                             58         85         0          85    <none> (D) 
          LOPD_16bit_UNIT_MSB                  34         52         0          52    <none> (D) 
            LOPD_8bit_unit_1                   14         20         0          20    <none> (D) 
            LOPD_8bit_unit_0                   14         20         0          20    <none> (D) 
          LOPD_8bit_UNIT_LSB                   14         20         0          20    <none> (D) 
        EXP_ADJUST                             37         81         0          81    <none> (D) 
          CLA_8BIT_UNIT                        30         73         0          73    <none> (D) 
            CLA_4BIT_UNIT_0                    18         41         0          41    <none> (D) 
            CLA_4BIT_UNIT_1                    11         29         0          29    <none> (D) 
        EXP_SUB                                25         45         0          45    <none> (D) 
          CLA_8BIT_UNIT                        20         41         0          41    <none> (D) 
            CLA_4BIT_UNIT_0                    17         35         0          35    <none> (D) 
            CLA_4BIT_UNIT_1                     2          5         0           5    <none> (D) 
        EXP_COM_8BIT                           24         41         0          41    <none> (D) 
          COMP_LESS_UNIT                       24         41         0          41    <none> (D) 
            u_high                             13         25         0          25    <none> (D) 
            u_low                              10         13         0          13    <none> (D) 
        EXP_SWAP                               13         31         0          31    <none> (D) 
        EXP_RND                                15         29         0          29    <none> (D) 
        MAN_ALU_PROC_RND                        7         13         0          13    <none> (D) 
        SIGN_UNIT                               1          2         0           2    <none> (D) 
      DATA_A_IM                              1128       2153         0        2153    <none> (D) 
        MAN_ALU                               217        425         0         425    <none> (D) 
          ALU_SUB_UNIT                        120        235         0         235    <none> (D) 
            CLA_BLOCK_GEN[0].CLA_4BIT_UNIT     18         41         0          41    <none> (D) 
            CLA_BLOCK_GEN[5].CLA_4BIT_UNIT     18         34         0          34    <none> (D) 
            CLA_BLOCK_GEN[3].CLA_4BIT_UNIT     18         34         0          34    <none> (D) 
            CLA_BLOCK_GEN[2].CLA_4BIT_UNIT     18         34         0          34    <none> (D) 
            CLA_BLOCK_GEN[1].CLA_4BIT_UNIT     18         34         0          34    <none> (D) 
            CLA_BLOCK_GEN[4].CLA_4BIT_UNIT     15         34         0          34    <none> (D) 
        NOR_UNIT                              207        362         0         362    <none> (D) 
          SHF_left_unit                       142        249         0         249    <none> (D) 
        SHF_RIGHT_MAN                         137        239         0         239    <none> (D) 
        PSC_UNIT                               86        158         0         158    <none> (D) 
        MAN_COMP_24BIT                         80        143         0         143    <none> (D) 
          u_i_data_4                           13         25         0          25    <none> (D) 
          u_i_data_3                           13         25         0          25    <none> (D) 
          u_i_data_2                           13         25         0          25    <none> (D) 
          u_i_data_1                           13         25         0          25    <none> (D) 
          u_i_data_5                           12         21         0          21    <none> (D) 
          u_i_data_0                           10         13         0          13    <none> (D) 
        MAN_SWAP                               48        113         0         113    <none> (D) 
        MAN_SWAP_PRE                           46        110         0         110    <none> (D) 
        MAN_RND                                26         91         0          91    <none> (D) 
        LOPD_24BIT                             58         85         0          85    <none> (D) 
          LOPD_16bit_UNIT_MSB                  34         52         0          52    <none> (D) 
            LOPD_8bit_unit_1                   14         20         0          20    <none> (D) 
            LOPD_8bit_unit_0                   14         20         0          20    <none> (D) 
          LOPD_8bit_UNIT_LSB                   14         20         0          20    <none> (D) 
        EXP_ADJUST                             37         81         0          81    <none> (D) 
          CLA_8BIT_UNIT                        30         73         0          73    <none> (D) 
            CLA_4BIT_UNIT_0                    18         41         0          41    <none> (D) 
            CLA_4BIT_UNIT_1                    11         29         0          29    <none> (D) 
        EXP_SUB                                25         45         0          45    <none> (D) 
          CLA_8BIT_UNIT                        20         41         0          41    <none> (D) 
            CLA_4BIT_UNIT_0                    17         35         0          35    <none> (D) 
            CLA_4BIT_UNIT_1                     2          5         0           5    <none> (D) 
        EXP_COM_8BIT                           24         41         0          41    <none> (D) 
          COMP_LESS_UNIT                       24         41         0          41    <none> (D) 
            u_high                             13         25         0          25    <none> (D) 
            u_low                              10         13         0          13    <none> (D) 
        EXP_SWAP                               13         31         0          31    <none> (D) 
        EXP_RND                                15         29         0          29    <none> (D) 
        MAN_ALU_PROC_RND                        7         13         0          13    <none> (D) 
        SIGN_UNIT                               1          2         0           2    <none> (D) 
    BFU2_UNIT0                               4508       8614         0        8614    <none> (D) 
      DATA_B_RE                              1126       2155         0        2155    <none> (D) 
        MAN_ALU                               215        424         0         424    <none> (D) 
          ALU_SUB_UNIT                        120        235         0         235    <none> (D) 
            CLA_BLOCK_GEN[0].CLA_4BIT_UNIT     18         41         0          41    <none> (D) 
            CLA_BLOCK_GEN[5].CLA_4BIT_UNIT     18         34         0          34    <none> (D) 
            CLA_BLOCK_GEN[3].CLA_4BIT_UNIT     18         34         0          34    <none> (D) 
            CLA_BLOCK_GEN[2].CLA_4BIT_UNIT     18         34         0          34    <none> (D) 
            CLA_BLOCK_GEN[1].CLA_4BIT_UNIT     18         34         0          34    <none> (D) 
            CLA_BLOCK_GEN[4].CLA_4BIT_UNIT     15         34         0          34    <none> (D) 
        NOR_UNIT                              207        362         0         362    <none> (D) 
          SHF_left_unit                       142        249         0         249    <none> (D) 
        SHF_RIGHT_MAN                         134        239         0         239    <none> (D) 
        PSC_UNIT                               88        160         0         160    <none> (D) 
        MAN_COMP_24BIT                         80        143         0         143    <none> (D) 
          u_i_data_4                           13         25         0          25    <none> (D) 
          u_i_data_3                           13         25         0          25    <none> (D) 
          u_i_data_2                           13         25         0          25    <none> (D) 
          u_i_data_1                           13         25         0          25    <none> (D) 
          u_i_data_5                           12         21         0          21    <none> (D) 
          u_i_data_0                           10         13         0          13    <none> (D) 
        MAN_SWAP                               48        113         0         113    <none> (D) 
        MAN_SWAP_PRE                           46        110         0         110    <none> (D) 
        MAN_RND                                26         91         0          91    <none> (D) 
        LOPD_24BIT                             58         85         0          85    <none> (D) 
          LOPD_16bit_UNIT_MSB                  34         52         0          52    <none> (D) 
            LOPD_8bit_unit_1                   14         20         0          20    <none> (D) 
            LOPD_8bit_unit_0                   14         20         0          20    <none> (D) 
          LOPD_8bit_UNIT_LSB                   14         20         0          20    <none> (D) 
        EXP_ADJUST                             37         81         0          81    <none> (D) 
          CLA_8BIT_UNIT                        30         73         0          73    <none> (D) 
            CLA_4BIT_UNIT_0                    18         41         0          41    <none> (D) 
            CLA_4BIT_UNIT_1                    11         29         0          29    <none> (D) 
        EXP_SUB                                25         45         0          45    <none> (D) 
          CLA_8BIT_UNIT                        20         41         0          41    <none> (D) 
            CLA_4BIT_UNIT_0                    17         35         0          35    <none> (D) 
            CLA_4BIT_UNIT_1                     2          5         0           5    <none> (D) 
        EXP_COM_8BIT                           24         41         0          41    <none> (D) 
          COMP_LESS_UNIT                       24         41         0          41    <none> (D) 
            u_high                             13         25         0          25    <none> (D) 
            u_low                              10         13         0          13    <none> (D) 
        EXP_SWAP                               13         31         0          31    <none> (D) 
        EXP_RND                                15         29         0          29    <none> (D) 
        MAN_ALU_PROC_RND                        7         13         0          13    <none> (D) 
        SIGN_UNIT                               2          3         0           3    <none> (D) 
      DATA_B_IM                              1126       2155         0        2155    <none> (D) 
        MAN_ALU                               215        424         0         424    <none> (D) 
          ALU_SUB_UNIT                        120        235         0         235    <none> (D) 
            CLA_BLOCK_GEN[0].CLA_4BIT_UNIT     18         41         0          41    <none> (D) 
            CLA_BLOCK_GEN[5].CLA_4BIT_UNIT     18         34         0          34    <none> (D) 
            CLA_BLOCK_GEN[3].CLA_4BIT_UNIT     18         34         0          34    <none> (D) 
            CLA_BLOCK_GEN[2].CLA_4BIT_UNIT     18         34         0          34    <none> (D) 
            CLA_BLOCK_GEN[1].CLA_4BIT_UNIT     18         34         0          34    <none> (D) 
            CLA_BLOCK_GEN[4].CLA_4BIT_UNIT     15         34         0          34    <none> (D) 
        NOR_UNIT                              207        362         0         362    <none> (D) 
          SHF_left_unit                       142        249         0         249    <none> (D) 
        SHF_RIGHT_MAN                         134        239         0         239    <none> (D) 
        PSC_UNIT                               88        160         0         160    <none> (D) 
        MAN_COMP_24BIT                         80        143         0         143    <none> (D) 
          u_i_data_4                           13         25         0          25    <none> (D) 
          u_i_data_3                           13         25         0          25    <none> (D) 
          u_i_data_2                           13         25         0          25    <none> (D) 
          u_i_data_1                           13         25         0          25    <none> (D) 
          u_i_data_5                           12         21         0          21    <none> (D) 
          u_i_data_0                           10         13         0          13    <none> (D) 
        MAN_SWAP                               48        113         0         113    <none> (D) 
        MAN_SWAP_PRE                           46        110         0         110    <none> (D) 
        MAN_RND                                26         91         0          91    <none> (D) 
        LOPD_24BIT                             58         85         0          85    <none> (D) 
          LOPD_16bit_UNIT_MSB                  34         52         0          52    <none> (D) 
            LOPD_8bit_unit_1                   14         20         0          20    <none> (D) 
            LOPD_8bit_unit_0                   14         20         0          20    <none> (D) 
          LOPD_8bit_UNIT_LSB                   14         20         0          20    <none> (D) 
        EXP_ADJUST                             37         81         0          81    <none> (D) 
          CLA_8BIT_UNIT                        30         73         0          73    <none> (D) 
            CLA_4BIT_UNIT_0                    18         41         0          41    <none> (D) 
            CLA_4BIT_UNIT_1                    11         29         0          29    <none> (D) 
        EXP_SUB                                25         45         0          45    <none> (D) 
          CLA_8BIT_UNIT                        20         41         0          41    <none> (D) 
            CLA_4BIT_UNIT_0                    17         35         0          35    <none> (D) 
            CLA_4BIT_UNIT_1                     2          5         0           5    <none> (D) 
        EXP_COM_8BIT                           24         41         0          41    <none> (D) 
          COMP_LESS_UNIT                       24         41         0          41    <none> (D) 
            u_high                             13         25         0          25    <none> (D) 
            u_low                              10         13         0          13    <none> (D) 
        EXP_SWAP                               13         31         0          31    <none> (D) 
        EXP_RND                                15         29         0          29    <none> (D) 
        MAN_ALU_PROC_RND                        7         13         0          13    <none> (D) 
        SIGN_UNIT                               2          3         0           3    <none> (D) 
      DATA_A_RE                              1128       2153         0        2153    <none> (D) 
        MAN_ALU                               217        425         0         425    <none> (D) 
          ALU_SUB_UNIT                        120        235         0         235    <none> (D) 
            CLA_BLOCK_GEN[0].CLA_4BIT_UNIT     18         41         0          41    <none> (D) 
            CLA_BLOCK_GEN[5].CLA_4BIT_UNIT     18         34         0          34    <none> (D) 
            CLA_BLOCK_GEN[3].CLA_4BIT_UNIT     18         34         0          34    <none> (D) 
            CLA_BLOCK_GEN[2].CLA_4BIT_UNIT     18         34         0          34    <none> (D) 
            CLA_BLOCK_GEN[1].CLA_4BIT_UNIT     18         34         0          34    <none> (D) 
            CLA_BLOCK_GEN[4].CLA_4BIT_UNIT     15         34         0          34    <none> (D) 
        NOR_UNIT                              207        362         0         362    <none> (D) 
          SHF_left_unit                       142        249         0         249    <none> (D) 
        SHF_RIGHT_MAN                         137        239         0         239    <none> (D) 
        PSC_UNIT                               86        158         0         158    <none> (D) 
        MAN_COMP_24BIT                         80        143         0         143    <none> (D) 
          u_i_data_4                           13         25         0          25    <none> (D) 
          u_i_data_3                           13         25         0          25    <none> (D) 
          u_i_data_2                           13         25         0          25    <none> (D) 
          u_i_data_1                           13         25         0          25    <none> (D) 
          u_i_data_5                           12         21         0          21    <none> (D) 
          u_i_data_0                           10         13         0          13    <none> (D) 
        MAN_SWAP                               48        113         0         113    <none> (D) 
        MAN_SWAP_PRE                           46        110         0         110    <none> (D) 
        MAN_RND                                26         91         0          91    <none> (D) 
        LOPD_24BIT                             58         85         0          85    <none> (D) 
          LOPD_16bit_UNIT_MSB                  34         52         0          52    <none> (D) 
            LOPD_8bit_unit_1                   14         20         0          20    <none> (D) 
            LOPD_8bit_unit_0                   14         20         0          20    <none> (D) 
          LOPD_8bit_UNIT_LSB                   14         20         0          20    <none> (D) 
        EXP_ADJUST                             37         81         0          81    <none> (D) 
          CLA_8BIT_UNIT                        30         73         0          73    <none> (D) 
            CLA_4BIT_UNIT_0                    18         41         0          41    <none> (D) 
            CLA_4BIT_UNIT_1                    11         29         0          29    <none> (D) 
        EXP_SUB                                25         45         0          45    <none> (D) 
          CLA_8BIT_UNIT                        20         41         0          41    <none> (D) 
            CLA_4BIT_UNIT_0                    17         35         0          35    <none> (D) 
            CLA_4BIT_UNIT_1                     2          5         0           5    <none> (D) 
        EXP_COM_8BIT                           24         41         0          41    <none> (D) 
          COMP_LESS_UNIT                       24         41         0          41    <none> (D) 
            u_high                             13         25         0          25    <none> (D) 
            u_low                              10         13         0          13    <none> (D) 
        EXP_SWAP                               13         31         0          31    <none> (D) 
        EXP_RND                                15         29         0          29    <none> (D) 
        MAN_ALU_PROC_RND                        7         13         0          13    <none> (D) 
        SIGN_UNIT                               1          2         0           2    <none> (D) 
      DATA_A_IM                              1128       2153         0        2153    <none> (D) 
        MAN_ALU                               217        425         0         425    <none> (D) 
          ALU_SUB_UNIT                        120        235         0         235    <none> (D) 
            CLA_BLOCK_GEN[0].CLA_4BIT_UNIT     18         41         0          41    <none> (D) 
            CLA_BLOCK_GEN[5].CLA_4BIT_UNIT     18         34         0          34    <none> (D) 
            CLA_BLOCK_GEN[3].CLA_4BIT_UNIT     18         34         0          34    <none> (D) 
            CLA_BLOCK_GEN[2].CLA_4BIT_UNIT     18         34         0          34    <none> (D) 
            CLA_BLOCK_GEN[1].CLA_4BIT_UNIT     18         34         0          34    <none> (D) 
            CLA_BLOCK_GEN[4].CLA_4BIT_UNIT     15         34         0          34    <none> (D) 
        NOR_UNIT                              207        362         0         362    <none> (D) 
          SHF_left_unit                       142        249         0         249    <none> (D) 
        SHF_RIGHT_MAN                         137        239         0         239    <none> (D) 
        PSC_UNIT                               86        158         0         158    <none> (D) 
        MAN_COMP_24BIT                         80        143         0         143    <none> (D) 
          u_i_data_4                           13         25         0          25    <none> (D) 
          u_i_data_3                           13         25         0          25    <none> (D) 
          u_i_data_2                           13         25         0          25    <none> (D) 
          u_i_data_1                           13         25         0          25    <none> (D) 
          u_i_data_5                           12         21         0          21    <none> (D) 
          u_i_data_0                           10         13         0          13    <none> (D) 
        MAN_SWAP                               48        113         0         113    <none> (D) 
        MAN_SWAP_PRE                           46        110         0         110    <none> (D) 
        MAN_RND                                26         91         0          91    <none> (D) 
        LOPD_24BIT                             58         85         0          85    <none> (D) 
          LOPD_16bit_UNIT_MSB                  34         52         0          52    <none> (D) 
            LOPD_8bit_unit_1                   14         20         0          20    <none> (D) 
            LOPD_8bit_unit_0                   14         20         0          20    <none> (D) 
          LOPD_8bit_UNIT_LSB                   14         20         0          20    <none> (D) 
        EXP_ADJUST                             37         81         0          81    <none> (D) 
          CLA_8BIT_UNIT                        30         73         0          73    <none> (D) 
            CLA_4BIT_UNIT_0                    18         41         0          41    <none> (D) 
            CLA_4BIT_UNIT_1                    11         29         0          29    <none> (D) 
        EXP_SUB                                25         45         0          45    <none> (D) 
          CLA_8BIT_UNIT                        20         41         0          41    <none> (D) 
            CLA_4BIT_UNIT_0                    17         35         0          35    <none> (D) 
            CLA_4BIT_UNIT_1                     2          5         0           5    <none> (D) 
        EXP_COM_8BIT                           24         41         0          41    <none> (D) 
          COMP_LESS_UNIT                       24         41         0          41    <none> (D) 
            u_high                             13         25         0          25    <none> (D) 
            u_low                              10         13         0          13    <none> (D) 
        EXP_SWAP                               13         31         0          31    <none> (D) 
        EXP_RND                                15         29         0          29    <none> (D) 
        MAN_ALU_PROC_RND                        7         13         0          13    <none> (D) 
        SIGN_UNIT                               1          2         0           2    <none> (D) 
    BFU2_UNIT3                               4508       8611         0        8611    <none> (D) 
      DATA_B_RE                              1127       2153         0        2153    <none> (D) 
        MAN_ALU                               215        424         0         424    <none> (D) 
          ALU_SUB_UNIT                        120        235         0         235    <none> (D) 
            CLA_BLOCK_GEN[0].CLA_4BIT_UNIT     18         41         0          41    <none> (D) 
            CLA_BLOCK_GEN[5].CLA_4BIT_UNIT     18         34         0          34    <none> (D) 
            CLA_BLOCK_GEN[3].CLA_4BIT_UNIT     18         34         0          34    <none> (D) 
            CLA_BLOCK_GEN[2].CLA_4BIT_UNIT     18         34         0          34    <none> (D) 
            CLA_BLOCK_GEN[1].CLA_4BIT_UNIT     18         34         0          34    <none> (D) 
            CLA_BLOCK_GEN[4].CLA_4BIT_UNIT     15         34         0          34    <none> (D) 
        NOR_UNIT                              207        362         0         362    <none> (D) 
          SHF_left_unit                       142        249         0         249    <none> (D) 
        SHF_RIGHT_MAN                         135        238         0         238    <none> (D) 
        PSC_UNIT                               88        159         0         159    <none> (D) 
        MAN_COMP_24BIT                         80        143         0         143    <none> (D) 
          u_i_data_4                           13         25         0          25    <none> (D) 
          u_i_data_3                           13         25         0          25    <none> (D) 
          u_i_data_2                           13         25         0          25    <none> (D) 
          u_i_data_1                           13         25         0          25    <none> (D) 
          u_i_data_5                           12         21         0          21    <none> (D) 
          u_i_data_0                           10         13         0          13    <none> (D) 
        MAN_SWAP                               48        113         0         113    <none> (D) 
        MAN_SWAP_PRE                           46        110         0         110    <none> (D) 
        MAN_RND                                26         91         0          91    <none> (D) 
        LOPD_24BIT                             58         85         0          85    <none> (D) 
          LOPD_16bit_UNIT_MSB                  34         52         0          52    <none> (D) 
            LOPD_8bit_unit_1                   14         20         0          20    <none> (D) 
            LOPD_8bit_unit_0                   14         20         0          20    <none> (D) 
          LOPD_8bit_UNIT_LSB                   14         20         0          20    <none> (D) 
        EXP_ADJUST                             37         81         0          81    <none> (D) 
          CLA_8BIT_UNIT                        30         73         0          73    <none> (D) 
            CLA_4BIT_UNIT_0                    18         41         0          41    <none> (D) 
            CLA_4BIT_UNIT_1                    11         29         0          29    <none> (D) 
        EXP_SUB                                25         45         0          45    <none> (D) 
          CLA_8BIT_UNIT                        20         41         0          41    <none> (D) 
            CLA_4BIT_UNIT_0                    17         35         0          35    <none> (D) 
            CLA_4BIT_UNIT_1                     2          5         0           5    <none> (D) 
        EXP_COM_8BIT                           24         41         0          41    <none> (D) 
          COMP_LESS_UNIT                       24         41         0          41    <none> (D) 
            u_high                             13         25         0          25    <none> (D) 
            u_low                              10         13         0          13    <none> (D) 
        EXP_SWAP                               13         31         0          31    <none> (D) 
        EXP_RND                                15         29         0          29    <none> (D) 
        MAN_ALU_PROC_RND                        7         13         0          13    <none> (D) 
        SIGN_UNIT                               2          3         0           3    <none> (D) 
      DATA_B_IM                              1127       2153         0        2153    <none> (D) 
        MAN_ALU                               215        424         0         424    <none> (D) 
          ALU_SUB_UNIT                        120        235         0         235    <none> (D) 
            CLA_BLOCK_GEN[0].CLA_4BIT_UNIT     18         41         0          41    <none> (D) 
            CLA_BLOCK_GEN[5].CLA_4BIT_UNIT     18         34         0          34    <none> (D) 
            CLA_BLOCK_GEN[3].CLA_4BIT_UNIT     18         34         0          34    <none> (D) 
            CLA_BLOCK_GEN[2].CLA_4BIT_UNIT     18         34         0          34    <none> (D) 
            CLA_BLOCK_GEN[1].CLA_4BIT_UNIT     18         34         0          34    <none> (D) 
            CLA_BLOCK_GEN[4].CLA_4BIT_UNIT     15         34         0          34    <none> (D) 
        NOR_UNIT                              207        362         0         362    <none> (D) 
          SHF_left_unit                       142        249         0         249    <none> (D) 
        SHF_RIGHT_MAN                         135        238         0         238    <none> (D) 
        PSC_UNIT                               88        159         0         159    <none> (D) 
        MAN_COMP_24BIT                         80        143         0         143    <none> (D) 
          u_i_data_4                           13         25         0          25    <none> (D) 
          u_i_data_3                           13         25         0          25    <none> (D) 
          u_i_data_2                           13         25         0          25    <none> (D) 
          u_i_data_1                           13         25         0          25    <none> (D) 
          u_i_data_5                           12         21         0          21    <none> (D) 
          u_i_data_0                           10         13         0          13    <none> (D) 
        MAN_SWAP                               48        113         0         113    <none> (D) 
        MAN_SWAP_PRE                           46        110         0         110    <none> (D) 
        MAN_RND                                26         91         0          91    <none> (D) 
        LOPD_24BIT                             58         85         0          85    <none> (D) 
          LOPD_16bit_UNIT_MSB                  34         52         0          52    <none> (D) 
            LOPD_8bit_unit_1                   14         20         0          20    <none> (D) 
            LOPD_8bit_unit_0                   14         20         0          20    <none> (D) 
          LOPD_8bit_UNIT_LSB                   14         20         0          20    <none> (D) 
        EXP_ADJUST                             37         81         0          81    <none> (D) 
          CLA_8BIT_UNIT                        30         73         0          73    <none> (D) 
            CLA_4BIT_UNIT_0                    18         41         0          41    <none> (D) 
            CLA_4BIT_UNIT_1                    11         29         0          29    <none> (D) 
        EXP_SUB                                25         45         0          45    <none> (D) 
          CLA_8BIT_UNIT                        20         41         0          41    <none> (D) 
            CLA_4BIT_UNIT_0                    17         35         0          35    <none> (D) 
            CLA_4BIT_UNIT_1                     2          5         0           5    <none> (D) 
        EXP_COM_8BIT                           24         41         0          41    <none> (D) 
          COMP_LESS_UNIT                       24         41         0          41    <none> (D) 
            u_high                             13         25         0          25    <none> (D) 
            u_low                              10         13         0          13    <none> (D) 
        EXP_SWAP                               13         31         0          31    <none> (D) 
        EXP_RND                                15         29         0          29    <none> (D) 
        MAN_ALU_PROC_RND                        7         13         0          13    <none> (D) 
        SIGN_UNIT                               2          3         0           3    <none> (D) 
      DATA_A_RE                              1127       2153         0        2153    <none> (D) 
        MAN_ALU                               217        425         0         425    <none> (D) 
          ALU_SUB_UNIT                        120        235         0         235    <none> (D) 
            CLA_BLOCK_GEN[0].CLA_4BIT_UNIT     18         41         0          41    <none> (D) 
            CLA_BLOCK_GEN[5].CLA_4BIT_UNIT     18         34         0          34    <none> (D) 
            CLA_BLOCK_GEN[3].CLA_4BIT_UNIT     18         34         0          34    <none> (D) 
            CLA_BLOCK_GEN[2].CLA_4BIT_UNIT     18         34         0          34    <none> (D) 
            CLA_BLOCK_GEN[1].CLA_4BIT_UNIT     18         34         0          34    <none> (D) 
            CLA_BLOCK_GEN[4].CLA_4BIT_UNIT     15         34         0          34    <none> (D) 
        NOR_UNIT                              207        362         0         362    <none> (D) 
          SHF_left_unit                       142        249         0         249    <none> (D) 
        SHF_RIGHT_MAN                         135        238         0         238    <none> (D) 
        PSC_UNIT                               87        158         0         158    <none> (D) 
        MAN_COMP_24BIT                         80        143         0         143    <none> (D) 
          u_i_data_4                           13         25         0          25    <none> (D) 
          u_i_data_3                           13         25         0          25    <none> (D) 
          u_i_data_2                           13         25         0          25    <none> (D) 
          u_i_data_1                           13         25         0          25    <none> (D) 
          u_i_data_5                           12         21         0          21    <none> (D) 
          u_i_data_0                           10         13         0          13    <none> (D) 
        MAN_SWAP                               48        113         0         113    <none> (D) 
        MAN_SWAP_PRE                           46        110         0         110    <none> (D) 
        MAN_RND                                26         91         0          91    <none> (D) 
        LOPD_24BIT                             58         85         0          85    <none> (D) 
          LOPD_16bit_UNIT_MSB                  34         52         0          52    <none> (D) 
            LOPD_8bit_unit_1                   14         20         0          20    <none> (D) 
            LOPD_8bit_unit_0                   14         20         0          20    <none> (D) 
          LOPD_8bit_UNIT_LSB                   14         20         0          20    <none> (D) 
        EXP_ADJUST                             37         81         0          81    <none> (D) 
          CLA_8BIT_UNIT                        30         73         0          73    <none> (D) 
            CLA_4BIT_UNIT_0                    18         41         0          41    <none> (D) 
            CLA_4BIT_UNIT_1                    11         29         0          29    <none> (D) 
        EXP_SUB                                25         45         0          45    <none> (D) 
          CLA_8BIT_UNIT                        20         41         0          41    <none> (D) 
            CLA_4BIT_UNIT_0                    17         35         0          35    <none> (D) 
            CLA_4BIT_UNIT_1                     2          5         0           5    <none> (D) 
        EXP_COM_8BIT                           24         41         0          41    <none> (D) 
          COMP_LESS_UNIT                       24         41         0          41    <none> (D) 
            u_high                             13         25         0          25    <none> (D) 
            u_low                              10         13         0          13    <none> (D) 
        EXP_SWAP                               13         31         0          31    <none> (D) 
        EXP_RND                                15         29         0          29    <none> (D) 
        MAN_ALU_PROC_RND                        7         13         0          13    <none> (D) 
        SIGN_UNIT                               1          2         0           2    <none> (D) 
      DATA_A_IM                              1127       2153         0        2153    <none> (D) 
        MAN_ALU                               217        425         0         425    <none> (D) 
          ALU_SUB_UNIT                        120        235         0         235    <none> (D) 
            CLA_BLOCK_GEN[0].CLA_4BIT_UNIT     18         41         0          41    <none> (D) 
            CLA_BLOCK_GEN[5].CLA_4BIT_UNIT     18         34         0          34    <none> (D) 
            CLA_BLOCK_GEN[3].CLA_4BIT_UNIT     18         34         0          34    <none> (D) 
            CLA_BLOCK_GEN[2].CLA_4BIT_UNIT     18         34         0          34    <none> (D) 
            CLA_BLOCK_GEN[1].CLA_4BIT_UNIT     18         34         0          34    <none> (D) 
            CLA_BLOCK_GEN[4].CLA_4BIT_UNIT     15         34         0          34    <none> (D) 
        NOR_UNIT                              207        362         0         362    <none> (D) 
          SHF_left_unit                       142        249         0         249    <none> (D) 
        SHF_RIGHT_MAN                         135        238         0         238    <none> (D) 
        PSC_UNIT                               87        158         0         158    <none> (D) 
        MAN_COMP_24BIT                         80        143         0         143    <none> (D) 
          u_i_data_4                           13         25         0          25    <none> (D) 
          u_i_data_3                           13         25         0          25    <none> (D) 
          u_i_data_2                           13         25         0          25    <none> (D) 
          u_i_data_1                           13         25         0          25    <none> (D) 
          u_i_data_5                           12         21         0          21    <none> (D) 
          u_i_data_0                           10         13         0          13    <none> (D) 
        MAN_SWAP                               48        113         0         113    <none> (D) 
        MAN_SWAP_PRE                           46        110         0         110    <none> (D) 
        MAN_RND                                26         91         0          91    <none> (D) 
        LOPD_24BIT                             58         85         0          85    <none> (D) 
          LOPD_16bit_UNIT_MSB                  34         52         0          52    <none> (D) 
            LOPD_8bit_unit_1                   14         20         0          20    <none> (D) 
            LOPD_8bit_unit_0                   14         20         0          20    <none> (D) 
          LOPD_8bit_UNIT_LSB                   14         20         0          20    <none> (D) 
        EXP_ADJUST                             37         81         0          81    <none> (D) 
          CLA_8BIT_UNIT                        30         73         0          73    <none> (D) 
            CLA_4BIT_UNIT_0                    18         41         0          41    <none> (D) 
            CLA_4BIT_UNIT_1                    11         29         0          29    <none> (D) 
        EXP_SUB                                25         45         0          45    <none> (D) 
          CLA_8BIT_UNIT                        20         41         0          41    <none> (D) 
            CLA_4BIT_UNIT_0                    17         35         0          35    <none> (D) 
            CLA_4BIT_UNIT_1                     2          5         0           5    <none> (D) 
        EXP_COM_8BIT                           24         41         0          41    <none> (D) 
          COMP_LESS_UNIT                       24         41         0          41    <none> (D) 
            u_high                             13         25         0          25    <none> (D) 
            u_low                              10         13         0          13    <none> (D) 
        EXP_SWAP                               13         31         0          31    <none> (D) 
        EXP_RND                                15         29         0          29    <none> (D) 
        MAN_ALU_PROC_RND                        7         13         0          13    <none> (D) 
        SIGN_UNIT                               1          2         0           2    <none> (D) 
    BFU2_UNIT1                               4508       8611         0        8611    <none> (D) 
      DATA_B_RE                              1127       2153         0        2153    <none> (D) 
        MAN_ALU                               215        424         0         424    <none> (D) 
          ALU_SUB_UNIT                        120        235         0         235    <none> (D) 
            CLA_BLOCK_GEN[0].CLA_4BIT_UNIT     18         41         0          41    <none> (D) 
            CLA_BLOCK_GEN[5].CLA_4BIT_UNIT     18         34         0          34    <none> (D) 
            CLA_BLOCK_GEN[3].CLA_4BIT_UNIT     18         34         0          34    <none> (D) 
            CLA_BLOCK_GEN[2].CLA_4BIT_UNIT     18         34         0          34    <none> (D) 
            CLA_BLOCK_GEN[1].CLA_4BIT_UNIT     18         34         0          34    <none> (D) 
            CLA_BLOCK_GEN[4].CLA_4BIT_UNIT     15         34         0          34    <none> (D) 
        NOR_UNIT                              207        362         0         362    <none> (D) 
          SHF_left_unit                       142        249         0         249    <none> (D) 
        SHF_RIGHT_MAN                         135        238         0         238    <none> (D) 
        PSC_UNIT                               88        159         0         159    <none> (D) 
        MAN_COMP_24BIT                         80        143         0         143    <none> (D) 
          u_i_data_4                           13         25         0          25    <none> (D) 
          u_i_data_3                           13         25         0          25    <none> (D) 
          u_i_data_2                           13         25         0          25    <none> (D) 
          u_i_data_1                           13         25         0          25    <none> (D) 
          u_i_data_5                           12         21         0          21    <none> (D) 
          u_i_data_0                           10         13         0          13    <none> (D) 
        MAN_SWAP                               48        113         0         113    <none> (D) 
        MAN_SWAP_PRE                           46        110         0         110    <none> (D) 
        MAN_RND                                26         91         0          91    <none> (D) 
        LOPD_24BIT                             58         85         0          85    <none> (D) 
          LOPD_16bit_UNIT_MSB                  34         52         0          52    <none> (D) 
            LOPD_8bit_unit_1                   14         20         0          20    <none> (D) 
            LOPD_8bit_unit_0                   14         20         0          20    <none> (D) 
          LOPD_8bit_UNIT_LSB                   14         20         0          20    <none> (D) 
        EXP_ADJUST                             37         81         0          81    <none> (D) 
          CLA_8BIT_UNIT                        30         73         0          73    <none> (D) 
            CLA_4BIT_UNIT_0                    18         41         0          41    <none> (D) 
            CLA_4BIT_UNIT_1                    11         29         0          29    <none> (D) 
        EXP_SUB                                25         45         0          45    <none> (D) 
          CLA_8BIT_UNIT                        20         41         0          41    <none> (D) 
            CLA_4BIT_UNIT_0                    17         35         0          35    <none> (D) 
            CLA_4BIT_UNIT_1                     2          5         0           5    <none> (D) 
        EXP_COM_8BIT                           24         41         0          41    <none> (D) 
          COMP_LESS_UNIT                       24         41         0          41    <none> (D) 
            u_high                             13         25         0          25    <none> (D) 
            u_low                              10         13         0          13    <none> (D) 
        EXP_SWAP                               13         31         0          31    <none> (D) 
        EXP_RND                                15         29         0          29    <none> (D) 
        MAN_ALU_PROC_RND                        7         13         0          13    <none> (D) 
        SIGN_UNIT                               2          3         0           3    <none> (D) 
      DATA_B_IM                              1127       2153         0        2153    <none> (D) 
        MAN_ALU                               215        424         0         424    <none> (D) 
          ALU_SUB_UNIT                        120        235         0         235    <none> (D) 
            CLA_BLOCK_GEN[0].CLA_4BIT_UNIT     18         41         0          41    <none> (D) 
            CLA_BLOCK_GEN[5].CLA_4BIT_UNIT     18         34         0          34    <none> (D) 
            CLA_BLOCK_GEN[3].CLA_4BIT_UNIT     18         34         0          34    <none> (D) 
            CLA_BLOCK_GEN[2].CLA_4BIT_UNIT     18         34         0          34    <none> (D) 
            CLA_BLOCK_GEN[1].CLA_4BIT_UNIT     18         34         0          34    <none> (D) 
            CLA_BLOCK_GEN[4].CLA_4BIT_UNIT     15         34         0          34    <none> (D) 
        NOR_UNIT                              207        362         0         362    <none> (D) 
          SHF_left_unit                       142        249         0         249    <none> (D) 
        SHF_RIGHT_MAN                         135        238         0         238    <none> (D) 
        PSC_UNIT                               88        159         0         159    <none> (D) 
        MAN_COMP_24BIT                         80        143         0         143    <none> (D) 
          u_i_data_4                           13         25         0          25    <none> (D) 
          u_i_data_3                           13         25         0          25    <none> (D) 
          u_i_data_2                           13         25         0          25    <none> (D) 
          u_i_data_1                           13         25         0          25    <none> (D) 
          u_i_data_5                           12         21         0          21    <none> (D) 
          u_i_data_0                           10         13         0          13    <none> (D) 
        MAN_SWAP                               48        113         0         113    <none> (D) 
        MAN_SWAP_PRE                           46        110         0         110    <none> (D) 
        MAN_RND                                26         91         0          91    <none> (D) 
        LOPD_24BIT                             58         85         0          85    <none> (D) 
          LOPD_16bit_UNIT_MSB                  34         52         0          52    <none> (D) 
            LOPD_8bit_unit_1                   14         20         0          20    <none> (D) 
            LOPD_8bit_unit_0                   14         20         0          20    <none> (D) 
          LOPD_8bit_UNIT_LSB                   14         20         0          20    <none> (D) 
        EXP_ADJUST                             37         81         0          81    <none> (D) 
          CLA_8BIT_UNIT                        30         73         0          73    <none> (D) 
            CLA_4BIT_UNIT_0                    18         41         0          41    <none> (D) 
            CLA_4BIT_UNIT_1                    11         29         0          29    <none> (D) 
        EXP_SUB                                25         45         0          45    <none> (D) 
          CLA_8BIT_UNIT                        20         41         0          41    <none> (D) 
            CLA_4BIT_UNIT_0                    17         35         0          35    <none> (D) 
            CLA_4BIT_UNIT_1                     2          5         0           5    <none> (D) 
        EXP_COM_8BIT                           24         41         0          41    <none> (D) 
          COMP_LESS_UNIT                       24         41         0          41    <none> (D) 
            u_high                             13         25         0          25    <none> (D) 
            u_low                              10         13         0          13    <none> (D) 
        EXP_SWAP                               13         31         0          31    <none> (D) 
        EXP_RND                                15         29         0          29    <none> (D) 
        MAN_ALU_PROC_RND                        7         13         0          13    <none> (D) 
        SIGN_UNIT                               2          3         0           3    <none> (D) 
      DATA_A_RE                              1127       2153         0        2153    <none> (D) 
        MAN_ALU                               217        425         0         425    <none> (D) 
          ALU_SUB_UNIT                        120        235         0         235    <none> (D) 
            CLA_BLOCK_GEN[0].CLA_4BIT_UNIT     18         41         0          41    <none> (D) 
            CLA_BLOCK_GEN[5].CLA_4BIT_UNIT     18         34         0          34    <none> (D) 
            CLA_BLOCK_GEN[3].CLA_4BIT_UNIT     18         34         0          34    <none> (D) 
            CLA_BLOCK_GEN[2].CLA_4BIT_UNIT     18         34         0          34    <none> (D) 
            CLA_BLOCK_GEN[1].CLA_4BIT_UNIT     18         34         0          34    <none> (D) 
            CLA_BLOCK_GEN[4].CLA_4BIT_UNIT     15         34         0          34    <none> (D) 
        NOR_UNIT                              207        362         0         362    <none> (D) 
          SHF_left_unit                       142        249         0         249    <none> (D) 
        SHF_RIGHT_MAN                         135        238         0         238    <none> (D) 
        PSC_UNIT                               87        158         0         158    <none> (D) 
        MAN_COMP_24BIT                         80        143         0         143    <none> (D) 
          u_i_data_4                           13         25         0          25    <none> (D) 
          u_i_data_3                           13         25         0          25    <none> (D) 
          u_i_data_2                           13         25         0          25    <none> (D) 
          u_i_data_1                           13         25         0          25    <none> (D) 
          u_i_data_5                           12         21         0          21    <none> (D) 
          u_i_data_0                           10         13         0          13    <none> (D) 
        MAN_SWAP                               48        113         0         113    <none> (D) 
        MAN_SWAP_PRE                           46        110         0         110    <none> (D) 
        MAN_RND                                26         91         0          91    <none> (D) 
        LOPD_24BIT                             58         85         0          85    <none> (D) 
          LOPD_16bit_UNIT_MSB                  34         52         0          52    <none> (D) 
            LOPD_8bit_unit_1                   14         20         0          20    <none> (D) 
            LOPD_8bit_unit_0                   14         20         0          20    <none> (D) 
          LOPD_8bit_UNIT_LSB                   14         20         0          20    <none> (D) 
        EXP_ADJUST                             37         81         0          81    <none> (D) 
          CLA_8BIT_UNIT                        30         73         0          73    <none> (D) 
            CLA_4BIT_UNIT_0                    18         41         0          41    <none> (D) 
            CLA_4BIT_UNIT_1                    11         29         0          29    <none> (D) 
        EXP_SUB                                25         45         0          45    <none> (D) 
          CLA_8BIT_UNIT                        20         41         0          41    <none> (D) 
            CLA_4BIT_UNIT_0                    17         35         0          35    <none> (D) 
            CLA_4BIT_UNIT_1                     2          5         0           5    <none> (D) 
        EXP_COM_8BIT                           24         41         0          41    <none> (D) 
          COMP_LESS_UNIT                       24         41         0          41    <none> (D) 
            u_high                             13         25         0          25    <none> (D) 
            u_low                              10         13         0          13    <none> (D) 
        EXP_SWAP                               13         31         0          31    <none> (D) 
        EXP_RND                                15         29         0          29    <none> (D) 
        MAN_ALU_PROC_RND                        7         13         0          13    <none> (D) 
        SIGN_UNIT                               1          2         0           2    <none> (D) 
      DATA_A_IM                              1127       2153         0        2153    <none> (D) 
        MAN_ALU                               217        425         0         425    <none> (D) 
          ALU_SUB_UNIT                        120        235         0         235    <none> (D) 
            CLA_BLOCK_GEN[0].CLA_4BIT_UNIT     18         41         0          41    <none> (D) 
            CLA_BLOCK_GEN[5].CLA_4BIT_UNIT     18         34         0          34    <none> (D) 
            CLA_BLOCK_GEN[3].CLA_4BIT_UNIT     18         34         0          34    <none> (D) 
            CLA_BLOCK_GEN[2].CLA_4BIT_UNIT     18         34         0          34    <none> (D) 
            CLA_BLOCK_GEN[1].CLA_4BIT_UNIT     18         34         0          34    <none> (D) 
            CLA_BLOCK_GEN[4].CLA_4BIT_UNIT     15         34         0          34    <none> (D) 
        NOR_UNIT                              207        362         0         362    <none> (D) 
          SHF_left_unit                       142        249         0         249    <none> (D) 
        SHF_RIGHT_MAN                         135        238         0         238    <none> (D) 
        PSC_UNIT                               87        158         0         158    <none> (D) 
        MAN_COMP_24BIT                         80        143         0         143    <none> (D) 
          u_i_data_4                           13         25         0          25    <none> (D) 
          u_i_data_3                           13         25         0          25    <none> (D) 
          u_i_data_2                           13         25         0          25    <none> (D) 
          u_i_data_1                           13         25         0          25    <none> (D) 
          u_i_data_5                           12         21         0          21    <none> (D) 
          u_i_data_0                           10         13         0          13    <none> (D) 
        MAN_SWAP                               48        113         0         113    <none> (D) 
        MAN_SWAP_PRE                           46        110         0         110    <none> (D) 
        MAN_RND                                26         91         0          91    <none> (D) 
        LOPD_24BIT                             58         85         0          85    <none> (D) 
          LOPD_16bit_UNIT_MSB                  34         52         0          52    <none> (D) 
            LOPD_8bit_unit_1                   14         20         0          20    <none> (D) 
            LOPD_8bit_unit_0                   14         20         0          20    <none> (D) 
          LOPD_8bit_UNIT_LSB                   14         20         0          20    <none> (D) 
        EXP_ADJUST                             37         81         0          81    <none> (D) 
          CLA_8BIT_UNIT                        30         73         0          73    <none> (D) 
            CLA_4BIT_UNIT_0                    18         41         0          41    <none> (D) 
            CLA_4BIT_UNIT_1                    11         29         0          29    <none> (D) 
        EXP_SUB                                25         45         0          45    <none> (D) 
          CLA_8BIT_UNIT                        20         41         0          41    <none> (D) 
            CLA_4BIT_UNIT_0                    17         35         0          35    <none> (D) 
            CLA_4BIT_UNIT_1                     2          5         0           5    <none> (D) 
        EXP_COM_8BIT                           24         41         0          41    <none> (D) 
          COMP_LESS_UNIT                       24         41         0          41    <none> (D) 
            u_high                             13         25         0          25    <none> (D) 
            u_low                              10         13         0          13    <none> (D) 
        EXP_SWAP                               13         31         0          31    <none> (D) 
        EXP_RND                                15         29         0          29    <none> (D) 
        MAN_ALU_PROC_RND                        7         13         0          13    <none> (D) 
        SIGN_UNIT                               1          2         0           2    <none> (D) 
  BFU4_17                                    9017      17229         0       17229    <none> (D) 
    BFU2_UNIT1                               4508       8614         0        8614    <none> (D) 
      DATA_B_RE                              1126       2155         0        2155    <none> (D) 
        MAN_ALU                               215        424         0         424    <none> (D) 
          ALU_SUB_UNIT                        120        235         0         235    <none> (D) 
            CLA_BLOCK_GEN[0].CLA_4BIT_UNIT     18         41         0          41    <none> (D) 
            CLA_BLOCK_GEN[5].CLA_4BIT_UNIT     18         34         0          34    <none> (D) 
            CLA_BLOCK_GEN[3].CLA_4BIT_UNIT     18         34         0          34    <none> (D) 
            CLA_BLOCK_GEN[2].CLA_4BIT_UNIT     18         34         0          34    <none> (D) 
            CLA_BLOCK_GEN[1].CLA_4BIT_UNIT     18         34         0          34    <none> (D) 
            CLA_BLOCK_GEN[4].CLA_4BIT_UNIT     15         34         0          34    <none> (D) 
        NOR_UNIT                              207        362         0         362    <none> (D) 
          SHF_left_unit                       142        249         0         249    <none> (D) 
        SHF_RIGHT_MAN                         134        239         0         239    <none> (D) 
        PSC_UNIT                               88        160         0         160    <none> (D) 
        MAN_COMP_24BIT                         80        143         0         143    <none> (D) 
          u_i_data_4                           13         25         0          25    <none> (D) 
          u_i_data_3                           13         25         0          25    <none> (D) 
          u_i_data_2                           13         25         0          25    <none> (D) 
          u_i_data_1                           13         25         0          25    <none> (D) 
          u_i_data_5                           12         21         0          21    <none> (D) 
          u_i_data_0                           10         13         0          13    <none> (D) 
        MAN_SWAP                               48        113         0         113    <none> (D) 
        MAN_SWAP_PRE                           46        110         0         110    <none> (D) 
        MAN_RND                                26         91         0          91    <none> (D) 
        LOPD_24BIT                             58         85         0          85    <none> (D) 
          LOPD_16bit_UNIT_MSB                  34         52         0          52    <none> (D) 
            LOPD_8bit_unit_1                   14         20         0          20    <none> (D) 
            LOPD_8bit_unit_0                   14         20         0          20    <none> (D) 
          LOPD_8bit_UNIT_LSB                   14         20         0          20    <none> (D) 
        EXP_ADJUST                             37         81         0          81    <none> (D) 
          CLA_8BIT_UNIT                        30         73         0          73    <none> (D) 
            CLA_4BIT_UNIT_0                    18         41         0          41    <none> (D) 
            CLA_4BIT_UNIT_1                    11         29         0          29    <none> (D) 
        EXP_SUB                                25         45         0          45    <none> (D) 
          CLA_8BIT_UNIT                        20         41         0          41    <none> (D) 
            CLA_4BIT_UNIT_0                    17         35         0          35    <none> (D) 
            CLA_4BIT_UNIT_1                     2          5         0           5    <none> (D) 
        EXP_COM_8BIT                           24         41         0          41    <none> (D) 
          COMP_LESS_UNIT                       24         41         0          41    <none> (D) 
            u_high                             13         25         0          25    <none> (D) 
            u_low                              10         13         0          13    <none> (D) 
        EXP_SWAP                               13         31         0          31    <none> (D) 
        EXP_RND                                15         29         0          29    <none> (D) 
        MAN_ALU_PROC_RND                        7         13         0          13    <none> (D) 
        SIGN_UNIT                               2          3         0           3    <none> (D) 
      DATA_B_IM                              1126       2155         0        2155    <none> (D) 
        MAN_ALU                               215        424         0         424    <none> (D) 
          ALU_SUB_UNIT                        120        235         0         235    <none> (D) 
            CLA_BLOCK_GEN[0].CLA_4BIT_UNIT     18         41         0          41    <none> (D) 
            CLA_BLOCK_GEN[5].CLA_4BIT_UNIT     18         34         0          34    <none> (D) 
            CLA_BLOCK_GEN[3].CLA_4BIT_UNIT     18         34         0          34    <none> (D) 
            CLA_BLOCK_GEN[2].CLA_4BIT_UNIT     18         34         0          34    <none> (D) 
            CLA_BLOCK_GEN[1].CLA_4BIT_UNIT     18         34         0          34    <none> (D) 
            CLA_BLOCK_GEN[4].CLA_4BIT_UNIT     15         34         0          34    <none> (D) 
        NOR_UNIT                              207        362         0         362    <none> (D) 
          SHF_left_unit                       142        249         0         249    <none> (D) 
        SHF_RIGHT_MAN                         134        239         0         239    <none> (D) 
        PSC_UNIT                               88        160         0         160    <none> (D) 
        MAN_COMP_24BIT                         80        143         0         143    <none> (D) 
          u_i_data_4                           13         25         0          25    <none> (D) 
          u_i_data_3                           13         25         0          25    <none> (D) 
          u_i_data_2                           13         25         0          25    <none> (D) 
          u_i_data_1                           13         25         0          25    <none> (D) 
          u_i_data_5                           12         21         0          21    <none> (D) 
          u_i_data_0                           10         13         0          13    <none> (D) 
        MAN_SWAP                               48        113         0         113    <none> (D) 
        MAN_SWAP_PRE                           46        110         0         110    <none> (D) 
        MAN_RND                                26         91         0          91    <none> (D) 
        LOPD_24BIT                             58         85         0          85    <none> (D) 
          LOPD_16bit_UNIT_MSB                  34         52         0          52    <none> (D) 
            LOPD_8bit_unit_1                   14         20         0          20    <none> (D) 
            LOPD_8bit_unit_0                   14         20         0          20    <none> (D) 
          LOPD_8bit_UNIT_LSB                   14         20         0          20    <none> (D) 
        EXP_ADJUST                             37         81         0          81    <none> (D) 
          CLA_8BIT_UNIT                        30         73         0          73    <none> (D) 
            CLA_4BIT_UNIT_0                    18         41         0          41    <none> (D) 
            CLA_4BIT_UNIT_1                    11         29         0          29    <none> (D) 
        EXP_SUB                                25         45         0          45    <none> (D) 
          CLA_8BIT_UNIT                        20         41         0          41    <none> (D) 
            CLA_4BIT_UNIT_0                    17         35         0          35    <none> (D) 
            CLA_4BIT_UNIT_1                     2          5         0           5    <none> (D) 
        EXP_COM_8BIT                           24         41         0          41    <none> (D) 
          COMP_LESS_UNIT                       24         41         0          41    <none> (D) 
            u_high                             13         25         0          25    <none> (D) 
            u_low                              10         13         0          13    <none> (D) 
        EXP_SWAP                               13         31         0          31    <none> (D) 
        EXP_RND                                15         29         0          29    <none> (D) 
        MAN_ALU_PROC_RND                        7         13         0          13    <none> (D) 
        SIGN_UNIT                               2          3         0           3    <none> (D) 
      DATA_A_RE                              1128       2153         0        2153    <none> (D) 
        MAN_ALU                               217        425         0         425    <none> (D) 
          ALU_SUB_UNIT                        120        235         0         235    <none> (D) 
            CLA_BLOCK_GEN[0].CLA_4BIT_UNIT     18         41         0          41    <none> (D) 
            CLA_BLOCK_GEN[5].CLA_4BIT_UNIT     18         34         0          34    <none> (D) 
            CLA_BLOCK_GEN[3].CLA_4BIT_UNIT     18         34         0          34    <none> (D) 
            CLA_BLOCK_GEN[2].CLA_4BIT_UNIT     18         34         0          34    <none> (D) 
            CLA_BLOCK_GEN[1].CLA_4BIT_UNIT     18         34         0          34    <none> (D) 
            CLA_BLOCK_GEN[4].CLA_4BIT_UNIT     15         34         0          34    <none> (D) 
        NOR_UNIT                              207        362         0         362    <none> (D) 
          SHF_left_unit                       142        249         0         249    <none> (D) 
        SHF_RIGHT_MAN                         137        239         0         239    <none> (D) 
        PSC_UNIT                               86        158         0         158    <none> (D) 
        MAN_COMP_24BIT                         80        143         0         143    <none> (D) 
          u_i_data_4                           13         25         0          25    <none> (D) 
          u_i_data_3                           13         25         0          25    <none> (D) 
          u_i_data_2                           13         25         0          25    <none> (D) 
          u_i_data_1                           13         25         0          25    <none> (D) 
          u_i_data_5                           12         21         0          21    <none> (D) 
          u_i_data_0                           10         13         0          13    <none> (D) 
        MAN_SWAP                               48        113         0         113    <none> (D) 
        MAN_SWAP_PRE                           46        110         0         110    <none> (D) 
        MAN_RND                                26         91         0          91    <none> (D) 
        LOPD_24BIT                             58         85         0          85    <none> (D) 
          LOPD_16bit_UNIT_MSB                  34         52         0          52    <none> (D) 
            LOPD_8bit_unit_1                   14         20         0          20    <none> (D) 
            LOPD_8bit_unit_0                   14         20         0          20    <none> (D) 
          LOPD_8bit_UNIT_LSB                   14         20         0          20    <none> (D) 
        EXP_ADJUST                             37         81         0          81    <none> (D) 
          CLA_8BIT_UNIT                        30         73         0          73    <none> (D) 
            CLA_4BIT_UNIT_0                    18         41         0          41    <none> (D) 
            CLA_4BIT_UNIT_1                    11         29         0          29    <none> (D) 
        EXP_SUB                                25         45         0          45    <none> (D) 
          CLA_8BIT_UNIT                        20         41         0          41    <none> (D) 
            CLA_4BIT_UNIT_0                    17         35         0          35    <none> (D) 
            CLA_4BIT_UNIT_1                     2          5         0           5    <none> (D) 
        EXP_COM_8BIT                           24         41         0          41    <none> (D) 
          COMP_LESS_UNIT                       24         41         0          41    <none> (D) 
            u_high                             13         25         0          25    <none> (D) 
            u_low                              10         13         0          13    <none> (D) 
        EXP_SWAP                               13         31         0          31    <none> (D) 
        EXP_RND                                15         29         0          29    <none> (D) 
        MAN_ALU_PROC_RND                        7         13         0          13    <none> (D) 
        SIGN_UNIT                               1          2         0           2    <none> (D) 
      DATA_A_IM                              1128       2153         0        2153    <none> (D) 
        MAN_ALU                               217        425         0         425    <none> (D) 
          ALU_SUB_UNIT                        120        235         0         235    <none> (D) 
            CLA_BLOCK_GEN[0].CLA_4BIT_UNIT     18         41         0          41    <none> (D) 
            CLA_BLOCK_GEN[5].CLA_4BIT_UNIT     18         34         0          34    <none> (D) 
            CLA_BLOCK_GEN[3].CLA_4BIT_UNIT     18         34         0          34    <none> (D) 
            CLA_BLOCK_GEN[2].CLA_4BIT_UNIT     18         34         0          34    <none> (D) 
            CLA_BLOCK_GEN[1].CLA_4BIT_UNIT     18         34         0          34    <none> (D) 
            CLA_BLOCK_GEN[4].CLA_4BIT_UNIT     15         34         0          34    <none> (D) 
        NOR_UNIT                              207        362         0         362    <none> (D) 
          SHF_left_unit                       142        249         0         249    <none> (D) 
        SHF_RIGHT_MAN                         137        239         0         239    <none> (D) 
        PSC_UNIT                               86        158         0         158    <none> (D) 
        MAN_COMP_24BIT                         80        143         0         143    <none> (D) 
          u_i_data_4                           13         25         0          25    <none> (D) 
          u_i_data_3                           13         25         0          25    <none> (D) 
          u_i_data_2                           13         25         0          25    <none> (D) 
          u_i_data_1                           13         25         0          25    <none> (D) 
          u_i_data_5                           12         21         0          21    <none> (D) 
          u_i_data_0                           10         13         0          13    <none> (D) 
        MAN_SWAP                               48        113         0         113    <none> (D) 
        MAN_SWAP_PRE                           46        110         0         110    <none> (D) 
        MAN_RND                                26         91         0          91    <none> (D) 
        LOPD_24BIT                             58         85         0          85    <none> (D) 
          LOPD_16bit_UNIT_MSB                  34         52         0          52    <none> (D) 
            LOPD_8bit_unit_1                   14         20         0          20    <none> (D) 
            LOPD_8bit_unit_0                   14         20         0          20    <none> (D) 
          LOPD_8bit_UNIT_LSB                   14         20         0          20    <none> (D) 
        EXP_ADJUST                             37         81         0          81    <none> (D) 
          CLA_8BIT_UNIT                        30         73         0          73    <none> (D) 
            CLA_4BIT_UNIT_0                    18         41         0          41    <none> (D) 
            CLA_4BIT_UNIT_1                    11         29         0          29    <none> (D) 
        EXP_SUB                                25         45         0          45    <none> (D) 
          CLA_8BIT_UNIT                        20         41         0          41    <none> (D) 
            CLA_4BIT_UNIT_0                    17         35         0          35    <none> (D) 
            CLA_4BIT_UNIT_1                     2          5         0           5    <none> (D) 
        EXP_COM_8BIT                           24         41         0          41    <none> (D) 
          COMP_LESS_UNIT                       24         41         0          41    <none> (D) 
            u_high                             13         25         0          25    <none> (D) 
            u_low                              10         13         0          13    <none> (D) 
        EXP_SWAP                               13         31         0          31    <none> (D) 
        EXP_RND                                15         29         0          29    <none> (D) 
        MAN_ALU_PROC_RND                        7         13         0          13    <none> (D) 
        SIGN_UNIT                               1          2         0           2    <none> (D) 
    BFU2_UNIT0                               4508       8614         0        8614    <none> (D) 
      DATA_B_RE                              1126       2155         0        2155    <none> (D) 
        MAN_ALU                               215        424         0         424    <none> (D) 
          ALU_SUB_UNIT                        120        235         0         235    <none> (D) 
            CLA_BLOCK_GEN[0].CLA_4BIT_UNIT     18         41         0          41    <none> (D) 
            CLA_BLOCK_GEN[5].CLA_4BIT_UNIT     18         34         0          34    <none> (D) 
            CLA_BLOCK_GEN[3].CLA_4BIT_UNIT     18         34         0          34    <none> (D) 
            CLA_BLOCK_GEN[2].CLA_4BIT_UNIT     18         34         0          34    <none> (D) 
            CLA_BLOCK_GEN[1].CLA_4BIT_UNIT     18         34         0          34    <none> (D) 
            CLA_BLOCK_GEN[4].CLA_4BIT_UNIT     15         34         0          34    <none> (D) 
        NOR_UNIT                              207        362         0         362    <none> (D) 
          SHF_left_unit                       142        249         0         249    <none> (D) 
        SHF_RIGHT_MAN                         134        239         0         239    <none> (D) 
        PSC_UNIT                               88        160         0         160    <none> (D) 
        MAN_COMP_24BIT                         80        143         0         143    <none> (D) 
          u_i_data_4                           13         25         0          25    <none> (D) 
          u_i_data_3                           13         25         0          25    <none> (D) 
          u_i_data_2                           13         25         0          25    <none> (D) 
          u_i_data_1                           13         25         0          25    <none> (D) 
          u_i_data_5                           12         21         0          21    <none> (D) 
          u_i_data_0                           10         13         0          13    <none> (D) 
        MAN_SWAP                               48        113         0         113    <none> (D) 
        MAN_SWAP_PRE                           46        110         0         110    <none> (D) 
        MAN_RND                                26         91         0          91    <none> (D) 
        LOPD_24BIT                             58         85         0          85    <none> (D) 
          LOPD_16bit_UNIT_MSB                  34         52         0          52    <none> (D) 
            LOPD_8bit_unit_1                   14         20         0          20    <none> (D) 
            LOPD_8bit_unit_0                   14         20         0          20    <none> (D) 
          LOPD_8bit_UNIT_LSB                   14         20         0          20    <none> (D) 
        EXP_ADJUST                             37         81         0          81    <none> (D) 
          CLA_8BIT_UNIT                        30         73         0          73    <none> (D) 
            CLA_4BIT_UNIT_0                    18         41         0          41    <none> (D) 
            CLA_4BIT_UNIT_1                    11         29         0          29    <none> (D) 
        EXP_SUB                                25         45         0          45    <none> (D) 
          CLA_8BIT_UNIT                        20         41         0          41    <none> (D) 
            CLA_4BIT_UNIT_0                    17         35         0          35    <none> (D) 
            CLA_4BIT_UNIT_1                     2          5         0           5    <none> (D) 
        EXP_COM_8BIT                           24         41         0          41    <none> (D) 
          COMP_LESS_UNIT                       24         41         0          41    <none> (D) 
            u_high                             13         25         0          25    <none> (D) 
            u_low                              10         13         0          13    <none> (D) 
        EXP_SWAP                               13         31         0          31    <none> (D) 
        EXP_RND                                15         29         0          29    <none> (D) 
        MAN_ALU_PROC_RND                        7         13         0          13    <none> (D) 
        SIGN_UNIT                               2          3         0           3    <none> (D) 
      DATA_B_IM                              1126       2155         0        2155    <none> (D) 
        MAN_ALU                               215        424         0         424    <none> (D) 
          ALU_SUB_UNIT                        120        235         0         235    <none> (D) 
            CLA_BLOCK_GEN[0].CLA_4BIT_UNIT     18         41         0          41    <none> (D) 
            CLA_BLOCK_GEN[5].CLA_4BIT_UNIT     18         34         0          34    <none> (D) 
            CLA_BLOCK_GEN[3].CLA_4BIT_UNIT     18         34         0          34    <none> (D) 
            CLA_BLOCK_GEN[2].CLA_4BIT_UNIT     18         34         0          34    <none> (D) 
            CLA_BLOCK_GEN[1].CLA_4BIT_UNIT     18         34         0          34    <none> (D) 
            CLA_BLOCK_GEN[4].CLA_4BIT_UNIT     15         34         0          34    <none> (D) 
        NOR_UNIT                              207        362         0         362    <none> (D) 
          SHF_left_unit                       142        249         0         249    <none> (D) 
        SHF_RIGHT_MAN                         134        239         0         239    <none> (D) 
        PSC_UNIT                               88        160         0         160    <none> (D) 
        MAN_COMP_24BIT                         80        143         0         143    <none> (D) 
          u_i_data_4                           13         25         0          25    <none> (D) 
          u_i_data_3                           13         25         0          25    <none> (D) 
          u_i_data_2                           13         25         0          25    <none> (D) 
          u_i_data_1                           13         25         0          25    <none> (D) 
          u_i_data_5                           12         21         0          21    <none> (D) 
          u_i_data_0                           10         13         0          13    <none> (D) 
        MAN_SWAP                               48        113         0         113    <none> (D) 
        MAN_SWAP_PRE                           46        110         0         110    <none> (D) 
        MAN_RND                                26         91         0          91    <none> (D) 
        LOPD_24BIT                             58         85         0          85    <none> (D) 
          LOPD_16bit_UNIT_MSB                  34         52         0          52    <none> (D) 
            LOPD_8bit_unit_1                   14         20         0          20    <none> (D) 
            LOPD_8bit_unit_0                   14         20         0          20    <none> (D) 
          LOPD_8bit_UNIT_LSB                   14         20         0          20    <none> (D) 
        EXP_ADJUST                             37         81         0          81    <none> (D) 
          CLA_8BIT_UNIT                        30         73         0          73    <none> (D) 
            CLA_4BIT_UNIT_0                    18         41         0          41    <none> (D) 
            CLA_4BIT_UNIT_1                    11         29         0          29    <none> (D) 
        EXP_SUB                                25         45         0          45    <none> (D) 
          CLA_8BIT_UNIT                        20         41         0          41    <none> (D) 
            CLA_4BIT_UNIT_0                    17         35         0          35    <none> (D) 
            CLA_4BIT_UNIT_1                     2          5         0           5    <none> (D) 
        EXP_COM_8BIT                           24         41         0          41    <none> (D) 
          COMP_LESS_UNIT                       24         41         0          41    <none> (D) 
            u_high                             13         25         0          25    <none> (D) 
            u_low                              10         13         0          13    <none> (D) 
        EXP_SWAP                               13         31         0          31    <none> (D) 
        EXP_RND                                15         29         0          29    <none> (D) 
        MAN_ALU_PROC_RND                        7         13         0          13    <none> (D) 
        SIGN_UNIT                               2          3         0           3    <none> (D) 
      DATA_A_RE                              1128       2153         0        2153    <none> (D) 
        MAN_ALU                               217        425         0         425    <none> (D) 
          ALU_SUB_UNIT                        120        235         0         235    <none> (D) 
            CLA_BLOCK_GEN[0].CLA_4BIT_UNIT     18         41         0          41    <none> (D) 
            CLA_BLOCK_GEN[5].CLA_4BIT_UNIT     18         34         0          34    <none> (D) 
            CLA_BLOCK_GEN[3].CLA_4BIT_UNIT     18         34         0          34    <none> (D) 
            CLA_BLOCK_GEN[2].CLA_4BIT_UNIT     18         34         0          34    <none> (D) 
            CLA_BLOCK_GEN[1].CLA_4BIT_UNIT     18         34         0          34    <none> (D) 
            CLA_BLOCK_GEN[4].CLA_4BIT_UNIT     15         34         0          34    <none> (D) 
        NOR_UNIT                              207        362         0         362    <none> (D) 
          SHF_left_unit                       142        249         0         249    <none> (D) 
        SHF_RIGHT_MAN                         137        239         0         239    <none> (D) 
        PSC_UNIT                               86        158         0         158    <none> (D) 
        MAN_COMP_24BIT                         80        143         0         143    <none> (D) 
          u_i_data_4                           13         25         0          25    <none> (D) 
          u_i_data_3                           13         25         0          25    <none> (D) 
          u_i_data_2                           13         25         0          25    <none> (D) 
          u_i_data_1                           13         25         0          25    <none> (D) 
          u_i_data_5                           12         21         0          21    <none> (D) 
          u_i_data_0                           10         13         0          13    <none> (D) 
        MAN_SWAP                               48        113         0         113    <none> (D) 
        MAN_SWAP_PRE                           46        110         0         110    <none> (D) 
        MAN_RND                                26         91         0          91    <none> (D) 
        LOPD_24BIT                             58         85         0          85    <none> (D) 
          LOPD_16bit_UNIT_MSB                  34         52         0          52    <none> (D) 
            LOPD_8bit_unit_1                   14         20         0          20    <none> (D) 
            LOPD_8bit_unit_0                   14         20         0          20    <none> (D) 
          LOPD_8bit_UNIT_LSB                   14         20         0          20    <none> (D) 
        EXP_ADJUST                             37         81         0          81    <none> (D) 
          CLA_8BIT_UNIT                        30         73         0          73    <none> (D) 
            CLA_4BIT_UNIT_0                    18         41         0          41    <none> (D) 
            CLA_4BIT_UNIT_1                    11         29         0          29    <none> (D) 
        EXP_SUB                                25         45         0          45    <none> (D) 
          CLA_8BIT_UNIT                        20         41         0          41    <none> (D) 
            CLA_4BIT_UNIT_0                    17         35         0          35    <none> (D) 
            CLA_4BIT_UNIT_1                     2          5         0           5    <none> (D) 
        EXP_COM_8BIT                           24         41         0          41    <none> (D) 
          COMP_LESS_UNIT                       24         41         0          41    <none> (D) 
            u_high                             13         25         0          25    <none> (D) 
            u_low                              10         13         0          13    <none> (D) 
        EXP_SWAP                               13         31         0          31    <none> (D) 
        EXP_RND                                15         29         0          29    <none> (D) 
        MAN_ALU_PROC_RND                        7         13         0          13    <none> (D) 
        SIGN_UNIT                               1          2         0           2    <none> (D) 
      DATA_A_IM                              1128       2153         0        2153    <none> (D) 
        MAN_ALU                               217        425         0         425    <none> (D) 
          ALU_SUB_UNIT                        120        235         0         235    <none> (D) 
            CLA_BLOCK_GEN[0].CLA_4BIT_UNIT     18         41         0          41    <none> (D) 
            CLA_BLOCK_GEN[5].CLA_4BIT_UNIT     18         34         0          34    <none> (D) 
            CLA_BLOCK_GEN[3].CLA_4BIT_UNIT     18         34         0          34    <none> (D) 
            CLA_BLOCK_GEN[2].CLA_4BIT_UNIT     18         34         0          34    <none> (D) 
            CLA_BLOCK_GEN[1].CLA_4BIT_UNIT     18         34         0          34    <none> (D) 
            CLA_BLOCK_GEN[4].CLA_4BIT_UNIT     15         34         0          34    <none> (D) 
        NOR_UNIT                              207        362         0         362    <none> (D) 
          SHF_left_unit                       142        249         0         249    <none> (D) 
        SHF_RIGHT_MAN                         137        239         0         239    <none> (D) 
        PSC_UNIT                               86        158         0         158    <none> (D) 
        MAN_COMP_24BIT                         80        143         0         143    <none> (D) 
          u_i_data_4                           13         25         0          25    <none> (D) 
          u_i_data_3                           13         25         0          25    <none> (D) 
          u_i_data_2                           13         25         0          25    <none> (D) 
          u_i_data_1                           13         25         0          25    <none> (D) 
          u_i_data_5                           12         21         0          21    <none> (D) 
          u_i_data_0                           10         13         0          13    <none> (D) 
        MAN_SWAP                               48        113         0         113    <none> (D) 
        MAN_SWAP_PRE                           46        110         0         110    <none> (D) 
        MAN_RND                                26         91         0          91    <none> (D) 
        LOPD_24BIT                             58         85         0          85    <none> (D) 
          LOPD_16bit_UNIT_MSB                  34         52         0          52    <none> (D) 
            LOPD_8bit_unit_1                   14         20         0          20    <none> (D) 
            LOPD_8bit_unit_0                   14         20         0          20    <none> (D) 
          LOPD_8bit_UNIT_LSB                   14         20         0          20    <none> (D) 
        EXP_ADJUST                             37         81         0          81    <none> (D) 
          CLA_8BIT_UNIT                        30         73         0          73    <none> (D) 
            CLA_4BIT_UNIT_0                    18         41         0          41    <none> (D) 
            CLA_4BIT_UNIT_1                    11         29         0          29    <none> (D) 
        EXP_SUB                                25         45         0          45    <none> (D) 
          CLA_8BIT_UNIT                        20         41         0          41    <none> (D) 
            CLA_4BIT_UNIT_0                    17         35         0          35    <none> (D) 
            CLA_4BIT_UNIT_1                     2          5         0           5    <none> (D) 
        EXP_COM_8BIT                           24         41         0          41    <none> (D) 
          COMP_LESS_UNIT                       24         41         0          41    <none> (D) 
            u_high                             13         25         0          25    <none> (D) 
            u_low                              10         13         0          13    <none> (D) 
        EXP_SWAP                               13         31         0          31    <none> (D) 
        EXP_RND                                15         29         0          29    <none> (D) 
        MAN_ALU_PROC_RND                        7         13         0          13    <none> (D) 
        SIGN_UNIT                               1          2         0           2    <none> (D) 
  BFU4_06                                    9017      17229         0       17229    <none> (D) 
    BFU2_UNIT1                               4508       8614         0        8614    <none> (D) 
      DATA_B_RE                              1126       2155         0        2155    <none> (D) 
        MAN_ALU                               215        424         0         424    <none> (D) 
          ALU_SUB_UNIT                        120        235         0         235    <none> (D) 
            CLA_BLOCK_GEN[0].CLA_4BIT_UNIT     18         41         0          41    <none> (D) 
            CLA_BLOCK_GEN[5].CLA_4BIT_UNIT     18         34         0          34    <none> (D) 
            CLA_BLOCK_GEN[3].CLA_4BIT_UNIT     18         34         0          34    <none> (D) 
            CLA_BLOCK_GEN[2].CLA_4BIT_UNIT     18         34         0          34    <none> (D) 
            CLA_BLOCK_GEN[1].CLA_4BIT_UNIT     18         34         0          34    <none> (D) 
            CLA_BLOCK_GEN[4].CLA_4BIT_UNIT     15         34         0          34    <none> (D) 
        NOR_UNIT                              207        362         0         362    <none> (D) 
          SHF_left_unit                       142        249         0         249    <none> (D) 
        SHF_RIGHT_MAN                         134        239         0         239    <none> (D) 
        PSC_UNIT                               88        160         0         160    <none> (D) 
        MAN_COMP_24BIT                         80        143         0         143    <none> (D) 
          u_i_data_4                           13         25         0          25    <none> (D) 
          u_i_data_3                           13         25         0          25    <none> (D) 
          u_i_data_2                           13         25         0          25    <none> (D) 
          u_i_data_1                           13         25         0          25    <none> (D) 
          u_i_data_5                           12         21         0          21    <none> (D) 
          u_i_data_0                           10         13         0          13    <none> (D) 
        MAN_SWAP                               48        113         0         113    <none> (D) 
        MAN_SWAP_PRE                           46        110         0         110    <none> (D) 
        MAN_RND                                26         91         0          91    <none> (D) 
        LOPD_24BIT                             58         85         0          85    <none> (D) 
          LOPD_16bit_UNIT_MSB                  34         52         0          52    <none> (D) 
            LOPD_8bit_unit_1                   14         20         0          20    <none> (D) 
            LOPD_8bit_unit_0                   14         20         0          20    <none> (D) 
          LOPD_8bit_UNIT_LSB                   14         20         0          20    <none> (D) 
        EXP_ADJUST                             37         81         0          81    <none> (D) 
          CLA_8BIT_UNIT                        30         73         0          73    <none> (D) 
            CLA_4BIT_UNIT_0                    18         41         0          41    <none> (D) 
            CLA_4BIT_UNIT_1                    11         29         0          29    <none> (D) 
        EXP_SUB                                25         45         0          45    <none> (D) 
          CLA_8BIT_UNIT                        20         41         0          41    <none> (D) 
            CLA_4BIT_UNIT_0                    17         35         0          35    <none> (D) 
            CLA_4BIT_UNIT_1                     2          5         0           5    <none> (D) 
        EXP_COM_8BIT                           24         41         0          41    <none> (D) 
          COMP_LESS_UNIT                       24         41         0          41    <none> (D) 
            u_high                             13         25         0          25    <none> (D) 
            u_low                              10         13         0          13    <none> (D) 
        EXP_SWAP                               13         31         0          31    <none> (D) 
        EXP_RND                                15         29         0          29    <none> (D) 
        MAN_ALU_PROC_RND                        7         13         0          13    <none> (D) 
        SIGN_UNIT                               2          3         0           3    <none> (D) 
      DATA_B_IM                              1126       2155         0        2155    <none> (D) 
        MAN_ALU                               215        424         0         424    <none> (D) 
          ALU_SUB_UNIT                        120        235         0         235    <none> (D) 
            CLA_BLOCK_GEN[0].CLA_4BIT_UNIT     18         41         0          41    <none> (D) 
            CLA_BLOCK_GEN[5].CLA_4BIT_UNIT     18         34         0          34    <none> (D) 
            CLA_BLOCK_GEN[3].CLA_4BIT_UNIT     18         34         0          34    <none> (D) 
            CLA_BLOCK_GEN[2].CLA_4BIT_UNIT     18         34         0          34    <none> (D) 
            CLA_BLOCK_GEN[1].CLA_4BIT_UNIT     18         34         0          34    <none> (D) 
            CLA_BLOCK_GEN[4].CLA_4BIT_UNIT     15         34         0          34    <none> (D) 
        NOR_UNIT                              207        362         0         362    <none> (D) 
          SHF_left_unit                       142        249         0         249    <none> (D) 
        SHF_RIGHT_MAN                         134        239         0         239    <none> (D) 
        PSC_UNIT                               88        160         0         160    <none> (D) 
        MAN_COMP_24BIT                         80        143         0         143    <none> (D) 
          u_i_data_4                           13         25         0          25    <none> (D) 
          u_i_data_3                           13         25         0          25    <none> (D) 
          u_i_data_2                           13         25         0          25    <none> (D) 
          u_i_data_1                           13         25         0          25    <none> (D) 
          u_i_data_5                           12         21         0          21    <none> (D) 
          u_i_data_0                           10         13         0          13    <none> (D) 
        MAN_SWAP                               48        113         0         113    <none> (D) 
        MAN_SWAP_PRE                           46        110         0         110    <none> (D) 
        MAN_RND                                26         91         0          91    <none> (D) 
        LOPD_24BIT                             58         85         0          85    <none> (D) 
          LOPD_16bit_UNIT_MSB                  34         52         0          52    <none> (D) 
            LOPD_8bit_unit_1                   14         20         0          20    <none> (D) 
            LOPD_8bit_unit_0                   14         20         0          20    <none> (D) 
          LOPD_8bit_UNIT_LSB                   14         20         0          20    <none> (D) 
        EXP_ADJUST                             37         81         0          81    <none> (D) 
          CLA_8BIT_UNIT                        30         73         0          73    <none> (D) 
            CLA_4BIT_UNIT_0                    18         41         0          41    <none> (D) 
            CLA_4BIT_UNIT_1                    11         29         0          29    <none> (D) 
        EXP_SUB                                25         45         0          45    <none> (D) 
          CLA_8BIT_UNIT                        20         41         0          41    <none> (D) 
            CLA_4BIT_UNIT_0                    17         35         0          35    <none> (D) 
            CLA_4BIT_UNIT_1                     2          5         0           5    <none> (D) 
        EXP_COM_8BIT                           24         41         0          41    <none> (D) 
          COMP_LESS_UNIT                       24         41         0          41    <none> (D) 
            u_high                             13         25         0          25    <none> (D) 
            u_low                              10         13         0          13    <none> (D) 
        EXP_SWAP                               13         31         0          31    <none> (D) 
        EXP_RND                                15         29         0          29    <none> (D) 
        MAN_ALU_PROC_RND                        7         13         0          13    <none> (D) 
        SIGN_UNIT                               2          3         0           3    <none> (D) 
      DATA_A_RE                              1128       2153         0        2153    <none> (D) 
        MAN_ALU                               217        425         0         425    <none> (D) 
          ALU_SUB_UNIT                        120        235         0         235    <none> (D) 
            CLA_BLOCK_GEN[0].CLA_4BIT_UNIT     18         41         0          41    <none> (D) 
            CLA_BLOCK_GEN[5].CLA_4BIT_UNIT     18         34         0          34    <none> (D) 
            CLA_BLOCK_GEN[3].CLA_4BIT_UNIT     18         34         0          34    <none> (D) 
            CLA_BLOCK_GEN[2].CLA_4BIT_UNIT     18         34         0          34    <none> (D) 
            CLA_BLOCK_GEN[1].CLA_4BIT_UNIT     18         34         0          34    <none> (D) 
            CLA_BLOCK_GEN[4].CLA_4BIT_UNIT     15         34         0          34    <none> (D) 
        NOR_UNIT                              207        362         0         362    <none> (D) 
          SHF_left_unit                       142        249         0         249    <none> (D) 
        SHF_RIGHT_MAN                         137        239         0         239    <none> (D) 
        PSC_UNIT                               86        158         0         158    <none> (D) 
        MAN_COMP_24BIT                         80        143         0         143    <none> (D) 
          u_i_data_4                           13         25         0          25    <none> (D) 
          u_i_data_3                           13         25         0          25    <none> (D) 
          u_i_data_2                           13         25         0          25    <none> (D) 
          u_i_data_1                           13         25         0          25    <none> (D) 
          u_i_data_5                           12         21         0          21    <none> (D) 
          u_i_data_0                           10         13         0          13    <none> (D) 
        MAN_SWAP                               48        113         0         113    <none> (D) 
        MAN_SWAP_PRE                           46        110         0         110    <none> (D) 
        MAN_RND                                26         91         0          91    <none> (D) 
        LOPD_24BIT                             58         85         0          85    <none> (D) 
          LOPD_16bit_UNIT_MSB                  34         52         0          52    <none> (D) 
            LOPD_8bit_unit_1                   14         20         0          20    <none> (D) 
            LOPD_8bit_unit_0                   14         20         0          20    <none> (D) 
          LOPD_8bit_UNIT_LSB                   14         20         0          20    <none> (D) 
        EXP_ADJUST                             37         81         0          81    <none> (D) 
          CLA_8BIT_UNIT                        30         73         0          73    <none> (D) 
            CLA_4BIT_UNIT_0                    18         41         0          41    <none> (D) 
            CLA_4BIT_UNIT_1                    11         29         0          29    <none> (D) 
        EXP_SUB                                25         45         0          45    <none> (D) 
          CLA_8BIT_UNIT                        20         41         0          41    <none> (D) 
            CLA_4BIT_UNIT_0                    17         35         0          35    <none> (D) 
            CLA_4BIT_UNIT_1                     2          5         0           5    <none> (D) 
        EXP_COM_8BIT                           24         41         0          41    <none> (D) 
          COMP_LESS_UNIT                       24         41         0          41    <none> (D) 
            u_high                             13         25         0          25    <none> (D) 
            u_low                              10         13         0          13    <none> (D) 
        EXP_SWAP                               13         31         0          31    <none> (D) 
        EXP_RND                                15         29         0          29    <none> (D) 
        MAN_ALU_PROC_RND                        7         13         0          13    <none> (D) 
        SIGN_UNIT                               1          2         0           2    <none> (D) 
      DATA_A_IM                              1128       2153         0        2153    <none> (D) 
        MAN_ALU                               217        425         0         425    <none> (D) 
          ALU_SUB_UNIT                        120        235         0         235    <none> (D) 
            CLA_BLOCK_GEN[0].CLA_4BIT_UNIT     18         41         0          41    <none> (D) 
            CLA_BLOCK_GEN[5].CLA_4BIT_UNIT     18         34         0          34    <none> (D) 
            CLA_BLOCK_GEN[3].CLA_4BIT_UNIT     18         34         0          34    <none> (D) 
            CLA_BLOCK_GEN[2].CLA_4BIT_UNIT     18         34         0          34    <none> (D) 
            CLA_BLOCK_GEN[1].CLA_4BIT_UNIT     18         34         0          34    <none> (D) 
            CLA_BLOCK_GEN[4].CLA_4BIT_UNIT     15         34         0          34    <none> (D) 
        NOR_UNIT                              207        362         0         362    <none> (D) 
          SHF_left_unit                       142        249         0         249    <none> (D) 
        SHF_RIGHT_MAN                         137        239         0         239    <none> (D) 
        PSC_UNIT                               86        158         0         158    <none> (D) 
        MAN_COMP_24BIT                         80        143         0         143    <none> (D) 
          u_i_data_4                           13         25         0          25    <none> (D) 
          u_i_data_3                           13         25         0          25    <none> (D) 
          u_i_data_2                           13         25         0          25    <none> (D) 
          u_i_data_1                           13         25         0          25    <none> (D) 
          u_i_data_5                           12         21         0          21    <none> (D) 
          u_i_data_0                           10         13         0          13    <none> (D) 
        MAN_SWAP                               48        113         0         113    <none> (D) 
        MAN_SWAP_PRE                           46        110         0         110    <none> (D) 
        MAN_RND                                26         91         0          91    <none> (D) 
        LOPD_24BIT                             58         85         0          85    <none> (D) 
          LOPD_16bit_UNIT_MSB                  34         52         0          52    <none> (D) 
            LOPD_8bit_unit_1                   14         20         0          20    <none> (D) 
            LOPD_8bit_unit_0                   14         20         0          20    <none> (D) 
          LOPD_8bit_UNIT_LSB                   14         20         0          20    <none> (D) 
        EXP_ADJUST                             37         81         0          81    <none> (D) 
          CLA_8BIT_UNIT                        30         73         0          73    <none> (D) 
            CLA_4BIT_UNIT_0                    18         41         0          41    <none> (D) 
            CLA_4BIT_UNIT_1                    11         29         0          29    <none> (D) 
        EXP_SUB                                25         45         0          45    <none> (D) 
          CLA_8BIT_UNIT                        20         41         0          41    <none> (D) 
            CLA_4BIT_UNIT_0                    17         35         0          35    <none> (D) 
            CLA_4BIT_UNIT_1                     2          5         0           5    <none> (D) 
        EXP_COM_8BIT                           24         41         0          41    <none> (D) 
          COMP_LESS_UNIT                       24         41         0          41    <none> (D) 
            u_high                             13         25         0          25    <none> (D) 
            u_low                              10         13         0          13    <none> (D) 
        EXP_SWAP                               13         31         0          31    <none> (D) 
        EXP_RND                                15         29         0          29    <none> (D) 
        MAN_ALU_PROC_RND                        7         13         0          13    <none> (D) 
        SIGN_UNIT                               1          2         0           2    <none> (D) 
    BFU2_UNIT0                               4508       8614         0        8614    <none> (D) 
      DATA_B_RE                              1126       2155         0        2155    <none> (D) 
        MAN_ALU                               215        424         0         424    <none> (D) 
          ALU_SUB_UNIT                        120        235         0         235    <none> (D) 
            CLA_BLOCK_GEN[0].CLA_4BIT_UNIT     18         41         0          41    <none> (D) 
            CLA_BLOCK_GEN[5].CLA_4BIT_UNIT     18         34         0          34    <none> (D) 
            CLA_BLOCK_GEN[3].CLA_4BIT_UNIT     18         34         0          34    <none> (D) 
            CLA_BLOCK_GEN[2].CLA_4BIT_UNIT     18         34         0          34    <none> (D) 
            CLA_BLOCK_GEN[1].CLA_4BIT_UNIT     18         34         0          34    <none> (D) 
            CLA_BLOCK_GEN[4].CLA_4BIT_UNIT     15         34         0          34    <none> (D) 
        NOR_UNIT                              207        362         0         362    <none> (D) 
          SHF_left_unit                       142        249         0         249    <none> (D) 
        SHF_RIGHT_MAN                         134        239         0         239    <none> (D) 
        PSC_UNIT                               88        160         0         160    <none> (D) 
        MAN_COMP_24BIT                         80        143         0         143    <none> (D) 
          u_i_data_4                           13         25         0          25    <none> (D) 
          u_i_data_3                           13         25         0          25    <none> (D) 
          u_i_data_2                           13         25         0          25    <none> (D) 
          u_i_data_1                           13         25         0          25    <none> (D) 
          u_i_data_5                           12         21         0          21    <none> (D) 
          u_i_data_0                           10         13         0          13    <none> (D) 
        MAN_SWAP                               48        113         0         113    <none> (D) 
        MAN_SWAP_PRE                           46        110         0         110    <none> (D) 
        MAN_RND                                26         91         0          91    <none> (D) 
        LOPD_24BIT                             58         85         0          85    <none> (D) 
          LOPD_16bit_UNIT_MSB                  34         52         0          52    <none> (D) 
            LOPD_8bit_unit_1                   14         20         0          20    <none> (D) 
            LOPD_8bit_unit_0                   14         20         0          20    <none> (D) 
          LOPD_8bit_UNIT_LSB                   14         20         0          20    <none> (D) 
        EXP_ADJUST                             37         81         0          81    <none> (D) 
          CLA_8BIT_UNIT                        30         73         0          73    <none> (D) 
            CLA_4BIT_UNIT_0                    18         41         0          41    <none> (D) 
            CLA_4BIT_UNIT_1                    11         29         0          29    <none> (D) 
        EXP_SUB                                25         45         0          45    <none> (D) 
          CLA_8BIT_UNIT                        20         41         0          41    <none> (D) 
            CLA_4BIT_UNIT_0                    17         35         0          35    <none> (D) 
            CLA_4BIT_UNIT_1                     2          5         0           5    <none> (D) 
        EXP_COM_8BIT                           24         41         0          41    <none> (D) 
          COMP_LESS_UNIT                       24         41         0          41    <none> (D) 
            u_high                             13         25         0          25    <none> (D) 
            u_low                              10         13         0          13    <none> (D) 
        EXP_SWAP                               13         31         0          31    <none> (D) 
        EXP_RND                                15         29         0          29    <none> (D) 
        MAN_ALU_PROC_RND                        7         13         0          13    <none> (D) 
        SIGN_UNIT                               2          3         0           3    <none> (D) 
      DATA_B_IM                              1126       2155         0        2155    <none> (D) 
        MAN_ALU                               215        424         0         424    <none> (D) 
          ALU_SUB_UNIT                        120        235         0         235    <none> (D) 
            CLA_BLOCK_GEN[0].CLA_4BIT_UNIT     18         41         0          41    <none> (D) 
            CLA_BLOCK_GEN[5].CLA_4BIT_UNIT     18         34         0          34    <none> (D) 
            CLA_BLOCK_GEN[3].CLA_4BIT_UNIT     18         34         0          34    <none> (D) 
            CLA_BLOCK_GEN[2].CLA_4BIT_UNIT     18         34         0          34    <none> (D) 
            CLA_BLOCK_GEN[1].CLA_4BIT_UNIT     18         34         0          34    <none> (D) 
            CLA_BLOCK_GEN[4].CLA_4BIT_UNIT     15         34         0          34    <none> (D) 
        NOR_UNIT                              207        362         0         362    <none> (D) 
          SHF_left_unit                       142        249         0         249    <none> (D) 
        SHF_RIGHT_MAN                         134        239         0         239    <none> (D) 
        PSC_UNIT                               88        160         0         160    <none> (D) 
        MAN_COMP_24BIT                         80        143         0         143    <none> (D) 
          u_i_data_4                           13         25         0          25    <none> (D) 
          u_i_data_3                           13         25         0          25    <none> (D) 
          u_i_data_2                           13         25         0          25    <none> (D) 
          u_i_data_1                           13         25         0          25    <none> (D) 
          u_i_data_5                           12         21         0          21    <none> (D) 
          u_i_data_0                           10         13         0          13    <none> (D) 
        MAN_SWAP                               48        113         0         113    <none> (D) 
        MAN_SWAP_PRE                           46        110         0         110    <none> (D) 
        MAN_RND                                26         91         0          91    <none> (D) 
        LOPD_24BIT                             58         85         0          85    <none> (D) 
          LOPD_16bit_UNIT_MSB                  34         52         0          52    <none> (D) 
            LOPD_8bit_unit_1                   14         20         0          20    <none> (D) 
            LOPD_8bit_unit_0                   14         20         0          20    <none> (D) 
          LOPD_8bit_UNIT_LSB                   14         20         0          20    <none> (D) 
        EXP_ADJUST                             37         81         0          81    <none> (D) 
          CLA_8BIT_UNIT                        30         73         0          73    <none> (D) 
            CLA_4BIT_UNIT_0                    18         41         0          41    <none> (D) 
            CLA_4BIT_UNIT_1                    11         29         0          29    <none> (D) 
        EXP_SUB                                25         45         0          45    <none> (D) 
          CLA_8BIT_UNIT                        20         41         0          41    <none> (D) 
            CLA_4BIT_UNIT_0                    17         35         0          35    <none> (D) 
            CLA_4BIT_UNIT_1                     2          5         0           5    <none> (D) 
        EXP_COM_8BIT                           24         41         0          41    <none> (D) 
          COMP_LESS_UNIT                       24         41         0          41    <none> (D) 
            u_high                             13         25         0          25    <none> (D) 
            u_low                              10         13         0          13    <none> (D) 
        EXP_SWAP                               13         31         0          31    <none> (D) 
        EXP_RND                                15         29         0          29    <none> (D) 
        MAN_ALU_PROC_RND                        7         13         0          13    <none> (D) 
        SIGN_UNIT                               2          3         0           3    <none> (D) 
      DATA_A_RE                              1128       2153         0        2153    <none> (D) 
        MAN_ALU                               217        425         0         425    <none> (D) 
          ALU_SUB_UNIT                        120        235         0         235    <none> (D) 
            CLA_BLOCK_GEN[0].CLA_4BIT_UNIT     18         41         0          41    <none> (D) 
            CLA_BLOCK_GEN[5].CLA_4BIT_UNIT     18         34         0          34    <none> (D) 
            CLA_BLOCK_GEN[3].CLA_4BIT_UNIT     18         34         0          34    <none> (D) 
            CLA_BLOCK_GEN[2].CLA_4BIT_UNIT     18         34         0          34    <none> (D) 
            CLA_BLOCK_GEN[1].CLA_4BIT_UNIT     18         34         0          34    <none> (D) 
            CLA_BLOCK_GEN[4].CLA_4BIT_UNIT     15         34         0          34    <none> (D) 
        NOR_UNIT                              207        362         0         362    <none> (D) 
          SHF_left_unit                       142        249         0         249    <none> (D) 
        SHF_RIGHT_MAN                         137        239         0         239    <none> (D) 
        PSC_UNIT                               86        158         0         158    <none> (D) 
        MAN_COMP_24BIT                         80        143         0         143    <none> (D) 
          u_i_data_4                           13         25         0          25    <none> (D) 
          u_i_data_3                           13         25         0          25    <none> (D) 
          u_i_data_2                           13         25         0          25    <none> (D) 
          u_i_data_1                           13         25         0          25    <none> (D) 
          u_i_data_5                           12         21         0          21    <none> (D) 
          u_i_data_0                           10         13         0          13    <none> (D) 
        MAN_SWAP                               48        113         0         113    <none> (D) 
        MAN_SWAP_PRE                           46        110         0         110    <none> (D) 
        MAN_RND                                26         91         0          91    <none> (D) 
        LOPD_24BIT                             58         85         0          85    <none> (D) 
          LOPD_16bit_UNIT_MSB                  34         52         0          52    <none> (D) 
            LOPD_8bit_unit_1                   14         20         0          20    <none> (D) 
            LOPD_8bit_unit_0                   14         20         0          20    <none> (D) 
          LOPD_8bit_UNIT_LSB                   14         20         0          20    <none> (D) 
        EXP_ADJUST                             37         81         0          81    <none> (D) 
          CLA_8BIT_UNIT                        30         73         0          73    <none> (D) 
            CLA_4BIT_UNIT_0                    18         41         0          41    <none> (D) 
            CLA_4BIT_UNIT_1                    11         29         0          29    <none> (D) 
        EXP_SUB                                25         45         0          45    <none> (D) 
          CLA_8BIT_UNIT                        20         41         0          41    <none> (D) 
            CLA_4BIT_UNIT_0                    17         35         0          35    <none> (D) 
            CLA_4BIT_UNIT_1                     2          5         0           5    <none> (D) 
        EXP_COM_8BIT                           24         41         0          41    <none> (D) 
          COMP_LESS_UNIT                       24         41         0          41    <none> (D) 
            u_high                             13         25         0          25    <none> (D) 
            u_low                              10         13         0          13    <none> (D) 
        EXP_SWAP                               13         31         0          31    <none> (D) 
        EXP_RND                                15         29         0          29    <none> (D) 
        MAN_ALU_PROC_RND                        7         13         0          13    <none> (D) 
        SIGN_UNIT                               1          2         0           2    <none> (D) 
      DATA_A_IM                              1128       2153         0        2153    <none> (D) 
        MAN_ALU                               217        425         0         425    <none> (D) 
          ALU_SUB_UNIT                        120        235         0         235    <none> (D) 
            CLA_BLOCK_GEN[0].CLA_4BIT_UNIT     18         41         0          41    <none> (D) 
            CLA_BLOCK_GEN[5].CLA_4BIT_UNIT     18         34         0          34    <none> (D) 
            CLA_BLOCK_GEN[3].CLA_4BIT_UNIT     18         34         0          34    <none> (D) 
            CLA_BLOCK_GEN[2].CLA_4BIT_UNIT     18         34         0          34    <none> (D) 
            CLA_BLOCK_GEN[1].CLA_4BIT_UNIT     18         34         0          34    <none> (D) 
            CLA_BLOCK_GEN[4].CLA_4BIT_UNIT     15         34         0          34    <none> (D) 
        NOR_UNIT                              207        362         0         362    <none> (D) 
          SHF_left_unit                       142        249         0         249    <none> (D) 
        SHF_RIGHT_MAN                         137        239         0         239    <none> (D) 
        PSC_UNIT                               86        158         0         158    <none> (D) 
        MAN_COMP_24BIT                         80        143         0         143    <none> (D) 
          u_i_data_4                           13         25         0          25    <none> (D) 
          u_i_data_3                           13         25         0          25    <none> (D) 
          u_i_data_2                           13         25         0          25    <none> (D) 
          u_i_data_1                           13         25         0          25    <none> (D) 
          u_i_data_5                           12         21         0          21    <none> (D) 
          u_i_data_0                           10         13         0          13    <none> (D) 
        MAN_SWAP                               48        113         0         113    <none> (D) 
        MAN_SWAP_PRE                           46        110         0         110    <none> (D) 
        MAN_RND                                26         91         0          91    <none> (D) 
        LOPD_24BIT                             58         85         0          85    <none> (D) 
          LOPD_16bit_UNIT_MSB                  34         52         0          52    <none> (D) 
            LOPD_8bit_unit_1                   14         20         0          20    <none> (D) 
            LOPD_8bit_unit_0                   14         20         0          20    <none> (D) 
          LOPD_8bit_UNIT_LSB                   14         20         0          20    <none> (D) 
        EXP_ADJUST                             37         81         0          81    <none> (D) 
          CLA_8BIT_UNIT                        30         73         0          73    <none> (D) 
            CLA_4BIT_UNIT_0                    18         41         0          41    <none> (D) 
            CLA_4BIT_UNIT_1                    11         29         0          29    <none> (D) 
        EXP_SUB                                25         45         0          45    <none> (D) 
          CLA_8BIT_UNIT                        20         41         0          41    <none> (D) 
            CLA_4BIT_UNIT_0                    17         35         0          35    <none> (D) 
            CLA_4BIT_UNIT_1                     2          5         0           5    <none> (D) 
        EXP_COM_8BIT                           24         41         0          41    <none> (D) 
          COMP_LESS_UNIT                       24         41         0          41    <none> (D) 
            u_high                             13         25         0          25    <none> (D) 
            u_low                              10         13         0          13    <none> (D) 
        EXP_SWAP                               13         31         0          31    <none> (D) 
        EXP_RND                                15         29         0          29    <none> (D) 
        MAN_ALU_PROC_RND                        7         13         0          13    <none> (D) 
        SIGN_UNIT                               1          2         0           2    <none> (D) 
  BFU2_S1_37                                 4508       8614         0        8614    <none> (D) 
    DATA_B_RE                                1126       2155         0        2155    <none> (D) 
      MAN_ALU                                 215        424         0         424    <none> (D) 
        ALU_SUB_UNIT                          120        235         0         235    <none> (D) 
          CLA_BLOCK_GEN[0].CLA_4BIT_UNIT       18         41         0          41    <none> (D) 
          CLA_BLOCK_GEN[5].CLA_4BIT_UNIT       18         34         0          34    <none> (D) 
          CLA_BLOCK_GEN[3].CLA_4BIT_UNIT       18         34         0          34    <none> (D) 
          CLA_BLOCK_GEN[2].CLA_4BIT_UNIT       18         34         0          34    <none> (D) 
          CLA_BLOCK_GEN[1].CLA_4BIT_UNIT       18         34         0          34    <none> (D) 
          CLA_BLOCK_GEN[4].CLA_4BIT_UNIT       15         34         0          34    <none> (D) 
      NOR_UNIT                                207        362         0         362    <none> (D) 
        SHF_left_unit                         142        249         0         249    <none> (D) 
      SHF_RIGHT_MAN                           134        239         0         239    <none> (D) 
      PSC_UNIT                                 88        160         0         160    <none> (D) 
      MAN_COMP_24BIT                           80        143         0         143    <none> (D) 
        u_i_data_4                             13         25         0          25    <none> (D) 
        u_i_data_3                             13         25         0          25    <none> (D) 
        u_i_data_2                             13         25         0          25    <none> (D) 
        u_i_data_1                             13         25         0          25    <none> (D) 
        u_i_data_5                             12         21         0          21    <none> (D) 
        u_i_data_0                             10         13         0          13    <none> (D) 
      MAN_SWAP                                 48        113         0         113    <none> (D) 
      MAN_SWAP_PRE                             46        110         0         110    <none> (D) 
      MAN_RND                                  26         91         0          91    <none> (D) 
      LOPD_24BIT                               58         85         0          85    <none> (D) 
        LOPD_16bit_UNIT_MSB                    34         52         0          52    <none> (D) 
          LOPD_8bit_unit_1                     14         20         0          20    <none> (D) 
          LOPD_8bit_unit_0                     14         20         0          20    <none> (D) 
        LOPD_8bit_UNIT_LSB                     14         20         0          20    <none> (D) 
      EXP_ADJUST                               37         81         0          81    <none> (D) 
        CLA_8BIT_UNIT                          30         73         0          73    <none> (D) 
          CLA_4BIT_UNIT_0                      18         41         0          41    <none> (D) 
          CLA_4BIT_UNIT_1                      11         29         0          29    <none> (D) 
      EXP_SUB                                  25         45         0          45    <none> (D) 
        CLA_8BIT_UNIT                          20         41         0          41    <none> (D) 
          CLA_4BIT_UNIT_0                      17         35         0          35    <none> (D) 
          CLA_4BIT_UNIT_1                       2          5         0           5    <none> (D) 
      EXP_COM_8BIT                             24         41         0          41    <none> (D) 
        COMP_LESS_UNIT                         24         41         0          41    <none> (D) 
          u_high                               13         25         0          25    <none> (D) 
          u_low                                10         13         0          13    <none> (D) 
      EXP_SWAP                                 13         31         0          31    <none> (D) 
      EXP_RND                                  15         29         0          29    <none> (D) 
      MAN_ALU_PROC_RND                          7         13         0          13    <none> (D) 
      SIGN_UNIT                                 2          3         0           3    <none> (D) 
    DATA_B_IM                                1126       2155         0        2155    <none> (D) 
      MAN_ALU                                 215        424         0         424    <none> (D) 
        ALU_SUB_UNIT                          120        235         0         235    <none> (D) 
          CLA_BLOCK_GEN[0].CLA_4BIT_UNIT       18         41         0          41    <none> (D) 
          CLA_BLOCK_GEN[5].CLA_4BIT_UNIT       18         34         0          34    <none> (D) 
          CLA_BLOCK_GEN[3].CLA_4BIT_UNIT       18         34         0          34    <none> (D) 
          CLA_BLOCK_GEN[2].CLA_4BIT_UNIT       18         34         0          34    <none> (D) 
          CLA_BLOCK_GEN[1].CLA_4BIT_UNIT       18         34         0          34    <none> (D) 
          CLA_BLOCK_GEN[4].CLA_4BIT_UNIT       15         34         0          34    <none> (D) 
      NOR_UNIT                                207        362         0         362    <none> (D) 
        SHF_left_unit                         142        249         0         249    <none> (D) 
      SHF_RIGHT_MAN                           134        239         0         239    <none> (D) 
      PSC_UNIT                                 88        160         0         160    <none> (D) 
      MAN_COMP_24BIT                           80        143         0         143    <none> (D) 
        u_i_data_4                             13         25         0          25    <none> (D) 
        u_i_data_3                             13         25         0          25    <none> (D) 
        u_i_data_2                             13         25         0          25    <none> (D) 
        u_i_data_1                             13         25         0          25    <none> (D) 
        u_i_data_5                             12         21         0          21    <none> (D) 
        u_i_data_0                             10         13         0          13    <none> (D) 
      MAN_SWAP                                 48        113         0         113    <none> (D) 
      MAN_SWAP_PRE                             46        110         0         110    <none> (D) 
      MAN_RND                                  26         91         0          91    <none> (D) 
      LOPD_24BIT                               58         85         0          85    <none> (D) 
        LOPD_16bit_UNIT_MSB                    34         52         0          52    <none> (D) 
          LOPD_8bit_unit_1                     14         20         0          20    <none> (D) 
          LOPD_8bit_unit_0                     14         20         0          20    <none> (D) 
        LOPD_8bit_UNIT_LSB                     14         20         0          20    <none> (D) 
      EXP_ADJUST                               37         81         0          81    <none> (D) 
        CLA_8BIT_UNIT                          30         73         0          73    <none> (D) 
          CLA_4BIT_UNIT_0                      18         41         0          41    <none> (D) 
          CLA_4BIT_UNIT_1                      11         29         0          29    <none> (D) 
      EXP_SUB                                  25         45         0          45    <none> (D) 
        CLA_8BIT_UNIT                          20         41         0          41    <none> (D) 
          CLA_4BIT_UNIT_0                      17         35         0          35    <none> (D) 
          CLA_4BIT_UNIT_1                       2          5         0           5    <none> (D) 
      EXP_COM_8BIT                             24         41         0          41    <none> (D) 
        COMP_LESS_UNIT                         24         41         0          41    <none> (D) 
          u_high                               13         25         0          25    <none> (D) 
          u_low                                10         13         0          13    <none> (D) 
      EXP_SWAP                                 13         31         0          31    <none> (D) 
      EXP_RND                                  15         29         0          29    <none> (D) 
      MAN_ALU_PROC_RND                          7         13         0          13    <none> (D) 
      SIGN_UNIT                                 2          3         0           3    <none> (D) 
    DATA_A_RE                                1128       2153         0        2153    <none> (D) 
      MAN_ALU                                 217        425         0         425    <none> (D) 
        ALU_SUB_UNIT                          120        235         0         235    <none> (D) 
          CLA_BLOCK_GEN[0].CLA_4BIT_UNIT       18         41         0          41    <none> (D) 
          CLA_BLOCK_GEN[5].CLA_4BIT_UNIT       18         34         0          34    <none> (D) 
          CLA_BLOCK_GEN[3].CLA_4BIT_UNIT       18         34         0          34    <none> (D) 
          CLA_BLOCK_GEN[2].CLA_4BIT_UNIT       18         34         0          34    <none> (D) 
          CLA_BLOCK_GEN[1].CLA_4BIT_UNIT       18         34         0          34    <none> (D) 
          CLA_BLOCK_GEN[4].CLA_4BIT_UNIT       15         34         0          34    <none> (D) 
      NOR_UNIT                                207        362         0         362    <none> (D) 
        SHF_left_unit                         142        249         0         249    <none> (D) 
      SHF_RIGHT_MAN                           137        239         0         239    <none> (D) 
      PSC_UNIT                                 86        158         0         158    <none> (D) 
      MAN_COMP_24BIT                           80        143         0         143    <none> (D) 
        u_i_data_4                             13         25         0          25    <none> (D) 
        u_i_data_3                             13         25         0          25    <none> (D) 
        u_i_data_2                             13         25         0          25    <none> (D) 
        u_i_data_1                             13         25         0          25    <none> (D) 
        u_i_data_5                             12         21         0          21    <none> (D) 
        u_i_data_0                             10         13         0          13    <none> (D) 
      MAN_SWAP                                 48        113         0         113    <none> (D) 
      MAN_SWAP_PRE                             46        110         0         110    <none> (D) 
      MAN_RND                                  26         91         0          91    <none> (D) 
      LOPD_24BIT                               58         85         0          85    <none> (D) 
        LOPD_16bit_UNIT_MSB                    34         52         0          52    <none> (D) 
          LOPD_8bit_unit_1                     14         20         0          20    <none> (D) 
          LOPD_8bit_unit_0                     14         20         0          20    <none> (D) 
        LOPD_8bit_UNIT_LSB                     14         20         0          20    <none> (D) 
      EXP_ADJUST                               37         81         0          81    <none> (D) 
        CLA_8BIT_UNIT                          30         73         0          73    <none> (D) 
          CLA_4BIT_UNIT_0                      18         41         0          41    <none> (D) 
          CLA_4BIT_UNIT_1                      11         29         0          29    <none> (D) 
      EXP_SUB                                  25         45         0          45    <none> (D) 
        CLA_8BIT_UNIT                          20         41         0          41    <none> (D) 
          CLA_4BIT_UNIT_0                      17         35         0          35    <none> (D) 
          CLA_4BIT_UNIT_1                       2          5         0           5    <none> (D) 
      EXP_COM_8BIT                             24         41         0          41    <none> (D) 
        COMP_LESS_UNIT                         24         41         0          41    <none> (D) 
          u_high                               13         25         0          25    <none> (D) 
          u_low                                10         13         0          13    <none> (D) 
      EXP_SWAP                                 13         31         0          31    <none> (D) 
      EXP_RND                                  15         29         0          29    <none> (D) 
      MAN_ALU_PROC_RND                          7         13         0          13    <none> (D) 
      SIGN_UNIT                                 1          2         0           2    <none> (D) 
    DATA_A_IM                                1128       2153         0        2153    <none> (D) 
      MAN_ALU                                 217        425         0         425    <none> (D) 
        ALU_SUB_UNIT                          120        235         0         235    <none> (D) 
          CLA_BLOCK_GEN[0].CLA_4BIT_UNIT       18         41         0          41    <none> (D) 
          CLA_BLOCK_GEN[5].CLA_4BIT_UNIT       18         34         0          34    <none> (D) 
          CLA_BLOCK_GEN[3].CLA_4BIT_UNIT       18         34         0          34    <none> (D) 
          CLA_BLOCK_GEN[2].CLA_4BIT_UNIT       18         34         0          34    <none> (D) 
          CLA_BLOCK_GEN[1].CLA_4BIT_UNIT       18         34         0          34    <none> (D) 
          CLA_BLOCK_GEN[4].CLA_4BIT_UNIT       15         34         0          34    <none> (D) 
      NOR_UNIT                                207        362         0         362    <none> (D) 
        SHF_left_unit                         142        249         0         249    <none> (D) 
      SHF_RIGHT_MAN                           137        239         0         239    <none> (D) 
      PSC_UNIT                                 86        158         0         158    <none> (D) 
      MAN_COMP_24BIT                           80        143         0         143    <none> (D) 
        u_i_data_4                             13         25         0          25    <none> (D) 
        u_i_data_3                             13         25         0          25    <none> (D) 
        u_i_data_2                             13         25         0          25    <none> (D) 
        u_i_data_1                             13         25         0          25    <none> (D) 
        u_i_data_5                             12         21         0          21    <none> (D) 
        u_i_data_0                             10         13         0          13    <none> (D) 
      MAN_SWAP                                 48        113         0         113    <none> (D) 
      MAN_SWAP_PRE                             46        110         0         110    <none> (D) 
      MAN_RND                                  26         91         0          91    <none> (D) 
      LOPD_24BIT                               58         85         0          85    <none> (D) 
        LOPD_16bit_UNIT_MSB                    34         52         0          52    <none> (D) 
          LOPD_8bit_unit_1                     14         20         0          20    <none> (D) 
          LOPD_8bit_unit_0                     14         20         0          20    <none> (D) 
        LOPD_8bit_UNIT_LSB                     14         20         0          20    <none> (D) 
      EXP_ADJUST                               37         81         0          81    <none> (D) 
        CLA_8BIT_UNIT                          30         73         0          73    <none> (D) 
          CLA_4BIT_UNIT_0                      18         41         0          41    <none> (D) 
          CLA_4BIT_UNIT_1                      11         29         0          29    <none> (D) 
      EXP_SUB                                  25         45         0          45    <none> (D) 
        CLA_8BIT_UNIT                          20         41         0          41    <none> (D) 
          CLA_4BIT_UNIT_0                      17         35         0          35    <none> (D) 
          CLA_4BIT_UNIT_1                       2          5         0           5    <none> (D) 
      EXP_COM_8BIT                             24         41         0          41    <none> (D) 
        COMP_LESS_UNIT                         24         41         0          41    <none> (D) 
          u_high                               13         25         0          25    <none> (D) 
          u_low                                10         13         0          13    <none> (D) 
      EXP_SWAP                                 13         31         0          31    <none> (D) 
      EXP_RND                                  15         29         0          29    <none> (D) 
      MAN_ALU_PROC_RND                          7         13         0          13    <none> (D) 
      SIGN_UNIT                                 1          2         0           2    <none> (D) 
  BFU2_S1_26                                 4508       8614         0        8614    <none> (D) 
    DATA_B_RE                                1126       2155         0        2155    <none> (D) 
      MAN_ALU                                 215        424         0         424    <none> (D) 
        ALU_SUB_UNIT                          120        235         0         235    <none> (D) 
          CLA_BLOCK_GEN[0].CLA_4BIT_UNIT       18         41         0          41    <none> (D) 
          CLA_BLOCK_GEN[5].CLA_4BIT_UNIT       18         34         0          34    <none> (D) 
          CLA_BLOCK_GEN[3].CLA_4BIT_UNIT       18         34         0          34    <none> (D) 
          CLA_BLOCK_GEN[2].CLA_4BIT_UNIT       18         34         0          34    <none> (D) 
          CLA_BLOCK_GEN[1].CLA_4BIT_UNIT       18         34         0          34    <none> (D) 
          CLA_BLOCK_GEN[4].CLA_4BIT_UNIT       15         34         0          34    <none> (D) 
      NOR_UNIT                                207        362         0         362    <none> (D) 
        SHF_left_unit                         142        249         0         249    <none> (D) 
      SHF_RIGHT_MAN                           134        239         0         239    <none> (D) 
      PSC_UNIT                                 88        160         0         160    <none> (D) 
      MAN_COMP_24BIT                           80        143         0         143    <none> (D) 
        u_i_data_4                             13         25         0          25    <none> (D) 
        u_i_data_3                             13         25         0          25    <none> (D) 
        u_i_data_2                             13         25         0          25    <none> (D) 
        u_i_data_1                             13         25         0          25    <none> (D) 
        u_i_data_5                             12         21         0          21    <none> (D) 
        u_i_data_0                             10         13         0          13    <none> (D) 
      MAN_SWAP                                 48        113         0         113    <none> (D) 
      MAN_SWAP_PRE                             46        110         0         110    <none> (D) 
      MAN_RND                                  26         91         0          91    <none> (D) 
      LOPD_24BIT                               58         85         0          85    <none> (D) 
        LOPD_16bit_UNIT_MSB                    34         52         0          52    <none> (D) 
          LOPD_8bit_unit_1                     14         20         0          20    <none> (D) 
          LOPD_8bit_unit_0                     14         20         0          20    <none> (D) 
        LOPD_8bit_UNIT_LSB                     14         20         0          20    <none> (D) 
      EXP_ADJUST                               37         81         0          81    <none> (D) 
        CLA_8BIT_UNIT                          30         73         0          73    <none> (D) 
          CLA_4BIT_UNIT_0                      18         41         0          41    <none> (D) 
          CLA_4BIT_UNIT_1                      11         29         0          29    <none> (D) 
      EXP_SUB                                  25         45         0          45    <none> (D) 
        CLA_8BIT_UNIT                          20         41         0          41    <none> (D) 
          CLA_4BIT_UNIT_0                      17         35         0          35    <none> (D) 
          CLA_4BIT_UNIT_1                       2          5         0           5    <none> (D) 
      EXP_COM_8BIT                             24         41         0          41    <none> (D) 
        COMP_LESS_UNIT                         24         41         0          41    <none> (D) 
          u_high                               13         25         0          25    <none> (D) 
          u_low                                10         13         0          13    <none> (D) 
      EXP_SWAP                                 13         31         0          31    <none> (D) 
      EXP_RND                                  15         29         0          29    <none> (D) 
      MAN_ALU_PROC_RND                          7         13         0          13    <none> (D) 
      SIGN_UNIT                                 2          3         0           3    <none> (D) 
    DATA_B_IM                                1126       2155         0        2155    <none> (D) 
      MAN_ALU                                 215        424         0         424    <none> (D) 
        ALU_SUB_UNIT                          120        235         0         235    <none> (D) 
          CLA_BLOCK_GEN[0].CLA_4BIT_UNIT       18         41         0          41    <none> (D) 
          CLA_BLOCK_GEN[5].CLA_4BIT_UNIT       18         34         0          34    <none> (D) 
          CLA_BLOCK_GEN[3].CLA_4BIT_UNIT       18         34         0          34    <none> (D) 
          CLA_BLOCK_GEN[2].CLA_4BIT_UNIT       18         34         0          34    <none> (D) 
          CLA_BLOCK_GEN[1].CLA_4BIT_UNIT       18         34         0          34    <none> (D) 
          CLA_BLOCK_GEN[4].CLA_4BIT_UNIT       15         34         0          34    <none> (D) 
      NOR_UNIT                                207        362         0         362    <none> (D) 
        SHF_left_unit                         142        249         0         249    <none> (D) 
      SHF_RIGHT_MAN                           134        239         0         239    <none> (D) 
      PSC_UNIT                                 88        160         0         160    <none> (D) 
      MAN_COMP_24BIT                           80        143         0         143    <none> (D) 
        u_i_data_4                             13         25         0          25    <none> (D) 
        u_i_data_3                             13         25         0          25    <none> (D) 
        u_i_data_2                             13         25         0          25    <none> (D) 
        u_i_data_1                             13         25         0          25    <none> (D) 
        u_i_data_5                             12         21         0          21    <none> (D) 
        u_i_data_0                             10         13         0          13    <none> (D) 
      MAN_SWAP                                 48        113         0         113    <none> (D) 
      MAN_SWAP_PRE                             46        110         0         110    <none> (D) 
      MAN_RND                                  26         91         0          91    <none> (D) 
      LOPD_24BIT                               58         85         0          85    <none> (D) 
        LOPD_16bit_UNIT_MSB                    34         52         0          52    <none> (D) 
          LOPD_8bit_unit_1                     14         20         0          20    <none> (D) 
          LOPD_8bit_unit_0                     14         20         0          20    <none> (D) 
        LOPD_8bit_UNIT_LSB                     14         20         0          20    <none> (D) 
      EXP_ADJUST                               37         81         0          81    <none> (D) 
        CLA_8BIT_UNIT                          30         73         0          73    <none> (D) 
          CLA_4BIT_UNIT_0                      18         41         0          41    <none> (D) 
          CLA_4BIT_UNIT_1                      11         29         0          29    <none> (D) 
      EXP_SUB                                  25         45         0          45    <none> (D) 
        CLA_8BIT_UNIT                          20         41         0          41    <none> (D) 
          CLA_4BIT_UNIT_0                      17         35         0          35    <none> (D) 
          CLA_4BIT_UNIT_1                       2          5         0           5    <none> (D) 
      EXP_COM_8BIT                             24         41         0          41    <none> (D) 
        COMP_LESS_UNIT                         24         41         0          41    <none> (D) 
          u_high                               13         25         0          25    <none> (D) 
          u_low                                10         13         0          13    <none> (D) 
      EXP_SWAP                                 13         31         0          31    <none> (D) 
      EXP_RND                                  15         29         0          29    <none> (D) 
      MAN_ALU_PROC_RND                          7         13         0          13    <none> (D) 
      SIGN_UNIT                                 2          3         0           3    <none> (D) 
    DATA_A_RE                                1128       2153         0        2153    <none> (D) 
      MAN_ALU                                 217        425         0         425    <none> (D) 
        ALU_SUB_UNIT                          120        235         0         235    <none> (D) 
          CLA_BLOCK_GEN[0].CLA_4BIT_UNIT       18         41         0          41    <none> (D) 
          CLA_BLOCK_GEN[5].CLA_4BIT_UNIT       18         34         0          34    <none> (D) 
          CLA_BLOCK_GEN[3].CLA_4BIT_UNIT       18         34         0          34    <none> (D) 
          CLA_BLOCK_GEN[2].CLA_4BIT_UNIT       18         34         0          34    <none> (D) 
          CLA_BLOCK_GEN[1].CLA_4BIT_UNIT       18         34         0          34    <none> (D) 
          CLA_BLOCK_GEN[4].CLA_4BIT_UNIT       15         34         0          34    <none> (D) 
      NOR_UNIT                                207        362         0         362    <none> (D) 
        SHF_left_unit                         142        249         0         249    <none> (D) 
      SHF_RIGHT_MAN                           137        239         0         239    <none> (D) 
      PSC_UNIT                                 86        158         0         158    <none> (D) 
      MAN_COMP_24BIT                           80        143         0         143    <none> (D) 
        u_i_data_4                             13         25         0          25    <none> (D) 
        u_i_data_3                             13         25         0          25    <none> (D) 
        u_i_data_2                             13         25         0          25    <none> (D) 
        u_i_data_1                             13         25         0          25    <none> (D) 
        u_i_data_5                             12         21         0          21    <none> (D) 
        u_i_data_0                             10         13         0          13    <none> (D) 
      MAN_SWAP                                 48        113         0         113    <none> (D) 
      MAN_SWAP_PRE                             46        110         0         110    <none> (D) 
      MAN_RND                                  26         91         0          91    <none> (D) 
      LOPD_24BIT                               58         85         0          85    <none> (D) 
        LOPD_16bit_UNIT_MSB                    34         52         0          52    <none> (D) 
          LOPD_8bit_unit_1                     14         20         0          20    <none> (D) 
          LOPD_8bit_unit_0                     14         20         0          20    <none> (D) 
        LOPD_8bit_UNIT_LSB                     14         20         0          20    <none> (D) 
      EXP_ADJUST                               37         81         0          81    <none> (D) 
        CLA_8BIT_UNIT                          30         73         0          73    <none> (D) 
          CLA_4BIT_UNIT_0                      18         41         0          41    <none> (D) 
          CLA_4BIT_UNIT_1                      11         29         0          29    <none> (D) 
      EXP_SUB                                  25         45         0          45    <none> (D) 
        CLA_8BIT_UNIT                          20         41         0          41    <none> (D) 
          CLA_4BIT_UNIT_0                      17         35         0          35    <none> (D) 
          CLA_4BIT_UNIT_1                       2          5         0           5    <none> (D) 
      EXP_COM_8BIT                             24         41         0          41    <none> (D) 
        COMP_LESS_UNIT                         24         41         0          41    <none> (D) 
          u_high                               13         25         0          25    <none> (D) 
          u_low                                10         13         0          13    <none> (D) 
      EXP_SWAP                                 13         31         0          31    <none> (D) 
      EXP_RND                                  15         29         0          29    <none> (D) 
      MAN_ALU_PROC_RND                          7         13         0          13    <none> (D) 
      SIGN_UNIT                                 1          2         0           2    <none> (D) 
    DATA_A_IM                                1128       2153         0        2153    <none> (D) 
      MAN_ALU                                 217        425         0         425    <none> (D) 
        ALU_SUB_UNIT                          120        235         0         235    <none> (D) 
          CLA_BLOCK_GEN[0].CLA_4BIT_UNIT       18         41         0          41    <none> (D) 
          CLA_BLOCK_GEN[5].CLA_4BIT_UNIT       18         34         0          34    <none> (D) 
          CLA_BLOCK_GEN[3].CLA_4BIT_UNIT       18         34         0          34    <none> (D) 
          CLA_BLOCK_GEN[2].CLA_4BIT_UNIT       18         34         0          34    <none> (D) 
          CLA_BLOCK_GEN[1].CLA_4BIT_UNIT       18         34         0          34    <none> (D) 
          CLA_BLOCK_GEN[4].CLA_4BIT_UNIT       15         34         0          34    <none> (D) 
      NOR_UNIT                                207        362         0         362    <none> (D) 
        SHF_left_unit                         142        249         0         249    <none> (D) 
      SHF_RIGHT_MAN                           137        239         0         239    <none> (D) 
      PSC_UNIT                                 86        158         0         158    <none> (D) 
      MAN_COMP_24BIT                           80        143         0         143    <none> (D) 
        u_i_data_4                             13         25         0          25    <none> (D) 
        u_i_data_3                             13         25         0          25    <none> (D) 
        u_i_data_2                             13         25         0          25    <none> (D) 
        u_i_data_1                             13         25         0          25    <none> (D) 
        u_i_data_5                             12         21         0          21    <none> (D) 
        u_i_data_0                             10         13         0          13    <none> (D) 
      MAN_SWAP                                 48        113         0         113    <none> (D) 
      MAN_SWAP_PRE                             46        110         0         110    <none> (D) 
      MAN_RND                                  26         91         0          91    <none> (D) 
      LOPD_24BIT                               58         85         0          85    <none> (D) 
        LOPD_16bit_UNIT_MSB                    34         52         0          52    <none> (D) 
          LOPD_8bit_unit_1                     14         20         0          20    <none> (D) 
          LOPD_8bit_unit_0                     14         20         0          20    <none> (D) 
        LOPD_8bit_UNIT_LSB                     14         20         0          20    <none> (D) 
      EXP_ADJUST                               37         81         0          81    <none> (D) 
        CLA_8BIT_UNIT                          30         73         0          73    <none> (D) 
          CLA_4BIT_UNIT_0                      18         41         0          41    <none> (D) 
          CLA_4BIT_UNIT_1                      11         29         0          29    <none> (D) 
      EXP_SUB                                  25         45         0          45    <none> (D) 
        CLA_8BIT_UNIT                          20         41         0          41    <none> (D) 
          CLA_4BIT_UNIT_0                      17         35         0          35    <none> (D) 
          CLA_4BIT_UNIT_1                       2          5         0           5    <none> (D) 
      EXP_COM_8BIT                             24         41         0          41    <none> (D) 
        COMP_LESS_UNIT                         24         41         0          41    <none> (D) 
          u_high                               13         25         0          25    <none> (D) 
          u_low                                10         13         0          13    <none> (D) 
      EXP_SWAP                                 13         31         0          31    <none> (D) 
      EXP_RND                                  15         29         0          29    <none> (D) 
      MAN_ALU_PROC_RND                          7         13         0          13    <none> (D) 
      SIGN_UNIT                                 1          2         0           2    <none> (D) 
  BFU2_S1_15                                 4508       8614         0        8614    <none> (D) 
    DATA_B_RE                                1126       2155         0        2155    <none> (D) 
      MAN_ALU                                 215        424         0         424    <none> (D) 
        ALU_SUB_UNIT                          120        235         0         235    <none> (D) 
          CLA_BLOCK_GEN[0].CLA_4BIT_UNIT       18         41         0          41    <none> (D) 
          CLA_BLOCK_GEN[5].CLA_4BIT_UNIT       18         34         0          34    <none> (D) 
          CLA_BLOCK_GEN[3].CLA_4BIT_UNIT       18         34         0          34    <none> (D) 
          CLA_BLOCK_GEN[2].CLA_4BIT_UNIT       18         34         0          34    <none> (D) 
          CLA_BLOCK_GEN[1].CLA_4BIT_UNIT       18         34         0          34    <none> (D) 
          CLA_BLOCK_GEN[4].CLA_4BIT_UNIT       15         34         0          34    <none> (D) 
      NOR_UNIT                                207        362         0         362    <none> (D) 
        SHF_left_unit                         142        249         0         249    <none> (D) 
      SHF_RIGHT_MAN                           134        239         0         239    <none> (D) 
      PSC_UNIT                                 88        160         0         160    <none> (D) 
      MAN_COMP_24BIT                           80        143         0         143    <none> (D) 
        u_i_data_4                             13         25         0          25    <none> (D) 
        u_i_data_3                             13         25         0          25    <none> (D) 
        u_i_data_2                             13         25         0          25    <none> (D) 
        u_i_data_1                             13         25         0          25    <none> (D) 
        u_i_data_5                             12         21         0          21    <none> (D) 
        u_i_data_0                             10         13         0          13    <none> (D) 
      MAN_SWAP                                 48        113         0         113    <none> (D) 
      MAN_SWAP_PRE                             46        110         0         110    <none> (D) 
      MAN_RND                                  26         91         0          91    <none> (D) 
      LOPD_24BIT                               58         85         0          85    <none> (D) 
        LOPD_16bit_UNIT_MSB                    34         52         0          52    <none> (D) 
          LOPD_8bit_unit_1                     14         20         0          20    <none> (D) 
          LOPD_8bit_unit_0                     14         20         0          20    <none> (D) 
        LOPD_8bit_UNIT_LSB                     14         20         0          20    <none> (D) 
      EXP_ADJUST                               37         81         0          81    <none> (D) 
        CLA_8BIT_UNIT                          30         73         0          73    <none> (D) 
          CLA_4BIT_UNIT_0                      18         41         0          41    <none> (D) 
          CLA_4BIT_UNIT_1                      11         29         0          29    <none> (D) 
      EXP_SUB                                  25         45         0          45    <none> (D) 
        CLA_8BIT_UNIT                          20         41         0          41    <none> (D) 
          CLA_4BIT_UNIT_0                      17         35         0          35    <none> (D) 
          CLA_4BIT_UNIT_1                       2          5         0           5    <none> (D) 
      EXP_COM_8BIT                             24         41         0          41    <none> (D) 
        COMP_LESS_UNIT                         24         41         0          41    <none> (D) 
          u_high                               13         25         0          25    <none> (D) 
          u_low                                10         13         0          13    <none> (D) 
      EXP_SWAP                                 13         31         0          31    <none> (D) 
      EXP_RND                                  15         29         0          29    <none> (D) 
      MAN_ALU_PROC_RND                          7         13         0          13    <none> (D) 
      SIGN_UNIT                                 2          3         0           3    <none> (D) 
    DATA_B_IM                                1126       2155         0        2155    <none> (D) 
      MAN_ALU                                 215        424         0         424    <none> (D) 
        ALU_SUB_UNIT                          120        235         0         235    <none> (D) 
          CLA_BLOCK_GEN[0].CLA_4BIT_UNIT       18         41         0          41    <none> (D) 
          CLA_BLOCK_GEN[5].CLA_4BIT_UNIT       18         34         0          34    <none> (D) 
          CLA_BLOCK_GEN[3].CLA_4BIT_UNIT       18         34         0          34    <none> (D) 
          CLA_BLOCK_GEN[2].CLA_4BIT_UNIT       18         34         0          34    <none> (D) 
          CLA_BLOCK_GEN[1].CLA_4BIT_UNIT       18         34         0          34    <none> (D) 
          CLA_BLOCK_GEN[4].CLA_4BIT_UNIT       15         34         0          34    <none> (D) 
      NOR_UNIT                                207        362         0         362    <none> (D) 
        SHF_left_unit                         142        249         0         249    <none> (D) 
      SHF_RIGHT_MAN                           134        239         0         239    <none> (D) 
      PSC_UNIT                                 88        160         0         160    <none> (D) 
      MAN_COMP_24BIT                           80        143         0         143    <none> (D) 
        u_i_data_4                             13         25         0          25    <none> (D) 
        u_i_data_3                             13         25         0          25    <none> (D) 
        u_i_data_2                             13         25         0          25    <none> (D) 
        u_i_data_1                             13         25         0          25    <none> (D) 
        u_i_data_5                             12         21         0          21    <none> (D) 
        u_i_data_0                             10         13         0          13    <none> (D) 
      MAN_SWAP                                 48        113         0         113    <none> (D) 
      MAN_SWAP_PRE                             46        110         0         110    <none> (D) 
      MAN_RND                                  26         91         0          91    <none> (D) 
      LOPD_24BIT                               58         85         0          85    <none> (D) 
        LOPD_16bit_UNIT_MSB                    34         52         0          52    <none> (D) 
          LOPD_8bit_unit_1                     14         20         0          20    <none> (D) 
          LOPD_8bit_unit_0                     14         20         0          20    <none> (D) 
        LOPD_8bit_UNIT_LSB                     14         20         0          20    <none> (D) 
      EXP_ADJUST                               37         81         0          81    <none> (D) 
        CLA_8BIT_UNIT                          30         73         0          73    <none> (D) 
          CLA_4BIT_UNIT_0                      18         41         0          41    <none> (D) 
          CLA_4BIT_UNIT_1                      11         29         0          29    <none> (D) 
      EXP_SUB                                  25         45         0          45    <none> (D) 
        CLA_8BIT_UNIT                          20         41         0          41    <none> (D) 
          CLA_4BIT_UNIT_0                      17         35         0          35    <none> (D) 
          CLA_4BIT_UNIT_1                       2          5         0           5    <none> (D) 
      EXP_COM_8BIT                             24         41         0          41    <none> (D) 
        COMP_LESS_UNIT                         24         41         0          41    <none> (D) 
          u_high                               13         25         0          25    <none> (D) 
          u_low                                10         13         0          13    <none> (D) 
      EXP_SWAP                                 13         31         0          31    <none> (D) 
      EXP_RND                                  15         29         0          29    <none> (D) 
      MAN_ALU_PROC_RND                          7         13         0          13    <none> (D) 
      SIGN_UNIT                                 2          3         0           3    <none> (D) 
    DATA_A_RE                                1128       2153         0        2153    <none> (D) 
      MAN_ALU                                 217        425         0         425    <none> (D) 
        ALU_SUB_UNIT                          120        235         0         235    <none> (D) 
          CLA_BLOCK_GEN[0].CLA_4BIT_UNIT       18         41         0          41    <none> (D) 
          CLA_BLOCK_GEN[5].CLA_4BIT_UNIT       18         34         0          34    <none> (D) 
          CLA_BLOCK_GEN[3].CLA_4BIT_UNIT       18         34         0          34    <none> (D) 
          CLA_BLOCK_GEN[2].CLA_4BIT_UNIT       18         34         0          34    <none> (D) 
          CLA_BLOCK_GEN[1].CLA_4BIT_UNIT       18         34         0          34    <none> (D) 
          CLA_BLOCK_GEN[4].CLA_4BIT_UNIT       15         34         0          34    <none> (D) 
      NOR_UNIT                                207        362         0         362    <none> (D) 
        SHF_left_unit                         142        249         0         249    <none> (D) 
      SHF_RIGHT_MAN                           137        239         0         239    <none> (D) 
      PSC_UNIT                                 86        158         0         158    <none> (D) 
      MAN_COMP_24BIT                           80        143         0         143    <none> (D) 
        u_i_data_4                             13         25         0          25    <none> (D) 
        u_i_data_3                             13         25         0          25    <none> (D) 
        u_i_data_2                             13         25         0          25    <none> (D) 
        u_i_data_1                             13         25         0          25    <none> (D) 
        u_i_data_5                             12         21         0          21    <none> (D) 
        u_i_data_0                             10         13         0          13    <none> (D) 
      MAN_SWAP                                 48        113         0         113    <none> (D) 
      MAN_SWAP_PRE                             46        110         0         110    <none> (D) 
      MAN_RND                                  26         91         0          91    <none> (D) 
      LOPD_24BIT                               58         85         0          85    <none> (D) 
        LOPD_16bit_UNIT_MSB                    34         52         0          52    <none> (D) 
          LOPD_8bit_unit_1                     14         20         0          20    <none> (D) 
          LOPD_8bit_unit_0                     14         20         0          20    <none> (D) 
        LOPD_8bit_UNIT_LSB                     14         20         0          20    <none> (D) 
      EXP_ADJUST                               37         81         0          81    <none> (D) 
        CLA_8BIT_UNIT                          30         73         0          73    <none> (D) 
          CLA_4BIT_UNIT_0                      18         41         0          41    <none> (D) 
          CLA_4BIT_UNIT_1                      11         29         0          29    <none> (D) 
      EXP_SUB                                  25         45         0          45    <none> (D) 
        CLA_8BIT_UNIT                          20         41         0          41    <none> (D) 
          CLA_4BIT_UNIT_0                      17         35         0          35    <none> (D) 
          CLA_4BIT_UNIT_1                       2          5         0           5    <none> (D) 
      EXP_COM_8BIT                             24         41         0          41    <none> (D) 
        COMP_LESS_UNIT                         24         41         0          41    <none> (D) 
          u_high                               13         25         0          25    <none> (D) 
          u_low                                10         13         0          13    <none> (D) 
      EXP_SWAP                                 13         31         0          31    <none> (D) 
      EXP_RND                                  15         29         0          29    <none> (D) 
      MAN_ALU_PROC_RND                          7         13         0          13    <none> (D) 
      SIGN_UNIT                                 1          2         0           2    <none> (D) 
    DATA_A_IM                                1128       2153         0        2153    <none> (D) 
      MAN_ALU                                 217        425         0         425    <none> (D) 
        ALU_SUB_UNIT                          120        235         0         235    <none> (D) 
          CLA_BLOCK_GEN[0].CLA_4BIT_UNIT       18         41         0          41    <none> (D) 
          CLA_BLOCK_GEN[5].CLA_4BIT_UNIT       18         34         0          34    <none> (D) 
          CLA_BLOCK_GEN[3].CLA_4BIT_UNIT       18         34         0          34    <none> (D) 
          CLA_BLOCK_GEN[2].CLA_4BIT_UNIT       18         34         0          34    <none> (D) 
          CLA_BLOCK_GEN[1].CLA_4BIT_UNIT       18         34         0          34    <none> (D) 
          CLA_BLOCK_GEN[4].CLA_4BIT_UNIT       15         34         0          34    <none> (D) 
      NOR_UNIT                                207        362         0         362    <none> (D) 
        SHF_left_unit                         142        249         0         249    <none> (D) 
      SHF_RIGHT_MAN                           137        239         0         239    <none> (D) 
      PSC_UNIT                                 86        158         0         158    <none> (D) 
      MAN_COMP_24BIT                           80        143         0         143    <none> (D) 
        u_i_data_4                             13         25         0          25    <none> (D) 
        u_i_data_3                             13         25         0          25    <none> (D) 
        u_i_data_2                             13         25         0          25    <none> (D) 
        u_i_data_1                             13         25         0          25    <none> (D) 
        u_i_data_5                             12         21         0          21    <none> (D) 
        u_i_data_0                             10         13         0          13    <none> (D) 
      MAN_SWAP                                 48        113         0         113    <none> (D) 
      MAN_SWAP_PRE                             46        110         0         110    <none> (D) 
      MAN_RND                                  26         91         0          91    <none> (D) 
      LOPD_24BIT                               58         85         0          85    <none> (D) 
        LOPD_16bit_UNIT_MSB                    34         52         0          52    <none> (D) 
          LOPD_8bit_unit_1                     14         20         0          20    <none> (D) 
          LOPD_8bit_unit_0                     14         20         0          20    <none> (D) 
        LOPD_8bit_UNIT_LSB                     14         20         0          20    <none> (D) 
      EXP_ADJUST                               37         81         0          81    <none> (D) 
        CLA_8BIT_UNIT                          30         73         0          73    <none> (D) 
          CLA_4BIT_UNIT_0                      18         41         0          41    <none> (D) 
          CLA_4BIT_UNIT_1                      11         29         0          29    <none> (D) 
      EXP_SUB                                  25         45         0          45    <none> (D) 
        CLA_8BIT_UNIT                          20         41         0          41    <none> (D) 
          CLA_4BIT_UNIT_0                      17         35         0          35    <none> (D) 
          CLA_4BIT_UNIT_1                       2          5         0           5    <none> (D) 
      EXP_COM_8BIT                             24         41         0          41    <none> (D) 
        COMP_LESS_UNIT                         24         41         0          41    <none> (D) 
          u_high                               13         25         0          25    <none> (D) 
          u_low                                10         13         0          13    <none> (D) 
      EXP_SWAP                                 13         31         0          31    <none> (D) 
      EXP_RND                                  15         29         0          29    <none> (D) 
      MAN_ALU_PROC_RND                          7         13         0          13    <none> (D) 
      SIGN_UNIT                                 1          2         0           2    <none> (D) 
  BFU2_S1_04                                 4508       8614         0        8614    <none> (D) 
    DATA_B_RE                                1126       2155         0        2155    <none> (D) 
      MAN_ALU                                 215        424         0         424    <none> (D) 
        ALU_SUB_UNIT                          120        235         0         235    <none> (D) 
          CLA_BLOCK_GEN[0].CLA_4BIT_UNIT       18         41         0          41    <none> (D) 
          CLA_BLOCK_GEN[5].CLA_4BIT_UNIT       18         34         0          34    <none> (D) 
          CLA_BLOCK_GEN[3].CLA_4BIT_UNIT       18         34         0          34    <none> (D) 
          CLA_BLOCK_GEN[2].CLA_4BIT_UNIT       18         34         0          34    <none> (D) 
          CLA_BLOCK_GEN[1].CLA_4BIT_UNIT       18         34         0          34    <none> (D) 
          CLA_BLOCK_GEN[4].CLA_4BIT_UNIT       15         34         0          34    <none> (D) 
      NOR_UNIT                                207        362         0         362    <none> (D) 
        SHF_left_unit                         142        249         0         249    <none> (D) 
      SHF_RIGHT_MAN                           134        239         0         239    <none> (D) 
      PSC_UNIT                                 88        160         0         160    <none> (D) 
      MAN_COMP_24BIT                           80        143         0         143    <none> (D) 
        u_i_data_4                             13         25         0          25    <none> (D) 
        u_i_data_3                             13         25         0          25    <none> (D) 
        u_i_data_2                             13         25         0          25    <none> (D) 
        u_i_data_1                             13         25         0          25    <none> (D) 
        u_i_data_5                             12         21         0          21    <none> (D) 
        u_i_data_0                             10         13         0          13    <none> (D) 
      MAN_SWAP                                 48        113         0         113    <none> (D) 
      MAN_SWAP_PRE                             46        110         0         110    <none> (D) 
      MAN_RND                                  26         91         0          91    <none> (D) 
      LOPD_24BIT                               58         85         0          85    <none> (D) 
        LOPD_16bit_UNIT_MSB                    34         52         0          52    <none> (D) 
          LOPD_8bit_unit_1                     14         20         0          20    <none> (D) 
          LOPD_8bit_unit_0                     14         20         0          20    <none> (D) 
        LOPD_8bit_UNIT_LSB                     14         20         0          20    <none> (D) 
      EXP_ADJUST                               37         81         0          81    <none> (D) 
        CLA_8BIT_UNIT                          30         73         0          73    <none> (D) 
          CLA_4BIT_UNIT_0                      18         41         0          41    <none> (D) 
          CLA_4BIT_UNIT_1                      11         29         0          29    <none> (D) 
      EXP_SUB                                  25         45         0          45    <none> (D) 
        CLA_8BIT_UNIT                          20         41         0          41    <none> (D) 
          CLA_4BIT_UNIT_0                      17         35         0          35    <none> (D) 
          CLA_4BIT_UNIT_1                       2          5         0           5    <none> (D) 
      EXP_COM_8BIT                             24         41         0          41    <none> (D) 
        COMP_LESS_UNIT                         24         41         0          41    <none> (D) 
          u_high                               13         25         0          25    <none> (D) 
          u_low                                10         13         0          13    <none> (D) 
      EXP_SWAP                                 13         31         0          31    <none> (D) 
      EXP_RND                                  15         29         0          29    <none> (D) 
      MAN_ALU_PROC_RND                          7         13         0          13    <none> (D) 
      SIGN_UNIT                                 2          3         0           3    <none> (D) 
    DATA_B_IM                                1126       2155         0        2155    <none> (D) 
      MAN_ALU                                 215        424         0         424    <none> (D) 
        ALU_SUB_UNIT                          120        235         0         235    <none> (D) 
          CLA_BLOCK_GEN[0].CLA_4BIT_UNIT       18         41         0          41    <none> (D) 
          CLA_BLOCK_GEN[5].CLA_4BIT_UNIT       18         34         0          34    <none> (D) 
          CLA_BLOCK_GEN[3].CLA_4BIT_UNIT       18         34         0          34    <none> (D) 
          CLA_BLOCK_GEN[2].CLA_4BIT_UNIT       18         34         0          34    <none> (D) 
          CLA_BLOCK_GEN[1].CLA_4BIT_UNIT       18         34         0          34    <none> (D) 
          CLA_BLOCK_GEN[4].CLA_4BIT_UNIT       15         34         0          34    <none> (D) 
      NOR_UNIT                                207        362         0         362    <none> (D) 
        SHF_left_unit                         142        249         0         249    <none> (D) 
      SHF_RIGHT_MAN                           134        239         0         239    <none> (D) 
      PSC_UNIT                                 88        160         0         160    <none> (D) 
      MAN_COMP_24BIT                           80        143         0         143    <none> (D) 
        u_i_data_4                             13         25         0          25    <none> (D) 
        u_i_data_3                             13         25         0          25    <none> (D) 
        u_i_data_2                             13         25         0          25    <none> (D) 
        u_i_data_1                             13         25         0          25    <none> (D) 
        u_i_data_5                             12         21         0          21    <none> (D) 
        u_i_data_0                             10         13         0          13    <none> (D) 
      MAN_SWAP                                 48        113         0         113    <none> (D) 
      MAN_SWAP_PRE                             46        110         0         110    <none> (D) 
      MAN_RND                                  26         91         0          91    <none> (D) 
      LOPD_24BIT                               58         85         0          85    <none> (D) 
        LOPD_16bit_UNIT_MSB                    34         52         0          52    <none> (D) 
          LOPD_8bit_unit_1                     14         20         0          20    <none> (D) 
          LOPD_8bit_unit_0                     14         20         0          20    <none> (D) 
        LOPD_8bit_UNIT_LSB                     14         20         0          20    <none> (D) 
      EXP_ADJUST                               37         81         0          81    <none> (D) 
        CLA_8BIT_UNIT                          30         73         0          73    <none> (D) 
          CLA_4BIT_UNIT_0                      18         41         0          41    <none> (D) 
          CLA_4BIT_UNIT_1                      11         29         0          29    <none> (D) 
      EXP_SUB                                  25         45         0          45    <none> (D) 
        CLA_8BIT_UNIT                          20         41         0          41    <none> (D) 
          CLA_4BIT_UNIT_0                      17         35         0          35    <none> (D) 
          CLA_4BIT_UNIT_1                       2          5         0           5    <none> (D) 
      EXP_COM_8BIT                             24         41         0          41    <none> (D) 
        COMP_LESS_UNIT                         24         41         0          41    <none> (D) 
          u_high                               13         25         0          25    <none> (D) 
          u_low                                10         13         0          13    <none> (D) 
      EXP_SWAP                                 13         31         0          31    <none> (D) 
      EXP_RND                                  15         29         0          29    <none> (D) 
      MAN_ALU_PROC_RND                          7         13         0          13    <none> (D) 
      SIGN_UNIT                                 2          3         0           3    <none> (D) 
    DATA_A_RE                                1128       2153         0        2153    <none> (D) 
      MAN_ALU                                 217        425         0         425    <none> (D) 
        ALU_SUB_UNIT                          120        235         0         235    <none> (D) 
          CLA_BLOCK_GEN[0].CLA_4BIT_UNIT       18         41         0          41    <none> (D) 
          CLA_BLOCK_GEN[5].CLA_4BIT_UNIT       18         34         0          34    <none> (D) 
          CLA_BLOCK_GEN[3].CLA_4BIT_UNIT       18         34         0          34    <none> (D) 
          CLA_BLOCK_GEN[2].CLA_4BIT_UNIT       18         34         0          34    <none> (D) 
          CLA_BLOCK_GEN[1].CLA_4BIT_UNIT       18         34         0          34    <none> (D) 
          CLA_BLOCK_GEN[4].CLA_4BIT_UNIT       15         34         0          34    <none> (D) 
      NOR_UNIT                                207        362         0         362    <none> (D) 
        SHF_left_unit                         142        249         0         249    <none> (D) 
      SHF_RIGHT_MAN                           137        239         0         239    <none> (D) 
      PSC_UNIT                                 86        158         0         158    <none> (D) 
      MAN_COMP_24BIT                           80        143         0         143    <none> (D) 
        u_i_data_4                             13         25         0          25    <none> (D) 
        u_i_data_3                             13         25         0          25    <none> (D) 
        u_i_data_2                             13         25         0          25    <none> (D) 
        u_i_data_1                             13         25         0          25    <none> (D) 
        u_i_data_5                             12         21         0          21    <none> (D) 
        u_i_data_0                             10         13         0          13    <none> (D) 
      MAN_SWAP                                 48        113         0         113    <none> (D) 
      MAN_SWAP_PRE                             46        110         0         110    <none> (D) 
      MAN_RND                                  26         91         0          91    <none> (D) 
      LOPD_24BIT                               58         85         0          85    <none> (D) 
        LOPD_16bit_UNIT_MSB                    34         52         0          52    <none> (D) 
          LOPD_8bit_unit_1                     14         20         0          20    <none> (D) 
          LOPD_8bit_unit_0                     14         20         0          20    <none> (D) 
        LOPD_8bit_UNIT_LSB                     14         20         0          20    <none> (D) 
      EXP_ADJUST                               37         81         0          81    <none> (D) 
        CLA_8BIT_UNIT                          30         73         0          73    <none> (D) 
          CLA_4BIT_UNIT_0                      18         41         0          41    <none> (D) 
          CLA_4BIT_UNIT_1                      11         29         0          29    <none> (D) 
      EXP_SUB                                  25         45         0          45    <none> (D) 
        CLA_8BIT_UNIT                          20         41         0          41    <none> (D) 
          CLA_4BIT_UNIT_0                      17         35         0          35    <none> (D) 
          CLA_4BIT_UNIT_1                       2          5         0           5    <none> (D) 
      EXP_COM_8BIT                             24         41         0          41    <none> (D) 
        COMP_LESS_UNIT                         24         41         0          41    <none> (D) 
          u_high                               13         25         0          25    <none> (D) 
          u_low                                10         13         0          13    <none> (D) 
      EXP_SWAP                                 13         31         0          31    <none> (D) 
      EXP_RND                                  15         29         0          29    <none> (D) 
      MAN_ALU_PROC_RND                          7         13         0          13    <none> (D) 
      SIGN_UNIT                                 1          2         0           2    <none> (D) 
    DATA_A_IM                                1128       2153         0        2153    <none> (D) 
      MAN_ALU                                 217        425         0         425    <none> (D) 
        ALU_SUB_UNIT                          120        235         0         235    <none> (D) 
          CLA_BLOCK_GEN[0].CLA_4BIT_UNIT       18         41         0          41    <none> (D) 
          CLA_BLOCK_GEN[5].CLA_4BIT_UNIT       18         34         0          34    <none> (D) 
          CLA_BLOCK_GEN[3].CLA_4BIT_UNIT       18         34         0          34    <none> (D) 
          CLA_BLOCK_GEN[2].CLA_4BIT_UNIT       18         34         0          34    <none> (D) 
          CLA_BLOCK_GEN[1].CLA_4BIT_UNIT       18         34         0          34    <none> (D) 
          CLA_BLOCK_GEN[4].CLA_4BIT_UNIT       15         34         0          34    <none> (D) 
      NOR_UNIT                                207        362         0         362    <none> (D) 
        SHF_left_unit                         142        249         0         249    <none> (D) 
      SHF_RIGHT_MAN                           137        239         0         239    <none> (D) 
      PSC_UNIT                                 86        158         0         158    <none> (D) 
      MAN_COMP_24BIT                           80        143         0         143    <none> (D) 
        u_i_data_4                             13         25         0          25    <none> (D) 
        u_i_data_3                             13         25         0          25    <none> (D) 
        u_i_data_2                             13         25         0          25    <none> (D) 
        u_i_data_1                             13         25         0          25    <none> (D) 
        u_i_data_5                             12         21         0          21    <none> (D) 
        u_i_data_0                             10         13         0          13    <none> (D) 
      MAN_SWAP                                 48        113         0         113    <none> (D) 
      MAN_SWAP_PRE                             46        110         0         110    <none> (D) 
      MAN_RND                                  26         91         0          91    <none> (D) 
      LOPD_24BIT                               58         85         0          85    <none> (D) 
        LOPD_16bit_UNIT_MSB                    34         52         0          52    <none> (D) 
          LOPD_8bit_unit_1                     14         20         0          20    <none> (D) 
          LOPD_8bit_unit_0                     14         20         0          20    <none> (D) 
        LOPD_8bit_UNIT_LSB                     14         20         0          20    <none> (D) 
      EXP_ADJUST                               37         81         0          81    <none> (D) 
        CLA_8BIT_UNIT                          30         73         0          73    <none> (D) 
          CLA_4BIT_UNIT_0                      18         41         0          41    <none> (D) 
          CLA_4BIT_UNIT_1                      11         29         0          29    <none> (D) 
      EXP_SUB                                  25         45         0          45    <none> (D) 
        CLA_8BIT_UNIT                          20         41         0          41    <none> (D) 
          CLA_4BIT_UNIT_0                      17         35         0          35    <none> (D) 
          CLA_4BIT_UNIT_1                       2          5         0           5    <none> (D) 
      EXP_COM_8BIT                             24         41         0          41    <none> (D) 
        COMP_LESS_UNIT                         24         41         0          41    <none> (D) 
          u_high                               13         25         0          25    <none> (D) 
          u_low                                10         13         0          13    <none> (D) 
      EXP_SWAP                                 13         31         0          31    <none> (D) 
      EXP_RND                                  15         29         0          29    <none> (D) 
      MAN_ALU_PROC_RND                          7         13         0          13    <none> (D) 
      SIGN_UNIT                                 1          2         0           2    <none> (D) 
  DETECT_START_STAGE1                           3         14         0          14    <none> (D) 

 (D) = wireload is default in technology library
