============================================================
  Generated by:           Genus(TM) Synthesis Solution GENUS15.20 - 15.20-p004_1
  Generated on:           Jan 05 2026  09:29:22 am
  Module:                 FFT_8Points
  Wireload mode:          enclosed
  Area mode:              timing library
============================================================

                                                 Leakage    Dynamic     Total   
                 Instance                 Cells Power(nW)  Power(nW)  Power(nW) 
--------------------------------------------------------------------------------
FFT_8Points                               66329 17105.669 152193.080 169298.749 
  BFU8_07                                 28168  6482.264  32823.031  39305.295 
    INPUT_DATA_5                           5066  1258.484   5721.888   6980.372 
      mul1_sub                             1405   381.003   1751.112   2132.115 
        MAN_MUL_UNIT                       1010   295.482   1296.513   1591.994 
          MUL_UNIT_MAN_UNIT                1002   294.508   1292.516   1587.023 
            m1                              439   119.481    488.945    608.426 
              m2                            190    49.112    156.701    205.813 
                csa_tree_add_46_27_groupi    51    14.527     47.580     62.108 
                m4                           50    12.302     28.875     41.177 
                  m2                          4     1.012      3.584      4.596 
                  m1                          4     0.918      0.000      0.918 
                m3                           49    11.796     54.206     66.002 
                  m2                          4     1.025      3.670      4.695 
                  m1                          4     0.874      0.000      0.874 
                m1                           20     5.266     12.366     17.632 
                  m1                          4     1.136      0.000      1.136 
                  m2                          4     1.029      3.946      4.975 
                m2                           20     5.220     13.674     18.894 
                  m2                          4     1.016      4.954      5.971 
                  m1                          4     0.918      0.000      0.918 
              m1                            185    47.129    214.352    261.481 
                csa_tree_add_46_27_groupi    50    13.815     67.278     81.094 
                m4                           49    12.299     53.668     65.967 
                  m2                          4     1.136      0.000      1.136 
                  m1                          4     0.952      3.791      4.743 
                m3                           46    10.745     57.628     68.373 
                  m2                          4     1.025      3.247      4.272 
                  m1                          4     1.012      6.464      7.476 
                m2                           20     5.201     12.679     17.881 
                  m2                          4     1.182      0.000      1.182 
                  m1                          4     1.011      3.791      4.802 
                m1                           20     5.068     23.099     28.167 
                  m2                          4     1.029      3.945      4.975 
                  m1                          4     1.012      5.831      6.843 
              csa_tree_add_74_27_groupi      64    23.240    117.891    141.132 
            m2                              240    74.657    306.513    381.170 
              m1                            108    33.509    159.056    192.565 
                csa_tree_add_46_27_groupi    50    14.322     67.762     82.085 
                m4                           21     6.814     14.978     21.792 
                  m2                          4     1.182      0.000      1.182 
                  m1                          4     0.952      4.002      4.953 
                m3                           21     6.465     38.316     44.781 
                  m2                          4     1.029      4.156      5.186 
                  m1                          4     0.951      5.560      6.511 
                m2                            8     3.088     18.447     21.536 
                m1                            8     2.819     19.553     22.371 
              m2                            109    33.121    128.340    161.461 
                csa_tree_add_46_27_groupi    51    14.384     58.261     72.644 
                m3                           21     6.897     12.633     19.530 
                  m1                          4     1.182      0.000      1.182 
                  m2                          4     1.029      4.157      5.186 
                m4                           21     6.062     22.989     29.050 
                  m2                          4     1.016      5.165      6.182 
                  m1                          4     0.864      0.000      0.864 
                m1                            8     2.949     18.936     21.885 
                m2                            8     2.830     15.522     18.351 
            m3                              152    41.453    169.188    210.640 
              m1                            144    37.939    160.771    198.709 
                csa_tree_add_46_27_groupi    48    13.456     57.590     71.046 
                m2                           36     9.346     41.299     50.645 
                  m3                          4     0.870      5.713      6.583 
                  m1                          4     0.733      0.000      0.733 
                m4                           30     7.933     30.190     38.123 
                  m1                          4     1.025      4.280      5.305 
                m1                           18     4.751     20.521     25.272 
                  m1                          4     1.131      0.000      1.131 
                  m3                          4     0.870      5.713      6.583 
                m3                           12     2.453     11.171     13.623 
                  m1                          4     1.025      3.436      4.461 
            csa_tree_a..108_35_groupi        66    30.223    199.940    230.163 
            m4                              105    28.695    127.930    156.624 
              csa_tree_add_46_27_groupi      51    14.116     58.180     72.296 
              m3                             21     6.558     31.256     37.814 
                m1                            4     1.073      0.000      1.073 
                m2                            4     0.870      5.502      6.372 
              m4                             17     3.887     22.845     26.732 
                m1                            4     1.029      4.346      5.375 
              m1                              8     2.862      6.406      9.269 
              m2                              8     1.272      9.242     10.513 
        NOR_UNIT                            177    36.173    223.236    259.409 
          SHF_left_unit                     121    24.320    132.702    157.022 
        MUL_EXP_ADJUST_UNIT                  45    11.759     40.329     52.088 
          CLA_8BIT_UNIT                      30     8.555     30.112     38.667 
            CLA_4BIT_UNIT_0                  18     4.759     24.095     28.854 
            CLA_4BIT_UNIT_1                  11     3.642      6.017      9.659 
        MAN_ROUNDING_UNIT                    24    11.062     34.385     45.448 
        LOPD_UNIT                            58     9.466     45.638     55.104 
          LOPD_16bit_UNIT_MSB                34     5.068     20.349     25.417 
            LOPD_8bit_unit_0                 14     2.256     14.123     16.380 
            LOPD_8bit_unit_1                 14     1.893      4.148      6.041 
          LOPD_8bit_UNIT_LSB                 14     2.451     17.788     20.238 
        MUL_EXP_UNIT                         21     3.637     20.703     24.340 
        EXP_ROUNDING_UNIT                    15     3.621      5.340      8.961 
        PSC_UNIT                             12     1.253      3.825      5.078 
      mul1_add                             1405   375.626   1433.242   1808.868 
        MAN_MUL_UNIT                       1010   289.529   1096.017   1385.545 
          MUL_UNIT_MAN_UNIT                1002   288.408   1095.286   1383.694 
            m1                              439   117.651    416.689    534.340 
              m2                            190    48.982    175.038    224.021 
                csa_tree_add_46_27_groupi    51    14.328     42.886     57.214 
                m4                           50    12.220     54.689     66.909 
                  m1                          4     1.025      3.239      4.264 
                  m2                          4     1.012      3.584      4.596 
                m3                           49    11.783     35.295     47.079 
                  m2                          4     1.025      6.925      7.950 
                  m1                          4     0.778      3.050      3.828 
                m2                           20     5.377     25.589     30.967 
                  m1                          4     1.025      3.239      4.264 
                  m2                          4     1.016      4.954      5.971 
                m1                           20     5.273     16.580     21.852 
                  m1                          4     1.024      3.246      4.270 
                  m2                          4     1.016      7.449      8.465 
              m1                            185    45.238    132.769    178.007 
                csa_tree_add_46_27_groupi    50    13.712     41.781     55.494 
                m4                           49    11.803     65.500     77.302 
                  m2                          4     1.024      6.928      7.952 
                  m1                          4     0.952      3.791      4.743 
                m3                           46     9.925      0.000      9.925 
                  m1                          4     0.918      0.000      0.918 
                  m2                          4     0.918      0.000      0.918 
                m2                           20     5.191     25.489     30.679 
                  m2                          4     1.015      7.452      8.468 
                  m1                          4     1.011      3.791      4.802 
                m1                           20     4.607      0.000      4.607 
                  m1                          4     0.918      0.000      0.918 
                  m2                          4     0.864      0.000      0.864 
              csa_tree_add_74_27_groupi      64    23.430    108.882    132.312 
            m2                              240    72.423    304.651    377.074 
              m2                            109    33.166    152.899    186.065 
                csa_tree_add_46_27_groupi    51    14.764     71.998     86.762 
                m3                           21     6.382     33.070     39.452 
                  m1                          4     1.028      3.943      4.971 
                  m2                          4     1.016      7.449      8.465 
                m4                           21     6.293     33.163     39.456 
                  m1                          4     1.029      3.939      4.968 
                  m2                          4     1.016      5.165      6.182 
                m2                            8     2.885      7.859     10.744 
                m1                            8     2.842      6.809      9.651 
              m1                            108    31.382    103.473    134.856 
                csa_tree_add_46_27_groupi    50    14.102     64.021     78.123 
                m4                           21     6.178     27.182     33.360 
                  m2                          4     1.015      7.452      8.468 
                  m1                          4     0.952      4.002      4.953 
                m3                           21     5.856      0.000      5.856 
                  m2                          4     0.864      0.000      0.864 
                  m1                          4     0.860      0.000      0.860 
                m2                            8     2.740     12.270     15.010 
                m1                            8     2.507      0.000      2.507 
            m3                              152    41.168    101.912    143.081 
              m1                            144    37.719     83.898    121.617 
                csa_tree_add_46_27_groupi    48    13.835     52.830     66.665 
                m2                           36     9.197     17.282     26.479 
                  m3                          4     1.016      5.582      6.597 
                  m1                          4     0.688      0.000      0.688 
                m4                           30     7.795      0.000      7.795 
                  m1                          4     0.918      0.000      0.918 
                m1                           18     4.620     13.786     18.406 
                  m3                          4     1.016      4.738      5.753 
                  m1                          4     0.918      0.000      0.918 
                m3                           12     2.272      0.000      2.272 
                  m1                          4     0.918      0.000      0.918 
            csa_tree_a..108_35_groupi        66    29.298    162.413    191.711 
            m4                              105    27.867    109.621    137.488 
              csa_tree_add_46_27_groupi      51    14.002     71.150     85.152 
              m3                             21     6.057     22.972     29.029 
                m2                            4     1.016      5.160      6.175 
                m1                            4     0.860      0.000      0.860 
              m4                             17     3.834      0.000      3.834 
                m1                            4     0.864      0.000      0.864 
              m1                              8     2.830     15.500     18.329 
              m2                              8     1.143      0.000      1.143 
        NOR_UNIT                            177    36.228    148.950    185.178 
          SHF_left_unit                     121    24.086     91.642    115.729 
        MUL_EXP_ADJUST_UNIT                  45    11.531     18.708     30.239 
          CLA_8BIT_UNIT                      30     8.274     11.771     20.045 
            CLA_4BIT_UNIT_0                  18     4.478      5.754     10.232 
            CLA_4BIT_UNIT_1                  11     3.642      6.017      9.659 
        MAN_ROUNDING_UNIT                    24    10.979     31.446     42.425 
        LOPD_UNIT                            58     9.172     34.284     43.457 
          LOPD_16bit_UNIT_MSB                34     5.023     22.308     27.331 
            LOPD_8bit_unit_0                 14     2.078     11.038     13.116 
            LOPD_8bit_unit_1                 14     2.072     11.271     13.342 
          LOPD_8bit_UNIT_LSB                 14     2.182     11.779     13.961 
        EXP_ROUNDING_UNIT                    15     3.621      5.340      8.961 
        MUL_EXP_UNIT                         21     3.529      8.070     11.599 
        PSC_UNIT                             12     1.726      8.938     10.664 
      DATA_A_IM                            1124   252.256   1301.281   1553.537 
        MAN_ALU                             215    51.478    162.873    214.351 
          ALU_SUB_UNIT                      120    29.176     66.937     96.113 
            CLA_BLOCK_..CLA_4BIT_UNIT        18     4.982     20.860     25.842 
            CLA_BLOCK_..CLA_4BIT_UNIT        18     4.607     16.951     21.558 
            CLA_BLOCK_..CLA_4BIT_UNIT        18     4.508      0.213      4.721 
            CLA_BLOCK_..CLA_4BIT_UNIT        18     4.475      5.776     10.251 
            CLA_BLOCK_..CLA_4BIT_UNIT        18     4.141      0.204      4.345 
            CLA_BLOCK_..CLA_4BIT_UNIT        15     3.808     19.078     22.886 
        NOR_UNIT                            207    43.945    305.297    349.242 
          SHF_left_unit                     142    29.484    175.065    204.549 
        SHF_RIGHT_MAN                       134    27.451    213.851    241.303 
        PSC_UNIT                             86    17.344     65.072     82.417 
        MAN_COMP_24BIT                       80    15.861     47.575     63.436 
          u_i_data_1                         13     2.927      4.699      7.627 
          u_i_data_4                         13     2.766     17.797     20.562 
          u_i_data_2                         13     2.736      8.900     11.636 
          u_i_data_3                         13     2.484      2.169      4.653 
          u_i_data_5                         12     2.103      0.000      2.103 
          u_i_data_0                         10     1.564     10.977     12.541 
        MAN_SWAP                             48    12.076     59.135     71.210 
        MAN_SWAP_PRE                         46    11.859     58.753     70.612 
        MAN_RND                              26    11.464     36.986     48.449 
        EXP_ADJUST                           37    10.442     61.886     72.328 
          CLA_8BIT_UNIT                      30     8.947     42.099     51.046 
            CLA_4BIT_UNIT_0                  18     5.144     23.099     28.243 
            CLA_4BIT_UNIT_1                  11     3.650     17.133     20.783 
        LOPD_24BIT                           58     9.753     34.676     44.430 
          LOPD_16bit_UNIT_MSB                34     5.931     23.238     29.169 
            LOPD_8bit_unit_0                 14     2.704     10.218     12.922 
            LOPD_8bit_unit_1                 14     2.312     10.951     13.263 
          LOPD_8bit_UNIT_LSB                 14     1.924      7.285      9.209 
        EXP_SUB                              25     5.988     45.610     51.598 
          CLA_8BIT_UNIT                      20     5.360     42.544     47.904 
            CLA_4BIT_UNIT_0                  17     4.482     42.544     47.026 
            CLA_4BIT_UNIT_1                   2     0.745      0.000      0.745 
        EXP_COM_8BIT                         24     5.124     10.659     15.783 
          COMP_LESS_UNIT                     24     5.124     10.659     15.783 
            u_high                           13     3.053      2.665      5.718 
            u_low                            10     1.691      7.994      9.685 
        EXP_RND                              15     3.666      8.173     11.839 
        EXP_SWAP                             13     3.479     11.055     14.534 
        MAN_ALU_PROC_RND                      7     2.095     15.005     17.100 
        SIGN_UNIT                             2     0.367      2.885      3.252 
      DATA_A_RE                            1132   249.599   1236.254   1485.852 
        MAN_ALU                             217    50.376    233.535    283.911 
          ALU_SUB_UNIT                      120    27.796    127.112    154.908 
            CLA_BLOCK_..CLA_4BIT_UNIT        18     4.752     29.518     34.270 
            CLA_BLOCK_..CLA_4BIT_UNIT        18     4.313     18.531     22.843 
            CLA_BLOCK_..CLA_4BIT_UNIT        18     4.099     15.400     19.498 
            CLA_BLOCK_..CLA_4BIT_UNIT        18     3.987      0.000      3.987 
            CLA_BLOCK_..CLA_4BIT_UNIT        18     3.962     29.166     33.128 
            CLA_BLOCK_..CLA_4BIT_UNIT        15     3.916     20.590     24.505 
        NOR_UNIT                            207    42.043    256.055    298.098 
          SHF_left_unit                     142    28.153    185.803    213.956 
        SHF_RIGHT_MAN                       137    27.764    215.209    242.973 
        PSC_UNIT                             90    17.914     69.753     87.666 
        MAN_COMP_24BIT                       80    15.861     47.562     63.422 
          u_i_data_1                         13     2.927      4.699      7.627 
          u_i_data_4                         13     2.766     17.797     20.562 
          u_i_data_2                         13     2.736      8.899     11.636 
          u_i_data_3                         13     2.484      2.169      4.653 
          u_i_data_5                         12     2.103      0.000      2.103 
          u_i_data_0                         10     1.564     10.964     12.528 
        MAN_SWAP                             48    12.017     59.542     71.559 
        MAN_SWAP_PRE                         46    11.859     58.753     70.612 
        MAN_RND                              26    10.962     32.396     43.358 
        LOPD_24BIT                           58    10.261     29.431     39.691 
          LOPD_16bit_UNIT_MSB                34     5.823     20.541     26.363 
            LOPD_8bit_unit_1                 14     2.534      6.644      9.178 
            LOPD_8bit_unit_0                 14     2.402     13.886     16.288 
          LOPD_8bit_UNIT_LSB                 14     2.438      8.497     10.935 
        EXP_ADJUST                           37     9.716     12.626     22.342 
          CLA_8BIT_UNIT                      30     8.525     12.626     21.151 
            CLA_4BIT_UNIT_0                  18     4.729      6.181     10.910 
            CLA_4BIT_UNIT_1                  11     3.642      6.445     10.087 
        EXP_SUB                              25     5.988     46.874     52.863 
          CLA_8BIT_UNIT                      20     5.360     43.809     49.169 
            CLA_4BIT_UNIT_0                  17     4.482     43.809     48.290 
            CLA_4BIT_UNIT_1                   2     0.745      0.000      0.745 
        EXP_COM_8BIT                         24     5.120     10.659     15.779 
          COMP_LESS_UNIT                     24     5.120     10.659     15.779 
            u_high                           13     3.053      2.665      5.718 
            u_low                            10     1.687      7.994      9.681 
        EXP_RND                              15     3.711      5.769      9.480 
        EXP_SWAP                             13     3.479     11.055     14.534 
        MAN_ALU_PROC_RND                      7     2.095     15.005     17.100 
        SIGN_UNIT                             1     0.304      4.882      5.186 
    INPUT_DATA_7                           5066  1241.847   6401.184   7643.031 
      mul1_sub                             1405   373.139   1837.048   2210.188 
        MAN_MUL_UNIT                       1010   288.005   1365.377   1653.382 
          MUL_UNIT_MAN_UNIT                1002   286.576   1348.834   1635.410 
            m1                              439   115.062    515.284    630.346 
              m2                            190    47.195    224.477    271.673 
                csa_tree_add_46_27_groupi    51    14.074     55.769     69.843 
                m4                           50    11.662     68.948     80.610 
                  m2                          4     1.025      6.503      7.528 
                  m1                          4     0.903      5.711      6.614 
                m3                           49    11.425     55.184     66.609 
                  m2                          4     1.025      3.670      4.695 
                  m1                          4     0.779      3.050      3.828 
                m1                           20     5.030     21.142     26.173 
                  m2                          4     1.029      3.946      4.975 
                  m1                          4     1.025      3.246      4.270 
                m2                           20     5.004     23.434     28.438 
                  m2                          4     1.016      7.449      8.465 
                  m1                          4     0.903      5.078      5.981 
              m1                            185    45.695    176.087    221.782 
                csa_tree_add_46_27_groupi    50    13.720     51.725     65.445 
                m4                           49    11.455     39.434     50.890 
                  m2                          4     1.025      3.669      4.694 
                  m1                          4     0.860      0.000      0.860 
                m3                           46    10.640     51.838     62.478 
                  m1                          4     1.025      3.034      4.059 
                  m2                          4     1.025      3.247      4.272 
                m1                           20     5.081     20.513     25.594 
                  m2                          4     1.029      3.945      4.975 
                  m1                          4     1.025      3.245      4.270 
                m2                           20     4.799     12.576     17.375 
                  m2                          4     1.029      3.946      4.976 
                  m1                          4     0.918      0.000      0.918 
              csa_tree_add_74_27_groupi      64    22.172    114.719    136.892 
            m2                              240    72.572    335.911    408.483 
              m1                            108    32.609    138.771    171.379 
                csa_tree_add_46_27_groupi    50    14.317     62.189     76.506 
                m3                           21     6.483     32.405     38.888 
                  m2                          4     1.029      4.156      5.186 
                  m1                          4     0.965      2.554      3.519 
                m4                           21     6.201     11.999     18.200 
                  m2                          4     1.029      4.157      5.186 
                  m1                          4     0.860      0.000      0.860 
                m2                            8     2.831     15.530     18.361 
                m1                            8     2.779     16.647     19.425 
              m2                            109    32.459    163.496    195.955 
                csa_tree_add_46_27_groupi    51    14.271     67.604     81.875 
                m3                           21     6.547     34.004     40.551 
                  m1                          4     1.029      3.943      4.972 
                  m2                          4     1.029      4.157      5.186 
                m4                           21     6.141     33.089     39.230 
                  m2                          4     1.016      7.449      8.465 
                  m1                          4     0.870      5.502      6.372 
                m1                            8     2.779     16.648     19.426 
                m2                            8     2.723     12.151     14.874 
            m3                              152    40.799    186.606    227.404 
              m1                            144    37.090    173.118    210.209 
                csa_tree_add_46_27_groupi    48    13.086     55.655     68.742 
                m2                           36     9.238     50.772     60.010 
                  m3                          4     0.870      5.713      6.583 
                  m1                          4     0.707      6.590      7.297 
                m4                           30     7.855     39.148     47.002 
                  m1                          4     1.025      4.280      5.305 
                m1                           18     4.324     19.367     23.690 
                  m1                          4     0.903      5.289      6.191 
                  m3                          4     0.870      5.713      6.583 
                m3                           12     2.588      8.176     10.764 
                  m1                          4     1.025      3.436      4.461 
            csa_tree_a..108_35_groupi        66    29.744    171.857    201.602 
            m4                              105    28.399    139.177    167.576 
              csa_tree_add_46_27_groupi      51    14.402     67.855     82.257 
              m3                             21     5.973     30.094     36.067 
                m2                            4     0.870      5.502      6.372 
                m1                            4     0.844      4.867      5.711 
              m4                             17     3.904     19.422     23.326 
                m1                            4     1.029      4.346      5.375 
              m1                              8     2.714      9.255     11.969 
              m2                              8     1.405     12.552     13.957 
        NOR_UNIT                            177    35.401    210.083    245.484 
          SHF_left_unit                     121    23.287    160.691    183.978 
        MUL_EXP_ADJUST_UNIT                  45    12.348     22.035     34.383 
          CLA_8BIT_UNIT                      30     8.963     14.904     23.867 
            CLA_4BIT_UNIT_0                  18     5.156      8.853     14.009 
            CLA_4BIT_UNIT_1                  11     3.642      6.017      9.659 
        MAN_ROUNDING_UNIT                    24    11.179     29.068     40.247 
        LOPD_UNIT                            58     9.194     48.618     57.812 
          LOPD_16bit_UNIT_MSB                34     5.263     29.916     35.179 
            LOPD_8bit_unit_0                 14     2.201     11.050     13.251 
            LOPD_8bit_unit_1                 14     2.120     14.720     16.839 
          LOPD_8bit_UNIT_LSB                 14     2.037      3.643      5.680 
        EXP_ROUNDING_UNIT                    15     3.794      5.340      9.134 
        MUL_EXP_UNIT                         21     3.574      8.304     11.878 
        PSC_UNIT                             12     1.781     17.906     19.687 
      mul1_add                             1405   367.311   1540.852   1908.164 
        MAN_MUL_UNIT                       1010   280.775   1044.653   1325.428 
          MUL_UNIT_MAN_UNIT                1002   279.266   1030.513   1309.779 
            m1                              439   111.883    345.370    457.253 
              m2                            190    45.718     86.239    131.957 
                csa_tree_add_46_27_groupi    51    13.977     47.334     61.311 
                m4                           50    11.558     30.135     41.694 
                  m1                          4     1.025      3.239      4.264 
                  m2                          4     0.918      0.000      0.918 
                m3                           49    10.737      0.000     10.737 
                  m2                          4     0.918      0.000      0.918 
                  m1                          4     0.688      0.000      0.688 
                m2                           20     4.838      8.770     13.608 
                  m1                          4     1.025      3.239      4.264 
                  m2                          4     0.864      0.000      0.864 
                m1                           20     4.607      0.000      4.607 
                  m1                          4     0.918      0.000      0.918 
                  m2                          4     0.864      0.000      0.864 
              m1                            185    44.299    172.259    216.558 
                csa_tree_add_46_27_groupi    50    13.578     67.397     80.975 
                m4                           49    10.874     16.686     27.560 
                  m2                          4     0.918      0.000      0.918 
                  m1                          4     0.844      5.710      6.554 
                m3                           46    10.252     59.872     70.123 
                  m2                          4     1.025      6.926      7.951 
                  m1                          4     0.903      5.715      6.617 
                m1                           20     5.004     23.227     28.231 
                  m2                          4     1.016      7.449      8.466 
                  m1                          4     0.903      4.871      5.774 
                m2                           20     4.591      5.077      9.668 
                  m1                          4     0.903      5.077      5.980 
                  m2                          4     0.864      0.000      0.864 
              csa_tree_add_74_27_groupi      64    21.866     86.872    108.739 
            m2                              240    70.130    209.731    279.861 
              m1                            108    31.232    111.560    142.793 
                csa_tree_add_46_27_groupi    50    14.021     52.015     66.036 
                m3                           21     6.115     32.884     38.999 
                  m2                          4     1.016      7.450      8.466 
                  m1                          4     0.844      5.293      6.137 
                m4                           21     5.837     10.824     16.661 
                  m2                          4     0.864      0.000      0.864 
                  m1                          4     0.844      5.288      6.132 
                m1                            8     2.723     12.789     15.512 
                m2                            8     2.536      3.048      5.584 
              m2                            109    31.208     74.856    106.064 
                csa_tree_add_46_27_groupi    51    13.993     44.681     58.675 
                m4                           21     6.202     21.152     27.354 
                  m1                          4     1.029      3.939      4.968 
                  m2                          4     0.864      0.000      0.864 
                m3                           21     5.860      0.000      5.860 
                  m1                          4     0.864      0.000      0.864 
                  m2                          4     0.864      0.000      0.864 
                m2                            8     2.646      9.023     11.668 
                m1                            8     2.507      0.000      2.507 
            m3                              152    40.399    176.340    216.739 
              m1                            144    36.786    152.776    189.562 
                csa_tree_add_46_27_groupi    48    13.175     55.414     68.589 
                m2                           36     9.238     50.772     60.010 
                  m3                          4     0.870      5.713      6.583 
                  m1                          4     0.707      6.590      7.297 
                m4                           30     7.686     15.797     23.483 
                  m1                          4     0.918      0.000      0.918 
                m1                           18     4.324     19.367     23.690 
                  m1                          4     0.903      5.289      6.191 
                  m3                          4     0.870      5.713      6.583 
                m3                           12     2.364     11.426     13.790 
                  m1                          4     0.918      0.000      0.918 
            csa_tree_a..108_35_groupi        66    29.088    165.363    194.451 
            m4                              105    27.766    133.709    161.475 
              csa_tree_add_46_27_groupi      51    14.167     70.232     84.399 
              m3                             21     5.973     30.094     36.067 
                m2                            4     0.870      5.502      6.372 
                m1                            4     0.844      4.867      5.711 
              m4                             17     3.695     17.374     21.069 
                m1                            4     0.864      0.000      0.864 
              m1                              8     2.714      9.255     11.969 
              m2                              8     1.217      6.754      7.971 
        NOR_UNIT                            177    35.245    236.928    272.173 
          SHF_left_unit                     121    23.284    133.651    156.935 
        MUL_EXP_ADJUST_UNIT                  45    12.356     25.073     37.429 
          CLA_8BIT_UNIT                      30     8.924     14.904     23.827 
            CLA_4BIT_UNIT_0                  18     5.116      8.853     13.969 
            CLA_4BIT_UNIT_1                  11     3.642      6.017      9.659 
        MAN_ROUNDING_UNIT                    24    11.172     34.740     45.911 
        LOPD_UNIT                            58     9.398     47.499     56.897 
          LOPD_16bit_UNIT_MSB                34     5.207     24.301     29.508 
            LOPD_8bit_unit_0                 14     2.196     10.067     12.263 
            LOPD_8bit_unit_1                 14     2.092     12.155     14.247 
          LOPD_8bit_UNIT_LSB                 14     2.230     14.853     17.083 
        EXP_ROUNDING_UNIT                    15     3.794      5.340      9.134 
        MUL_EXP_UNIT                         21     3.649     17.189     20.839 
        PSC_UNIT                             12     2.310     16.240     18.550 
      DATA_A_IM                            1124   251.376   1558.308   1809.684 
        MAN_ALU                             215    51.555    267.471    319.025 
          ALU_SUB_UNIT                      120    29.103    156.863    185.966 
            CLA_BLOCK_..CLA_4BIT_UNIT        18     5.154     31.104     36.258 
            CLA_BLOCK_..CLA_4BIT_UNIT        18     4.461     20.531     24.992 
            CLA_BLOCK_..CLA_4BIT_UNIT        18     4.376     28.936     33.312 
            CLA_BLOCK_..CLA_4BIT_UNIT        18     4.269     27.942     32.211 
            CLA_BLOCK_..CLA_4BIT_UNIT        18     4.254     29.310     33.564 
            CLA_BLOCK_..CLA_4BIT_UNIT        15     3.786      2.190      5.976 
        NOR_UNIT                            207    44.117    297.893    342.010 
          SHF_left_unit                     142    29.631    158.910    188.541 
        SHF_RIGHT_MAN                       134    27.351    253.403    280.755 
        PSC_UNIT                             86    17.175     82.560     99.735 
        MAN_COMP_24BIT                       80    16.132     84.481    100.614 
          u_i_data_4                         13     2.880     22.135     25.015 
          u_i_data_2                         13     2.863     21.206     24.068 
          u_i_data_1                         13     2.810     11.229     14.039 
          u_i_data_3                         13     2.577      6.902      9.479 
          u_i_data_5                         12     2.043      2.937      4.980 
          u_i_data_0                         10     1.618     13.883     15.501 
        MAN_SWAP                             48    12.036     81.931     93.967 
        MAN_SWAP_PRE                         46    12.022     74.834     86.856 
        MAN_RND                              26    11.510     29.248     40.758 
        EXP_ADJUST                           37    10.407     55.453     65.860 
          CLA_8BIT_UNIT                      30     8.912     35.667     44.579 
            CLA_4BIT_UNIT_0                  18     5.112     16.511     21.623 
            CLA_4BIT_UNIT_1                  11     3.650     17.133     20.783 
        LOPD_24BIT                           58     8.799     33.606     42.406 
          LOPD_16bit_UNIT_MSB                34     4.938     16.724     21.662 
            LOPD_8bit_unit_0                 14     2.128     10.707     12.835 
            LOPD_8bit_unit_1                 14     1.905      3.950      5.855 
          LOPD_8bit_UNIT_LSB                 14     1.964     12.728     14.692 
        EXP_SUB                              25     6.159     46.440     52.599 
          CLA_8BIT_UNIT                      20     5.525     45.224     50.748 
            CLA_4BIT_UNIT_0                  17     4.646     45.224     49.870 
            CLA_4BIT_UNIT_1                   2     0.745      0.000      0.745 
        EXP_COM_8BIT                         24     5.035      9.181     14.216 
          COMP_LESS_UNIT                     24     5.035      9.181     14.216 
            u_high                           13     3.053      2.665      5.718 
            u_low                            10     1.602      6.516      8.118 
        EXP_RND                              15     3.794      5.771      9.565 
        EXP_SWAP                             13     3.481     15.509     18.990 
        MAN_ALU_PROC_RND                      7     1.894      9.809     11.702 
        SIGN_UNIT                             2     0.373      2.876      3.249 
      DATA_A_RE                            1132   250.020   1464.976   1714.997 
        MAN_ALU                             217    50.240    244.013    294.252 
          ALU_SUB_UNIT                      120    28.147    118.929    147.076 
            CLA_BLOCK_..CLA_4BIT_UNIT        18     4.539     14.962     19.501 
            CLA_BLOCK_..CLA_4BIT_UNIT        18     4.249     13.530     17.780 
            CLA_BLOCK_..CLA_4BIT_UNIT        18     4.199     18.985     23.184 
            CLA_BLOCK_..CLA_4BIT_UNIT        18     4.160     18.432     22.592 
            CLA_BLOCK_..CLA_4BIT_UNIT        15     4.147     14.271     18.418 
            CLA_BLOCK_..CLA_4BIT_UNIT        18     4.143     28.032     32.174 
        NOR_UNIT                            207    43.154    280.897    324.052 
          SHF_left_unit                     142    29.128    203.798    232.926 
        SHF_RIGHT_MAN                       137    27.579    260.045    287.624 
        PSC_UNIT                             90    17.631     82.190     99.821 
        MAN_COMP_24BIT                       80    16.132     84.468    100.601 
          u_i_data_4                         13     2.880     22.135     25.015 
          u_i_data_2                         13     2.863     21.205     24.068 
          u_i_data_1                         13     2.810     11.229     14.039 
          u_i_data_3                         13     2.577      6.902      9.479 
          u_i_data_5                         12     2.043      2.937      4.980 
          u_i_data_0                         10     1.618     13.870     15.489 
        MAN_SWAP_PRE                         46    12.022     74.834     86.856 
        MAN_SWAP                             48    11.975     81.654     93.629 
        MAN_RND                              26    11.248     38.057     49.305 
        LOPD_24BIT                           58     9.855     48.302     58.157 
          LOPD_16bit_UNIT_MSB                34     5.616     27.613     33.229 
            LOPD_8bit_unit_0                 14     2.401     17.699     20.100 
            LOPD_8bit_unit_1                 14     2.327      9.905     12.232 
          LOPD_8bit_UNIT_LSB                 14     2.239     20.296     22.535 
        EXP_ADJUST                           37     9.743     28.897     38.640 
          CLA_8BIT_UNIT                      30     8.552     28.897     37.449 
            CLA_4BIT_UNIT_0                  18     4.745     22.418     27.163 
            CLA_4BIT_UNIT_1                  11     3.642      6.445     10.087 
        EXP_SUB                              25     6.159     46.753     52.913 
          CLA_8BIT_UNIT                      20     5.525     45.537     51.062 
            CLA_4BIT_UNIT_0                  17     4.646     45.537     50.183 
            CLA_4BIT_UNIT_1                   2     0.745      0.000      0.745 
        EXP_COM_8BIT                         24     5.031      9.181     14.212 
          COMP_LESS_UNIT                     24     5.031      9.181     14.212 
            u_high                           13     3.053      2.665      5.718 
            u_low                            10     1.598      6.516      8.114 
        EXP_RND                              15     3.708     11.057     14.765 
        EXP_SWAP                             13     3.481     15.509     18.990 
        MAN_ALU_PROC_RND                      7     1.894      9.820     11.714 
        SIGN_UNIT                             1     0.248      2.081      2.329 
    BFU2_UNIT2                             4508   999.862   5401.175   6401.037 
      DATA_B_IM                            1126   251.305   1339.695   1591.000 
        MAN_ALU                             215    51.935    257.302    309.237 
          ALU_SUB_UNIT                      120    28.970    151.045    180.015 
            CLA_BLOCK_..CLA_4BIT_UNIT        18     5.146     18.683     23.829 
            CLA_BLOCK_..CLA_4BIT_UNIT        18     4.391     23.668     28.059 
            CLA_BLOCK_..CLA_4BIT_UNIT        18     4.276     23.472     27.748 
            CLA_BLOCK_..CLA_4BIT_UNIT        18     4.216     27.283     31.500 
            CLA_BLOCK_..CLA_4BIT_UNIT        18     4.111     21.791     25.901 
            CLA_BLOCK_..CLA_4BIT_UNIT        15     4.033     25.595     29.629 
        NOR_UNIT                            207    43.332    210.215    253.546 
          SHF_left_unit                     142    29.336    150.934    180.270 
        SHF_RIGHT_MAN                       134    27.248    241.491    268.739 
        MAN_COMP_24BIT                       80    16.601     57.599     74.200 
          u_i_data_2                         13     2.921     10.062     12.984 
          u_i_data_3                         13     2.827      5.855      8.682 
          u_i_data_4                         13     2.824      4.868      7.692 
          u_i_data_1                         13     2.791     14.075     16.866 
          u_i_data_5                         12     2.067      8.023     10.090 
          u_i_data_0                         10     1.823     11.568     13.391 
        PSC_UNIT                             88    16.421     73.478     89.899 
        MAN_SWAP                             48    12.097     91.117    103.214 
        MAN_SWAP_PRE                         46    11.453     99.176    110.628 
        MAN_RND                              26    11.236     26.762     37.998 
        EXP_ADJUST                           37     9.896     23.074     32.971 
          CLA_8BIT_UNIT                      30     8.705     23.074     31.780 
            CLA_4BIT_UNIT_0                  18     4.898     16.595     21.493 
            CLA_4BIT_UNIT_1                  11     3.642      6.445     10.087 
        LOPD_24BIT                           58     9.873     17.824     27.697 
          LOPD_16bit_UNIT_MSB                34     5.652     12.154     17.805 
            LOPD_8bit_unit_1                 14     2.595      0.747      3.342 
            LOPD_8bit_unit_0                 14     2.169     11.398     13.567 
          LOPD_8bit_UNIT_LSB                 14     2.254      5.474      7.728 
        EXP_SUB                              25     6.419     49.705     56.125 
          CLA_8BIT_UNIT                      20     5.797     45.846     51.643 
            CLA_4BIT_UNIT_0                  17     4.948     36.298     41.246 
            CLA_4BIT_UNIT_1                   2     0.716      9.547     10.263 
        EXP_COM_8BIT                         24     5.013     63.387     68.400 
          COMP_LESS_UNIT                     24     5.013     63.387     68.400 
            u_high                           13     2.876     20.187     23.063 
            u_low                            10     1.788     12.007     13.795 
        EXP_RND                              15     3.752      8.653     12.405 
        EXP_SWAP                             13     3.336     23.361     26.697 
        MAN_ALU_PROC_RND                      7     2.094     15.005     17.099 
        SIGN_UNIT                             2     0.298      2.968      3.266 
      DATA_B_RE                            1126   250.126   1173.118   1423.244 
        MAN_ALU                             215    51.366    205.160    256.527 
          ALU_SUB_UNIT                      120    29.150     99.667    128.816 
            CLA_BLOCK_..CLA_4BIT_UNIT        18     4.842     26.908     31.750 
            CLA_BLOCK_..CLA_4BIT_UNIT        18     4.533      9.493     14.027 
            CLA_BLOCK_..CLA_4BIT_UNIT        18     4.390     22.075     26.465 
            CLA_BLOCK_..CLA_4BIT_UNIT        18     4.354     12.236     16.590 
            CLA_BLOCK_..CLA_4BIT_UNIT        18     4.354      8.200     12.554 
            CLA_BLOCK_..CLA_4BIT_UNIT        15     4.038     18.580     22.618 
        NOR_UNIT                            207    43.537    214.921    258.457 
          SHF_left_unit                     142    29.752    148.864    178.616 
        SHF_RIGHT_MAN                       134    27.259    241.772    269.030 
        MAN_COMP_24BIT                       80    16.572     79.266     95.837 
          u_i_data_2                         13     2.933     15.300     18.233 
          u_i_data_4                         13     2.865     10.806     13.672 
          u_i_data_1                         13     2.858     18.898     21.756 
          u_i_data_3                         13     2.722     15.056     17.778 
          u_i_data_5                         12     2.128      7.080      9.208 
          u_i_data_0                         10     1.752     10.657     12.409 
        PSC_UNIT                             88    16.496     57.963     74.458 
        MAN_SWAP                             48    12.126     66.988     79.115 
        MAN_RND                              26    11.511     30.306     41.818 
        MAN_SWAP_PRE                         46    11.091     55.286     66.376 
        EXP_ADJUST                           37     9.533     28.467     38.000 
          CLA_8BIT_UNIT                      30     8.343     28.467     36.810 
            CLA_4BIT_UNIT_0                  18     4.603     12.090     16.693 
            CLA_4BIT_UNIT_1                  11     3.586     16.377     19.963 
        LOPD_24BIT                           58     9.351     35.121     44.472 
          LOPD_16bit_UNIT_MSB                34     5.237     18.625     23.862 
            LOPD_8bit_unit_1                 14     2.289     13.735     16.024 
            LOPD_8bit_unit_0                 14     2.047      4.890      6.937 
          LOPD_8bit_UNIT_LSB                 14     2.178     16.496     18.674 
        EXP_SUB                              25     6.249     31.224     37.473 
          CLA_8BIT_UNIT                      20     5.640     27.576     33.215 
            CLA_4BIT_UNIT_0                  17     4.819     27.576     32.394 
            CLA_4BIT_UNIT_1                   2     0.687      0.000      0.687 
        EXP_COM_8BIT                         24     5.057     17.410     22.467 
          COMP_LESS_UNIT                     24     5.057     17.410     22.467 
            u_high                           13     2.965     13.229     16.195 
            u_low                            10     1.716      4.165      5.881 
        EXP_RND                              15     3.582     13.939     17.521 
        EXP_SWAP                             13     3.233     23.292     26.525 
        MAN_ALU_PROC_RND                      7     2.211     15.307     17.518 
        SIGN_UNIT                             2     0.319      0.000      0.319 
      DATA_A_IM                            1128   249.453   1512.846   1762.299 
        MAN_ALU                             217    50.510    249.726    300.236 
          ALU_SUB_UNIT                      120    28.259    132.007    160.266 
            CLA_BLOCK_..CLA_4BIT_UNIT        18     4.807     26.073     30.881 
            CLA_BLOCK_..CLA_4BIT_UNIT        18     4.264     23.091     27.356 
            CLA_BLOCK_..CLA_4BIT_UNIT        18     4.263     22.361     26.624 
            CLA_BLOCK_..CLA_4BIT_UNIT        18     4.230     18.460     22.690 
            CLA_BLOCK_..CLA_4BIT_UNIT        18     4.133     12.915     17.048 
            CLA_BLOCK_..CLA_4BIT_UNIT        15     4.049     26.932     30.981 
        NOR_UNIT                            207    42.768    292.006    334.773 
          SHF_left_unit                     142    29.023    179.696    208.720 
        SHF_RIGHT_MAN                       137    27.575    240.045    267.619 
        MAN_COMP_24BIT                       80    16.601     57.598     74.199 
          u_i_data_2                         13     2.921     10.062     12.983 
          u_i_data_3                         13     2.827      5.855      8.682 
          u_i_data_4                         13     2.824      4.868      7.692 
          u_i_data_1                         13     2.791     14.075     16.866 
          u_i_data_5                         12     2.067      8.023     10.090 
          u_i_data_0                         10     1.823     11.568     13.391 
        PSC_UNIT                             86    16.264     65.155     81.419 
        MAN_SWAP                             48    12.036     90.855    102.891 
        MAN_SWAP_PRE                         46    11.453     99.176    110.628 
        MAN_RND                              26    11.417     37.834     49.250 
        EXP_ADJUST                           37     9.761     64.198     73.960 
          CLA_8BIT_UNIT                      30     8.662     60.972     69.635 
            CLA_4BIT_UNIT_0                  18     4.831     35.207     40.038 
            CLA_4BIT_UNIT_1                  11     3.684     23.909     27.593 
        LOPD_24BIT                           58     9.522     36.675     46.197 
          LOPD_16bit_UNIT_MSB                34     5.508     23.663     29.172 
            LOPD_8bit_unit_1                 14     2.401     18.398     20.799 
            LOPD_8bit_unit_0                 14     2.192      3.199      5.391 
          LOPD_8bit_UNIT_LSB                 14     2.084      8.661     10.745 
        EXP_SUB                              25     6.419     50.442     56.862 
          CLA_8BIT_UNIT                      20     5.797     46.583     52.380 
            CLA_4BIT_UNIT_0                  17     4.948     37.563     42.511 
            CLA_4BIT_UNIT_1                   2     0.716      9.020      9.736 
        EXP_COM_8BIT                         24     4.922     63.387     68.310 
          COMP_LESS_UNIT                     24     4.922     63.387     68.310 
            u_high                           13     2.876     20.187     23.063 
            u_low                            10     1.697     12.007     13.704 
        EXP_RND                              15     3.442     13.940     17.383 
        EXP_SWAP                             13     3.336     23.361     26.697 
        MAN_ALU_PROC_RND                      7     2.094     15.005     17.099 
        SIGN_UNIT                             1     0.233      0.525      0.757 
      DATA_A_RE                            1128   248.978   1375.517   1624.494 
        MAN_ALU                             217    50.748    286.390    337.139 
          ALU_SUB_UNIT                      120    28.317    169.464    197.781 
            CLA_BLOCK_..CLA_4BIT_UNIT        18     4.964     31.984     36.948 
            CLA_BLOCK_..CLA_4BIT_UNIT        18     4.232     25.202     29.434 
            CLA_BLOCK_..CLA_4BIT_UNIT        15     4.196     25.013     29.208 
            CLA_BLOCK_..CLA_4BIT_UNIT        18     4.186     23.361     27.547 
            CLA_BLOCK_..CLA_4BIT_UNIT        18     4.135     25.723     29.858 
            CLA_BLOCK_..CLA_4BIT_UNIT        18     3.872     16.311     20.183 
        NOR_UNIT                            207    42.931    274.018    316.949 
          SHF_left_unit                     142    29.165    166.368    195.533 
        SHF_RIGHT_MAN                       137    27.609    242.926    270.535 
        MAN_COMP_24BIT                       80    16.572     79.253     95.825 
          u_i_data_2                         13     2.933     15.300     18.233 
          u_i_data_4                         13     2.865     10.806     13.671 
          u_i_data_1                         13     2.858     18.898     21.756 
          u_i_data_3                         13     2.722     15.056     17.778 
          u_i_data_5                         12     2.128      7.080      9.208 
          u_i_data_0                         10     1.752     10.644     12.396 
        PSC_UNIT                             86    16.130     59.570     75.700 
        MAN_SWAP                             48    12.068     67.609     79.676 
        MAN_RND                              26    11.338     40.295     51.633 
        MAN_SWAP_PRE                         46    11.091     55.286     66.376 
        LOPD_24BIT                           58     9.828     41.520     51.348 
          LOPD_16bit_UNIT_MSB                34     5.688     21.680     27.369 
            LOPD_8bit_unit_1                 14     2.482     16.638     19.120 
            LOPD_8bit_unit_0                 14     2.296      2.965      5.261 
          LOPD_8bit_UNIT_LSB                 14     2.210     15.488     17.698 
        EXP_ADJUST                           37     9.451     34.044     43.495 
          CLA_8BIT_UNIT                      30     8.313     30.764     39.077 
            CLA_4BIT_UNIT_0                  18     4.574     14.387     18.960 
            CLA_4BIT_UNIT_1                  11     3.586     16.377     19.963 
        EXP_SUB                              25     6.249     31.117     37.366 
          CLA_8BIT_UNIT                      20     5.640     27.469     33.109 
            CLA_4BIT_UNIT_0                  17     4.819     27.469     32.287 
            CLA_4BIT_UNIT_1                   2     0.687      0.000      0.687 
        EXP_COM_8BIT                         24     4.957     17.997     22.954 
          COMP_LESS_UNIT                     24     4.957     17.997     22.954 
            u_high                           13     2.965     13.229     16.195 
            u_low                            10     1.616      4.752      6.368 
        EXP_RND                              15     3.579     14.418     17.998 
        EXP_SWAP                             13     3.233     23.292     26.525 
        MAN_ALU_PROC_RND                      7     2.211     15.311     17.522 
        SIGN_UNIT                             1     0.204      0.000      0.204 
    BFU2_UNIT0                             4508   998.046   5530.042   6528.088 
      DATA_B_RE                            1126   251.227   1504.799   1756.026 
        MAN_ALU                             215    52.206    236.835    289.042 
          ALU_SUB_UNIT                      120    29.328    141.131    170.459 
            CLA_BLOCK_..CLA_4BIT_UNIT        18     4.958     26.481     31.439 
            CLA_BLOCK_..CLA_4BIT_UNIT        18     4.687     21.367     26.054 
            CLA_BLOCK_..CLA_4BIT_UNIT        18     4.415      8.561     12.976 
            CLA_BLOCK_..CLA_4BIT_UNIT        15     4.204     24.198     28.402 
            CLA_BLOCK_..CLA_4BIT_UNIT        18     4.172     20.759     24.931 
            CLA_BLOCK_..CLA_4BIT_UNIT        18     4.124     24.473     28.597 
        NOR_UNIT                            207    41.670    341.201    382.871 
          SHF_left_unit                     142    27.363    225.611    252.974 
        SHF_RIGHT_MAN                       134    27.658    237.668    265.326 
        PSC_UNIT                             88    16.792     74.675     91.466 
        MAN_COMP_24BIT                       80    16.568     71.452     88.020 
          u_i_data_2                         13     2.923     13.154     16.076 
          u_i_data_4                         13     2.871     11.177     14.048 
          u_i_data_3                         13     2.785     15.336     18.121 
          u_i_data_1                         13     2.735      4.102      6.837 
          u_i_data_5                         12     2.152      9.391     11.543 
          u_i_data_0                         10     1.677     15.055     16.732 
        MAN_SWAP                             48    12.069     97.923    109.992 
        MAN_SWAP_PRE                         46    11.407    102.896    114.303 
        MAN_RND                              26    11.218     28.435     39.653 
        LOPD_24BIT                           58    10.093     52.338     62.431 
          LOPD_16bit_UNIT_MSB                34     6.050     39.539     45.589 
            LOPD_8bit_unit_1                 14     2.641     23.077     25.718 
            LOPD_8bit_unit_0                 14     2.444     10.814     13.258 
          LOPD_8bit_UNIT_LSB                 14     2.169      5.001      7.169 
        EXP_ADJUST                           37     9.769     59.680     69.449 
          CLA_8BIT_UNIT                      30     8.354     43.500     51.853 
            CLA_4BIT_UNIT_0                  18     4.604     24.499     29.104 
            CLA_4BIT_UNIT_1                  11     3.597     17.133     20.729 
        EXP_SUB                              25     6.512     20.384     26.896 
          CLA_8BIT_UNIT                      20     5.890     16.524     22.415 
            CLA_4BIT_UNIT_0                  17     5.093      6.977     12.070 
            CLA_4BIT_UNIT_1                   2     0.716      9.547     10.263 
        EXP_COM_8BIT                         24     5.028     54.143     59.171 
          COMP_LESS_UNIT                     24     5.028     54.143     59.171 
            u_high                           13     2.876     20.187     23.063 
            u_low                            10     1.798      2.909      4.707 
        EXP_RND                              15     3.624     11.059     14.683 
        EXP_SWAP                             13     3.296     22.248     25.543 
        MAN_ALU_PROC_RND                      7     2.208     16.605     18.813 
        SIGN_UNIT                             2     0.298      2.968      3.266 
      DATA_B_IM                            1126   249.378   1392.693   1642.071 
        MAN_ALU                             215    50.817    289.014    339.830 
          ALU_SUB_UNIT                      120    28.255    143.227    171.482 
            CLA_BLOCK_..CLA_4BIT_UNIT        18     5.091     25.356     30.447 
            CLA_BLOCK_..CLA_4BIT_UNIT        18     4.419     21.785     26.204 
            CLA_BLOCK_..CLA_4BIT_UNIT        18     4.189     17.307     21.496 
            CLA_BLOCK_..CLA_4BIT_UNIT        18     4.056     22.275     26.331 
            CLA_BLOCK_..CLA_4BIT_UNIT        18     3.989     22.245     26.234 
            CLA_BLOCK_..CLA_4BIT_UNIT        15     3.897     20.577     24.474 
        NOR_UNIT                            207    41.996    257.164    299.160 
          SHF_left_unit                     142    27.911    159.053    186.964 
        SHF_RIGHT_MAN                       134    27.432    187.303    214.736 
        PSC_UNIT                             88    16.705     51.544     68.249 
        MAN_COMP_24BIT                       80    16.481     82.623     99.104 
          u_i_data_4                         13     2.934     15.345     18.279 
          u_i_data_2                         13     2.835     13.798     16.633 
          u_i_data_3                         13     2.788     15.120     17.908 
          u_i_data_1                         13     2.726     13.688     16.414 
          u_i_data_5                         12     2.283      8.767     11.050 
          u_i_data_0                         10     1.727     14.347     16.074 
        MAN_SWAP                             48    11.944     78.059     90.003 
        MAN_RND                              26    11.533     30.724     42.258 
        MAN_SWAP_PRE                         46    11.485     94.489    105.974 
        EXP_ADJUST                           37    10.271     33.551     43.822 
          CLA_8BIT_UNIT                      30     8.850     16.165     25.015 
            CLA_4BIT_UNIT_0                  18     5.036      8.838     13.874 
            CLA_4BIT_UNIT_1                  11     3.647      7.316     10.962 
        LOPD_24BIT                           58     9.361     55.546     64.907 
          LOPD_16bit_UNIT_MSB                34     5.409     32.902     38.311 
            LOPD_8bit_unit_1                 14     2.307     15.226     17.533 
            LOPD_8bit_unit_0                 14     2.154     13.523     15.677 
          LOPD_8bit_UNIT_LSB                 14     2.061     14.139     16.200 
        EXP_SUB                              25     6.089     45.725     51.814 
          CLA_8BIT_UNIT                      20     5.474     40.227     45.701 
            CLA_4BIT_UNIT_0                  17     4.679     40.218     44.897 
            CLA_4BIT_UNIT_1                   2     0.687      0.000      0.687 
        EXP_COM_8BIT                         24     5.001     54.109     59.110 
          COMP_LESS_UNIT                     24     5.001     54.109     59.110 
            u_high                           13     2.965     13.229     16.195 
            u_low                            10     1.656      9.518     11.174 
        EXP_RND                              15     3.776      8.173     11.949 
        EXP_SWAP                             13     3.394     32.916     36.309 
        MAN_ALU_PROC_RND                      7     2.410      0.000      2.410 
        SIGN_UNIT                             2     0.290      2.968      3.258 
      DATA_A_RE                            1128   248.914   1303.740   1552.654 
        MAN_ALU                             217    50.123    206.268    256.391 
          ALU_SUB_UNIT                      120    28.110    108.344    136.454 
            CLA_BLOCK_..CLA_4BIT_UNIT        18     4.868     23.225     28.092 
            CLA_BLOCK_..CLA_4BIT_UNIT        18     4.302     29.758     34.060 
            CLA_BLOCK_..CLA_4BIT_UNIT        18     4.218     18.536     22.754 
            CLA_BLOCK_..CLA_4BIT_UNIT        15     4.150     14.913     19.063 
            CLA_BLOCK_..CLA_4BIT_UNIT        18     4.109      7.963     12.072 
            CLA_BLOCK_..CLA_4BIT_UNIT        18     3.838     10.091     13.929 
        NOR_UNIT                            207    43.176    260.430    303.606 
          SHF_left_unit                     142    29.226    152.773    181.999 
        SHF_RIGHT_MAN                       137    28.037    237.729    265.766 
        MAN_COMP_24BIT                       80    16.568     71.439     88.007 
          u_i_data_2                         13     2.923     13.153     16.076 
          u_i_data_4                         13     2.871     11.176     14.048 
          u_i_data_3                         13     2.785     15.336     18.121 
          u_i_data_1                         13     2.735      4.102      6.837 
          u_i_data_5                         12     2.152      9.391     11.543 
          u_i_data_0                         10     1.677     15.043     16.720 
        PSC_UNIT                             86    16.489     55.121     71.610 
        MAN_SWAP                             48    12.010     98.120    110.130 
        MAN_SWAP_PRE                         46    11.407    102.896    114.303 
        MAN_RND                              26    11.375     34.940     46.316 
        EXP_ADJUST                           37     9.473     23.824     33.298 
          CLA_8BIT_UNIT                      30     8.370     20.832     29.201 
            CLA_4BIT_UNIT_0                  18     4.574     14.387     18.960 
            CLA_4BIT_UNIT_1                  11     3.642      6.445     10.087 
        LOPD_24BIT                           58     8.983     26.254     35.237 
          LOPD_16bit_UNIT_MSB                34     4.842     13.187     18.030 
            LOPD_8bit_unit_0                 14     2.027      8.037     10.065 
            LOPD_8bit_unit_1                 14     1.928      5.140      7.068 
          LOPD_8bit_UNIT_LSB                 14     2.205     13.067     15.272 
        EXP_SUB                              25     6.512     19.857     26.369 
          CLA_8BIT_UNIT                      20     5.890     15.997     21.887 
            CLA_4BIT_UNIT_0                  17     5.093      6.977     12.070 
            CLA_4BIT_UNIT_1                   2     0.716      9.020      9.736 
        EXP_COM_8BIT                         24     4.938     54.143     59.081 
          COMP_LESS_UNIT                     24     4.938     54.143     59.081 
            u_high                           13     2.876     20.187     23.063 
            u_low                            10     1.708      2.909      4.617 
        EXP_RND                              15     3.663      8.653     12.316 
        EXP_SWAP                             13     3.296     22.248     25.543 
        MAN_ALU_PROC_RND                      7     2.208     16.605     18.813 
        SIGN_UNIT                             1     0.233      0.525      0.757 
      DATA_A_IM                            1128   248.527   1328.810   1577.337 
        MAN_ALU                             217    50.861    261.478    312.339 
          ALU_SUB_UNIT                      120    28.577    136.205    164.782 
            CLA_BLOCK_..CLA_4BIT_UNIT        18     4.771     30.534     35.305 
            CLA_BLOCK_..CLA_4BIT_UNIT        18     4.466     20.628     25.094 
            CLA_BLOCK_..CLA_4BIT_UNIT        18     4.335     17.171     21.505 
            CLA_BLOCK_..CLA_4BIT_UNIT        18     4.266     21.403     25.669 
            CLA_BLOCK_..CLA_4BIT_UNIT        18     4.144     16.236     20.379 
            CLA_BLOCK_..CLA_4BIT_UNIT        15     3.912     20.137     24.049 
        NOR_UNIT                            207    41.628    191.967    233.595 
          SHF_left_unit                     142    27.560     94.793    122.353 
        SHF_RIGHT_MAN                       137    27.836    189.449    217.286 
        MAN_COMP_24BIT                       80    16.481     82.609     99.090 
          u_i_data_4                         13     2.934     15.345     18.279 
          u_i_data_2                         13     2.835     13.797     16.632 
          u_i_data_3                         13     2.788     15.121     17.909 
          u_i_data_1                         13     2.726     13.687     16.414 
          u_i_data_5                         12     2.283      8.767     11.050 
          u_i_data_0                         10     1.727     14.335     16.062 
        PSC_UNIT                             86    15.595     52.524     68.119 
        MAN_SWAP                             48    11.886     78.678     90.564 
        MAN_SWAP_PRE                         46    11.485     94.489    105.974 
        MAN_RND                              26    11.437     26.300     37.738 
        EXP_ADJUST                           37     9.906     71.917     81.822 
          CLA_8BIT_UNIT                      30     8.502     49.325     57.827 
            CLA_4BIT_UNIT_0                  18     4.816     23.753     28.570 
            CLA_4BIT_UNIT_1                  11     3.533     23.705     27.237 
        LOPD_24BIT                           58     9.904     50.248     60.152 
          LOPD_16bit_UNIT_MSB                34     5.397     27.193     32.590 
            LOPD_8bit_unit_1                 14     2.329     17.792     20.122 
            LOPD_8bit_unit_0                 14     2.157      7.323      9.481 
          LOPD_8bit_UNIT_LSB                 14     2.560     18.507     21.067 
        EXP_SUB                              25     6.089     46.144     52.234 
          CLA_8BIT_UNIT                      20     5.474     40.647     46.121 
            CLA_4BIT_UNIT_0                  17     4.679     40.638     45.317 
            CLA_4BIT_UNIT_1                   2     0.687      0.000      0.687 
        EXP_COM_8BIT                         24     4.937     53.572     58.509 
          COMP_LESS_UNIT                     24     4.937     53.572     58.509 
            u_high                           13     2.965     13.229     16.195 
            u_low                            10     1.592      8.982     10.574 
        EXP_RND                              15     3.585     14.420     18.005 
        EXP_SWAP                             13     3.394     32.916     36.309 
        MAN_ALU_PROC_RND                      7     2.410      0.000      2.410 
        SIGN_UNIT                             1     0.233      0.525      0.758 
    BFU2_UNIT1                             4508   991.819   4989.158   5980.976 
      DATA_B_RE                            1127   249.160   1258.262   1507.422 
        MAN_ALU                             215    52.002    268.234    320.236 
          ALU_SUB_UNIT                      120    28.926    132.984    161.910 
            CLA_BLOCK_..CLA_4BIT_UNIT        18     4.660     11.209     15.869 
            CLA_BLOCK_..CLA_4BIT_UNIT        18     4.484     20.220     24.704 
            CLA_BLOCK_..CLA_4BIT_UNIT        18     4.336      9.473     13.810 
            CLA_BLOCK_..CLA_4BIT_UNIT        15     4.281     23.960     28.241 
            CLA_BLOCK_..CLA_4BIT_UNIT        18     4.249     28.903     33.152 
            CLA_BLOCK_..CLA_4BIT_UNIT        18     4.188     23.052     27.241 
        NOR_UNIT                            207    43.738    244.539    288.277 
          SHF_left_unit                     142    29.744    171.071    200.815 
        SHF_RIGHT_MAN                       135    25.755    230.099    255.853 
        MAN_COMP_24BIT                       80    16.255     74.903     91.159 
          u_i_data_4                         13     2.869     13.736     16.605 
          u_i_data_2                         13     2.865     12.406     15.272 
          u_i_data_1                         13     2.820     24.751     27.571 
          u_i_data_3                         13     2.815      0.000      2.815 
          u_i_data_5                         12     1.929      9.313     11.242 
          u_i_data_0                         10     1.629     13.154     14.784 
        PSC_UNIT                             88    16.245     69.846     86.091 
        MAN_SWAP_PRE                         46    12.124     72.184     84.308 
        MAN_SWAP                             48    12.099     59.884     71.983 
        MAN_RND                              26    11.569     35.240     46.809 
        EXP_ADJUST                           37     9.465     12.624     22.089 
          CLA_8BIT_UNIT                      30     8.274     12.624     20.898 
            CLA_4BIT_UNIT_0                  18     4.478      6.179     10.657 
            CLA_4BIT_UNIT_1                  11     3.642      6.445     10.087 
        LOPD_24BIT                           58     9.039     28.865     37.903 
          LOPD_16bit_UNIT_MSB                34     5.196     20.284     25.480 
            LOPD_8bit_unit_1                 14     2.234     11.037     13.270 
            LOPD_8bit_unit_0                 14     2.089      9.247     11.336 
          LOPD_8bit_UNIT_LSB                 14     1.876      8.384     10.259 
        EXP_SUB                              25     6.321     66.570     72.891 
          CLA_8BIT_UNIT                      20     5.699     62.289     67.988 
            CLA_4BIT_UNIT_0                  17     4.838     54.329     59.167 
            CLA_4BIT_UNIT_1                   2     0.732      6.342      7.074 
        EXP_COM_8BIT                         24     4.832      9.777     14.610 
          COMP_LESS_UNIT                     24     4.832      9.777     14.610 
            u_high                           13     2.749      4.851      7.599 
            u_low                            10     1.749      4.927      6.676 
        EXP_RND                              15     3.621      5.769      9.391 
        EXP_SWAP                             13     3.572     13.110     16.681 
        MAN_ALU_PROC_RND                      7     2.092     16.037     18.129 
        SIGN_UNIT                             2     0.316      1.466      1.782 
      DATA_B_IM                            1127   248.724   1161.542   1410.266 
        MAN_ALU                             215    51.939    277.376    329.315 
          ALU_SUB_UNIT                      120    28.717    164.584    193.301 
            CLA_BLOCK_..CLA_4BIT_UNIT        18     4.862     29.574     34.436 
            CLA_BLOCK_..CLA_4BIT_UNIT        18     4.392     24.083     28.475 
            CLA_BLOCK_..CLA_4BIT_UNIT        18     4.328     18.135     22.463 
            CLA_BLOCK_..CLA_4BIT_UNIT        18     4.220     30.549     34.769 
            CLA_BLOCK_..CLA_4BIT_UNIT        15     4.166     20.186     24.353 
            CLA_BLOCK_..CLA_4BIT_UNIT        18     3.997     29.024     33.021 
        NOR_UNIT                            207    43.622    168.746    212.368 
          SHF_left_unit                     142    29.884    115.718    145.601 
        SHF_RIGHT_MAN                       135    25.231    192.832    218.063 
        PSC_UNIT                             88    16.597     57.322     73.919 
        MAN_COMP_24BIT                       80    16.208     56.845     73.053 
          u_i_data_3                         13     2.831      8.347     11.178 
          u_i_data_1                         13     2.827      6.737      9.564 
          u_i_data_2                         13     2.810     14.630     17.440 
          u_i_data_4                         13     2.803     13.932     16.735 
          u_i_data_5                         12     2.102      3.955      6.058 
          u_i_data_0                         10     1.665      6.263      7.928 
        MAN_SWAP                             48    12.318     70.540     82.858 
        MAN_RND                              26    11.775     31.771     43.545 
        MAN_SWAP_PRE                         46    11.606     84.598     96.204 
        EXP_ADJUST                           37     9.591     18.537     28.128 
          CLA_8BIT_UNIT                      30     8.400     18.537     26.937 
            CLA_4BIT_UNIT_0                  18     4.604     12.092     16.696 
            CLA_4BIT_UNIT_1                  11     3.642      6.445     10.087 
        LOPD_24BIT                           58     8.891     13.389     22.280 
          LOPD_16bit_UNIT_MSB                34     5.080      9.453     14.533 
            LOPD_8bit_unit_0                 14     2.180      3.139      5.320 
            LOPD_8bit_unit_1                 14     1.999      6.314      8.313 
          LOPD_8bit_UNIT_LSB                 14     1.811      3.936      5.747 
        EXP_SUB                              25     6.344     40.374     46.717 
          CLA_8BIT_UNIT                      20     5.735     36.725     42.459 
            CLA_4BIT_UNIT_0                  17     4.885     27.705     32.590 
            CLA_4BIT_UNIT_1                   2     0.716      9.020      9.736 
        EXP_COM_8BIT                         24     4.924     52.656     57.580 
          COMP_LESS_UNIT                     24     4.924     52.656     57.580 
            u_high                           13     2.888     17.013     19.901 
            u_low                            10     1.687      4.456      6.143 
        EXP_RND                              15     3.666      8.173     11.839 
        EXP_SWAP                             13     3.396     22.717     26.112 
        MAN_ALU_PROC_RND                      7     2.160     16.805     18.965 
        SIGN_UNIT                             2     0.296      0.521      0.817 
      DATA_A_RE                            1127   247.539   1237.927   1485.466 
        MAN_ALU                             217    50.672    289.130    339.802 
          ALU_SUB_UNIT                      120    28.174    159.632    187.806 
            CLA_BLOCK_..CLA_4BIT_UNIT        18     5.012     28.807     33.819 
            CLA_BLOCK_..CLA_4BIT_UNIT        18     4.181     26.491     30.672 
            CLA_BLOCK_..CLA_4BIT_UNIT        18     4.154      8.320     12.474 
            CLA_BLOCK_..CLA_4BIT_UNIT        18     4.144     27.691     31.835 
            CLA_BLOCK_..CLA_4BIT_UNIT        18     4.124     29.335     33.460 
            CLA_BLOCK_..CLA_4BIT_UNIT        15     3.876     22.409     26.284 
        NOR_UNIT                            207    43.331    225.531    268.862 
          SHF_left_unit                     142    29.353    155.727    185.080 
        SHF_RIGHT_MAN                       135    25.755    230.099    255.853 
        MAN_COMP_24BIT                       80    16.255     74.903     91.159 
          u_i_data_4                         13     2.869     13.736     16.605 
          u_i_data_2                         13     2.865     12.406     15.272 
          u_i_data_1                         13     2.820     24.751     27.571 
          u_i_data_3                         13     2.815      0.000      2.815 
          u_i_data_5                         12     1.929      9.313     11.242 
          u_i_data_0                         10     1.629     13.154     14.784 
        PSC_UNIT                             87    16.094     58.749     74.843 
        MAN_SWAP_PRE                         46    12.247     72.184     84.431 
        MAN_SWAP                             48    11.982     60.517     72.499 
        MAN_RND                              26    11.663     32.856     44.519 
        EXP_ADJUST                           37     9.464     12.626     22.090 
          CLA_8BIT_UNIT                      30     8.274     12.626     20.900 
            CLA_4BIT_UNIT_0                  18     4.478      6.181     10.658 
            CLA_4BIT_UNIT_1                  11     3.642      6.445     10.087 
        LOPD_24BIT                           58     9.158     28.208     37.366 
          LOPD_16bit_UNIT_MSB                34     5.165     16.691     21.856 
            LOPD_8bit_unit_1                 14     2.234     11.036     13.270 
            LOPD_8bit_unit_0                 14     2.059      5.655      7.713 
          LOPD_8bit_UNIT_LSB                 14     2.025     11.320     13.345 
        EXP_SUB                              25     6.321     66.570     72.891 
          CLA_8BIT_UNIT                      20     5.699     62.289     67.988 
            CLA_4BIT_UNIT_0                  17     4.838     54.329     59.167 
            CLA_4BIT_UNIT_1                   2     0.732      6.342      7.074 
        EXP_COM_8BIT                         24     4.832      9.777     14.610 
          COMP_LESS_UNIT                     24     4.832      9.777     14.610 
            u_high                           13     2.749      4.851      7.599 
            u_low                            10     1.749      4.927      6.676 
        EXP_RND                              15     3.621      5.769      9.391 
        EXP_SWAP                             13     3.572     13.110     16.681 
        MAN_ALU_PROC_RND                      7     2.092     16.037     18.129 
        SIGN_UNIT                             1     0.236      2.081      2.317 
      DATA_A_IM                            1127   246.396   1331.427   1577.823 
        MAN_ALU                             217    50.805    284.969    335.775 
          ALU_SUB_UNIT                      120    28.195    140.241    168.436 
            CLA_BLOCK_..CLA_4BIT_UNIT        18     5.085     31.856     36.941 
            CLA_BLOCK_..CLA_4BIT_UNIT        18     4.406     13.528     17.933 
            CLA_BLOCK_..CLA_4BIT_UNIT        18     4.260     29.274     33.533 
            CLA_BLOCK_..CLA_4BIT_UNIT        18     3.970     25.780     29.751 
            CLA_BLOCK_..CLA_4BIT_UNIT        18     3.961     13.743     17.705 
            CLA_BLOCK_..CLA_4BIT_UNIT        15     3.956     22.205     26.161 
        NOR_UNIT                            207    42.705    299.660    342.365 
          SHF_left_unit                     142    28.851    200.191    229.042 
        SHF_RIGHT_MAN                       135    25.231    192.834    218.065 
        PSC_UNIT                             87    16.210     48.963     65.173 
        MAN_COMP_24BIT                       80    16.208     56.845     73.053 
          u_i_data_3                         13     2.831      8.347     11.178 
          u_i_data_1                         13     2.827      6.737      9.564 
          u_i_data_2                         13     2.810     14.630     17.440 
          u_i_data_4                         13     2.803     13.932     16.735 
          u_i_data_5                         12     2.102      3.955      6.058 
          u_i_data_0                         10     1.665      6.263      7.928 
        MAN_SWAP                             48    12.198     70.700     82.898 
        MAN_SWAP_PRE                         46    11.728     85.067     96.795 
        MAN_RND                              26    11.334     24.812     36.146 
        EXP_ADJUST                           37     9.508     24.113     33.621 
          CLA_8BIT_UNIT                      30     8.370     20.833     29.203 
            CLA_4BIT_UNIT_0                  18     4.574     14.388     18.962 
            CLA_4BIT_UNIT_1                  11     3.642      6.445     10.087 
        LOPD_24BIT                           58     9.365     37.270     46.635 
          LOPD_16bit_UNIT_MSB                34     5.396     20.232     25.627 
            LOPD_8bit_unit_0                 14     2.270      5.625      7.895 
            LOPD_8bit_unit_1                 14     2.215     12.530     14.745 
          LOPD_8bit_UNIT_LSB                 14     2.037     12.885     14.921 
        EXP_SUB                              25     6.344     40.374     46.717 
          CLA_8BIT_UNIT                      20     5.735     36.725     42.459 
            CLA_4BIT_UNIT_0                  17     4.885     27.705     32.590 
            CLA_4BIT_UNIT_1                   2     0.716      9.020      9.736 
        EXP_COM_8BIT                         24     4.924     52.656     57.580 
          COMP_LESS_UNIT                     24     4.924     52.656     57.580 
            u_high                           13     2.888     17.013     19.901 
            u_low                            10     1.687      4.456      6.143 
        EXP_RND                              15     3.663      8.653     12.316 
        EXP_SWAP                             13     3.396     22.717     26.112 
        MAN_ALU_PROC_RND                      7     2.160     16.805     18.965 
        SIGN_UNIT                             1     0.233      2.659      2.891 
    BFU2_UNIT3                             4508   991.715   4769.606   5761.321 
      DATA_A_RE                            1127   250.715   1020.970   1271.685 
        MAN_ALU                             217    52.020    221.562    273.582 
          ALU_SUB_UNIT                      120    29.006    123.341    152.346 
            CLA_BLOCK_..CLA_4BIT_UNIT        18     5.353     21.773     27.125 
            CLA_BLOCK_..CLA_4BIT_UNIT        18     4.577     23.776     28.352 
            CLA_BLOCK_..CLA_4BIT_UNIT        18     4.227     13.428     17.655 
            CLA_BLOCK_..CLA_4BIT_UNIT        18     4.150     22.396     26.546 
            CLA_BLOCK_..CLA_4BIT_UNIT        18     4.045     14.031     18.076 
            CLA_BLOCK_..CLA_4BIT_UNIT        15     3.762     18.447     22.209 
        NOR_UNIT                            207    43.064    247.330    290.393 
          SHF_left_unit                     142    29.056    179.420    208.476 
        SHF_RIGHT_MAN                       135    27.231     75.902    103.133 
        PSC_UNIT                             87    16.405     56.754     73.159 
        MAN_COMP_24BIT                       80    16.200     80.514     96.715 
          u_i_data_3                         13     2.900     11.421     14.321 
          u_i_data_4                         13     2.862     12.541     15.402 
          u_i_data_2                         13     2.842     15.867     18.709 
          u_i_data_1                         13     2.721     15.474     18.196 
          u_i_data_5                         12     1.941      6.824      8.765 
          u_i_data_0                         10     1.542      9.106     10.648 
        MAN_SWAP_PRE                         46    12.238     68.914     81.152 
        MAN_SWAP                             48    11.894     58.080     69.973 
        MAN_RND                              26    11.252     39.877     51.129 
        EXP_ADJUST                           37    10.048     15.754     25.802 
          CLA_8BIT_UNIT                      30     8.858     15.754     24.611 
            CLA_4BIT_UNIT_0                  18     5.050      9.275     14.325 
            CLA_4BIT_UNIT_1                  11     3.642      6.445     10.087 
        LOPD_24BIT                           58     9.899     48.183     58.082 
          LOPD_16bit_UNIT_MSB                34     5.598     29.953     35.551 
            LOPD_8bit_unit_0                 14     2.447     15.384     17.831 
            LOPD_8bit_unit_1                 14     2.311     14.547     16.859 
          LOPD_8bit_UNIT_LSB                 14     2.270     17.640     19.909 
        EXP_SUB                              25     6.276      1.532      7.808 
          CLA_8BIT_UNIT                      20     5.654      0.105      5.758 
            CLA_4BIT_UNIT_0                  17     4.833      0.105      4.937 
            CLA_4BIT_UNIT_1                   2     0.688      0.000      0.688 
        EXP_COM_8BIT                         24     4.931      6.868     11.799 
          COMP_LESS_UNIT                     24     4.931      6.868     11.799 
            u_high                           13     2.749      4.851      7.599 
            u_low                            10     1.854      2.017      3.871 
        EXP_RND                              15     3.794      5.771      9.565 
        EXP_SWAP                             13     3.581      9.258     12.839 
        MAN_ALU_PROC_RND                      7     1.858      0.000      1.858 
        SIGN_UNIT                             1     0.242      2.091      2.333 
      DATA_B_RE                            1127   248.742    920.540   1169.282 
        MAN_ALU                             215    51.296    232.676    283.972 
          ALU_SUB_UNIT                      120    28.630    161.380    190.010 
            CLA_BLOCK_..CLA_4BIT_UNIT        18     4.480     25.245     29.725 
            CLA_BLOCK_..CLA_4BIT_UNIT        18     4.469     17.365     21.833 
            CLA_BLOCK_..CLA_4BIT_UNIT        18     4.379     27.453     31.832 
            CLA_BLOCK_..CLA_4BIT_UNIT        18     4.320     17.157     21.477 
            CLA_BLOCK_..CLA_4BIT_UNIT        15     4.139     28.425     32.564 
            CLA_BLOCK_..CLA_4BIT_UNIT        18     3.950     28.056     32.006 
        NOR_UNIT                            207    43.627    180.465    224.093 
          SHF_left_unit                     142    29.616    127.293    156.909 
        SHF_RIGHT_MAN                       135    27.231     75.899    103.130 
        MAN_COMP_24BIT                       80    16.200     80.514     96.715 
          u_i_data_3                         13     2.900     11.421     14.321 
          u_i_data_4                         13     2.862     12.541     15.402 
          u_i_data_2                         13     2.842     15.867     18.709 
          u_i_data_1                         13     2.721     15.474     18.196 
          u_i_data_5                         12     1.941      6.824      8.765 
          u_i_data_0                         10     1.542      9.106     10.648 
        PSC_UNIT                             88    15.869     52.066     67.935 
        MAN_SWAP_PRE                         46    12.113     68.442     80.554 
        MAN_SWAP                             48    12.013     58.553     70.566 
        MAN_RND                              26    11.476     26.770     38.246 
        EXP_ADJUST                           37    10.048     15.754     25.802 
          CLA_8BIT_UNIT                      30     8.858     15.754     24.611 
            CLA_4BIT_UNIT_0                  18     5.050      9.275     14.325 
            CLA_4BIT_UNIT_1                  11     3.642      6.445     10.087 
        LOPD_24BIT                           58     8.438     18.529     26.967 
          LOPD_16bit_UNIT_MSB                34     4.502      4.963      9.465 
            LOPD_8bit_unit_1                 14     1.849      2.695      4.544 
            LOPD_8bit_unit_0                 14     1.780      2.268      4.049 
          LOPD_8bit_UNIT_LSB                 14     1.968     13.369     15.337 
        EXP_SUB                              25     6.276      1.532      7.808 
          CLA_8BIT_UNIT                      20     5.654      0.105      5.758 
            CLA_4BIT_UNIT_0                  17     4.833      0.105      4.937 
            CLA_4BIT_UNIT_1                   2     0.688      0.000      0.688 
        EXP_COM_8BIT                         24     4.931      6.868     11.799 
          COMP_LESS_UNIT                     24     4.931      6.868     11.799 
            u_high                           13     2.749      4.851      7.599 
            u_low                            10     1.854      2.017      3.871 
        EXP_RND                              15     3.794      5.771      9.565 
        EXP_SWAP                             13     3.581      9.258     12.839 
        MAN_ALU_PROC_RND                      7     1.858      0.000      1.858 
        SIGN_UNIT                             2     0.303      2.266      2.569 
      DATA_B_IM                            1127   246.853   1309.325   1556.178 
        MAN_ALU                             215    51.887    184.642    236.529 
          ALU_SUB_UNIT                      120    28.797     73.375    102.172 
            CLA_BLOCK_..CLA_4BIT_UNIT        18     4.915     18.391     23.305 
            CLA_BLOCK_..CLA_4BIT_UNIT        18     4.559     14.949     19.509 
            CLA_BLOCK_..CLA_4BIT_UNIT        18     4.386      5.621     10.008 
            CLA_BLOCK_..CLA_4BIT_UNIT        18     4.297      8.088     12.385 
            CLA_BLOCK_..CLA_4BIT_UNIT        18     4.199     11.619     15.818 
            CLA_BLOCK_..CLA_4BIT_UNIT        15     3.714     11.769     15.483 
        NOR_UNIT                            207    42.903    244.886    287.789 
          SHF_left_unit                     142    29.284    149.131    178.415 
        SHF_RIGHT_MAN                       135    23.436    126.964    150.400 
        PSC_UNIT                             88    16.566     69.210     85.776 
        MAN_COMP_24BIT                       80    16.369     70.107     86.475 
          u_i_data_3                         13     2.824      3.686      6.509 
          u_i_data_1                         13     2.819      5.871      8.691 
          u_i_data_2                         13     2.817      5.720      8.537 
          u_i_data_4                         13     2.793     10.410     13.203 
          u_i_data_5                         12     2.218      7.932     10.150 
          u_i_data_0                         10     1.697     11.246     12.944 
        MAN_SWAP                             48    12.703    104.419    117.122 
        MAN_RND                              26    11.768     40.491     52.259 
        MAN_SWAP_PRE                         46    11.565     66.856     78.421 
        EXP_ADJUST                           37     9.878     60.450     70.329 
          CLA_8BIT_UNIT                      30     8.740     57.170     65.910 
            CLA_4BIT_UNIT_0                  18     4.909     31.405     36.314 
            CLA_4BIT_UNIT_1                  11     3.684     23.909     27.593 
        LOPD_24BIT                           58     8.861     24.514     33.375 
          LOPD_16bit_UNIT_MSB                34     4.962     10.757     15.719 
            LOPD_8bit_unit_0                 14     2.118      3.383      5.501 
            LOPD_8bit_unit_1                 14     1.934      5.297      7.231 
          LOPD_8bit_UNIT_LSB                 14     1.969      9.406     11.375 
        EXP_SUB                              25     6.329     80.146     86.475 
          CLA_8BIT_UNIT                      20     5.707     73.432     79.139 
            CLA_4BIT_UNIT_0                  17     4.883     64.404     69.287 
            CLA_4BIT_UNIT_1                   2     0.716      9.020      9.736 
        EXP_COM_8BIT                         24     4.905     60.351     65.256 
          COMP_LESS_UNIT                     24     4.905     60.351     65.256 
            u_high                           13     2.888     17.013     19.901 
            u_low                            10     1.667     12.151     13.818 
        EXP_RND                              15     3.484     16.823     20.307 
        EXP_SWAP                             13     3.440     24.037     27.476 
        MAN_ALU_PROC_RND                      7     2.344     13.210     15.554 
        SIGN_UNIT                             2     0.304      2.266      2.570 
      DATA_A_IM                            1127   245.405   1518.771   1764.175 
        MAN_ALU                             217    50.544    310.698    361.242 
          ALU_SUB_UNIT                      120    28.323    176.559    204.883 
            CLA_BLOCK_..CLA_4BIT_UNIT        18     4.932     30.366     35.298 
            CLA_BLOCK_..CLA_4BIT_UNIT        18     4.228     25.797     30.026 
            CLA_BLOCK_..CLA_4BIT_UNIT        18     4.194     25.941     30.135 
            CLA_BLOCK_..CLA_4BIT_UNIT        15     4.144     23.174     27.318 
            CLA_BLOCK_..CLA_4BIT_UNIT        18     4.118     24.606     28.724 
            CLA_BLOCK_..CLA_4BIT_UNIT        18     4.096     28.968     33.064 
        NOR_UNIT                            207    42.219    310.442    352.661 
          SHF_left_unit                     142    28.018    194.990    223.008 
        SHF_RIGHT_MAN                       135    23.436    126.964    150.400 
        PSC_UNIT                             87    16.570     68.144     84.714 
        MAN_COMP_24BIT                       80    16.369     70.107     86.475 
          u_i_data_3                         13     2.824      3.686      6.509 
          u_i_data_1                         13     2.819      5.871      8.691 
          u_i_data_2                         13     2.817      5.720      8.537 
          u_i_data_4                         13     2.793     10.410     13.203 
          u_i_data_5                         12     2.218      7.932     10.150 
          u_i_data_0                         10     1.697     11.246     12.944 
        MAN_SWAP                             48    12.580    103.064    115.644 
        MAN_SWAP_PRE                         46    11.686     66.856     78.542 
        MAN_RND                              26    11.398     25.469     36.866 
        EXP_ADJUST                           37    10.160     64.633     74.793 
          CLA_8BIT_UNIT                      30     8.707     47.524     56.231 
            CLA_4BIT_UNIT_0                  18     4.957     28.524     33.481 
            CLA_4BIT_UNIT_1                  11     3.597     17.133     20.729 
        LOPD_24BIT                           58     9.744     65.636     75.380 
          LOPD_16bit_UNIT_MSB                34     5.603     41.438     47.041 
            LOPD_8bit_unit_1                 14     2.427     22.482     24.909 
            LOPD_8bit_unit_0                 14     2.220     14.800     17.020 
          LOPD_8bit_UNIT_LSB                 14     2.232     15.497     17.728 
        EXP_SUB                              25     6.329     80.146     86.475 
          CLA_8BIT_UNIT                      20     5.707     73.432     79.139 
            CLA_4BIT_UNIT_0                  17     4.883     64.404     69.287 
            CLA_4BIT_UNIT_1                   2     0.716      9.020      9.736 
        EXP_COM_8BIT                         24     4.905     60.351     65.256 
          COMP_LESS_UNIT                     24     4.905     60.351     65.256 
            u_high                           13     2.888     17.013     19.901 
            u_low                            10     1.667     12.151     13.818 
        EXP_RND                              15     3.708     11.059     14.767 
        EXP_SWAP                             13     3.440     24.037     27.476 
        MAN_ALU_PROC_RND                      7     2.344     13.210     15.554 
        SIGN_UNIT                             1     0.242      2.091      2.333 
  BFU4_17                                  9017  2040.479   5249.784   7290.263 
    BFU2_UNIT1                             4508  1021.641   2118.150   3139.792 
      DATA_A_IM                            1128   260.226    531.782    792.008 
        MAN_ALU                             217    55.955     99.153    155.108 
          ALU_SUB_UNIT                      120    31.194     20.171     51.365 
            CLA_BLOCK_..CLA_4BIT_UNIT        18     5.443     19.869     25.312 
            CLA_BLOCK_..CLA_4BIT_UNIT        18     4.864      0.204      5.069 
            CLA_BLOCK_..CLA_4BIT_UNIT        18     4.624      0.000      4.624 
            CLA_BLOCK_..CLA_4BIT_UNIT        18     4.624      0.000      4.624 
            CLA_BLOCK_..CLA_4BIT_UNIT        18     4.624      0.000      4.624 
            CLA_BLOCK_..CLA_4BIT_UNIT        15     4.439      0.000      4.439 
        NOR_UNIT                            207    39.221     74.231    113.453 
          SHF_left_unit                     142    25.360     17.032     42.392 
        SHF_RIGHT_MAN                       137    24.010     24.389     48.399 
        PSC_UNIT                             86    23.013     44.315     67.328 
        MAN_COMP_24BIT                       80    18.290     45.263     63.553 
          u_i_data_1                         13     3.120      0.000      3.120 
          u_i_data_2                         13     3.120      0.000      3.120 
          u_i_data_3                         13     3.120      0.000      3.120 
          u_i_data_4                         13     3.120      0.000      3.120 
          u_i_data_5                         12     2.418      2.205      4.623 
          u_i_data_0                         10     1.765      9.478     11.243 
        LOPD_24BIT                           58    11.988     45.046     57.034 
          LOPD_16bit_UNIT_MSB                34     7.004     10.307     17.310 
            LOPD_8bit_unit_0                 14     3.218      0.000      3.218 
            LOPD_8bit_unit_1                 14     2.934      4.329      7.263 
          LOPD_8bit_UNIT_LSB                 14     3.089     21.172     24.261 
        MAN_SWAP                             48    11.516     31.709     43.225 
        MAN_RND                              26    10.941      2.488     13.429 
        MAN_SWAP_PRE                         46    10.169      8.222     18.390 
        EXP_ADJUST                           37     9.447     36.709     46.156 
          CLA_8BIT_UNIT                      30     8.074     25.374     33.449 
            CLA_4BIT_UNIT_0                  18     4.406      9.245     13.650 
            CLA_4BIT_UNIT_1                  11     3.501     16.118     19.619 
        EXP_SUB                              25     6.351      0.000      6.351 
          CLA_8BIT_UNIT                      20     5.761      0.000      5.761 
            CLA_4BIT_UNIT_0                  17     5.055      0.000      5.055 
            CLA_4BIT_UNIT_1                   2     0.625      0.000      0.625 
        EXP_COM_8BIT                         24     5.239      0.000      5.239 
          COMP_LESS_UNIT                     24     5.239      0.000      5.239 
            u_high                           13     3.162      0.000      3.162 
            u_low                            10     1.688      0.000      1.688 
        EXP_RND                              15     3.441     13.946     17.387 
        EXP_SWAP                             13     3.003      0.000      3.003 
        MAN_ALU_PROC_RND                      7     2.410      0.000      2.410 
        SIGN_UNIT                             1     0.233      0.531      0.764 
      DATA_B_IM                            1126   255.273    380.803    636.076 
        MAN_ALU                             215    52.006     84.561    136.566 
          ALU_SUB_UNIT                      120    26.036     10.258     36.294 
            CLA_BLOCK_..CLA_4BIT_UNIT        18     4.329      5.487      9.817 
            CLA_BLOCK_..CLA_4BIT_UNIT        18     3.949      4.771      8.720 
            CLA_BLOCK_..CLA_4BIT_UNIT        18     3.882      0.000      3.882 
            CLA_BLOCK_..CLA_4BIT_UNIT        18     3.882      0.000      3.882 
            CLA_BLOCK_..CLA_4BIT_UNIT        18     3.882      0.000      3.882 
            CLA_BLOCK_..CLA_4BIT_UNIT        15     3.453      0.000      3.453 
        NOR_UNIT                            207    39.066     17.804     56.869 
          SHF_left_unit                     142    25.381     12.089     37.469 
        SHF_RIGHT_MAN                       134    23.697     24.694     48.391 
        PSC_UNIT                             88    23.222     36.419     59.641 
        MAN_COMP_24BIT                       80    18.290     45.276     63.567 
          u_i_data_1                         13     3.120      0.000      3.120 
          u_i_data_2                         13     3.120      0.000      3.120 
          u_i_data_3                         13     3.120      0.000      3.120 
          u_i_data_4                         13     3.120      0.000      3.120 
          u_i_data_5                         12     2.418      2.205      4.623 
          u_i_data_0                         10     1.765      9.491     11.256 
        LOPD_24BIT                           58    11.827     21.769     33.596 
          LOPD_16bit_UNIT_MSB                34     6.675      0.000      6.675 
            LOPD_8bit_unit_0                 14     3.218      0.000      3.218 
            LOPD_8bit_unit_1                 14     2.652      0.000      2.652 
          LOPD_8bit_UNIT_LSB                 14     3.089     21.172     24.261 
        MAN_SWAP                             48    11.575     31.717     43.292 
        MAN_RND                              26    10.940      2.486     13.425 
        MAN_SWAP_PRE                         46    10.169      8.222     18.390 
        EXP_ADJUST                           37     9.043      0.000      9.043 
          CLA_8BIT_UNIT                      30     7.852      0.000      7.852 
            CLA_4BIT_UNIT_0                  18     4.211      0.000      4.211 
            CLA_4BIT_UNIT_1                  11     3.487      0.000      3.487 
        EXP_SUB                              25     6.351      0.000      6.351 
          CLA_8BIT_UNIT                      20     5.761      0.000      5.761 
            CLA_4BIT_UNIT_0                  17     5.055      0.000      5.055 
            CLA_4BIT_UNIT_1                   2     0.625      0.000      0.625 
        EXP_COM_8BIT                         24     5.291      0.000      5.291 
          COMP_LESS_UNIT                     24     5.291      0.000      5.291 
            u_high                           13     3.162      0.000      3.162 
            u_low                            10     1.740      0.000      1.740 
        EXP_RND                              15     3.256      0.000      3.256 
        EXP_SWAP                             13     3.003      0.000      3.003 
        MAN_ALU_PROC_RND                      7     2.410      0.000      2.410 
        SIGN_UNIT                             2     0.294      2.804      3.098 
      DATA_A_RE                            1128   254.683    695.331    950.014 
        MAN_ALU                             217    55.915     98.675    154.591 
          ALU_SUB_UNIT                      120    31.194     20.171     51.365 
            CLA_BLOCK_..CLA_4BIT_UNIT        18     5.443     19.869     25.312 
            CLA_BLOCK_..CLA_4BIT_UNIT        18     4.864      0.204      5.069 
            CLA_BLOCK_..CLA_4BIT_UNIT        18     4.624      0.000      4.624 
            CLA_BLOCK_..CLA_4BIT_UNIT        18     4.624      0.000      4.624 
            CLA_BLOCK_..CLA_4BIT_UNIT        18     4.624      0.000      4.624 
            CLA_BLOCK_..CLA_4BIT_UNIT        15     4.439      0.000      4.439 
        NOR_UNIT                            207    37.866    127.923    165.789 
          SHF_left_unit                     142    24.050     77.354    101.405 
        SHF_RIGHT_MAN                       137    23.807      9.278     33.085 
        PSC_UNIT                             86    21.983     87.798    109.781 
        MAN_COMP_24BIT                       80    18.219      2.245     20.464 
          u_i_data_1                         13     3.120      0.000      3.120 
          u_i_data_2                         13     3.120      0.000      3.120 
          u_i_data_3                         13     3.120      0.000      3.120 
          u_i_data_4                         13     3.120      0.000      3.120 
          u_i_data_5                         12     2.418      2.205      4.623 
          u_i_data_0                         10     1.714      0.040      1.754 
        LOPD_24BIT                           58    11.988     45.046     57.034 
          LOPD_16bit_UNIT_MSB                34     7.004     10.307     17.310 
            LOPD_8bit_unit_0                 14     3.218      0.000      3.218 
            LOPD_8bit_unit_1                 14     2.934      4.329      7.263 
          LOPD_8bit_UNIT_LSB                 14     3.089     21.172     24.261 
        MAN_SWAP                             48    11.093      9.129     20.222 
        MAN_RND                              26    10.860      0.000     10.860 
        MAN_SWAP_PRE                         46    10.169      8.434     18.603 
        EXP_ADJUST                           37     9.761     58.944     68.706 
          CLA_8BIT_UNIT                      30     8.388     47.609     55.998 
            CLA_4BIT_UNIT_0                  18     4.698     26.184     30.882 
            CLA_4BIT_UNIT_1                  11     3.537     19.558     23.096 
        EXP_SUB                              25     6.474     14.087     20.561 
          CLA_8BIT_UNIT                      20     5.852      7.373     13.225 
            CLA_4BIT_UNIT_0                  17     5.083      7.373     12.457 
            CLA_4BIT_UNIT_1                   2     0.687      0.000      0.687 
        EXP_COM_8BIT                         24     5.213     13.384     18.598 
          COMP_LESS_UNIT                     24     5.213     13.384     18.598 
            u_high                           13     3.137      7.484     10.621 
            u_low                            10     1.686      5.901      7.587 
        EXP_RND                              15     3.397     11.542     14.939 
        EXP_SWAP                             13     3.272     37.390     40.662 
        MAN_ALU_PROC_RND                      7     2.410      0.000      2.410 
        SIGN_UNIT                             1     0.255      0.000      0.255 
      DATA_B_RE                            1126   251.459    510.235    761.694 
        MAN_ALU                             215    51.859     84.083    135.942 
          ALU_SUB_UNIT                      120    26.036     10.258     36.294 
            CLA_BLOCK_..CLA_4BIT_UNIT        18     4.329      5.487      9.817 
            CLA_BLOCK_..CLA_4BIT_UNIT        18     3.949      4.771      8.720 
            CLA_BLOCK_..CLA_4BIT_UNIT        18     3.882      0.000      3.882 
            CLA_BLOCK_..CLA_4BIT_UNIT        18     3.882      0.000      3.882 
            CLA_BLOCK_..CLA_4BIT_UNIT        18     3.882      0.000      3.882 
            CLA_BLOCK_..CLA_4BIT_UNIT        15     3.453      0.000      3.453 
        NOR_UNIT                            207    39.188     53.818     93.006 
          SHF_left_unit                     142    25.381     12.089     37.469 
        SHF_RIGHT_MAN                       134    23.465      9.279     32.744 
        PSC_UNIT                             88    22.147     76.798     98.945 
        MAN_COMP_24BIT                       80    18.219      2.245     20.464 
          u_i_data_1                         13     3.120      0.000      3.120 
          u_i_data_2                         13     3.120      0.000      3.120 
          u_i_data_3                         13     3.120      0.000      3.120 
          u_i_data_4                         13     3.120      0.000      3.120 
          u_i_data_5                         12     2.418      2.205      4.623 
          u_i_data_0                         10     1.714      0.040      1.754 
        LOPD_24BIT                           58    11.827     21.769     33.596 
          LOPD_16bit_UNIT_MSB                34     6.675      0.000      6.675 
            LOPD_8bit_unit_0                 14     3.218      0.000      3.218 
            LOPD_8bit_unit_1                 14     2.652      0.000      2.652 
          LOPD_8bit_UNIT_LSB                 14     3.089     21.172     24.261 
        MAN_SWAP                             48    11.152      9.129     20.280 
        MAN_RND                              26    10.774      3.866     14.641 
        MAN_SWAP_PRE                         46    10.169      8.434     18.603 
        EXP_ADJUST                           37     9.507     54.932     64.438 
          CLA_8BIT_UNIT                      30     8.403     51.939     60.342 
            CLA_4BIT_UNIT_0                  18     4.609     30.112     34.721 
            CLA_4BIT_UNIT_1                  11     3.647     19.972     23.618 
        EXP_SUB                              25     6.474     14.087     20.561 
          CLA_8BIT_UNIT                      20     5.852      7.373     13.225 
            CLA_4BIT_UNIT_0                  17     5.083      7.373     12.457 
            CLA_4BIT_UNIT_1                   2     0.687      0.000      0.687 
        EXP_COM_8BIT                         24     5.277     13.921     19.198 
          COMP_LESS_UNIT                     24     5.277     13.921     19.198 
            u_high                           13     3.137      7.484     10.621 
            u_low                            10     1.750      6.437      8.188 
        EXP_SWAP                             13     3.272     37.390     40.662 
        EXP_RND                              15     3.256      0.000      3.256 
        MAN_ALU_PROC_RND                      7     2.410      0.000      2.410 
        SIGN_UNIT                             2     0.262      0.000      0.262 
    BFU2_UNIT0                             4508  1018.714   3128.307   4147.020 
      DATA_B_RE                            1126   257.244    639.590    896.834 
        MAN_ALU                             215    54.226    353.239    407.465 
          ALU_SUB_UNIT                      120    28.463    201.564    230.026 
            CLA_BLOCK_..CLA_4BIT_UNIT        18     4.867     28.056     32.923 
            CLA_BLOCK_..CLA_4BIT_UNIT        18     4.279     26.551     30.830 
            CLA_BLOCK_..CLA_4BIT_UNIT        18     4.201     27.924     32.125 
            CLA_BLOCK_..CLA_4BIT_UNIT        18     4.201     28.344     32.546 
            CLA_BLOCK_..CLA_4BIT_UNIT        18     4.201     28.344     32.546 
            CLA_BLOCK_..CLA_4BIT_UNIT        15     3.889     27.887     31.776 
        NOR_UNIT                            207    38.250     34.215     72.465 
          SHF_left_unit                     142    25.099      4.944     30.042 
        PSC_UNIT                             88    23.870     35.784     59.654 
        SHF_RIGHT_MAN                       134    23.697     24.694     48.391 
        MAN_COMP_24BIT                       80    18.257      3.384     21.641 
          u_i_data_1                         13     3.120      0.000      3.120 
          u_i_data_2                         13     3.120      0.000      3.120 
          u_i_data_3                         13     3.120      0.000      3.120 
          u_i_data_4                         13     3.120      0.000      3.120 
          u_i_data_5                         12     2.418      2.205      4.623 
          u_i_data_0                         10     1.752      1.179      2.931 
        LOPD_24BIT                           58    11.797     25.096     36.894 
          LOPD_16bit_UNIT_MSB                34     7.004     10.308     17.311 
            LOPD_8bit_unit_0                 14     3.218      0.000      3.218 
            LOPD_8bit_unit_1                 14     2.934      4.329      7.264 
          LOPD_8bit_UNIT_LSB                 14     3.057      0.000      3.057 
        MAN_SWAP                             48    11.151     11.636     22.787 
        MAN_RND                              26    10.861      0.003     10.864 
        MAN_SWAP_PRE                         46    10.168     10.737     20.905 
        EXP_ADJUST                           37     9.270     28.163     37.433 
          CLA_8BIT_UNIT                      30     7.937     19.714     27.651 
            CLA_4BIT_UNIT_0                  18     4.269      3.584      7.853 
            CLA_4BIT_UNIT_1                  11     3.501     16.118     19.619 
        EXP_SUB                              25     6.351      0.000      6.351 
          CLA_8BIT_UNIT                      20     5.761      0.000      5.761 
            CLA_4BIT_UNIT_0                  17     5.055      0.000      5.055 
            CLA_4BIT_UNIT_1                   2     0.625      0.000      0.625 
        EXP_COM_8BIT                         24     5.291      0.000      5.291 
          COMP_LESS_UNIT                     24     5.291      0.000      5.291 
            u_high                           13     3.162      0.000      3.162 
            u_low                            10     1.740      0.000      1.740 
        EXP_RND                              15     3.400     11.061     14.460 
        EXP_SWAP                             13     3.003      0.000      3.003 
        MAN_ALU_PROC_RND                      7     2.410      0.000      2.410 
        SIGN_UNIT                             2     0.276      0.006      0.282 
      DATA_A_RE                            1128   256.353    579.206    835.559 
        MAN_ALU                             217    53.588    357.207    410.795 
          ALU_SUB_UNIT                      120    28.634    204.116    232.750 
            CLA_BLOCK_..CLA_4BIT_UNIT        18     4.940     31.801     36.741 
            CLA_BLOCK_..CLA_4BIT_UNIT        18     4.370     25.359     29.729 
            CLA_BLOCK_..CLA_4BIT_UNIT        18     4.203     27.924     32.127 
            CLA_BLOCK_..CLA_4BIT_UNIT        18     4.203     28.344     32.547 
            CLA_BLOCK_..CLA_4BIT_UNIT        18     4.203     28.344     32.547 
            CLA_BLOCK_..CLA_4BIT_UNIT        15     3.891     27.887     31.778 
        NOR_UNIT                            207    39.105     16.202     55.307 
          SHF_left_unit                     142    25.421     10.699     36.120 
        SHF_RIGHT_MAN                       137    24.010     24.389     48.399 
        PSC_UNIT                             86    23.221     35.881     59.101 
        MAN_COMP_24BIT                       80    18.257      3.372     21.629 
          u_i_data_1                         13     3.120      0.000      3.120 
          u_i_data_2                         13     3.120      0.000      3.120 
          u_i_data_3                         13     3.120      0.000      3.120 
          u_i_data_4                         13     3.120      0.000      3.120 
          u_i_data_5                         12     2.418      2.205      4.623 
          u_i_data_0                         10     1.752      1.167      2.919 
        LOPD_24BIT                           58    11.681     13.035     24.716 
          LOPD_16bit_UNIT_MSB                34     6.675      0.000      6.675 
            LOPD_8bit_unit_0                 14     3.218      0.000      3.218 
            LOPD_8bit_unit_1                 14     2.652      0.000      2.652 
          LOPD_8bit_UNIT_LSB                 14     2.974     12.635     15.610 
        MAN_SWAP                             48    11.093     11.622     22.715 
        MAN_RND                              26    10.889      2.677     13.566 
        MAN_SWAP_PRE                         46    10.168     10.737     20.905 
        EXP_ADJUST                           37     9.043      0.000      9.043 
          CLA_8BIT_UNIT                      30     7.852      0.000      7.852 
            CLA_4BIT_UNIT_0                  18     4.211      0.000      4.211 
            CLA_4BIT_UNIT_1                  11     3.487      0.000      3.487 
        EXP_SUB                              25     6.351      0.000      6.351 
          CLA_8BIT_UNIT                      20     5.761      0.000      5.761 
            CLA_4BIT_UNIT_0                  17     5.055      0.000      5.055 
            CLA_4BIT_UNIT_1                   2     0.625      0.000      0.625 
        EXP_COM_8BIT                         24     5.239      0.000      5.239 
          COMP_LESS_UNIT                     24     5.239      0.000      5.239 
            u_high                           13     3.162      0.000      3.162 
            u_low                            10     1.688      0.000      1.688 
        EXP_RND                              15     3.256      0.000      3.256 
        EXP_SWAP                             13     3.003      0.000      3.003 
        MAN_ALU_PROC_RND                      7     2.410      0.000      2.410 
        SIGN_UNIT                             1     0.229      0.006      0.235 
      DATA_B_IM                            1126   253.061    966.365   1219.426 
        MAN_ALU                             215    55.154    335.532    390.686 
          ALU_SUB_UNIT                      120    28.840    200.576    229.416 
            CLA_BLOCK_..CLA_4BIT_UNIT        18     4.921     27.873     32.794 
            CLA_BLOCK_..CLA_4BIT_UNIT        18     4.551     23.380     27.931 
            CLA_BLOCK_..CLA_4BIT_UNIT        18     4.203     27.924     32.127 
            CLA_BLOCK_..CLA_4BIT_UNIT        18     4.203     28.344     32.547 
            CLA_BLOCK_..CLA_4BIT_UNIT        18     4.203     28.344     32.547 
            CLA_BLOCK_..CLA_4BIT_UNIT        15     3.891     27.887     31.778 
        NOR_UNIT                            207    38.887      8.777     47.664 
          SHF_left_unit                     142    25.173      5.094     30.267 
        SHF_RIGHT_MAN                       134    22.170     89.407    111.578 
        PSC_UNIT                             88    21.795    101.737    123.532 
        MAN_COMP_24BIT                       80    17.917      5.835     23.752 
          u_i_data_1                         13     3.120      0.000      3.120 
          u_i_data_2                         13     3.120      0.000      3.120 
          u_i_data_3                         13     3.120      0.000      3.120 
          u_i_data_4                         13     3.120      0.000      3.120 
          u_i_data_5                         12     2.086      5.820      7.906 
          u_i_data_0                         10     1.758      0.000      1.758 
        LOPD_24BIT                           58    11.727      0.747     12.474 
          LOPD_16bit_UNIT_MSB                34     6.671      0.747      7.417 
            LOPD_8bit_unit_0                 14     3.218      0.000      3.218 
            LOPD_8bit_unit_1                 14     2.648      0.747      3.394 
          LOPD_8bit_UNIT_LSB                 14     3.057      0.000      3.057 
        MAN_SWAP                             48    11.144      5.934     17.078 
        MAN_RND                              26    10.887      2.398     13.285 
        MAN_SWAP_PRE                         46    10.561     28.168     38.729 
        EXP_ADJUST                           37     9.576     50.394     59.970 
          CLA_8BIT_UNIT                      30     8.385     50.394     58.779 
            CLA_4BIT_UNIT_0                  18     4.634     28.637     33.271 
            CLA_4BIT_UNIT_1                  11     3.586     21.723     25.308 
        EXP_SUB                              25     6.129     79.215     85.345 
          CLA_8BIT_UNIT                      20     5.540     79.215     84.755 
            CLA_4BIT_UNIT_0                  17     4.776     69.327     74.103 
            CLA_4BIT_UNIT_1                   2     0.656      9.879     10.535 
        EXP_COM_8BIT                         24     4.712     66.537     71.249 
          COMP_LESS_UNIT                     24     4.712     66.537     71.249 
            u_high                           13     2.762     23.554     26.316 
            u_low                            10     1.600     11.790     13.391 
        EXP_RND                              15     3.566     22.594     26.160 
        EXP_SWAP                             13     3.389     33.401     36.790 
        MAN_ALU_PROC_RND                      7     2.410      0.000      2.410 
        SIGN_UNIT                             2     0.290      2.863      3.152 
      DATA_A_IM                            1128   252.056    943.146   1195.202 
        MAN_ALU                             217    54.018    322.140    376.157 
          ALU_SUB_UNIT                      120    28.445    191.587    220.032 
            CLA_BLOCK_..CLA_4BIT_UNIT        18     4.917     27.772     32.690 
            CLA_BLOCK_..CLA_4BIT_UNIT        18     4.240     18.686     22.926 
            CLA_BLOCK_..CLA_4BIT_UNIT        18     4.201     27.924     32.125 
            CLA_BLOCK_..CLA_4BIT_UNIT        18     4.201     28.344     32.546 
            CLA_BLOCK_..CLA_4BIT_UNIT        18     4.201     28.344     32.546 
            CLA_BLOCK_..CLA_4BIT_UNIT        15     3.889     27.887     31.776 
        NOR_UNIT                            207    38.887      8.777     47.664 
          SHF_left_unit                     142    25.173      5.094     30.267 
        SHF_RIGHT_MAN                       137    22.505     89.322    111.827 
        PSC_UNIT                             86    21.735     93.711    115.446 
        MAN_COMP_24BIT                       80    17.917      5.835     23.752 
          u_i_data_1                         13     3.120      0.000      3.120 
          u_i_data_2                         13     3.120      0.000      3.120 
          u_i_data_3                         13     3.120      0.000      3.120 
          u_i_data_4                         13     3.120      0.000      3.120 
          u_i_data_5                         12     2.086      5.819      7.906 
          u_i_data_0                         10     1.758      0.000      1.758 
        LOPD_24BIT                           58    11.727      0.747     12.474 
          LOPD_16bit_UNIT_MSB                34     6.671      0.747      7.417 
            LOPD_8bit_unit_0                 14     3.218      0.000      3.218 
            LOPD_8bit_unit_1                 14     2.648      0.747      3.394 
          LOPD_8bit_UNIT_LSB                 14     3.057      0.000      3.057 
        MAN_SWAP                             48    11.085      5.723     16.808 
        MAN_RND                              26    10.887      2.398     13.285 
        MAN_SWAP_PRE                         46    10.561     28.168     38.729 
        EXP_ADJUST                           37     9.576     50.394     59.970 
          CLA_8BIT_UNIT                      30     8.385     50.394     58.779 
            CLA_4BIT_UNIT_0                  18     4.634     28.637     33.271 
            CLA_4BIT_UNIT_1                  11     3.586     21.723     25.308 
        EXP_SUB                              25     6.129     79.847     85.976 
          CLA_8BIT_UNIT                      20     5.540     79.847     85.386 
            CLA_4BIT_UNIT_0                  17     4.776     70.486     75.262 
            CLA_4BIT_UNIT_1                   2     0.656      9.352     10.008 
        EXP_COM_8BIT                         24     4.684     66.746     71.430 
          COMP_LESS_UNIT                     24     4.684     66.746     71.430 
            u_high                           13     2.762     23.554     26.316 
            u_low                            10     1.572     11.999     13.572 
        EXP_RND                              15     3.566     22.594     26.160 
        EXP_SWAP                             13     3.389     33.401     36.790 
        MAN_ALU_PROC_RND                      7     2.410      0.000      2.410 
        SIGN_UNIT                             1     0.233      0.525      0.758 
  BFU4_06                                  9017  2021.838   5984.028   8005.866 
    BFU2_UNIT1                             4508  1014.559   2528.518   3543.077 
      DATA_B_RE                            1126   256.642    788.476   1045.118 
        MAN_ALU                             215    56.438    186.009    242.447 
          ALU_SUB_UNIT                      120    31.072     76.127    107.200 
            CLA_BLOCK_..CLA_4BIT_UNIT        18     5.672      0.000      5.672 
            CLA_BLOCK_..CLA_4BIT_UNIT        18     4.624      0.000      4.624 
            CLA_BLOCK_..CLA_4BIT_UNIT        18     4.624      0.000      4.624 
            CLA_BLOCK_..CLA_4BIT_UNIT        18     4.600     23.086     27.686 
            CLA_BLOCK_..CLA_4BIT_UNIT        15     4.482     18.508     22.990 
            CLA_BLOCK_..CLA_4BIT_UNIT        18     4.361     17.593     21.954 
        NOR_UNIT                            207    39.488    106.424    145.912 
          SHF_left_unit                     142    25.770     71.597     97.367 
        SHF_RIGHT_MAN                       134    23.240     46.431     69.671 
        PSC_UNIT                             88    22.201     68.294     90.495 
        MAN_COMP_24BIT                       80    17.616     21.714     39.331 
          u_i_data_1                         13     3.120      0.000      3.120 
          u_i_data_2                         13     3.120      0.000      3.120 
          u_i_data_4                         13     3.120      0.000      3.120 
          u_i_data_3                         13     2.896     12.616     15.512 
          u_i_data_5                         12     2.086      5.820      7.906 
          u_i_data_0                         10     1.758      0.000      1.758 
        MAN_SWAP                             48    11.225     11.653     22.878 
        LOPD_24BIT                           58    11.132     18.584     29.716 
          LOPD_16bit_UNIT_MSB                34     6.076     18.584     24.659 
            LOPD_8bit_unit_0                 14     3.009      7.260     10.269 
            LOPD_8bit_unit_1                 14     2.214     11.292     13.506 
          LOPD_8bit_UNIT_LSB                 14     3.057      0.000      3.057 
        MAN_RND                              26    11.065     18.739     29.805 
        MAN_SWAP_PRE                         46    10.561     28.168     38.729 
        EXP_ADJUST                           37     9.234     23.595     32.829 
          CLA_8BIT_UNIT                      30     8.043     23.595     31.638 
            CLA_4BIT_UNIT_0                  18     4.301      6.139     10.440 
            CLA_4BIT_UNIT_1                  11     3.589     17.456     21.044 
        EXP_SUB                              25     6.207     16.788     22.995 
          CLA_8BIT_UNIT                      20     5.618     16.788     22.405 
            CLA_4BIT_UNIT_0                  17     4.885     16.779     21.664 
            CLA_4BIT_UNIT_1                   2     0.625      0.000      0.625 
        EXP_COM_8BIT                         24     4.831     54.671     59.502 
          COMP_LESS_UNIT                     24     4.831     54.671     59.502 
            u_high                           13     2.790     20.537     23.327 
            u_low                            10     1.692      2.940      4.632 
        EXP_RND                              15     3.397     11.542     14.939 
        EXP_SWAP                             13     3.228     19.670     22.898 
        MAN_ALU_PROC_RND                      7     2.410      0.000      2.410 
        SIGN_UNIT                             2     0.294      1.321      1.615 
      DATA_A_IM                            1128   254.253    596.853    851.106 
        MAN_ALU                             217    55.928     76.580    132.508 
          ALU_SUB_UNIT                      120    31.324      0.204     31.528 
            CLA_BLOCK_..CLA_4BIT_UNIT        18     5.632      0.000      5.632 
            CLA_BLOCK_..CLA_4BIT_UNIT        18     4.864      0.204      5.069 
            CLA_BLOCK_..CLA_4BIT_UNIT        18     4.624      0.000      4.624 
            CLA_BLOCK_..CLA_4BIT_UNIT        18     4.624      0.000      4.624 
            CLA_BLOCK_..CLA_4BIT_UNIT        18     4.624      0.000      4.624 
            CLA_BLOCK_..CLA_4BIT_UNIT        15     4.439      0.000      4.439 
        NOR_UNIT                            207    36.657     97.325    133.982 
          SHF_left_unit                     142    23.506     68.054     91.561 
        SHF_RIGHT_MAN                       137    24.010     24.389     48.399 
        PSC_UNIT                             86    22.115     73.749     95.864 
        MAN_COMP_24BIT                       80    18.257      3.372     21.629 
          u_i_data_1                         13     3.120      0.000      3.120 
          u_i_data_2                         13     3.120      0.000      3.120 
          u_i_data_3                         13     3.120      0.000      3.120 
          u_i_data_4                         13     3.120      0.000      3.120 
          u_i_data_5                         12     2.418      2.205      4.623 
          u_i_data_0                         10     1.752      1.167      2.919 
        LOPD_24BIT                           58    11.797     25.096     36.893 
          LOPD_16bit_UNIT_MSB                34     7.004     10.307     17.310 
            LOPD_8bit_unit_0                 14     3.218      0.000      3.218 
            LOPD_8bit_unit_1                 14     2.934      4.329      7.263 
          LOPD_8bit_UNIT_LSB                 14     3.057      0.000      3.057 
        MAN_SWAP                             48    11.093     11.622     22.715 
        MAN_RND                              26    10.861      0.003     10.864 
        MAN_SWAP_PRE                         46    10.168     10.737     20.905 
        EXP_ADJUST                           37     9.743     58.163     67.907 
          CLA_8BIT_UNIT                      30     8.411     49.715     58.126 
            CLA_4BIT_UNIT_0                  18     4.723     28.134     32.857 
            CLA_4BIT_UNIT_1                  11     3.537     19.558     23.096 
        EXP_SUB                              25     6.474     14.087     20.561 
          CLA_8BIT_UNIT                      20     5.852      7.373     13.225 
            CLA_4BIT_UNIT_0                  17     5.083      7.373     12.457 
            CLA_4BIT_UNIT_1                   2     0.687      0.000      0.687 
        EXP_COM_8BIT                         24     5.213     13.384     18.598 
          COMP_LESS_UNIT                     24     5.213     13.384     18.598 
            u_high                           13     3.137      7.484     10.621 
            u_low                            10     1.686      5.901      7.587 
        EXP_RND                              15     3.355      8.656     12.012 
        EXP_SWAP                             13     3.272     37.390     40.662 
        MAN_ALU_PROC_RND                      7     2.410      0.000      2.410 
        SIGN_UNIT                             1     0.232      0.000      0.232 
      DATA_B_IM                            1126   251.915    520.800    772.715 
        MAN_ALU                             215    51.813     89.894    141.707 
          ALU_SUB_UNIT                      120    26.013     12.559     38.572 
            CLA_BLOCK_..CLA_4BIT_UNIT        18     4.307      7.788     12.095 
            CLA_BLOCK_..CLA_4BIT_UNIT        18     3.949      4.771      8.720 
            CLA_BLOCK_..CLA_4BIT_UNIT        18     3.882      0.000      3.882 
            CLA_BLOCK_..CLA_4BIT_UNIT        18     3.882      0.000      3.882 
            CLA_BLOCK_..CLA_4BIT_UNIT        18     3.882      0.000      3.882 
            CLA_BLOCK_..CLA_4BIT_UNIT        15     3.453      0.000      3.453 
        NOR_UNIT                            207    39.220     52.636     91.856 
          SHF_left_unit                     142    25.421     10.699     36.119 
        SHF_RIGHT_MAN                       134    23.697     24.694     48.391 
        PSC_UNIT                             88    22.321     67.708     90.029 
        MAN_COMP_24BIT                       80    18.257      3.384     21.641 
          u_i_data_1                         13     3.120      0.000      3.120 
          u_i_data_2                         13     3.120      0.000      3.120 
          u_i_data_3                         13     3.120      0.000      3.120 
          u_i_data_4                         13     3.120      0.000      3.120 
          u_i_data_5                         12     2.418      2.205      4.623 
          u_i_data_0                         10     1.752      1.179      2.931 
        LOPD_24BIT                           58    11.681     13.034     24.715 
          LOPD_16bit_UNIT_MSB                34     6.675      0.000      6.675 
            LOPD_8bit_unit_0                 14     3.218      0.000      3.218 
            LOPD_8bit_unit_1                 14     2.652      0.000      2.652 
          LOPD_8bit_UNIT_LSB                 14     2.974     12.635     15.609 
        MAN_SWAP                             48    11.151     11.636     22.787 
        MAN_RND                              26    10.966      4.883     15.850 
        MAN_SWAP_PRE                         46    10.168     10.737     20.905 
        EXP_ADJUST                           37     9.507     54.932     64.438 
          CLA_8BIT_UNIT                      30     8.403     51.939     60.342 
            CLA_4BIT_UNIT_0                  18     4.609     30.112     34.721 
            CLA_4BIT_UNIT_1                  11     3.647     19.972     23.618 
        EXP_SUB                              25     6.474     14.087     20.561 
          CLA_8BIT_UNIT                      20     5.852      7.373     13.225 
            CLA_4BIT_UNIT_0                  17     5.083      7.373     12.457 
            CLA_4BIT_UNIT_1                   2     0.687      0.000      0.687 
        EXP_COM_8BIT                         24     5.277     13.921     19.198 
          COMP_LESS_UNIT                     24     5.277     13.921     19.198 
            u_high                           13     3.137      7.484     10.621 
            u_low                            10     1.750      6.437      8.188 
        EXP_SWAP                             13     3.272     37.390     40.662 
        EXP_RND                              15     3.256      0.000      3.256 
        MAN_ALU_PROC_RND                      7     2.410      0.000      2.410 
        SIGN_UNIT                             2     0.267      0.000      0.267 
      DATA_A_RE                            1128   251.749    622.388    874.137 
        MAN_ALU                             217    51.481    119.314    170.795 
          ALU_SUB_UNIT                      120    26.213     28.754     54.967 
            CLA_BLOCK_..CLA_4BIT_UNIT        18     4.211      0.000      4.211 
            CLA_BLOCK_..CLA_4BIT_UNIT        18     4.051     11.128     15.180 
            CLA_BLOCK_..CLA_4BIT_UNIT        18     4.009     14.689     18.698 
            CLA_BLOCK_..CLA_4BIT_UNIT        18     3.882      0.000      3.882 
            CLA_BLOCK_..CLA_4BIT_UNIT        18     3.882      0.000      3.882 
            CLA_BLOCK_..CLA_4BIT_UNIT        15     3.453      0.000      3.453 
        NOR_UNIT                            207    39.310     46.244     85.554 
          SHF_left_unit                     142    25.570     33.396     58.966 
        SHF_RIGHT_MAN                       137    23.564     46.843     70.407 
        PSC_UNIT                             86    22.030     63.729     85.759 
        MAN_COMP_24BIT                       80    17.616     21.714     39.330 
          u_i_data_1                         13     3.120      0.000      3.120 
          u_i_data_2                         13     3.120      0.000      3.120 
          u_i_data_4                         13     3.120      0.000      3.120 
          u_i_data_3                         13     2.896     12.616     15.512 
          u_i_data_5                         12     2.086      5.819      7.906 
          u_i_data_0                         10     1.758      0.000      1.758 
        LOPD_24BIT                           58    11.479      5.995     17.475 
          LOPD_16bit_UNIT_MSB                34     6.423      5.995     12.418 
            LOPD_8bit_unit_0                 14     2.936      5.228      8.164 
            LOPD_8bit_unit_1                 14     2.648      0.747      3.394 
          LOPD_8bit_UNIT_LSB                 14     3.057      0.000      3.057 
        MAN_SWAP                             48    11.167     11.442     22.609 
        MAN_RND                              26    10.946      7.752     18.697 
        MAN_SWAP_PRE                         46    10.561     28.168     38.729 
        EXP_ADJUST                           37     9.234     23.595     32.829 
          CLA_8BIT_UNIT                      30     8.043     23.595     31.638 
            CLA_4BIT_UNIT_0                  18     4.301      6.139     10.440 
            CLA_4BIT_UNIT_1                  11     3.589     17.456     21.044 
        EXP_SUB                              25     6.207     16.260     22.468 
          CLA_8BIT_UNIT                      20     5.618     16.260     21.878 
            CLA_4BIT_UNIT_0                  17     4.885     16.251     21.136 
            CLA_4BIT_UNIT_1                   2     0.625      0.000      0.625 
        EXP_COM_8BIT                         24     4.803     54.879     59.682 
          COMP_LESS_UNIT                     24     4.803     54.879     59.682 
            u_high                           13     2.790     20.537     23.327 
            u_low                            10     1.664      3.148      4.812 
        EXP_RND                              15     3.397     11.542     14.939 
        EXP_SWAP                             13     3.228     19.670     22.898 
        MAN_ALU_PROC_RND                      7     2.410      0.000      2.410 
        SIGN_UNIT                             1     0.233      2.543      2.776 
    BFU2_UNIT0                             4508  1007.161   3455.510   4462.672 
      DATA_B_RE                            1126   253.295   1024.923   1278.218 
        MAN_ALU                             215    55.194    340.952    396.146 
          ALU_SUB_UNIT                      120    28.977    199.415    228.392 
            CLA_BLOCK_..CLA_4BIT_UNIT        18     5.058     26.712     31.770 
            CLA_BLOCK_..CLA_4BIT_UNIT        18     4.551     23.380     27.931 
            CLA_BLOCK_..CLA_4BIT_UNIT        18     4.203     27.924     32.127 
            CLA_BLOCK_..CLA_4BIT_UNIT        18     4.203     28.344     32.547 
            CLA_BLOCK_..CLA_4BIT_UNIT        18     4.203     28.344     32.547 
            CLA_BLOCK_..CLA_4BIT_UNIT        15     3.891     27.887     31.778 
        NOR_UNIT                            207    39.153     26.581     65.734 
          SHF_left_unit                     142    25.434     17.183     42.617 
        SHF_RIGHT_MAN                       134    22.170     89.407    111.578 
        PSC_UNIT                             88    21.514    106.346    127.861 
        MAN_COMP_24BIT                       80    17.874      5.875     23.749 
          u_i_data_1                         13     3.120      0.000      3.120 
          u_i_data_2                         13     3.120      0.000      3.120 
          u_i_data_3                         13     3.120      0.000      3.120 
          u_i_data_4                         13     3.120      0.000      3.120 
          u_i_data_5                         12     2.086      5.820      7.906 
          u_i_data_0                         10     1.714      0.040      1.754 
        LOPD_24BIT                           58    11.823     22.515     34.338 
          LOPD_16bit_UNIT_MSB                34     6.671      0.747      7.417 
            LOPD_8bit_unit_0                 14     3.218      0.000      3.218 
            LOPD_8bit_unit_1                 14     2.648      0.747      3.394 
          LOPD_8bit_UNIT_LSB                 14     3.089     21.172     24.261 
        MAN_SWAP                             48    11.183      8.453     19.636 
        MAN_RND                              26    10.966      4.883     15.850 
        MAN_SWAP_PRE                         46    10.601     30.701     41.302 
        EXP_ADJUST                           37     9.576     50.394     59.970 
          CLA_8BIT_UNIT                      30     8.385     50.394     58.779 
            CLA_4BIT_UNIT_0                  18     4.634     28.637     33.271 
            CLA_4BIT_UNIT_1                  11     3.586     21.723     25.308 
        EXP_SUB                              25     6.129     79.215     85.345 
          CLA_8BIT_UNIT                      20     5.540     79.215     84.755 
            CLA_4BIT_UNIT_0                  17     4.776     69.327     74.103 
            CLA_4BIT_UNIT_1                   2     0.656      9.879     10.535 
        EXP_COM_8BIT                         24     4.712     66.537     71.249 
          COMP_LESS_UNIT                     24     4.712     66.537     71.249 
            u_high                           13     2.762     23.554     26.316 
            u_low                            10     1.600     11.790     13.391 
        EXP_RND                              15     3.566     22.594     26.160 
        EXP_SWAP                             13     3.389     33.401     36.790 
        MAN_ALU_PROC_RND                      7     2.410      0.000      2.410 
        SIGN_UNIT                             2     0.290      2.863      3.152 
      DATA_A_IM                            1128   252.907    716.955    969.863 
        MAN_ALU                             217    55.576    117.468    173.044 
          ALU_SUB_UNIT                      120    30.941     37.482     68.423 
            CLA_BLOCK_..CLA_4BIT_UNIT        18     5.443     19.869     25.312 
            CLA_BLOCK_..CLA_4BIT_UNIT        18     4.624      0.000      4.624 
            CLA_BLOCK_..CLA_4BIT_UNIT        18     4.624      0.000      4.624 
            CLA_BLOCK_..CLA_4BIT_UNIT        18     4.624      0.000      4.624 
            CLA_BLOCK_..CLA_4BIT_UNIT        18     4.614     15.747     20.361 
            CLA_BLOCK_..CLA_4BIT_UNIT        15     4.439      0.000      4.439 
        NOR_UNIT                            207    39.153     26.581     65.734 
          SHF_left_unit                     142    25.434     17.183     42.617 
        SHF_RIGHT_MAN                       137    22.505     89.322    111.827 
        PSC_UNIT                             86    21.508     87.377    108.885 
        MAN_COMP_24BIT                       80    17.874      5.874     23.749 
          u_i_data_1                         13     3.120      0.000      3.120 
          u_i_data_2                         13     3.120      0.000      3.120 
          u_i_data_3                         13     3.120      0.000      3.120 
          u_i_data_4                         13     3.120      0.000      3.120 
          u_i_data_5                         12     2.086      5.819      7.906 
          u_i_data_0                         10     1.714      0.040      1.754 
        LOPD_24BIT                           58    11.823     22.515     34.338 
          LOPD_16bit_UNIT_MSB                34     6.671      0.747      7.417 
            LOPD_8bit_unit_0                 14     3.218      0.000      3.218 
            LOPD_8bit_unit_1                 14     2.648      0.747      3.394 
          LOPD_8bit_UNIT_LSB                 14     3.089     21.172     24.261 
        MAN_SWAP                             48    11.125      8.242     19.367 
        MAN_RND                              26    10.966      4.883     15.850 
        MAN_SWAP_PRE                         46    10.169      8.434     18.603 
        EXP_ADJUST                           37     9.576     50.394     59.970 
          CLA_8BIT_UNIT                      30     8.385     50.394     58.779 
            CLA_4BIT_UNIT_0                  18     4.634     28.637     33.271 
            CLA_4BIT_UNIT_1                  11     3.586     21.723     25.308 
        EXP_SUB                              25     6.129     79.847     85.976 
          CLA_8BIT_UNIT                      20     5.540     79.847     85.386 
            CLA_4BIT_UNIT_0                  17     4.776     70.486     75.262 
            CLA_4BIT_UNIT_1                   2     0.656      9.352     10.008 
        EXP_COM_8BIT                         24     4.843     23.252     28.095 
          COMP_LESS_UNIT                     24     4.843     23.252     28.095 
            u_high                           13     2.915     17.092     20.006 
            u_low                            10     1.553      6.145      7.697 
        EXP_RND                              15     3.566     22.594     26.160 
        EXP_SWAP                             13     3.293     26.953     30.246 
        MAN_ALU_PROC_RND                      7     2.410      0.000      2.410 
        SIGN_UNIT                             1     0.232      0.000      0.232 
      DATA_A_RE                            1128   252.128   1007.384   1259.512 
        MAN_ALU                             217    53.802    333.224    387.027 
          ALU_SUB_UNIT                      120    28.325    196.092    224.417 
            CLA_BLOCK_..CLA_4BIT_UNIT        18     4.792     32.709     37.501 
            CLA_BLOCK_..CLA_4BIT_UNIT        18     4.240     18.686     22.926 
            CLA_BLOCK_..CLA_4BIT_UNIT        18     4.201     27.924     32.125 
            CLA_BLOCK_..CLA_4BIT_UNIT        18     4.201     28.344     32.546 
            CLA_BLOCK_..CLA_4BIT_UNIT        18     4.201     28.344     32.546 
            CLA_BLOCK_..CLA_4BIT_UNIT        15     3.889     27.887     31.776 
        NOR_UNIT                            207    39.153     26.581     65.734 
          SHF_left_unit                     142    25.434     17.183     42.617 
        SHF_RIGHT_MAN                       137    22.505     89.322    111.827 
        PSC_UNIT                             86    21.547     98.335    119.882 
        MAN_COMP_24BIT                       80    17.874      5.874     23.749 
          u_i_data_1                         13     3.120      0.000      3.120 
          u_i_data_2                         13     3.120      0.000      3.120 
          u_i_data_3                         13     3.120      0.000      3.120 
          u_i_data_4                         13     3.120      0.000      3.120 
          u_i_data_5                         12     2.086      5.819      7.906 
          u_i_data_0                         10     1.714      0.040      1.754 
        LOPD_24BIT                           58    11.823     22.515     34.338 
          LOPD_16bit_UNIT_MSB                34     6.671      0.747      7.417 
            LOPD_8bit_unit_0                 14     3.218      0.000      3.218 
            LOPD_8bit_unit_1                 14     2.648      0.747      3.394 
          LOPD_8bit_UNIT_LSB                 14     3.089     21.172     24.261 
        MAN_SWAP                             48    11.125      8.242     19.367 
        MAN_RND                              26    10.966      4.883     15.850 
        MAN_SWAP_PRE                         46    10.601     30.701     41.302 
        EXP_ADJUST                           37     9.576     50.394     59.970 
          CLA_8BIT_UNIT                      30     8.385     50.394     58.779 
            CLA_4BIT_UNIT_0                  18     4.634     28.637     33.271 
            CLA_4BIT_UNIT_1                  11     3.586     21.723     25.308 
        EXP_SUB                              25     6.129     79.847     85.976 
          CLA_8BIT_UNIT                      20     5.540     79.847     85.386 
            CLA_4BIT_UNIT_0                  17     4.776     70.486     75.262 
            CLA_4BIT_UNIT_1                   2     0.656      9.352     10.008 
        EXP_COM_8BIT                         24     4.684     66.746     71.430 
          COMP_LESS_UNIT                     24     4.684     66.746     71.430 
            u_high                           13     2.762     23.554     26.316 
            u_low                            10     1.572     11.999     13.572 
        EXP_RND                              15     3.566     22.594     26.160 
        EXP_SWAP                             13     3.389     33.401     36.790 
        MAN_ALU_PROC_RND                      7     2.410      0.000      2.410 
        SIGN_UNIT                             1     0.233      0.525      0.758 
      DATA_B_IM                            1126   248.831    706.249    955.079 
        MAN_ALU                             215    52.069    100.480    152.550 
          ALU_SUB_UNIT                      120    26.162     23.324     49.486 
            CLA_BLOCK_..CLA_4BIT_UNIT        18     4.329      5.487      9.817 
            CLA_BLOCK_..CLA_4BIT_UNIT        18     4.009     14.900     18.909 
            CLA_BLOCK_..CLA_4BIT_UNIT        18     3.882      0.000      3.882 
            CLA_BLOCK_..CLA_4BIT_UNIT        18     3.882      0.000      3.882 
            CLA_BLOCK_..CLA_4BIT_UNIT        18     3.882      0.000      3.882 
            CLA_BLOCK_..CLA_4BIT_UNIT        15     3.453      0.000      3.453 
        NOR_UNIT                            207    39.153     26.581     65.734 
          SHF_left_unit                     142    25.434     17.183     42.617 
        SHF_RIGHT_MAN                       134    22.170     89.407    111.578 
        PSC_UNIT                             88    21.099     92.448    113.547 
        MAN_COMP_24BIT                       80    17.874      5.875     23.749 
          u_i_data_1                         13     3.120      0.000      3.120 
          u_i_data_2                         13     3.120      0.000      3.120 
          u_i_data_3                         13     3.120      0.000      3.120 
          u_i_data_4                         13     3.120      0.000      3.120 
          u_i_data_5                         12     2.086      5.820      7.906 
          u_i_data_0                         10     1.714      0.040      1.754 
        LOPD_24BIT                           58    11.823     22.515     34.338 
          LOPD_16bit_UNIT_MSB                34     6.671      0.747      7.417 
            LOPD_8bit_unit_0                 14     3.218      0.000      3.218 
            LOPD_8bit_unit_1                 14     2.648      0.747      3.394 
          LOPD_8bit_UNIT_LSB                 14     3.089     21.172     24.261 
        MAN_SWAP                             48    11.183      8.453     19.636 
        MAN_RND                              26    10.966      4.883     15.850 
        MAN_SWAP_PRE                         46    10.169      8.434     18.603 
        EXP_ADJUST                           37     9.576     50.394     59.970 
          CLA_8BIT_UNIT                      30     8.385     50.394     58.779 
            CLA_4BIT_UNIT_0                  18     4.634     28.637     33.271 
            CLA_4BIT_UNIT_1                  11     3.586     21.723     25.308 
        EXP_SUB                              25     6.129     79.215     85.345 
          CLA_8BIT_UNIT                      20     5.540     79.215     84.755 
            CLA_4BIT_UNIT_0                  17     4.776     69.327     74.103 
            CLA_4BIT_UNIT_1                   2     0.656      9.879     10.535 
        EXP_COM_8BIT                         24     4.924     24.790     29.714 
          COMP_LESS_UNIT                     24     4.924     24.790     29.714 
            u_high                           13     2.915     17.092     20.006 
            u_low                            10     1.633      7.683      9.317 
        EXP_RND                              15     3.566     22.594     26.160 
        EXP_SWAP                             13     3.293     26.953     30.246 
        MAN_ALU_PROC_RND                      7     2.410      0.000      2.410 
        SIGN_UNIT                             2     0.267      0.000      0.267 
  BFU2_S1_26                               4508  1019.806   6889.618   7909.424 
    DATA_B_IM                              1126   257.874   1457.788   1715.662 
      MAN_ALU                               215    55.020    180.703    235.723 
        ALU_SUB_UNIT                        120    31.175     21.339     52.514 
          CLA_BLOCK_..CLA_4BIT_UNIT          18     5.309     19.775     25.084 
          CLA_BLOCK_..CLA_4BIT_UNIT          18     4.895      0.254      5.148 
          CLA_BLOCK_..CLA_4BIT_UNIT          18     4.654      0.262      4.917 
          CLA_BLOCK_..CLA_4BIT_UNIT          18     4.654      0.261      4.916 
          CLA_BLOCK_..CLA_4BIT_UNIT          18     4.654      0.263      4.917 
          CLA_BLOCK_..CLA_4BIT_UNIT          15     4.435      0.426      4.861 
      NOR_UNIT                              207    37.866    127.924    165.790 
        SHF_left_unit                       142    24.050     77.354    101.405 
      SHF_RIGHT_MAN                         134    28.062    317.144    345.205 
      PSC_UNIT                               88    19.701    107.001    126.702 
      MAN_COMP_24BIT                         80    18.124     82.438    100.562 
        u_i_data_1                           13     3.066      7.001     10.067 
        u_i_data_2                           13     3.066      7.003     10.069 
        u_i_data_3                           13     3.066      7.041     10.108 
        u_i_data_4                           13     3.066      7.033     10.099 
        u_i_data_5                           12     2.489      6.341      8.830 
        u_i_data_0                           10     1.743     14.439     16.181 
      MAN_SWAP                               48    12.454    157.930    170.383 
      LOPD_24BIT                             58    11.988     45.046     57.034 
        LOPD_16bit_UNIT_MSB                  34     7.004     10.308     17.311 
          LOPD_8bit_unit_0                   14     3.218      0.000      3.218 
          LOPD_8bit_unit_1                   14     2.934      4.329      7.264 
        LOPD_8bit_UNIT_LSB                   14     3.089     21.172     24.261 
      MAN_SWAP_PRE                           46    11.012    125.587    136.599 
      MAN_RND                                26    10.860      0.000     10.860 
      EXP_ADJUST                             37     9.761     58.946     68.707 
        CLA_8BIT_UNIT                        30     8.388     47.610     55.998 
          CLA_4BIT_UNIT_0                    18     4.698     26.184     30.882 
          CLA_4BIT_UNIT_1                    11     3.537     19.559     23.096 
      EXP_SUB                                25     6.474     14.087     20.561 
        CLA_8BIT_UNIT                        20     5.852      7.373     13.225 
          CLA_4BIT_UNIT_0                    17     5.083      7.373     12.457 
          CLA_4BIT_UNIT_1                     2     0.687      0.000      0.687 
      EXP_COM_8BIT                           24     5.277     13.901     19.179 
        COMP_LESS_UNIT                       24     5.277     13.901     19.179 
          u_high                             13     3.137      7.473     10.611 
          u_low                              10     1.750      6.428      8.179 
      EXP_RND                                15     3.397     11.542     14.939 
      EXP_SWAP                               13     3.272     37.370     40.641 
      MAN_ALU_PROC_RND                        7     2.410      0.000      2.410 
      SIGN_UNIT                               2     0.321      2.251      2.571 
    DATA_B_RE                              1126   255.226   1906.330   2161.556 
      MAN_ALU                               215    51.446    430.820    482.265 
        ALU_SUB_UNIT                        120    28.400    203.830    232.229 
          CLA_BLOCK_..CLA_4BIT_UNIT          18     5.160     31.702     36.863 
          CLA_BLOCK_..CLA_4BIT_UNIT          18     4.267     32.599     36.866 
          CLA_BLOCK_..CLA_4BIT_UNIT          15     4.099     30.430     34.529 
          CLA_BLOCK_..CLA_4BIT_UNIT          18     4.059     29.795     33.854 
          CLA_BLOCK_..CLA_4BIT_UNIT          18     4.059     30.424     34.483 
          CLA_BLOCK_..CLA_4BIT_UNIT          18     4.059     30.644     34.703 
      NOR_UNIT                              207    42.323    404.716    447.039 
        SHF_left_unit                       142    28.794    256.696    285.490 
      SHF_RIGHT_MAN                         134    27.916    301.729    329.645 
      PSC_UNIT                               88    19.181    109.451    128.632 
      MAN_COMP_24BIT                         80    18.048     39.934     57.982 
        u_i_data_1                           13     3.066      7.001     10.067 
        u_i_data_2                           13     3.066      7.003     10.069 
        u_i_data_3                           13     3.066      7.041     10.108 
        u_i_data_4                           13     3.066      7.033     10.099 
        u_i_data_5                           12     2.489      6.341      8.830 
        u_i_data_0                           10     1.687      5.515      7.202 
      MAN_SWAP                               48    12.070    132.086    144.156 
      MAN_RND                                26    11.470     62.570     74.040 
      MAN_SWAP_PRE                           46    11.052    123.285    134.336 
      LOPD_24BIT                             58     9.841     50.788     60.630 
        LOPD_16bit_UNIT_MSB                  34     5.474     29.337     34.811 
          LOPD_8bit_unit_0                   14     2.425     17.277     19.702 
          LOPD_8bit_unit_1                   14     2.210     12.039     14.248 
        LOPD_8bit_UNIT_LSB                   14     2.335     20.861     23.197 
      EXP_ADJUST                             37     9.507     54.932     64.438 
        CLA_8BIT_UNIT                        30     8.403     51.939     60.342 
          CLA_4BIT_UNIT_0                    18     4.609     30.112     34.721 
          CLA_4BIT_UNIT_1                    11     3.647     19.972     23.618 
      EXP_SUB                                25     6.474     14.087     20.561 
        CLA_8BIT_UNIT                        20     5.852      7.373     13.225 
          CLA_4BIT_UNIT_0                    17     5.083      7.373     12.457 
          CLA_4BIT_UNIT_1                     2     0.687      0.000      0.687 
      EXP_COM_8BIT                           24     5.277     13.901     19.179 
        COMP_LESS_UNIT                       24     5.277     13.901     19.179 
          u_high                             13     3.137      7.473     10.611 
          u_low                              10     1.750      6.428      8.179 
      EXP_SWAP                               13     3.272     37.370     40.641 
      EXP_RND                                15     3.256      0.000      3.256 
      MAN_ALU_PROC_RND                        7     2.410      0.000      2.410 
      SIGN_UNIT                               2     0.293      0.006      0.299 
    DATA_A_IM                              1128   254.598   2015.984   2270.582 
      MAN_ALU                               217    50.038    439.985    490.023 
        ALU_SUB_UNIT                        120    27.147    173.627    200.774 
          CLA_BLOCK_..CLA_4BIT_UNIT          18     4.712     24.963     29.675 
          CLA_BLOCK_..CLA_4BIT_UNIT          18     4.012     24.895     28.907 
          CLA_BLOCK_..CLA_4BIT_UNIT          18     3.989     28.346     32.335 
          CLA_BLOCK_..CLA_4BIT_UNIT          18     3.989     28.546     32.535 
          CLA_BLOCK_..CLA_4BIT_UNIT          18     3.989     28.973     32.961 
          CLA_BLOCK_..CLA_4BIT_UNIT          15     3.865     20.239     24.104 
      NOR_UNIT                              207    42.098    413.672    455.770 
        SHF_left_unit                       142    28.580    268.784    297.365 
      SHF_RIGHT_MAN                         137    28.420    319.162    347.582 
      PSC_UNIT                               86    18.637    110.026    128.663 
      MAN_COMP_24BIT                         80    18.124     82.425    100.548 
        u_i_data_1                           13     3.066      7.001     10.068 
        u_i_data_2                           13     3.066      7.003     10.069 
        u_i_data_3                           13     3.066      7.042     10.108 
        u_i_data_4                           13     3.066      7.032     10.099 
        u_i_data_5                           12     2.489      6.341      8.830 
        u_i_data_0                           10     1.743     14.426     16.168 
      MAN_SWAP                               48    12.392    158.083    170.476 
      MAN_RND                                26    11.390     60.084     71.475 
      MAN_SWAP_PRE                           46    11.012    125.587    136.599 
      LOPD_24BIT                             58     9.740     49.277     59.017 
        LOPD_16bit_UNIT_MSB                  34     5.474     29.337     34.811 
          LOPD_8bit_unit_0                   14     2.425     17.277     19.703 
          LOPD_8bit_unit_1                   14     2.210     12.038     14.248 
        LOPD_8bit_UNIT_LSB                   14     2.298     19.935     22.233 
      EXP_ADJUST                             37     9.507     54.932     64.438 
        CLA_8BIT_UNIT                        30     8.403     51.939     60.342 
          CLA_4BIT_UNIT_0                    18     4.609     30.112     34.721 
          CLA_4BIT_UNIT_1                    11     3.647     19.972     23.618 
      EXP_SUB                                25     6.474     14.087     20.561 
        CLA_8BIT_UNIT                        20     5.852      7.373     13.225 
          CLA_4BIT_UNIT_0                    17     5.083      7.373     12.457 
          CLA_4BIT_UNIT_1                     2     0.687      0.000      0.687 
      EXP_COM_8BIT                           24     5.213     13.366     18.580 
        COMP_LESS_UNIT                       24     5.213     13.366     18.580 
          u_high                             13     3.137      7.473     10.611 
          u_low                              10     1.686      5.893      7.580 
      EXP_SWAP                               13     3.272     37.370     40.641 
      EXP_RND                                15     3.256      0.000      3.256 
      MAN_ALU_PROC_RND                        7     2.410      0.000      2.410 
      SIGN_UNIT                               1     0.212      0.516      0.728 
    DATA_A_RE                              1128   252.108   1509.516   1761.624 
      MAN_ALU                               217    51.280    331.391    382.671 
        ALU_SUB_UNIT                        120    28.413    215.307    243.720 
          CLA_BLOCK_..CLA_4BIT_UNIT          18     4.766     34.964     39.730 
          CLA_BLOCK_..CLA_4BIT_UNIT          18     4.269     27.353     31.622 
          CLA_BLOCK_..CLA_4BIT_UNIT          18     4.208     29.539     33.748 
          CLA_BLOCK_..CLA_4BIT_UNIT          18     4.208     29.952     34.160 
          CLA_BLOCK_..CLA_4BIT_UNIT          18     4.208     29.963     34.171 
          CLA_BLOCK_..CLA_4BIT_UNIT          15     3.923     29.510     33.433 
      NOR_UNIT                              207    38.101    144.903    183.004 
        SHF_left_unit                       142    24.290     89.058    113.349 
      SHF_RIGHT_MAN                         137    28.303    304.052    332.354 
      PSC_UNIT                               86    18.566    107.237    125.802 
      MAN_COMP_24BIT                         80    18.048     39.934     57.982 
        u_i_data_1                           13     3.066      7.001     10.068 
        u_i_data_2                           13     3.066      7.003     10.069 
        u_i_data_3                           13     3.066      7.042     10.108 
        u_i_data_4                           13     3.066      7.032     10.099 
        u_i_data_5                           12     2.489      6.341      8.830 
        u_i_data_0                           10     1.687      5.515      7.202 
      LOPD_24BIT                             58    12.079     22.840     34.919 
        LOPD_16bit_UNIT_MSB                  34     7.004     10.307     17.310 
          LOPD_8bit_unit_0                   14     3.218      0.000      3.218 
          LOPD_8bit_unit_1                   14     2.934      4.329      7.263 
        LOPD_8bit_UNIT_LSB                   14     3.120      0.000      3.120 
      MAN_SWAP                               48    12.009    132.246    144.254 
      MAN_SWAP_PRE                           46    11.052    123.285    134.336 
      MAN_RND                                26    10.940      2.486     13.426 
      EXP_ADJUST                             37     9.761     58.944     68.706 
        CLA_8BIT_UNIT                        30     8.388     47.609     55.998 
          CLA_4BIT_UNIT_0                    18     4.698     26.184     30.882 
          CLA_4BIT_UNIT_1                    11     3.537     19.558     23.096 
      EXP_SUB                                25     6.474     14.087     20.561 
        CLA_8BIT_UNIT                        20     5.852      7.373     13.225 
          CLA_4BIT_UNIT_0                    17     5.083      7.373     12.457 
          CLA_4BIT_UNIT_1                     2     0.687      0.000      0.687 
      EXP_COM_8BIT                           24     5.213     13.366     18.580 
        COMP_LESS_UNIT                       24     5.213     13.366     18.580 
          u_high                             13     3.137      7.473     10.611 
          u_low                              10     1.686      5.893      7.580 
      EXP_RND                                15     3.397     11.542     14.939 
      EXP_SWAP                               13     3.272     37.370     40.641 
      MAN_ALU_PROC_RND                        7     2.410      0.000      2.410 
      SIGN_UNIT                               1     0.218      0.006      0.224 
  BFU2_S1_04                               4508  1019.681   6490.813   7510.494 
    DATA_B_RE                              1126   256.601   1291.946   1548.548 
      MAN_ALU                               215    55.049    158.824    213.873 
        ALU_SUB_UNIT                        120    31.325      1.679     33.004 
          CLA_BLOCK_..CLA_4BIT_UNIT          18     5.518      0.213      5.731 
          CLA_BLOCK_..CLA_4BIT_UNIT          18     4.895      0.254      5.148 
          CLA_BLOCK_..CLA_4BIT_UNIT          18     4.654      0.262      4.917 
          CLA_BLOCK_..CLA_4BIT_UNIT          18     4.654      0.261      4.916 
          CLA_BLOCK_..CLA_4BIT_UNIT          18     4.654      0.263      4.917 
          CLA_BLOCK_..CLA_4BIT_UNIT          15     4.435      0.426      4.861 
      NOR_UNIT                              207    36.657     97.326    133.983 
        SHF_left_unit                       142    23.506     68.055     91.561 
      SHF_RIGHT_MAN                         134    28.062    317.144    345.205 
      PSC_UNIT                               88    20.120     97.291    117.411 
      MAN_COMP_24BIT                         80    18.112     41.113     59.225 
        u_i_data_1                           13     3.066      7.001     10.067 
        u_i_data_2                           13     3.066      7.003     10.069 
        u_i_data_3                           13     3.066      7.041     10.108 
        u_i_data_4                           13     3.066      7.033     10.099 
        u_i_data_5                           12     2.489      6.341      8.830 
        u_i_data_0                           10     1.751      6.694      8.445 
      MAN_SWAP                               48    12.030    137.112    149.142 
      LOPD_24BIT                             58    11.797     25.096     36.894 
        LOPD_16bit_UNIT_MSB                  34     7.004     10.308     17.311 
          LOPD_8bit_unit_0                   14     3.218      0.000      3.218 
          LOPD_8bit_unit_1                   14     2.934      4.329      7.264 
        LOPD_8bit_UNIT_LSB                   14     3.057      0.000      3.057 
      MAN_SWAP_PRE                           46    11.012    128.102    139.113 
      MAN_RND                                26    10.861      0.003     10.864 
      EXP_ADJUST                             37     9.743     58.164     67.908 
        CLA_8BIT_UNIT                        30     8.411     49.715     58.126 
          CLA_4BIT_UNIT_0                    18     4.723     28.134     32.857 
          CLA_4BIT_UNIT_1                    11     3.537     19.559     23.096 
      EXP_SUB                                25     6.474     14.087     20.561 
        CLA_8BIT_UNIT                        20     5.852      7.373     13.225 
          CLA_4BIT_UNIT_0                    17     5.083      7.373     12.457 
          CLA_4BIT_UNIT_1                     2     0.687      0.000      0.687 
      EXP_COM_8BIT                           24     5.277     13.901     19.179 
        COMP_LESS_UNIT                       24     5.277     13.901     19.179 
          u_high                             13     3.137      7.473     10.611 
          u_low                              10     1.750      6.428      8.179 
      EXP_RND                                15     3.355      8.656     12.012 
      EXP_SWAP                               13     3.272     37.370     40.641 
      MAN_ALU_PROC_RND                        7     2.410      0.000      2.410 
      SIGN_UNIT                               2     0.285      2.164      2.449 
    DATA_A_RE                              1128   254.641   1951.545   2206.185 
      MAN_ALU                               217    50.020    445.314    495.334 
        ALU_SUB_UNIT                        120    27.110    175.925    203.035 
          CLA_BLOCK_..CLA_4BIT_UNIT          18     4.674     27.261     31.936 
          CLA_BLOCK_..CLA_4BIT_UNIT          18     4.012     24.895     28.907 
          CLA_BLOCK_..CLA_4BIT_UNIT          18     3.989     28.346     32.335 
          CLA_BLOCK_..CLA_4BIT_UNIT          18     3.989     28.546     32.535 
          CLA_BLOCK_..CLA_4BIT_UNIT          18     3.989     28.973     32.961 
          CLA_BLOCK_..CLA_4BIT_UNIT          15     3.865     20.239     24.104 
      NOR_UNIT                              207    42.094    412.945    455.039 
        SHF_left_unit                       142    28.606    267.395    296.001 
      SHF_RIGHT_MAN                         137    28.420    319.162    347.582 
      PSC_UNIT                               86    19.022    101.632    120.655 
      MAN_COMP_24BIT                         80    18.112     41.100     59.212 
        u_i_data_1                           13     3.066      7.001     10.068 
        u_i_data_2                           13     3.066      7.003     10.069 
        u_i_data_3                           13     3.066      7.042     10.108 
        u_i_data_4                           13     3.066      7.032     10.099 
        u_i_data_5                           12     2.489      6.341      8.830 
        u_i_data_0                           10     1.751      6.682      8.433 
      MAN_SWAP                               48    11.969    137.258    149.227 
      MAN_RND                                26    11.582     61.102     72.684 
      MAN_SWAP_PRE                           46    11.012    128.102    139.113 
      LOPD_24BIT                             58     9.634     46.184     55.818 
        LOPD_16bit_UNIT_MSB                  34     5.474     29.337     34.811 
          LOPD_8bit_unit_0                   14     2.425     17.277     19.703 
          LOPD_8bit_unit_1                   14     2.210     12.038     14.248 
        LOPD_8bit_UNIT_LSB                   14     2.192     16.842     19.034 
      EXP_ADJUST                             37     9.507     54.932     64.438 
        CLA_8BIT_UNIT                        30     8.403     51.939     60.342 
          CLA_4BIT_UNIT_0                    18     4.609     30.112     34.721 
          CLA_4BIT_UNIT_1                    11     3.647     19.972     23.618 
      EXP_SUB                                25     6.474     14.087     20.561 
        CLA_8BIT_UNIT                        20     5.852      7.373     13.225 
          CLA_4BIT_UNIT_0                    17     5.083      7.373     12.457 
          CLA_4BIT_UNIT_1                     2     0.687      0.000      0.687 
      EXP_COM_8BIT                           24     5.213     13.366     18.580 
        COMP_LESS_UNIT                       24     5.213     13.366     18.580 
          u_high                             13     3.137      7.473     10.611 
          u_low                              10     1.686      5.893      7.580 
      EXP_SWAP                               13     3.272     37.370     40.641 
      EXP_RND                                15     3.256      0.000      3.256 
      MAN_ALU_PROC_RND                        7     2.410      0.000      2.410 
      SIGN_UNIT                               1     0.223      1.988      2.212 
    DATA_A_IM                              1128   254.437   1336.916   1591.354 
      MAN_ALU                               217    53.609    161.716    215.325 
        ALU_SUB_UNIT                        120    30.977      1.677     32.655 
          CLA_BLOCK_..CLA_4BIT_UNIT          18     5.052      0.211      5.263 
          CLA_BLOCK_..CLA_4BIT_UNIT          18     4.895      0.254      5.148 
          CLA_BLOCK_..CLA_4BIT_UNIT          18     4.654      0.262      4.917 
          CLA_BLOCK_..CLA_4BIT_UNIT          18     4.654      0.261      4.915 
          CLA_BLOCK_..CLA_4BIT_UNIT          18     4.654      0.263      4.917 
          CLA_BLOCK_..CLA_4BIT_UNIT          15     4.435      0.426      4.861 
      NOR_UNIT                              207    38.101    144.903    183.004 
        SHF_left_unit                       142    24.290     89.058    113.349 
      SHF_RIGHT_MAN                         137    28.303    304.052    332.354 
      PSC_UNIT                               86    18.552    104.317    122.869 
      MAN_COMP_24BIT                         80    18.048     39.934     57.982 
        u_i_data_1                           13     3.066      7.001     10.068 
        u_i_data_2                           13     3.066      7.003     10.069 
        u_i_data_3                           13     3.066      7.042     10.108 
        u_i_data_4                           13     3.066      7.032     10.099 
        u_i_data_5                           12     2.489      6.341      8.830 
        u_i_data_0                           10     1.687      5.515      7.202 
      LOPD_24BIT                             58    12.079     22.840     34.919 
        LOPD_16bit_UNIT_MSB                  34     7.004     10.307     17.310 
          LOPD_8bit_unit_0                   14     3.218      0.000      3.218 
          LOPD_8bit_unit_1                   14     2.934      4.329      7.263 
        LOPD_8bit_UNIT_LSB                   14     3.120      0.000      3.120 
      MAN_SWAP                               48    12.009    132.246    144.254 
      MAN_SWAP_PRE                           46    11.052    123.285    134.336 
      MAN_RND                                26    10.940      2.486     13.426 
      EXP_ADJUST                             37     9.761     58.944     68.706 
        CLA_8BIT_UNIT                        30     8.388     47.609     55.998 
          CLA_4BIT_UNIT_0                    18     4.698     26.184     30.882 
          CLA_4BIT_UNIT_1                    11     3.537     19.558     23.096 
      EXP_SUB                                25     6.474     14.087     20.561 
        CLA_8BIT_UNIT                        20     5.852      7.373     13.225 
          CLA_4BIT_UNIT_0                    17     5.083      7.373     12.457 
          CLA_4BIT_UNIT_1                     2     0.687      0.000      0.687 
      EXP_COM_8BIT                           24     5.213     13.366     18.580 
        COMP_LESS_UNIT                       24     5.213     13.366     18.580 
          u_high                             13     3.137      7.473     10.611 
          u_low                              10     1.686      5.893      7.580 
      EXP_RND                                15     3.397     11.542     14.939 
      EXP_SWAP                               13     3.272     37.370     40.641 
      MAN_ALU_PROC_RND                        7     2.410      0.000      2.410 
      SIGN_UNIT                               1     0.232      0.000      0.232 
    DATA_B_IM                              1126   254.001   1910.406   2164.407 
      MAN_ALU                               215    50.677    442.023    492.700 
        ALU_SUB_UNIT                        120    27.267    168.581    195.848 
          CLA_BLOCK_..CLA_4BIT_UNIT          18     4.831     19.493     24.324 
          CLA_BLOCK_..CLA_4BIT_UNIT          18     4.012     25.317     29.329 
          CLA_BLOCK_..CLA_4BIT_UNIT          18     3.989     28.346     32.335 
          CLA_BLOCK_..CLA_4BIT_UNIT          18     3.989     28.548     32.537 
          CLA_BLOCK_..CLA_4BIT_UNIT          18     3.989     28.762     32.750 
          CLA_BLOCK_..CLA_4BIT_UNIT          15     3.865     20.451     24.316 
      NOR_UNIT                              207    42.323    404.716    447.039 
        SHF_left_unit                       142    28.794    256.696    285.490 
      SHF_RIGHT_MAN                         134    27.916    301.729    329.645 
      PSC_UNIT                               88    18.752    102.329    121.081 
      MAN_COMP_24BIT                         80    18.048     39.934     57.982 
        u_i_data_1                           13     3.066      7.001     10.067 
        u_i_data_2                           13     3.066      7.003     10.069 
        u_i_data_3                           13     3.066      7.041     10.108 
        u_i_data_4                           13     3.066      7.033     10.099 
        u_i_data_5                           12     2.489      6.341      8.830 
        u_i_data_0                           10     1.687      5.515      7.202 
      MAN_SWAP                               48    12.070    132.086    144.156 
      MAN_RND                                26    11.470     62.570     74.040 
      MAN_SWAP_PRE                           46    11.052    123.285    134.336 
      LOPD_24BIT                             58     9.841     50.788     60.630 
        LOPD_16bit_UNIT_MSB                  34     5.474     29.337     34.811 
          LOPD_8bit_unit_0                   14     2.425     17.277     19.702 
          LOPD_8bit_unit_1                   14     2.210     12.039     14.248 
        LOPD_8bit_UNIT_LSB                   14     2.335     20.861     23.197 
      EXP_ADJUST                             37     9.507     54.932     64.438 
        CLA_8BIT_UNIT                        30     8.403     51.939     60.342 
          CLA_4BIT_UNIT_0                    18     4.609     30.112     34.721 
          CLA_4BIT_UNIT_1                    11     3.647     19.972     23.618 
      EXP_SUB                                25     6.474     14.087     20.561 
        CLA_8BIT_UNIT                        20     5.852      7.373     13.225 
          CLA_4BIT_UNIT_0                    17     5.083      7.373     12.457 
          CLA_4BIT_UNIT_1                     2     0.687      0.000      0.687 
      EXP_COM_8BIT                           24     5.277     13.901     19.179 
        COMP_LESS_UNIT                       24     5.277     13.901     19.179 
          u_high                             13     3.137      7.473     10.611 
          u_low                              10     1.750      6.428      8.179 
      EXP_SWAP                               13     3.272     37.370     40.641 
      EXP_RND                                15     3.256      0.000      3.256 
      MAN_ALU_PROC_RND                        7     2.410      0.000      2.410 
      SIGN_UNIT                               2     0.267      0.000      0.267 
  BFU2_S1_37                               4508  1017.226   6765.742   7782.969 
    DATA_A_IM                              1128   255.410   1392.146   1647.557 
      MAN_ALU                               217    54.348    181.613    235.961 
        ALU_SUB_UNIT                        120    31.175     21.336     52.510 
          CLA_BLOCK_..CLA_4BIT_UNIT          18     5.309     19.772     25.080 
          CLA_BLOCK_..CLA_4BIT_UNIT          18     4.895      0.254      5.148 
          CLA_BLOCK_..CLA_4BIT_UNIT          18     4.654      0.262      4.917 
          CLA_BLOCK_..CLA_4BIT_UNIT          18     4.654      0.261      4.915 
          CLA_BLOCK_..CLA_4BIT_UNIT          18     4.654      0.263      4.917 
          CLA_BLOCK_..CLA_4BIT_UNIT          15     4.435      0.426      4.861 
      NOR_UNIT                              207    37.866    127.923    165.789 
        SHF_left_unit                       142    24.050     77.354    101.405 
      SHF_RIGHT_MAN                         137    28.303    304.052    332.354 
      PSC_UNIT                               86    18.803    112.685    131.487 
      MAN_COMP_24BIT                         80    18.082     39.973     58.055 
        u_i_data_1                           13     3.066      7.001     10.068 
        u_i_data_2                           13     3.066      7.003     10.069 
        u_i_data_3                           13     3.066      7.042     10.108 
        u_i_data_4                           13     3.066      7.032     10.099 
        u_i_data_5                           12     2.489      6.341      8.830 
        u_i_data_0                           10     1.721      5.555      7.276 
      LOPD_24BIT                             58    11.988     45.046     57.034 
        LOPD_16bit_UNIT_MSB                  34     7.004     10.307     17.310 
          LOPD_8bit_unit_0                   14     3.218      0.000      3.218 
          LOPD_8bit_unit_1                   14     2.934      4.329      7.263 
        LOPD_8bit_UNIT_LSB                   14     3.089     21.172     24.261 
      MAN_SWAP                               48    11.969    134.764    146.734 
      MAN_SWAP_PRE                           46    11.012    125.799    136.812 
      MAN_RND                                26    10.860      0.000     10.860 
      EXP_ADJUST                             37     9.761     58.944     68.706 
        CLA_8BIT_UNIT                        30     8.388     47.609     55.998 
          CLA_4BIT_UNIT_0                    18     4.698     26.184     30.882 
          CLA_4BIT_UNIT_1                    11     3.537     19.558     23.096 
      EXP_SUB                                25     6.474     14.087     20.561 
        CLA_8BIT_UNIT                        20     5.852      7.373     13.225 
          CLA_4BIT_UNIT_0                    17     5.083      7.373     12.457 
          CLA_4BIT_UNIT_1                     2     0.687      0.000      0.687 
      EXP_COM_8BIT                           24     5.213     13.366     18.580 
        COMP_LESS_UNIT                       24     5.213     13.366     18.580 
          u_high                             13     3.137      7.473     10.611 
          u_low                              10     1.686      5.893      7.580 
      EXP_RND                                15     3.397     11.542     14.939 
      EXP_SWAP                               13     3.272     37.370     40.641 
      MAN_ALU_PROC_RND                        7     2.410      0.000      2.410 
      SIGN_UNIT                               1     0.232      0.000      0.232 
    DATA_A_RE                              1128   254.770   1942.748   2197.518 
      MAN_ALU                               217    50.593    437.958    488.551 
        ALU_SUB_UNIT                        120    28.333    198.430    226.763 
          CLA_BLOCK_..CLA_4BIT_UNIT          18     5.094     26.731     31.825 
          CLA_BLOCK_..CLA_4BIT_UNIT          18     4.267     32.177     36.444 
          CLA_BLOCK_..CLA_4BIT_UNIT          15     4.099     30.218     34.317 
          CLA_BLOCK_..CLA_4BIT_UNIT          18     4.059     29.795     33.854 
          CLA_BLOCK_..CLA_4BIT_UNIT          18     4.059     30.419     34.477 
          CLA_BLOCK_..CLA_4BIT_UNIT          18     4.059     30.855     34.914 
      NOR_UNIT                              207    42.283    422.501    464.784 
        SHF_left_unit                       142    28.805    279.484    308.288 
      SHF_RIGHT_MAN                         137    28.420    319.162    347.582 
      PSC_UNIT                               86    18.715    113.026    131.740 
      MAN_COMP_24BIT                         80    18.082     41.061     59.143 
        u_i_data_1                           13     3.066      7.001     10.068 
        u_i_data_2                           13     3.066      7.003     10.069 
        u_i_data_3                           13     3.066      7.042     10.108 
        u_i_data_4                           13     3.066      7.032     10.099 
        u_i_data_5                           12     2.489      6.341      8.830 
        u_i_data_0                           10     1.722      6.642      8.364 
      MAN_SWAP                               48    11.968    134.739    146.707 
      MAN_RND                                26    11.662     58.616     70.278 
      MAN_SWAP_PRE                           46    11.011    125.587    136.598 
      LOPD_24BIT                             58     9.736     53.982     63.718 
        LOPD_16bit_UNIT_MSB                  34     5.474     29.337     34.811 
          LOPD_8bit_unit_0                   14     2.425     17.277     19.703 
          LOPD_8bit_unit_1                   14     2.210     12.038     14.248 
        LOPD_8bit_UNIT_LSB                   14     2.230     24.055     26.284 
      EXP_ADJUST                             37     9.507     54.932     64.438 
        CLA_8BIT_UNIT                        30     8.403     51.939     60.342 
          CLA_4BIT_UNIT_0                    18     4.609     30.112     34.721 
          CLA_4BIT_UNIT_1                    11     3.647     19.972     23.618 
      EXP_SUB                                25     6.474     14.087     20.561 
        CLA_8BIT_UNIT                        20     5.852      7.373     13.225 
          CLA_4BIT_UNIT_0                    17     5.083      7.373     12.457 
          CLA_4BIT_UNIT_1                     2     0.687      0.000      0.687 
      EXP_COM_8BIT                           24     5.213     13.366     18.580 
        COMP_LESS_UNIT                       24     5.213     13.366     18.580 
          u_high                             13     3.137      7.473     10.611 
          u_low                              10     1.686      5.893      7.580 
      EXP_SWAP                               13     3.272     37.370     40.641 
      EXP_RND                                15     3.256      0.000      3.256 
      MAN_ALU_PROC_RND                        7     2.410      0.000      2.410 
      SIGN_UNIT                               1     0.217      1.982      2.200 
    DATA_B_IM                              1126   254.353   1945.222   2199.574 
      MAN_ALU                               215    50.751    439.360    490.110 
        ALU_SUB_UNIT                        120    27.147    174.068    201.216 
          CLA_BLOCK_..CLA_4BIT_UNIT          18     4.712     24.980     29.692 
          CLA_BLOCK_..CLA_4BIT_UNIT          18     4.012     25.317     29.329 
          CLA_BLOCK_..CLA_4BIT_UNIT          18     3.989     28.346     32.335 
          CLA_BLOCK_..CLA_4BIT_UNIT          18     3.989     28.548     32.537 
          CLA_BLOCK_..CLA_4BIT_UNIT          18     3.989     28.762     32.750 
          CLA_BLOCK_..CLA_4BIT_UNIT          15     3.865     20.451     24.316 
      NOR_UNIT                              207    42.098    413.673    455.771 
        SHF_left_unit                       142    28.580    268.785    297.365 
      SHF_RIGHT_MAN                         134    27.916    301.729    329.645 
      PSC_UNIT                               88    19.012    108.826    127.838 
      MAN_COMP_24BIT                         80    18.082     39.974     58.056 
        u_i_data_1                           13     3.066      7.001     10.067 
        u_i_data_2                           13     3.066      7.003     10.069 
        u_i_data_3                           13     3.066      7.041     10.108 
        u_i_data_4                           13     3.066      7.033     10.099 
        u_i_data_5                           12     2.489      6.341      8.830 
        u_i_data_0                           10     1.721      5.554      7.276 
      MAN_SWAP                               48    12.031    134.605    146.635 
      MAN_RND                                26    11.390     60.084     71.475 
      MAN_SWAP_PRE                           46    11.012    125.799    136.812 
      LOPD_24BIT                             58     9.740     49.278     59.017 
        LOPD_16bit_UNIT_MSB                  34     5.474     29.337     34.811 
          LOPD_8bit_unit_0                   14     2.425     17.277     19.702 
          LOPD_8bit_unit_1                   14     2.210     12.039     14.248 
        LOPD_8bit_UNIT_LSB                   14     2.298     19.935     22.233 
      EXP_ADJUST                             37     9.507     54.932     64.438 
        CLA_8BIT_UNIT                        30     8.403     51.939     60.342 
          CLA_4BIT_UNIT_0                    18     4.609     30.112     34.721 
          CLA_4BIT_UNIT_1                    11     3.647     19.972     23.618 
      EXP_SUB                                25     6.474     14.087     20.561 
        CLA_8BIT_UNIT                        20     5.852      7.373     13.225 
          CLA_4BIT_UNIT_0                    17     5.083      7.373     12.457 
          CLA_4BIT_UNIT_1                     2     0.687      0.000      0.687 
      EXP_COM_8BIT                           24     5.277     13.901     19.179 
        COMP_LESS_UNIT                       24     5.277     13.901     19.179 
          u_high                             13     3.137      7.473     10.611 
          u_low                              10     1.750      6.428      8.179 
      EXP_SWAP                               13     3.272     37.370     40.641 
      EXP_RND                                15     3.256      0.000      3.256 
      MAN_ALU_PROC_RND                        7     2.410      0.000      2.410 
      SIGN_UNIT                               2     0.267      0.000      0.267 
    DATA_B_RE                              1126   252.693   1485.626   1738.320 
      MAN_ALU                               215    52.053    321.240    373.293 
        ALU_SUB_UNIT                        120    28.490    208.434    236.924 
          CLA_BLOCK_..CLA_4BIT_UNIT          18     4.850     27.655     32.504 
          CLA_BLOCK_..CLA_4BIT_UNIT          18     4.269     27.353     31.622 
          CLA_BLOCK_..CLA_4BIT_UNIT          18     4.208     29.539     33.748 
          CLA_BLOCK_..CLA_4BIT_UNIT          18     4.208     29.956     34.164 
          CLA_BLOCK_..CLA_4BIT_UNIT          18     4.208     29.963     34.171 
          CLA_BLOCK_..CLA_4BIT_UNIT          15     3.923     29.511     33.434 
      NOR_UNIT                              207    36.914    115.333    152.247 
        SHF_left_unit                       142    23.761     80.506    104.266 
      SHF_RIGHT_MAN                         134    28.062    317.144    345.205 
      PSC_UNIT                               88    19.326    112.178    131.504 
      MAN_COMP_24BIT                         80    18.082     41.073     59.156 
        u_i_data_1                           13     3.066      7.001     10.067 
        u_i_data_2                           13     3.066      7.003     10.069 
        u_i_data_3                           13     3.066      7.041     10.108 
        u_i_data_4                           13     3.066      7.033     10.099 
        u_i_data_5                           12     2.489      6.341      8.830 
        u_i_data_0                           10     1.722      6.654      8.376 
      MAN_SWAP                               48    12.029    134.593    146.622 
      LOPD_24BIT                             58    11.889     47.008     58.897 
        LOPD_16bit_UNIT_MSB                  34     7.004     10.308     17.311 
          LOPD_8bit_unit_0                   14     3.218      0.000      3.218 
          LOPD_8bit_unit_1                   14     2.934      4.329      7.264 
        LOPD_8bit_UNIT_LSB                   14     3.089     21.172     24.261 
      MAN_SWAP_PRE                           46    11.011    125.587    136.598 
      MAN_RND                                26    10.941      2.488     13.429 
      EXP_ADJUST                             37     9.743     58.164     67.908 
        CLA_8BIT_UNIT                        30     8.411     49.715     58.126 
          CLA_4BIT_UNIT_0                    18     4.723     28.134     32.857 
          CLA_4BIT_UNIT_1                    11     3.537     19.559     23.096 
      EXP_SUB                                25     6.474     14.087     20.561 
        CLA_8BIT_UNIT                        20     5.852      7.373     13.225 
          CLA_4BIT_UNIT_0                    17     5.083      7.373     12.457 
          CLA_4BIT_UNIT_1                     2     0.687      0.000      0.687 
      EXP_COM_8BIT                           24     5.277     13.901     19.179 
        COMP_LESS_UNIT                       24     5.277     13.901     19.179 
          u_high                             13     3.137      7.473     10.611 
          u_low                              10     1.750      6.428      8.179 
      EXP_RND                                15     3.355      8.656     12.012 
      EXP_SWAP                               13     3.272     37.370     40.641 
      MAN_ALU_PROC_RND                        7     2.410      0.000      2.410 
      SIGN_UNIT                               2     0.278      2.159      2.437 
  BFU2_S1_15                               4508  1017.081   6655.429   7672.511 
    DATA_A_IM                              1128   255.169   1887.310   2142.479 
      MAN_ALU                               217    50.962    426.515    477.478 
        ALU_SUB_UNIT                        120    28.421    208.971    237.392 
          CLA_BLOCK_..CLA_4BIT_UNIT          18     5.216     37.175     42.390 
          CLA_BLOCK_..CLA_4BIT_UNIT          18     4.267     32.177     36.444 
          CLA_BLOCK_..CLA_4BIT_UNIT          15     4.099     30.218     34.317 
          CLA_BLOCK_..CLA_4BIT_UNIT          18     4.059     29.795     33.854 
          CLA_BLOCK_..CLA_4BIT_UNIT          18     4.059     30.419     34.477 
          CLA_BLOCK_..CLA_4BIT_UNIT          18     4.059     30.855     34.914 
      NOR_UNIT                              207    41.874    397.144    439.017 
        SHF_left_unit                       142    28.368    256.696    285.064 
      SHF_RIGHT_MAN                         137    28.303    304.052    332.354 
      PSC_UNIT                               86    19.015    104.702    123.717 
      MAN_COMP_24BIT                         80    18.116     39.934     58.049 
        u_i_data_1                           13     3.066      7.001     10.068 
        u_i_data_2                           13     3.066      7.003     10.069 
        u_i_data_3                           13     3.066      7.042     10.108 
        u_i_data_4                           13     3.066      7.032     10.099 
        u_i_data_5                           12     2.489      6.341      8.830 
        u_i_data_0                           10     1.755      5.515      7.270 
      MAN_SWAP                               48    11.930    132.246    144.176 
      MAN_RND                                26    11.503     58.616     70.119 
      MAN_SWAP_PRE                           46    10.973    123.285    134.258 
      LOPD_24BIT                             58     9.736     43.409     53.145 
        LOPD_16bit_UNIT_MSB                  34     5.474     29.337     34.811 
          LOPD_8bit_unit_0                   14     2.425     17.277     19.703 
          LOPD_8bit_unit_1                   14     2.210     12.038     14.248 
        LOPD_8bit_UNIT_LSB                   14     2.294     14.067     16.361 
      EXP_ADJUST                             37     9.507     54.932     64.438 
        CLA_8BIT_UNIT                        30     8.403     51.939     60.342 
          CLA_4BIT_UNIT_0                    18     4.609     30.112     34.721 
          CLA_4BIT_UNIT_1                    11     3.647     19.972     23.618 
      EXP_SUB                                25     6.474     14.087     20.561 
        CLA_8BIT_UNIT                        20     5.852      7.373     13.225 
          CLA_4BIT_UNIT_0                    17     5.083      7.373     12.457 
          CLA_4BIT_UNIT_1                     2     0.687      0.000      0.687 
      EXP_COM_8BIT                           24     5.213     13.366     18.580 
        COMP_LESS_UNIT                       24     5.213     13.366     18.580 
          u_high                             13     3.137      7.473     10.611 
          u_low                              10     1.686      5.893      7.580 
      EXP_SWAP                               13     3.272     37.370     40.641 
      EXP_RND                                15     3.256      0.000      3.256 
      MAN_ALU_PROC_RND                        7     2.410      0.000      2.410 
      SIGN_UNIT                               1     0.217      1.982      2.200 
    DATA_A_RE                              1128   254.285   1352.430   1606.715 
      MAN_ALU                               217    53.882    188.386    242.269 
        ALU_SUB_UNIT                        120    31.123     20.784     51.908 
          CLA_BLOCK_..CLA_4BIT_UNIT          18     5.257     19.220     24.477 
          CLA_BLOCK_..CLA_4BIT_UNIT          18     4.895      0.254      5.148 
          CLA_BLOCK_..CLA_4BIT_UNIT          18     4.654      0.262      4.917 
          CLA_BLOCK_..CLA_4BIT_UNIT          18     4.654      0.261      4.915 
          CLA_BLOCK_..CLA_4BIT_UNIT          18     4.654      0.263      4.917 
          CLA_BLOCK_..CLA_4BIT_UNIT          15     4.435      0.426      4.861 
      NOR_UNIT                              207    36.914    115.332    152.246 
        SHF_left_unit                       142    23.761     80.505    104.266 
      SHF_RIGHT_MAN                         137    28.420    319.162    347.582 
      PSC_UNIT                               86    18.848    112.374    131.222 
      MAN_COMP_24BIT                         80    18.082     41.061     59.143 
        u_i_data_1                           13     3.066      7.001     10.068 
        u_i_data_2                           13     3.066      7.003     10.069 
        u_i_data_3                           13     3.066      7.042     10.108 
        u_i_data_4                           13     3.066      7.032     10.099 
        u_i_data_5                           12     2.489      6.341      8.830 
        u_i_data_0                           10     1.722      6.642      8.364 
      MAN_SWAP                               48    11.968    134.739    146.707 
      LOPD_24BIT                             58    11.889     47.008     58.896 
        LOPD_16bit_UNIT_MSB                  34     7.004     10.307     17.310 
          LOPD_8bit_unit_0                   14     3.218      0.000      3.218 
          LOPD_8bit_unit_1                   14     2.934      4.329      7.263 
        LOPD_8bit_UNIT_LSB                   14     3.089     21.172     24.261 
      MAN_SWAP_PRE                           46    11.011    125.587    136.598 
      MAN_RND                                26    10.941      2.488     13.429 
      EXP_ADJUST                             37     9.743     58.163     67.907 
        CLA_8BIT_UNIT                        30     8.411     49.715     58.126 
          CLA_4BIT_UNIT_0                    18     4.723     28.134     32.857 
          CLA_4BIT_UNIT_1                    11     3.537     19.558     23.096 
      EXP_SUB                                25     6.474     14.087     20.561 
        CLA_8BIT_UNIT                        20     5.852      7.373     13.225 
          CLA_4BIT_UNIT_0                    17     5.083      7.373     12.457 
          CLA_4BIT_UNIT_1                     2     0.687      0.000      0.687 
      EXP_COM_8BIT                           24     5.213     13.366     18.580 
        COMP_LESS_UNIT                       24     5.213     13.366     18.580 
          u_high                             13     3.137      7.473     10.611 
          u_low                              10     1.686      5.893      7.580 
      EXP_RND                                15     3.355      8.656     12.012 
      EXP_SWAP                               13     3.272     37.370     40.641 
      MAN_ALU_PROC_RND                        7     2.410      0.000      2.410 
      SIGN_UNIT                               1     0.255      0.000      0.255 
    DATA_B_RE                              1126   254.192   1983.502   2237.694 
      MAN_ALU                               215    50.415    468.470    518.885 
        ALU_SUB_UNIT                        120    27.224    181.505    208.729 
          CLA_BLOCK_..CLA_4BIT_UNIT          18     4.788     32.417     37.205 
          CLA_BLOCK_..CLA_4BIT_UNIT          18     4.012     25.317     29.329 
          CLA_BLOCK_..CLA_4BIT_UNIT          18     3.989     28.346     32.335 
          CLA_BLOCK_..CLA_4BIT_UNIT          18     3.989     28.548     32.537 
          CLA_BLOCK_..CLA_4BIT_UNIT          18     3.989     28.762     32.750 
          CLA_BLOCK_..CLA_4BIT_UNIT          15     3.865     20.451     24.316 
      NOR_UNIT                              207    42.283    422.501    464.785 
        SHF_left_unit                       142    28.805    279.484    308.289 
      SHF_RIGHT_MAN                         134    28.062    317.144    345.205 
      PSC_UNIT                               88    19.057    111.117    130.174 
      MAN_COMP_24BIT                         80    18.082     41.073     59.156 
        u_i_data_1                           13     3.066      7.001     10.067 
        u_i_data_2                           13     3.066      7.003     10.069 
        u_i_data_3                           13     3.066      7.041     10.108 
        u_i_data_4                           13     3.066      7.033     10.099 
        u_i_data_5                           12     2.489      6.341      8.830 
        u_i_data_0                           10     1.722      6.654      8.376 
      MAN_SWAP                               48    12.029    134.593    146.622 
      MAN_RND                                26    11.662     58.616     70.278 
      MAN_SWAP_PRE                           46    11.011    125.587    136.598 
      LOPD_24BIT                             58     9.736     53.982     63.717 
        LOPD_16bit_UNIT_MSB                  34     5.474     29.337     34.811 
          LOPD_8bit_unit_0                   14     2.425     17.277     19.702 
          LOPD_8bit_unit_1                   14     2.210     12.039     14.248 
        LOPD_8bit_UNIT_LSB                   14     2.230     24.055     26.284 
      EXP_ADJUST                             37     9.507     54.932     64.438 
        CLA_8BIT_UNIT                        30     8.403     51.939     60.342 
          CLA_4BIT_UNIT_0                    18     4.609     30.112     34.721 
          CLA_4BIT_UNIT_1                    11     3.647     19.972     23.618 
      EXP_SUB                                25     6.474     14.087     20.561 
        CLA_8BIT_UNIT                        20     5.852      7.373     13.225 
          CLA_4BIT_UNIT_0                    17     5.083      7.373     12.457 
          CLA_4BIT_UNIT_1                     2     0.687      0.000      0.687 
      EXP_COM_8BIT                           24     5.277     13.901     19.179 
        COMP_LESS_UNIT                       24     5.277     13.901     19.179 
          u_high                             13     3.137      7.473     10.611 
          u_low                              10     1.750      6.428      8.179 
      EXP_SWAP                               13     3.272     37.370     40.641 
      EXP_RND                                15     3.256      0.000      3.256 
      MAN_ALU_PROC_RND                        7     2.410      0.000      2.410 
      SIGN_UNIT                               2     0.262      0.000      0.262 
    DATA_B_IM                              1126   253.435   1432.188   1685.623 
      MAN_ALU                               215    52.557    317.350    369.907 
        ALU_SUB_UNIT                        120    28.414    209.595    238.008 
          CLA_BLOCK_..CLA_4BIT_UNIT          18     4.773     28.815     33.588 
          CLA_BLOCK_..CLA_4BIT_UNIT          18     4.269     27.353     31.622 
          CLA_BLOCK_..CLA_4BIT_UNIT          18     4.208     29.539     33.748 
          CLA_BLOCK_..CLA_4BIT_UNIT          18     4.208     29.956     34.164 
          CLA_BLOCK_..CLA_4BIT_UNIT          18     4.208     29.963     34.171 
          CLA_BLOCK_..CLA_4BIT_UNIT          15     3.923     29.511     33.434 
      NOR_UNIT                              207    36.657     97.326    133.983 
        SHF_left_unit                       142    23.506     68.055     91.561 
      SHF_RIGHT_MAN                         134    27.916    301.729    329.645 
      PSC_UNIT                               88    19.673    105.941    125.614 
      MAN_COMP_24BIT                         80    18.116     39.934     58.050 
        u_i_data_1                           13     3.066      7.001     10.067 
        u_i_data_2                           13     3.066      7.003     10.069 
        u_i_data_3                           13     3.066      7.041     10.108 
        u_i_data_4                           13     3.066      7.033     10.099 
        u_i_data_5                           12     2.489      6.341      8.830 
        u_i_data_0                           10     1.755      5.515      7.270 
      MAN_SWAP                               48    11.991    132.086    144.077 
      LOPD_24BIT                             58    11.797     25.096     36.894 
        LOPD_16bit_UNIT_MSB                  34     7.004     10.308     17.311 
          LOPD_8bit_unit_0                   14     3.218      0.000      3.218 
          LOPD_8bit_unit_1                   14     2.934      4.329      7.264 
        LOPD_8bit_UNIT_LSB                   14     3.057      0.000      3.057 
      MAN_SWAP_PRE                           46    10.973    123.285    134.258 
      MAN_RND                                26    10.861      0.003     10.864 
      EXP_ADJUST                             37     9.743     58.164     67.908 
        CLA_8BIT_UNIT                        30     8.411     49.715     58.126 
          CLA_4BIT_UNIT_0                    18     4.723     28.134     32.857 
          CLA_4BIT_UNIT_1                    11     3.537     19.559     23.096 
      EXP_SUB                                25     6.474     14.087     20.561 
        CLA_8BIT_UNIT                        20     5.852      7.373     13.225 
          CLA_4BIT_UNIT_0                    17     5.083      7.373     12.457 
          CLA_4BIT_UNIT_1                     2     0.687      0.000      0.687 
      EXP_COM_8BIT                           24     5.277     13.901     19.179 
        COMP_LESS_UNIT                       24     5.277     13.901     19.179 
          u_high                             13     3.137      7.473     10.611 
          u_low                              10     1.750      6.428      8.179 
      EXP_RND                                15     3.355      8.656     12.012 
      EXP_SWAP                               13     3.272     37.370     40.641 
      MAN_ALU_PROC_RND                        7     2.410      0.000      2.410 
      SIGN_UNIT                               2     0.278      2.159      2.437 
  DETECT_START_STAGE1                         3     1.684     14.256     15.941 

