============================================================
  Generated by:           Genus(TM) Synthesis Solution GENUS15.20 - 15.20-p004_1
  Generated on:           Jan 04 2026  06:55:17 am
  Module:                 FFT_8Points
  Wireload mode:          enclosed
  Area mode:              timing library
============================================================

                                                     Leakage    Dynamic     Total   
                   Instance                   Cells Power(nW)  Power(nW)  Power(nW) 
------------------------------------------------------------------------------------
FFT_8Points                                   67863  3184.903 150990.272 154175.175 
  BFU8_07                                     28882  1449.446  35271.614  36721.060 
    INPUT_DATA_5                               5343   437.741   8533.498   8971.240 
      mul1_sub                                 1512   180.946   3107.450   3288.396 
        MAN_MUL_UNIT                           1117   170.051   2975.199   3145.250 
          MUL_UNIT_MAN_UNIT                    1109   169.752   2974.672   3144.424 
            u_booth                             371   122.877   2899.578   3022.455 
            u_wallace                           394    35.682      0.000     35.682 
              STAGE_GEN[0].u_stage              116    11.746      0.000     11.746 
              STAGE_GEN[1].u_stage               85     8.192      0.000      8.192 
              STAGE_GEN[2].u_stage               61     5.842      0.000      5.842 
              STAGE_GEN[3].u_stage               45     3.976      0.000      3.976 
              STAGE_GEN[4].u_stage               44     3.348      0.000      3.348 
              STAGE_GEN[5].u_stage               43     2.578      0.000      2.578 
            u_cla                               282     8.655     58.535     67.190 
              cla_tree                          201     4.557     17.824     22.381 
                MULTI_GROUP.next_level           32     0.790      2.426      3.216 
                  COMPUTE_DE..Y[1].cla_unit      11     0.270      0.633      0.903 
                  COMPUTE_DE..Y[2].cla_unit       8     0.197      1.477      1.674 
                  COMPUTE_DE..Y[0].cla_unit       2     0.066      0.000      0.066 
                  MULTI_GROUP.next_level          1     0.033      0.000      0.033 
                    COMPUTE_DE..Y[0].cla_unit     1     0.033      0.000      0.033 
                COMPUTE_DE..Y[3].cla_unit        11     0.275      0.000      0.275 
                COMPUTE_DE..Y[5].cla_unit        11     0.275      0.000      0.275 
                COMPUTE_DE..Y[2].cla_unit        11     0.269      0.000      0.269 
                COMPUTE_DE..Y[4].cla_unit        11     0.269      0.000      0.269 
                COMPUTE_DE..Y[6].cla_unit        11     0.265      0.316      0.581 
                COMPUTE_DE..Y[8].cla_unit        11     0.261      1.477      1.737 
                COMPUTE_DE..Y[9].cla_unit        11     0.254      2.426      2.680 
                COMPUTE_DE..[10].cla_unit        11     0.250      1.687      1.937 
                COMPUTE_DE..Y[7].cla_unit        11     0.236      0.844      1.080 
                COMPUTE_DE..[11].cla_unit         7     0.152      1.582      1.734 
            u_merge                              62     2.538     16.559     19.097 
              csa_row[27].u_fa                    2     0.064      0.000      0.064 
              csa_row[28].u_fa                    2     0.064      0.000      0.064 
              csa_row[30].u_fa                    2     0.064      0.000      0.064 
              csa_row[31].u_fa                    2     0.064      0.000      0.064 
              csa_row[33].u_fa                    2     0.064      0.000      0.064 
              csa_row[38].u_fa                    2     0.064      0.000      0.064 
              csa_row[39].u_fa                    2     0.064      0.000      0.064 
              csa_row[40].u_fa                    2     0.064      0.000      0.064 
              csa_row[43].u_fa                    2     0.064      0.000      0.064 
              csa_row[10].u_fa                    1     0.060      0.527      0.588 
              csa_row[11].u_fa                    1     0.060      0.527      0.588 
              csa_row[12].u_fa                    1     0.060      0.000      0.060 
              csa_row[13].u_fa                    1     0.060      0.527      0.588 
              csa_row[14].u_fa                    1     0.060      0.000      0.060 
              csa_row[15].u_fa                    1     0.060      0.000      0.060 
              csa_row[16].u_fa                    1     0.060      0.000      0.060 
              csa_row[17].u_fa                    1     0.060      0.527      0.588 
              csa_row[18].u_fa                    1     0.060      0.527      0.588 
              csa_row[19].u_fa                    1     0.060      0.527      0.588 
              csa_row[20].u_fa                    1     0.060      0.000      0.060 
              csa_row[21].u_fa                    1     0.060      0.527      0.588 
              csa_row[22].u_fa                    1     0.060      0.000      0.060 
              csa_row[23].u_fa                    1     0.060      0.000      0.060 
              csa_row[24].u_fa                    1     0.060      0.000      0.060 
              csa_row[29].u_fa                    1     0.060      0.000      0.060 
              csa_row[45].u_fa                    1     0.060      0.527      0.588 
              csa_row[6].u_fa                     1     0.060      0.316      0.377 
              csa_row[7].u_fa                     1     0.060      0.000      0.060 
              csa_row[8].u_fa                     1     0.060      0.000      0.060 
              csa_row[9].u_fa                     1     0.060      0.527      0.588 
              csa_row[25].u_fa                    2     0.060      1.160      1.220 
              csa_row[26].u_fa                    2     0.060      1.160      1.220 
              csa_row[41].u_fa                    2     0.060      1.160      1.220 
              csa_row[44].u_fa                    2     0.060      1.160      1.220 
              csa_row[34].u_fa                    2     0.060      1.160      1.220 
              csa_row[35].u_fa                    2     0.060      1.160      1.220 
              csa_row[36].u_fa                    2     0.060      1.160      1.220 
              csa_row[37].u_fa                    2     0.060      1.160      1.220 
              csa_row[42].u_fa                    2     0.060      1.160      1.220 
              csa_row[46].u_fa                    2     0.060      1.055      1.115 
              csa_row[32].u_fa                    2     0.056      0.000      0.056 
              csa_row[47].u_fa                    1     0.038      0.000      0.038 
        NOR_UNIT                                178     4.741     33.750     38.491 
          SHF_left_unit                         124     3.384     16.031     19.416 
        MAN_ROUNDING_UNIT                        24     1.384      1.898      3.283 
        MUL_EXP_ADJUST_UNIT                      45     1.314     22.056     23.370 
          CLA_8BIT_UNIT                          30     0.944     15.280     16.224 
            CLA_4BIT_UNIT_0                      18     0.467     10.106     10.574 
            CLA_4BIT_UNIT_1                      11     0.443      5.174      5.617 
        LOPD_UNIT                                58     1.095      4.957      6.052 
          LOPD_16bit_UNIT_MSB                    34     0.687      4.113      4.800 
            LOPD_8bit_unit_0                     14     0.287      3.059      3.346 
            LOPD_8bit_unit_1                     14     0.258      1.055      1.312 
          LOPD_8bit_UNIT_LSB                     14     0.240      0.844      1.083 
        MUL_EXP_UNIT                             21     0.514     18.298     18.812 
        EXP_ROUNDING_UNIT                        15     0.500      4.296      4.796 
        PSC_UNIT                                 12     0.290      3.663      3.952 
      mul1_add                                 1512   178.467   2854.744   3033.211 
        MAN_MUL_UNIT                           1117   167.385   2749.279   2916.664 
          MUL_UNIT_MAN_UNIT                    1109   167.081   2749.279   2916.360 
            u_booth                             371   120.228   2676.611   2796.839 
            u_wallace                           394    35.682      0.000     35.682 
              STAGE_GEN[0].u_stage              116    11.746      0.000     11.746 
              STAGE_GEN[1].u_stage               85     8.192      0.000      8.192 
              STAGE_GEN[2].u_stage               61     5.842      0.000      5.842 
              STAGE_GEN[3].u_stage               45     3.976      0.000      3.976 
              STAGE_GEN[4].u_stage               44     3.348      0.000      3.348 
              STAGE_GEN[5].u_stage               43     2.578      0.000      2.578 
            u_cla                               282     8.619     58.324     66.943 
              cla_tree                          201     4.536     19.512     24.048 
                MULTI_GROUP.next_level           32     0.776      3.586      4.362 
                  COMPUTE_DE..Y[1].cla_unit      11     0.267      0.633      0.900 
                  COMPUTE_DE..Y[2].cla_unit       8     0.183      1.793      1.976 
                  COMPUTE_DE..Y[0].cla_unit       2     0.066      0.000      0.066 
                  MULTI_GROUP.next_level          1     0.036      0.633      0.669 
                    COMPUTE_DE..Y[0].cla_unit     1     0.036      0.633      0.669 
                COMPUTE_DE..Y[6].cla_unit        11     0.276      0.633      0.908 
                COMPUTE_DE..Y[2].cla_unit        11     0.273      0.000      0.273 
                COMPUTE_DE..Y[4].cla_unit        11     0.266      0.000      0.266 
                COMPUTE_DE..Y[3].cla_unit        11     0.266      0.000      0.266 
                COMPUTE_DE..Y[5].cla_unit        11     0.264      0.000      0.264 
                COMPUTE_DE..[10].cla_unit        11     0.251      2.426      2.676 
                COMPUTE_DE..Y[8].cla_unit        11     0.248      2.426      2.674 
                COMPUTE_DE..Y[9].cla_unit        11     0.246      0.633      0.879 
                COMPUTE_DE..Y[7].cla_unit        11     0.236      0.316      0.553 
                COMPUTE_DE..[11].cla_unit         7     0.153      0.211      0.364 
            u_merge                              62     2.553     14.344     16.897 
              csa_row[27].u_fa                    2     0.064      0.000      0.064 
              csa_row[28].u_fa                    2     0.064      0.000      0.064 
              csa_row[31].u_fa                    2     0.064      0.000      0.064 
              csa_row[32].u_fa                    2     0.064      0.000      0.064 
              csa_row[34].u_fa                    2     0.064      0.000      0.064 
              csa_row[35].u_fa                    2     0.064      0.000      0.064 
              csa_row[36].u_fa                    2     0.064      0.000      0.064 
              csa_row[37].u_fa                    2     0.064      0.000      0.064 
              csa_row[38].u_fa                    2     0.064      0.000      0.064 
              csa_row[40].u_fa                    2     0.064      0.000      0.064 
              csa_row[44].u_fa                    2     0.064      0.000      0.064 
              csa_row[46].u_fa                    2     0.064      0.000      0.064 
              csa_row[10].u_fa                    1     0.060      0.000      0.060 
              csa_row[11].u_fa                    1     0.060      0.527      0.588 
              csa_row[12].u_fa                    1     0.060      0.000      0.060 
              csa_row[13].u_fa                    1     0.060      0.000      0.060 
              csa_row[14].u_fa                    1     0.060      0.527      0.588 
              csa_row[15].u_fa                    1     0.060      0.527      0.588 
              csa_row[16].u_fa                    1     0.060      0.000      0.060 
              csa_row[17].u_fa                    1     0.060      0.000      0.060 
              csa_row[18].u_fa                    1     0.060      0.527      0.588 
              csa_row[19].u_fa                    1     0.060      0.527      0.588 
              csa_row[20].u_fa                    1     0.060      0.527      0.588 
              csa_row[21].u_fa                    1     0.060      0.527      0.588 
              csa_row[22].u_fa                    1     0.060      0.000      0.060 
              csa_row[23].u_fa                    1     0.060      0.527      0.588 
              csa_row[24].u_fa                    1     0.060      0.000      0.060 
              csa_row[29].u_fa                    1     0.060      0.000      0.060 
              csa_row[45].u_fa                    1     0.060      0.000      0.060 
              csa_row[6].u_fa                     1     0.060      0.316      0.377 
              csa_row[7].u_fa                     1     0.060      0.000      0.060 
              csa_row[8].u_fa                     1     0.060      0.000      0.060 
              csa_row[9].u_fa                     1     0.060      0.527      0.588 
              csa_row[25].u_fa                    2     0.060      1.160      1.220 
              csa_row[33].u_fa                    2     0.060      1.160      1.220 
              csa_row[39].u_fa                    2     0.060      1.160      1.220 
              csa_row[43].u_fa                    2     0.060      1.160      1.220 
              csa_row[26].u_fa                    2     0.060      1.160      1.220 
              csa_row[30].u_fa                    2     0.060      1.160      1.220 
              csa_row[41].u_fa                    2     0.060      1.160      1.220 
              csa_row[42].u_fa                    2     0.060      1.160      1.220 
              csa_row[47].u_fa                    1     0.038      0.000      0.038 
        NOR_UNIT                                178     4.722     19.090     23.811 
          SHF_left_unit                         124     3.386     12.234     15.621 
        MAN_ROUNDING_UNIT                        24     1.388      1.898      3.286 
        MUL_EXP_ADJUST_UNIT                      45     1.326     15.952     17.279 
          CLA_8BIT_UNIT                          30     0.947      9.809     10.756 
            CLA_4BIT_UNIT_0                      18     0.470      4.635      5.106 
            CLA_4BIT_UNIT_1                      11     0.443      5.174      5.617 
        LOPD_UNIT                                58     1.174      6.328      7.502 
          LOPD_16bit_UNIT_MSB                    34     0.716      4.746      5.462 
            LOPD_8bit_unit_0                     14     0.320      2.109      2.429 
            LOPD_8bit_unit_1                     14     0.255      2.637      2.891 
          LOPD_8bit_UNIT_LSB                     14     0.293      1.582      1.875 
        EXP_ROUNDING_UNIT                        15     0.500      4.296      4.796 
        MUL_EXP_UNIT                             21     0.458      7.317      7.774 
        PSC_UNIT                                 12     0.347      8.567      8.914 
      DATA_A_IM                                1158    39.407   1328.014   1367.421 
        MAN_ALU                                 217     7.006    141.490    148.496 
          ALU_SUB_UNIT                          120     3.821     60.230     64.050 
            CLA_BLOCK_..CLA_4BIT_UNIT            18     0.625     18.736     19.361 
            CLA_BLOCK_..CLA_4BIT_UNIT            18     0.590      0.309      0.899 
            CLA_BLOCK_..CLA_4BIT_UNIT            18     0.565      0.306      0.871 
            CLA_BLOCK_..CLA_4BIT_UNIT            18     0.562      5.083      5.645 
            CLA_BLOCK_..CLA_4BIT_UNIT            15     0.506     16.118     16.625 
            CLA_BLOCK_..CLA_4BIT_UNIT            18     0.478     16.565     17.043 
        NOR_UNIT                                208     6.635    268.601    275.236 
          SHF_left_unit                         143     4.481    155.171    159.651 
        SHF_RIGHT_MAN                           138     4.455    186.455    190.909 
        PSC_UNIT                                 88     2.703     57.553     60.256 
        MAN_COMP_24BIT                           78     2.311     41.983     44.293 
          u_i_data_3                             13     0.406      2.045      2.451 
          u_i_data_4                             13     0.399     15.713     16.112 
          u_i_data_1                             13     0.375      4.251      4.626 
          u_i_data_2                             13     0.366      7.919      8.285 
          u_i_data_5                             10     0.323      0.000      0.323 
          u_i_data_0                             10     0.236      9.257      9.493 
        MAN_SWAP                                 50     1.808     49.484     51.292 
        MAN_SWAP_PRE                             46     1.496     54.538     56.034 
        MAN_RND                                  26     1.463     32.856     34.319 
        LOPD_24BIT                               58     1.413     30.319     31.732 
          LOPD_16bit_UNIT_MSB                    34     0.875     20.235     21.110 
            LOPD_8bit_unit_0                     14     0.385      8.970      9.356 
            LOPD_8bit_unit_1                     14     0.340      9.477      9.817 
          LOPD_8bit_UNIT_LSB                     14     0.273      6.490      6.763 
        EXP_ADJUST                               37     1.178     53.853     55.031 
          CLA_8BIT_UNIT                          30     0.990     37.262     38.252 
            CLA_4BIT_UNIT_0                      18     0.541     20.378     20.919 
            CLA_4BIT_UNIT_1                      11     0.422     15.243     15.665 
        EXP_SUB                                  25     0.774     40.159     40.932 
          CLA_8BIT_UNIT                          20     0.712     37.606     38.319 
            CLA_4BIT_UNIT_0                      17     0.616     37.606     38.223 
            CLA_4BIT_UNIT_1                       2     0.075      0.000      0.075 
        EXP_COM_8BIT                             24     0.652      9.249      9.901 
          COMP_LESS_UNIT                         24     0.652      9.249      9.901 
            u_high                               13     0.310      2.015      2.325 
            u_low                                10     0.244      7.234      7.478 
        EXP_RND                                  15     0.484      7.087      7.572 
        EXP_SWAP                                 13     0.373      9.454      9.826 
        MAN_ALU_PROC_RND                          7     0.243     13.522     13.766 
        SIGN_UNIT                                 2     0.041      2.521      2.562 
      DATA_A_RE                                1161    38.922   1243.290   1282.212 
        MAN_ALU                                 219     7.094    201.751    208.845 
          ALU_SUB_UNIT                          120     3.755    112.681    116.437 
            CLA_BLOCK_..CLA_4BIT_UNIT            18     0.626     25.917     26.543 
            CLA_BLOCK_..CLA_4BIT_UNIT            18     0.580      0.000      0.580 
            CLA_BLOCK_..CLA_4BIT_UNIT            18     0.547     13.614     14.161 
            CLA_BLOCK_..CLA_4BIT_UNIT            18     0.539     25.687     26.226 
            CLA_BLOCK_..CLA_4BIT_UNIT            15     0.492     17.218     17.710 
            CLA_BLOCK_..CLA_4BIT_UNIT            18     0.492     18.265     18.757 
        NOR_UNIT                                208     6.753    222.152    228.905 
          SHF_left_unit                         143     4.465    161.228    165.693 
        SHF_RIGHT_MAN                           137     4.425    185.841    190.266 
        PSC_UNIT                                 89     2.587     49.265     51.852 
        MAN_COMP_24BIT                           78     2.311     41.983     44.293 
          u_i_data_3                             13     0.406      2.045      2.451 
          u_i_data_4                             13     0.399     15.713     16.112 
          u_i_data_1                             13     0.375      4.251      4.626 
          u_i_data_2                             13     0.366      7.919      8.285 
          u_i_data_5                             10     0.323      0.000      0.323 
          u_i_data_0                             10     0.236      9.257      9.492 
        MAN_SWAP                                 52     1.836     50.327     52.162 
        MAN_SWAP_PRE                             46     1.517     55.363     56.881 
        LOPD_24BIT                               58     1.489     25.530     27.019 
          LOPD_16bit_UNIT_MSB                    34     0.864     17.961     18.825 
            LOPD_8bit_unit_1                     14     0.366      5.923      6.289 
            LOPD_8bit_unit_0                     14     0.346     12.027     12.374 
          LOPD_8bit_UNIT_LSB                     14     0.354      7.299      7.653 
        MAN_RND                                  26     1.451     28.839     30.290 
        EXP_ADJUST                               37     1.156     11.770     12.927 
          CLA_8BIT_UNIT                          30     1.056     11.770     12.827 
            CLA_4BIT_UNIT_0                      18     0.555      5.562      6.117 
            CLA_4BIT_UNIT_1                      11     0.472      6.208      6.680 
        EXP_SUB                                  25     0.774     40.159     40.932 
          CLA_8BIT_UNIT                          20     0.712     37.606     38.319 
            CLA_4BIT_UNIT_0                      17     0.616     37.606     38.223 
            CLA_4BIT_UNIT_1                       2     0.075      0.000      0.075 
        EXP_COM_8BIT                             24     0.652      9.249      9.901 
          COMP_LESS_UNIT                         24     0.652      9.249      9.901 
            u_high                               13     0.310      2.015      2.325 
            u_low                                10     0.244      7.234      7.478 
        EXP_RND                                  15     0.479      5.010      5.489 
        EXP_SWAP                                 13     0.373      9.454      9.826 
        MAN_ALU_PROC_RND                          7     0.243     13.522     13.765 
        SIGN_UNIT                                 1     0.034      3.980      4.013 
    INPUT_DATA_7                               5343   434.092   8922.653   9356.745 
      mul1_sub                                 1512   179.566   3849.569   4029.135 
        MAN_MUL_UNIT                           1117   168.700   3660.671   3829.370 
          MUL_UNIT_MAN_UNIT                    1109   168.325   3659.616   3827.941 
            u_booth                             371   121.457   3568.702   3690.159 
            u_wallace                           394    35.682      0.000     35.682 
              STAGE_GEN[0].u_stage              116    11.746      0.000     11.746 
              STAGE_GEN[1].u_stage               85     8.192      0.000      8.192 
              STAGE_GEN[2].u_stage               61     5.842      0.000      5.842 
              STAGE_GEN[3].u_stage               45     3.976      0.000      3.976 
              STAGE_GEN[4].u_stage               44     3.348      0.000      3.348 
              STAGE_GEN[5].u_stage               43     2.578      0.000      2.578 
            u_cla                               282     8.648     72.352     81.000 
              cla_tree                          201     4.544     19.828     24.372 
                MULTI_GROUP.next_level           32     0.782      3.270      4.052 
                  COMPUTE_DE..Y[1].cla_unit      11     0.270      0.633      0.903 
                  COMPUTE_DE..Y[2].cla_unit       8     0.189      2.320      2.510 
                  COMPUTE_DE..Y[0].cla_unit       2     0.066      0.000      0.066 
                  MULTI_GROUP.next_level          1     0.033      0.000      0.033 
                    COMPUTE_DE..Y[0].cla_unit     1     0.033      0.000      0.033 
                COMPUTE_DE..Y[3].cla_unit        11     0.275      0.000      0.275 
                COMPUTE_DE..Y[2].cla_unit        11     0.269      0.000      0.269 
                COMPUTE_DE..Y[5].cla_unit        11     0.266      0.000      0.266 
                COMPUTE_DE..Y[6].cla_unit        11     0.265      0.316      0.581 
                COMPUTE_DE..Y[4].cla_unit        11     0.264      0.000      0.264 
                COMPUTE_DE..Y[8].cla_unit        11     0.255      1.266      1.521 
                COMPUTE_DE..[10].cla_unit        11     0.254      2.426      2.680 
                COMPUTE_DE..Y[9].cla_unit        11     0.251      2.426      2.676 
                COMPUTE_DE..Y[7].cla_unit        11     0.236      0.844      1.080 
                COMPUTE_DE..[11].cla_unit         7     0.162      1.477      1.639 
            u_merge                              62     2.538     18.563     21.101 
              csa_row[27].u_fa                    2     0.064      0.000      0.064 
              csa_row[28].u_fa                    2     0.064      0.000      0.064 
              csa_row[30].u_fa                    2     0.064      0.000      0.064 
              csa_row[31].u_fa                    2     0.064      0.000      0.064 
              csa_row[36].u_fa                    2     0.064      0.000      0.064 
              csa_row[40].u_fa                    2     0.064      0.000      0.064 
              csa_row[42].u_fa                    2     0.064      0.000      0.064 
              csa_row[46].u_fa                    2     0.064      0.000      0.064 
              csa_row[10].u_fa                    1     0.060      0.527      0.588 
              csa_row[11].u_fa                    1     0.060      0.527      0.588 
              csa_row[12].u_fa                    1     0.060      0.000      0.060 
              csa_row[13].u_fa                    1     0.060      0.527      0.588 
              csa_row[14].u_fa                    1     0.060      0.000      0.060 
              csa_row[15].u_fa                    1     0.060      0.000      0.060 
              csa_row[16].u_fa                    1     0.060      0.527      0.588 
              csa_row[17].u_fa                    1     0.060      0.000      0.060 
              csa_row[18].u_fa                    1     0.060      0.000      0.060 
              csa_row[19].u_fa                    1     0.060      0.000      0.060 
              csa_row[20].u_fa                    1     0.060      0.000      0.060 
              csa_row[21].u_fa                    1     0.060      0.422      0.482 
              csa_row[22].u_fa                    1     0.060      0.000      0.060 
              csa_row[23].u_fa                    1     0.060      0.527      0.588 
              csa_row[24].u_fa                    1     0.060      0.000      0.060 
              csa_row[29].u_fa                    1     0.060      0.000      0.060 
              csa_row[45].u_fa                    1     0.060      0.527      0.588 
              csa_row[6].u_fa                     1     0.060      0.000      0.060 
              csa_row[7].u_fa                     1     0.060      0.527      0.588 
              csa_row[8].u_fa                     1     0.060      0.000      0.060 
              csa_row[9].u_fa                     1     0.060      0.527      0.588 
              csa_row[33].u_fa                    2     0.060      1.160      1.220 
              csa_row[39].u_fa                    2     0.060      1.160      1.220 
              csa_row[41].u_fa                    2     0.060      1.160      1.220 
              csa_row[43].u_fa                    2     0.060      1.160      1.220 
              csa_row[25].u_fa                    2     0.060      1.160      1.220 
              csa_row[26].u_fa                    2     0.060      1.160      1.220 
              csa_row[32].u_fa                    2     0.060      1.160      1.220 
              csa_row[34].u_fa                    2     0.060      1.160      1.220 
              csa_row[35].u_fa                    2     0.060      1.160      1.220 
              csa_row[37].u_fa                    2     0.060      1.160      1.220 
              csa_row[38].u_fa                    2     0.060      1.160      1.220 
              csa_row[44].u_fa                    2     0.060      1.160      1.220 
              csa_row[47].u_fa                    1     0.038      0.000      0.038 
        NOR_UNIT                                178     4.610     46.406     51.016 
          SHF_left_unit                         124     3.269     25.207     28.476 
        MUL_EXP_ADJUST_UNIT                      45     1.387     23.677     25.064 
          CLA_8BIT_UNIT                          30     0.967     13.934     14.902 
            CLA_4BIT_UNIT_0                      18     0.491      8.760      9.251 
            CLA_4BIT_UNIT_1                      11     0.443      5.174      5.617 
        MAN_ROUNDING_UNIT                        24     1.382      2.742      4.125 
        LOPD_UNIT                                58     1.120      9.598     10.717 
          LOPD_16bit_UNIT_MSB                    34     0.721      6.117      6.838 
            LOPD_8bit_unit_0                     14     0.287      3.059      3.345 
            LOPD_8bit_unit_1                     14     0.281      2.848      3.129 
          LOPD_8bit_UNIT_LSB                     14     0.240      1.477      1.716 
        MUL_EXP_UNIT                             21     0.482      7.038      7.520 
        EXP_ROUNDING_UNIT                        15     0.479      6.029      6.508 
        PSC_UNIT                                 12     0.344     19.172     19.516 
      mul1_add                                 1512   177.823   2074.661   2252.484 
        MAN_MUL_UNIT                           1117   166.584   1874.709   2041.293 
          MUL_UNIT_MAN_UNIT                    1109   166.287   1874.498   2040.785 
            u_booth                             371   119.417   1784.006   1903.423 
            u_wallace                           394    35.682      0.000     35.682 
              STAGE_GEN[0].u_stage              116    11.746      0.000     11.746 
              STAGE_GEN[1].u_stage               85     8.192      0.000      8.192 
              STAGE_GEN[2].u_stage               61     5.842      0.000      5.842 
              STAGE_GEN[3].u_stage               45     3.976      0.000      3.976 
              STAGE_GEN[4].u_stage               44     3.348      0.000      3.348 
              STAGE_GEN[5].u_stage               43     2.578      0.000      2.578 
            u_cla                               282     8.653     70.453     79.106 
              cla_tree                          201     4.548     18.879     23.427 
                MULTI_GROUP.next_level           32     0.781      2.953      3.734 
                  COMPUTE_DE..Y[1].cla_unit      11     0.270      0.633      0.903 
                  COMPUTE_DE..Y[2].cla_unit       8     0.188      2.004      2.191 
                  COMPUTE_DE..Y[0].cla_unit       2     0.066      0.000      0.066 
                  MULTI_GROUP.next_level          1     0.033      0.000      0.033 
                    COMPUTE_DE..Y[0].cla_unit     1     0.033      0.000      0.033 
                COMPUTE_DE..Y[4].cla_unit        11     0.273      0.000      0.273 
                COMPUTE_DE..Y[3].cla_unit        11     0.273      0.000      0.273 
                COMPUTE_DE..Y[9].cla_unit        11     0.270      2.637      2.906 
                COMPUTE_DE..Y[6].cla_unit        11     0.268      0.949      1.217 
                COMPUTE_DE..Y[2].cla_unit        11     0.266      0.000      0.266 
                COMPUTE_DE..Y[5].cla_unit        11     0.264      0.000      0.264 
                COMPUTE_DE..Y[8].cla_unit        11     0.252      1.793      2.045 
                COMPUTE_DE..Y[7].cla_unit        11     0.246      0.844      1.090 
                COMPUTE_DE..[10].cla_unit        11     0.245      2.215      2.460 
                COMPUTE_DE..[11].cla_unit         7     0.156      0.738      0.895 
            u_merge                              62     2.535     20.039     22.574 
              csa_row[26].u_fa                    2     0.064      0.000      0.064 
              csa_row[27].u_fa                    2     0.064      0.000      0.064 
              csa_row[28].u_fa                    2     0.064      0.000      0.064 
              csa_row[33].u_fa                    2     0.064      0.000      0.064 
              csa_row[34].u_fa                    2     0.064      0.000      0.064 
              csa_row[41].u_fa                    2     0.064      0.000      0.064 
              csa_row[42].u_fa                    2     0.064      0.000      0.064 
              csa_row[10].u_fa                    1     0.060      0.527      0.588 
              csa_row[11].u_fa                    1     0.060      0.527      0.588 
              csa_row[12].u_fa                    1     0.060      0.000      0.060 
              csa_row[13].u_fa                    1     0.060      0.000      0.060 
              csa_row[14].u_fa                    1     0.060      0.000      0.060 
              csa_row[15].u_fa                    1     0.060      0.000      0.060 
              csa_row[16].u_fa                    1     0.060      0.000      0.060 
              csa_row[17].u_fa                    1     0.060      0.527      0.588 
              csa_row[18].u_fa                    1     0.060      0.000      0.060 
              csa_row[19].u_fa                    1     0.060      0.527      0.588 
              csa_row[20].u_fa                    1     0.060      0.527      0.588 
              csa_row[21].u_fa                    1     0.060      0.527      0.588 
              csa_row[22].u_fa                    1     0.060      0.000      0.060 
              csa_row[23].u_fa                    1     0.060      0.527      0.588 
              csa_row[24].u_fa                    1     0.060      0.000      0.060 
              csa_row[29].u_fa                    1     0.060      0.527      0.588 
              csa_row[45].u_fa                    1     0.060      0.000      0.060 
              csa_row[6].u_fa                     1     0.060      0.316      0.377 
              csa_row[7].u_fa                     1     0.060      0.527      0.588 
              csa_row[8].u_fa                     1     0.060      0.000      0.060 
              csa_row[9].u_fa                     1     0.060      0.000      0.060 
              csa_row[25].u_fa                    2     0.060      1.160      1.220 
              csa_row[35].u_fa                    2     0.060      1.160      1.220 
              csa_row[38].u_fa                    2     0.060      1.160      1.220 
              csa_row[39].u_fa                    2     0.060      1.160      1.220 
              csa_row[40].u_fa                    2     0.060      1.160      1.220 
              csa_row[46].u_fa                    2     0.060      1.055      1.115 
              csa_row[30].u_fa                    2     0.060      1.160      1.220 
              csa_row[31].u_fa                    2     0.060      1.160      1.220 
              csa_row[32].u_fa                    2     0.060      1.160      1.220 
              csa_row[36].u_fa                    2     0.060      1.160      1.220 
              csa_row[37].u_fa                    2     0.060      1.160      1.220 
              csa_row[43].u_fa                    2     0.060      1.160      1.220 
              csa_row[44].u_fa                    2     0.060      1.160      1.220 
              csa_row[47].u_fa                    1     0.038      0.000      0.038 
        NOR_UNIT                                178     4.730     55.266     59.996 
          SHF_left_unit                         124     3.401     34.066     37.467 
        MUL_EXP_ADJUST_UNIT                      45     1.404     18.307     19.712 
          CLA_8BIT_UNIT                          30     0.975     11.531     12.506 
            CLA_4BIT_UNIT_0                      18     0.501      6.328      6.830 
            CLA_4BIT_UNIT_1                      11     0.443      5.174      5.617 
        MAN_ROUNDING_UNIT                        24     1.383      2.320      3.704 
        LOPD_UNIT                                58     1.115      8.648      9.764 
          LOPD_16bit_UNIT_MSB                    34     0.697      4.113      4.810 
            LOPD_8bit_unit_1                     14     0.277      2.109      2.386 
            LOPD_8bit_unit_0                     14     0.264      1.793      2.057 
          LOPD_8bit_UNIT_LSB                     14     0.260      2.426      2.686 
        MUL_EXP_UNIT                             21     0.518     15.240     15.758 
        EXP_ROUNDING_UNIT                        15     0.475      4.296      4.771 
        PSC_UNIT                                 12     0.419     18.213     18.632 
      DATA_A_IM                                1158    38.366   1609.161   1647.527 
        MAN_ALU                                 217     6.811    234.135    240.946 
          ALU_SUB_UNIT                          120     3.692    138.878    142.570 
            CLA_BLOCK_..CLA_4BIT_UNIT            18     0.596     27.140     27.736 
            CLA_BLOCK_..CLA_4BIT_UNIT            18     0.536     18.590     19.126 
            CLA_BLOCK_..CLA_4BIT_UNIT            15     0.533      1.785      2.318 
            CLA_BLOCK_..CLA_4BIT_UNIT            18     0.527     25.087     25.614 
            CLA_BLOCK_..CLA_4BIT_UNIT            18     0.513     25.320     25.833 
            CLA_BLOCK_..CLA_4BIT_UNIT            18     0.509     26.386     26.895 
        NOR_UNIT                                208     6.566    262.358    268.925 
          SHF_left_unit                         143     4.469    141.066    145.535 
        SHF_RIGHT_MAN                           138     4.440    222.952    227.392 
        PSC_UNIT                                 88     2.615     81.803     84.417 
        MAN_COMP_24BIT                           78     2.256     74.492     76.748 
          u_i_data_3                             13     0.396      5.687      6.083 
          u_i_data_4                             13     0.379     19.669     20.048 
          u_i_data_2                             13     0.370     18.719     19.088 
          u_i_data_1                             13     0.360     10.010     10.371 
          u_i_data_5                             10     0.305      3.154      3.458 
          u_i_data_0                             10     0.226     11.726     11.952 
        MAN_SWAP                                 50     1.779     68.653     70.432 
        MAN_RND                                  26     1.466     25.982     27.447 
        MAN_SWAP_PRE                             46     1.461     69.051     70.512 
        LOPD_24BIT                               58     1.308     29.371     30.679 
          LOPD_16bit_UNIT_MSB                    34     0.762     14.751     15.513 
            LOPD_8bit_unit_1                     14     0.306      3.512      3.818 
            LOPD_8bit_unit_0                     14     0.300      9.452      9.752 
          LOPD_8bit_UNIT_LSB                     14     0.281     11.026     11.308 
        EXP_ADJUST                               37     1.212     46.257     47.469 
          CLA_8BIT_UNIT                          30     1.024     29.666     30.690 
            CLA_4BIT_UNIT_0                      18     0.579     12.667     13.246 
            CLA_4BIT_UNIT_1                      11     0.422     15.243     15.665 
        EXP_SUB                                  25     0.774     39.412     40.186 
          CLA_8BIT_UNIT                          20     0.720     38.347     39.067 
            CLA_4BIT_UNIT_0                      17     0.624     38.347     38.971 
            CLA_4BIT_UNIT_1                       2     0.075      0.000      0.075 
        EXP_COM_8BIT                             24     0.634      6.485      7.119 
          COMP_LESS_UNIT                         24     0.634      6.485      7.119 
            u_high                               13     0.310      2.015      2.325 
            u_low                                10     0.226      4.470      4.695 
        EXP_RND                                  15     0.475      5.010      5.485 
        EXP_SWAP                                 13     0.366     13.834     14.199 
        MAN_ALU_PROC_RND                          7     0.228      8.297      8.525 
        SIGN_UNIT                                 2     0.044      2.517      2.561 
      DATA_A_RE                                1161    38.337   1389.262   1427.599 
        MAN_ALU                                 219     7.178    209.079    216.258 
          ALU_SUB_UNIT                          120     3.853    105.430    109.283 
            CLA_BLOCK_..CLA_4BIT_UNIT            18     0.653     13.210     13.864 
            CLA_BLOCK_..CLA_4BIT_UNIT            18     0.588     16.348     16.936 
            CLA_BLOCK_..CLA_4BIT_UNIT            18     0.568     16.724     17.293 
            CLA_BLOCK_..CLA_4BIT_UNIT            18     0.543     11.221     11.764 
            CLA_BLOCK_..CLA_4BIT_UNIT            18     0.522     26.758     27.280 
            CLA_BLOCK_..CLA_4BIT_UNIT            15     0.480     12.080     12.560 
        NOR_UNIT                                208     6.564    242.376    248.940 
          SHF_left_unit                         143     4.396    174.709    179.105 
        SHF_RIGHT_MAN                           137     4.406    221.771    226.177 
        PSC_UNIT                                 89     2.546     78.728     81.274 
        MAN_COMP_24BIT                           78     2.262     74.550     76.812 
          u_i_data_3                             13     0.396      5.687      6.083 
          u_i_data_4                             13     0.379     19.669     20.048 
          u_i_data_2                             13     0.370     18.718     19.088 
          u_i_data_1                             13     0.360     10.011     10.371 
          u_i_data_5                             10     0.310      3.217      3.528 
          u_i_data_0                             10     0.226     11.720     11.946 
        MAN_SWAP                                 52     1.806     69.599     71.405 
        MAN_SWAP_PRE                             46     1.482     69.051     70.533 
        MAN_RND                                  26     1.458     33.929     35.387 
        LOPD_24BIT                               58     1.424     42.196     43.620 
          LOPD_16bit_UNIT_MSB                    34     0.818     23.901     24.719 
            LOPD_8bit_unit_1                     14     0.334      8.669      9.003 
            LOPD_8bit_unit_0                     14     0.332     15.221     15.553 
          LOPD_8bit_UNIT_LSB                     14     0.335     18.025     18.360 
        EXP_ADJUST                               37     1.178     26.106     27.284 
          CLA_8BIT_UNIT                          30     1.078     26.106     27.184 
            CLA_4BIT_UNIT_0                      18     0.579     19.869     20.449 
            CLA_4BIT_UNIT_1                      11     0.472      6.208      6.680 
        EXP_SUB                                  25     0.774     39.201     39.975 
          CLA_8BIT_UNIT                          20     0.720     38.136     38.856 
            CLA_4BIT_UNIT_0                      17     0.624     38.136     38.760 
            CLA_4BIT_UNIT_1                       2     0.075      0.000      0.075 
        EXP_COM_8BIT                             24     0.634      6.485      7.119 
          COMP_LESS_UNIT                         24     0.634      6.485      7.119 
            u_high                               13     0.310      2.015      2.325 
            u_low                                10     0.226      4.470      4.695 
        EXP_RND                                  15     0.482      9.593     10.076 
        EXP_SWAP                                 13     0.366     13.834     14.199 
        MAN_ALU_PROC_RND                          7     0.228      8.296      8.524 
        SIGN_UNIT                                 1     0.031      1.769      1.800 
    BFU2_UNIT3                                 4546   145.508   3900.355   4045.864 
      DATA_A_IM                                1137    36.631   1343.826   1380.457 
        MAN_ALU                                 219     7.079    249.053    256.132 
          ALU_SUB_UNIT                          120     3.656    150.967    154.623 
            CLA_BLOCK_..CLA_4BIT_UNIT            18     0.605     15.454     16.059 
            CLA_BLOCK_..CLA_4BIT_UNIT            18     0.535     27.322     27.857 
            CLA_BLOCK_..CLA_4BIT_UNIT            18     0.531     22.650     23.181 
            CLA_BLOCK_..CLA_4BIT_UNIT            18     0.515     25.480     25.995 
            CLA_BLOCK_..CLA_4BIT_UNIT            18     0.511     21.833     22.344 
            CLA_BLOCK_..CLA_4BIT_UNIT            15     0.499     20.275     20.774 
        NOR_UNIT                                208     6.845    298.976    305.821 
          SHF_left_unit                         143     4.640    186.062    190.702 
        SHF_RIGHT_MAN                           137     4.133    110.086    114.219 
        PSC_UNIT                                 87     2.686     73.348     76.034 
        MAN_COMP_24BIT                           78     2.351     66.374     68.725 
          u_i_data_3                             13     0.408     11.809     12.217 
          u_i_data_4                             13     0.396      9.997     10.392 
          u_i_data_1                             13     0.376      7.311      7.688 
          u_i_data_2                             13     0.369      8.237      8.606 
          u_i_data_5                             10     0.288      5.462      5.750 
          u_i_data_0                             10     0.243      3.521      3.764 
        MAN_SWAP                                 52     1.701     86.482     88.183 
        MAN_SWAP_PRE                             46     1.645     61.094     62.739 
        MAN_RND                                  26     1.499     32.094     33.594 
        LOPD_24BIT                               58     1.395     53.106     54.501 
          LOPD_16bit_UNIT_MSB                    34     0.868     41.458     42.326 
            LOPD_8bit_unit_1                     14     0.366     24.938     25.304 
            LOPD_8bit_unit_0                     14     0.351     12.924     13.275 
          LOPD_8bit_UNIT_LSB                     14     0.282      4.460      4.742 
        EXP_ADJUST                               37     1.133     52.010     53.143 
          CLA_8BIT_UNIT                          30     0.950     37.827     38.777 
            CLA_4BIT_UNIT_0                      18     0.504     20.941     21.445 
            CLA_4BIT_UNIT_1                      11     0.420     15.243     15.664 
        EXP_SUB                                  25     0.769     68.204     68.973 
          CLA_8BIT_UNIT                          20     0.701     62.562     63.263 
            CLA_4BIT_UNIT_0                      17     0.607     54.944     55.551 
            CLA_4BIT_UNIT_1                       2     0.076      7.615      7.692 
        EXP_COM_8BIT                             24     0.674     51.691     52.365 
          COMP_LESS_UNIT                         24     0.674     51.691     52.365 
            u_high                               13     0.344     17.398     17.742 
            u_low                                10     0.234     10.465     10.700 
        EXP_RND                                  15     0.482      9.592     10.074 
        EXP_SWAP                                 13     0.371     20.642     21.013 
        MAN_ALU_PROC_RND                          7     0.251     10.963     11.214 
        SIGN_UNIT                                 1     0.027      1.773      1.800 
      DATA_A_RE                                1137    36.587    641.942    678.529 
        MAN_ALU                                 219     7.387    123.172    130.559 
          ALU_SUB_UNIT                          120     3.933     66.882     70.814 
            CLA_BLOCK_..CLA_4BIT_UNIT            18     0.602     15.916     16.518 
            CLA_BLOCK_..CLA_4BIT_UNIT            18     0.588     12.544     13.132 
            CLA_BLOCK_..CLA_4BIT_UNIT            18     0.578     12.711     13.288 
            CLA_BLOCK_..CLA_4BIT_UNIT            18     0.565     11.712     12.276 
            CLA_BLOCK_..CLA_4BIT_UNIT            18     0.557     11.707     12.264 
            CLA_BLOCK_..CLA_4BIT_UNIT            15     0.550      0.000      0.550 
        NOR_UNIT                                208     6.570    130.415    136.984 
          SHF_left_unit                         143     4.378     91.648     96.027 
        SHF_RIGHT_MAN                           137     4.207     64.783     68.990 
        PSC_UNIT                                 87     2.628     39.249     41.877 
        MAN_COMP_24BIT                           78     2.379     52.748     55.126 
          u_i_data_3                             13     0.424     10.542     10.966 
          u_i_data_4                             13     0.415      0.000      0.415 
          u_i_data_2                             13     0.407      8.826      9.233 
          u_i_data_1                             13     0.367     16.795     17.162 
          u_i_data_5                             10     0.308      5.460      5.768 
          u_i_data_0                             10     0.234      2.964      3.197 
        MAN_SWAP                                 52     1.886     34.559     36.445 
        MAN_SWAP_PRE                             46     1.487     41.843     43.330 
        LOPD_24BIT                               58     1.447     32.611     34.058 
          LOPD_16bit_UNIT_MSB                    34     0.873     25.388     26.261 
            LOPD_8bit_unit_1                     14     0.366      6.588      6.954 
            LOPD_8bit_unit_0                     14     0.365     18.784     19.149 
          LOPD_8bit_UNIT_LSB                     14     0.303      6.953      7.256 
        MAN_RND                                  26     1.434     21.196     22.630 
        EXP_ADJUST                               37     1.178     12.940     14.118 
          CLA_8BIT_UNIT                          30     1.078     12.940     14.018 
            CLA_4BIT_UNIT_0                      18     0.586      7.070      7.657 
            CLA_4BIT_UNIT_1                      11     0.465      5.841      6.306 
        EXP_SUB                                  25     0.735      1.477      2.211 
          CLA_8BIT_UNIT                          20     0.667      0.306      0.973 
            CLA_4BIT_UNIT_0                      17     0.567      0.306      0.873 
            CLA_4BIT_UNIT_1                       2     0.078      0.000      0.078 
        EXP_COM_8BIT                             24     0.731      6.188      6.919 
          COMP_LESS_UNIT                         24     0.731      6.188      6.919 
            u_high                               13     0.368      4.523      4.891 
            u_low                                10     0.252      1.665      1.917 
        EXP_RND                                  15     0.475      5.010      5.485 
        EXP_SWAP                                 13     0.332      7.485      7.817 
        MAN_ALU_PROC_RND                          7     0.220      0.000      0.220 
        SIGN_UNIT                                 1     0.027      1.773      1.800 
      DATA_B_IM                                1136    36.351   1161.260   1197.611 
        MAN_ALU                                 217     7.091    184.260    191.351 
          ALU_SUB_UNIT                          120     3.892     78.276     82.168 
            CLA_BLOCK_..CLA_4BIT_UNIT            18     0.631     16.810     17.441 
            CLA_BLOCK_..CLA_4BIT_UNIT            18     0.576     10.124     10.700 
            CLA_BLOCK_..CLA_4BIT_UNIT            18     0.562     11.899     12.461 
            CLA_BLOCK_..CLA_4BIT_UNIT            18     0.546     17.588     18.134 
            CLA_BLOCK_..CLA_4BIT_UNIT            18     0.537      9.530     10.068 
            CLA_BLOCK_..CLA_4BIT_UNIT            15     0.534      9.738     10.272 
        NOR_UNIT                                208     6.455    208.144    214.599 
          SHF_left_unit                         143     4.373    121.891    126.264 
        SHF_RIGHT_MAN                           138     4.170    110.612    114.782 
        PSC_UNIT                                 88     2.785     65.577     68.363 
        MAN_COMP_24BIT                           78     2.351     66.374     68.725 
          u_i_data_3                             13     0.408     11.809     12.217 
          u_i_data_4                             13     0.396      9.997     10.392 
          u_i_data_1                             13     0.376      7.311      7.688 
          u_i_data_2                             13     0.369      8.237      8.606 
          u_i_data_5                             10     0.288      5.462      5.750 
          u_i_data_0                             10     0.243      3.521      3.764 
        MAN_SWAP                                 50     1.673     85.955     87.628 
        MAN_SWAP_PRE                             46     1.618     60.690     62.308 
        MAN_RND                                  26     1.497     31.219     32.716 
        LOPD_24BIT                               58     1.315     26.305     27.620 
          LOPD_16bit_UNIT_MSB                    34     0.802     16.554     17.356 
            LOPD_8bit_unit_0                     14     0.335      8.617      8.952 
            LOPD_8bit_unit_1                     14     0.315      6.139      6.453 
          LOPD_8bit_UNIT_LSB                     14     0.249      6.022      6.271 
        EXP_ADJUST                               37     1.159     47.875     49.034 
          CLA_8BIT_UNIT                          30     1.036     45.208     46.243 
            CLA_4BIT_UNIT_0                      18     0.560     22.419     22.979 
            CLA_4BIT_UNIT_1                      11     0.446     21.154     21.599 
        EXP_SUB                                  25     0.769     68.521     69.290 
          CLA_8BIT_UNIT                          20     0.701     62.879     63.580 
            CLA_4BIT_UNIT_0                      17     0.607     54.945     55.552 
            CLA_4BIT_UNIT_1                       2     0.076      7.932      8.008 
        EXP_COM_8BIT                             24     0.674     51.691     52.365 
          COMP_LESS_UNIT                         24     0.674     51.691     52.365 
            u_high                               13     0.344     17.398     17.742 
            u_low                                10     0.234     10.465     10.700 
        EXP_RND                                  15     0.488     14.599     15.086 
        EXP_SWAP                                 13     0.371     20.642     21.013 
        MAN_ALU_PROC_RND                          7     0.251     10.963     11.214 
        SIGN_UNIT                                 2     0.034      1.982      2.015 
      DATA_B_RE                                1136    35.939    753.328    789.266 
        MAN_ALU                                 217     7.091    193.775    200.866 
          ALU_SUB_UNIT                          120     3.710    125.749    129.460 
            CLA_BLOCK_..CLA_4BIT_UNIT            18     0.651     16.787     17.438 
            CLA_BLOCK_..CLA_4BIT_UNIT            18     0.550     18.008     18.558 
            CLA_BLOCK_..CLA_4BIT_UNIT            18     0.526     23.243     23.769 
            CLA_BLOCK_..CLA_4BIT_UNIT            15     0.520     16.031     16.551 
            CLA_BLOCK_..CLA_4BIT_UNIT            18     0.507     22.942     23.448 
            CLA_BLOCK_..CLA_4BIT_UNIT            18     0.488     14.283     14.771 
        NOR_UNIT                                208     6.359    173.464    179.823 
          SHF_left_unit                         143     4.295    121.871    126.166 
        SHF_RIGHT_MAN                           138     4.207     66.656     70.864 
        PSC_UNIT                                 88     2.637     38.926     41.563 
        MAN_COMP_24BIT                           78     2.379     52.748     55.126 
          u_i_data_3                             13     0.424     10.542     10.966 
          u_i_data_4                             13     0.415      0.000      0.415 
          u_i_data_2                             13     0.407      8.826      9.233 
          u_i_data_1                             13     0.367     16.795     17.162 
          u_i_data_5                             10     0.308      5.460      5.768 
          u_i_data_0                             10     0.234      2.964      3.197 
        MAN_SWAP                                 50     1.859     34.453     36.312 
        MAN_SWAP_PRE                             46     1.464     40.605     42.069 
        MAN_RND                                  26     1.451     28.684     30.135 
        LOPD_24BIT                               58     1.305     19.006     20.311 
          LOPD_16bit_UNIT_MSB                    34     0.743     13.327     14.070 
            LOPD_8bit_unit_1                     14     0.307      8.657      8.965 
            LOPD_8bit_unit_0                     14     0.283      4.659      4.942 
          LOPD_8bit_UNIT_LSB                     14     0.281      5.679      5.959 
        EXP_ADJUST                               37     1.178     12.940     14.118 
          CLA_8BIT_UNIT                          30     1.078     12.940     14.018 
            CLA_4BIT_UNIT_0                      18     0.586      7.070      7.657 
            CLA_4BIT_UNIT_1                      11     0.465      5.841      6.306 
        EXP_SUB                                  25     0.751      1.477      2.228 
          CLA_8BIT_UNIT                          20     0.683      0.306      0.989 
            CLA_4BIT_UNIT_0                      17     0.584      0.306      0.890 
            CLA_4BIT_UNIT_1                       2     0.078      0.000      0.078 
        EXP_COM_8BIT                             24     0.731      6.188      6.919 
          COMP_LESS_UNIT                         24     0.731      6.188      6.919 
            u_high                               13     0.368      4.523      4.891 
            u_low                                10     0.252      1.665      1.917 
        EXP_RND                                  15     0.475      5.010      5.485 
        EXP_SWAP                                 13     0.332      7.485      7.817 
        MAN_ALU_PROC_RND                          7     0.220      0.000      0.220 
        SIGN_UNIT                                 2     0.034      1.982      2.015 
    BFU2_UNIT1                                 4546   145.011   4332.550   4477.562 
      DATA_B_RE                                1136    36.572   1111.512   1148.083 
        MAN_ALU                                 217     7.165    225.911    233.077 
          ALU_SUB_UNIT                          120     3.867    114.650    118.517 
            CLA_BLOCK_..CLA_4BIT_UNIT            18     0.670     12.219     12.890 
            CLA_BLOCK_..CLA_4BIT_UNIT            18     0.579      8.313      8.892 
            CLA_BLOCK_..CLA_4BIT_UNIT            18     0.551     20.179     20.730 
            CLA_BLOCK_..CLA_4BIT_UNIT            18     0.549     24.556     25.105 
            CLA_BLOCK_..CLA_4BIT_UNIT            18     0.517     26.321     26.838 
            CLA_BLOCK_..CLA_4BIT_UNIT            15     0.509     15.236     15.745 
        NOR_UNIT                                208     6.558    233.876    240.433 
          SHF_left_unit                         143     4.382    166.325    170.707 
        SHF_RIGHT_MAN                           138     4.179    201.935    206.114 
        PSC_UNIT                                 88     2.637     69.035     71.672 
        MAN_COMP_24BIT                           78     2.367     59.975     62.341 
          u_i_data_3                             13     0.430      0.000      0.430 
          u_i_data_1                             13     0.402     19.304     19.706 
          u_i_data_4                             13     0.393      9.285      9.678 
          u_i_data_2                             13     0.383     14.382     14.765 
          u_i_data_5                             10     0.291      3.022      3.313 
          u_i_data_0                             10     0.233     10.431     10.663 
        MAN_SWAP                                 50     1.850     42.974     44.823 
        MAN_RND                                  26     1.480     31.618     33.098 
        MAN_SWAP_PRE                             46     1.462     54.946     56.407 
        LOPD_24BIT                               58     1.425     37.644     39.069 
          LOPD_16bit_UNIT_MSB                    34     0.820     24.746     25.566 
            LOPD_8bit_unit_0                     14     0.339     13.937     14.276 
            LOPD_8bit_unit_1                     14     0.337     10.803     11.140 
          LOPD_8bit_UNIT_LSB                     14     0.329     12.763     13.091 
        EXP_ADJUST                               37     1.170     11.400     12.570 
          CLA_8BIT_UNIT                          30     1.070     11.400     12.470 
            CLA_4BIT_UNIT_0                      18     0.575      5.559      6.134 
            CLA_4BIT_UNIT_1                      11     0.465      5.841      6.306 
        EXP_SUB                                  25     0.782     58.320     59.102 
          CLA_8BIT_UNIT                          20     0.714     54.702     55.416 
            CLA_4BIT_UNIT_0                      17     0.615     47.802     48.417 
            CLA_4BIT_UNIT_1                       2     0.080      5.530      5.610 
        EXP_COM_8BIT                             24     0.724      8.796      9.520 
          COMP_LESS_UNIT                         24     0.724      8.796      9.520 
            u_high                               13     0.368      4.523      4.891 
            u_low                                10     0.230      4.273      4.503 
        EXP_RND                                  15     0.489      5.010      5.500 
        EXP_SWAP                                 13     0.360     10.910     11.270 
        MAN_ALU_PROC_RND                          7     0.247     13.862     14.109 
        SIGN_UNIT                                 2     0.030      1.233      1.263 
      DATA_A_RE                                1137    36.266   1220.875   1257.141 
        MAN_ALU                                 219     7.103    269.860    276.963 
          ALU_SUB_UNIT                          120     3.664    137.887    141.551 
            CLA_BLOCK_..CLA_4BIT_UNIT            18     0.582     29.622     30.204 
            CLA_BLOCK_..CLA_4BIT_UNIT            18     0.549     24.661     25.211 
            CLA_BLOCK_..CLA_4BIT_UNIT            18     0.533     17.276     17.808 
            CLA_BLOCK_..CLA_4BIT_UNIT            18     0.530     20.036     20.565 
            CLA_BLOCK_..CLA_4BIT_UNIT            18     0.505     22.784     23.289 
            CLA_BLOCK_..CLA_4BIT_UNIT            15     0.492     12.116     12.608 
        NOR_UNIT                                208     6.369    302.164    308.533 
          SHF_left_unit                         143     4.300    215.197    219.497 
        SHF_RIGHT_MAN                           137     4.148    198.648    202.796 
        PSC_UNIT                                 87     2.618     62.586     65.204 
        MAN_COMP_24BIT                           78     2.367     59.968     62.334 
          u_i_data_3                             13     0.430      0.000      0.430 
          u_i_data_1                             13     0.402     19.297     19.699 
          u_i_data_4                             13     0.393      9.285      9.678 
          u_i_data_2                             13     0.383     14.382     14.764 
          u_i_data_5                             10     0.291      3.022      3.313 
          u_i_data_0                             10     0.233     10.430     10.663 
        MAN_SWAP                                 52     1.877     45.518     47.395 
        MAN_RND                                  26     1.491     41.646     43.137 
        MAN_SWAP_PRE                             46     1.481     55.771     57.253 
        LOPD_24BIT                               58     1.365     36.481     37.845 
          LOPD_16bit_UNIT_MSB                    34     0.807     24.758     25.565 
            LOPD_8bit_unit_1                     14     0.334     13.859     14.193 
            LOPD_8bit_unit_0                     14     0.321     10.888     11.209 
          LOPD_8bit_UNIT_LSB                     14     0.281     11.588     11.869 
        EXP_ADJUST                               37     1.170     11.400     12.570 
          CLA_8BIT_UNIT                          30     1.070     11.400     12.470 
            CLA_4BIT_UNIT_0                      18     0.575      5.559      6.134 
            CLA_4BIT_UNIT_1                      11     0.465      5.841      6.306 
        EXP_SUB                                  25     0.782     57.791     58.573 
          CLA_8BIT_UNIT                          20     0.714     54.173     54.887 
            CLA_4BIT_UNIT_0                      17     0.615     47.589     48.205 
            CLA_4BIT_UNIT_1                       2     0.080      5.213      5.294 
        EXP_COM_8BIT                             24     0.724      8.796      9.520 
          COMP_LESS_UNIT                         24     0.724      8.796      9.520 
            u_high                               13     0.368      4.523      4.891 
            u_low                                10     0.230      4.273      4.503 
        EXP_RND                                  15     0.489      5.010      5.500 
        EXP_SWAP                                 13     0.360     10.910     11.270 
        MAN_ALU_PROC_RND                          7     0.247     13.862     14.109 
        SIGN_UNIT                                 1     0.023      1.769      1.792 
      DATA_A_IM                                1137    36.153   1071.337   1107.490 
        MAN_ALU                                 219     6.899    207.714    214.613 
          ALU_SUB_UNIT                          120     3.518    102.742    106.260 
            CLA_BLOCK_..CLA_4BIT_UNIT            18     0.614     21.714     22.328 
            CLA_BLOCK_..CLA_4BIT_UNIT            18     0.496     20.866     21.362 
            CLA_BLOCK_..CLA_4BIT_UNIT            15     0.491     19.668     20.158 
            CLA_BLOCK_..CLA_4BIT_UNIT            18     0.490      7.328      7.818 
            CLA_BLOCK_..CLA_4BIT_UNIT            18     0.482      8.184      8.666 
            CLA_BLOCK_..CLA_4BIT_UNIT            18     0.481     15.660     16.141 
        NOR_UNIT                                208     6.617    244.785    251.402 
          SHF_left_unit                         143     4.482    152.520    157.002 
        SHF_RIGHT_MAN                           137     4.060    136.885    140.944 
        PSC_UNIT                                 87     2.639     59.856     62.496 
        MAN_COMP_24BIT                           78     2.344     45.423     47.767 
          u_i_data_4                             13     0.422      5.862      6.284 
          u_i_data_2                             13     0.400     10.210     10.610 
          u_i_data_3                             13     0.395      4.050      4.445 
          u_i_data_1                             13     0.365     17.906     18.271 
          u_i_data_0                             10     0.260      1.434      1.695 
          u_i_data_5                             10     0.256      4.650      4.906 
        MAN_SWAP                                 52     1.819     37.682     39.502 
        MAN_SWAP_PRE                             46     1.604     56.025     57.630 
        MAN_RND                                  26     1.492     37.398     38.890 
        LOPD_24BIT                               58     1.353     33.649     35.002 
          LOPD_16bit_UNIT_MSB                    34     0.809     17.344     18.153 
            LOPD_8bit_unit_1                     14     0.342      8.671      9.013 
            LOPD_8bit_unit_0                     14     0.317      6.865      7.182 
          LOPD_8bit_UNIT_LSB                     14     0.280     12.711     12.990 
        EXP_ADJUST                               37     1.177     22.233     23.409 
          CLA_8BIT_UNIT                          30     1.053     19.565     20.618 
            CLA_4BIT_UNIT_0                      18     0.558     13.724     14.282 
            CLA_4BIT_UNIT_1                      11     0.465      5.841      6.306 
        EXP_SUB                                  25     0.748     32.203     32.951 
          CLA_8BIT_UNIT                          20     0.666     29.113     29.779 
            CLA_4BIT_UNIT_0                      17     0.568     21.498     22.066 
            CLA_4BIT_UNIT_1                       2     0.076      7.615      7.692 
        EXP_COM_8BIT                             24     0.674     45.295     45.968 
          COMP_LESS_UNIT                         24     0.674     45.295     45.968 
            u_high                               13     0.344     17.398     17.742 
            u_low                                10     0.234      4.069      4.303 
        EXP_RND                                  15     0.488      7.516      8.003 
        EXP_SWAP                                 13     0.405     19.341     19.746 
        MAN_ALU_PROC_RND                          7     0.251     14.821     15.072 
        SIGN_UNIT                                 1     0.027      2.322      2.349 
      DATA_B_IM                                1136    36.021    928.826    964.847 
        MAN_ALU                                 217     6.972    233.107    240.079 
          ALU_SUB_UNIT                          120     3.705    136.750    140.455 
            CLA_BLOCK_..CLA_4BIT_UNIT            18     0.591     25.425     26.016 
            CLA_BLOCK_..CLA_4BIT_UNIT            18     0.568      9.023      9.591 
            CLA_BLOCK_..CLA_4BIT_UNIT            18     0.555     22.913     23.468 
            CLA_BLOCK_..CLA_4BIT_UNIT            18     0.520     23.785     24.305 
            CLA_BLOCK_..CLA_4BIT_UNIT            15     0.508     19.681     20.188 
            CLA_BLOCK_..CLA_4BIT_UNIT            18     0.492     20.513     21.004 
        NOR_UNIT                                208     6.403    137.647    144.049 
          SHF_left_unit                         143     4.348     97.550    101.898 
        SHF_RIGHT_MAN                           138     4.092    139.466    143.558 
        PSC_UNIT                                 88     2.690     50.831     53.521 
        MAN_COMP_24BIT                           78     2.344     45.421     47.765 
          u_i_data_4                             13     0.422      5.862      6.284 
          u_i_data_2                             13     0.400     10.210     10.610 
          u_i_data_3                             13     0.395      4.050      4.445 
          u_i_data_1                             13     0.365     17.905     18.270 
          u_i_data_0                             10     0.260      1.435      1.696 
          u_i_data_5                             10     0.256      4.647      4.903 
        MAN_SWAP                                 50     1.792     37.152     38.944 
        MAN_SWAP_PRE                             46     1.576     55.621     57.197 
        MAN_RND                                  26     1.495     25.359     26.854 
        LOPD_24BIT                               58     1.353     24.388     25.741 
          LOPD_16bit_UNIT_MSB                    34     0.830     22.270     23.100 
            LOPD_8bit_unit_1                     14     0.369     12.020     12.389 
            LOPD_8bit_unit_0                     14     0.311     10.229     10.540 
          LOPD_8bit_UNIT_LSB                     14     0.242      2.118      2.360 
        EXP_ADJUST                               37     1.160     17.111     18.270 
          CLA_8BIT_UNIT                          30     1.060     17.111     18.171 
            CLA_4BIT_UNIT_0                      18     0.565     11.270     11.835 
            CLA_4BIT_UNIT_1                      11     0.465      5.841      6.306 
        EXP_SUB                                  25     0.753     32.655     33.409 
          CLA_8BIT_UNIT                          20     0.671     29.565     30.236 
            CLA_4BIT_UNIT_0                      17     0.573     21.634     22.207 
            CLA_4BIT_UNIT_1                       2     0.076      7.932      8.008 
        EXP_COM_8BIT                             24     0.674     45.295     45.968 
          COMP_LESS_UNIT                         24     0.674     45.295     45.968 
            u_high                               13     0.344     17.398     17.742 
            u_low                                10     0.234      4.069      4.303 
        EXP_RND                                  15     0.484      7.087      7.572 
        EXP_SWAP                                 13     0.405     19.341     19.746 
        MAN_ALU_PROC_RND                          7     0.251     14.821     15.072 
        SIGN_UNIT                                 2     0.035      0.467      0.503 
    BFU2_UNIT0                                 4550   143.785   4848.870   4992.655 
      DATA_A_IM                                1139    36.589   1168.161   1204.751 
        MAN_ALU                                 219     6.919    227.557    234.476 
          ALU_SUB_UNIT                          120     3.663    119.068    122.731 
            CLA_BLOCK_..CLA_4BIT_UNIT            18     0.620     26.841     27.460 
            CLA_BLOCK_..CLA_4BIT_UNIT            18     0.547     14.433     14.980 
            CLA_BLOCK_..CLA_4BIT_UNIT            18     0.534     18.620     19.154 
            CLA_BLOCK_..CLA_4BIT_UNIT            18     0.503     15.282     15.785 
            CLA_BLOCK_..CLA_4BIT_UNIT            15     0.498     17.217     17.715 
            CLA_BLOCK_..CLA_4BIT_UNIT            18     0.481     17.763     18.244 
        NOR_UNIT                                208     6.747    172.929    179.676 
          SHF_left_unit                         143     4.428     83.141     87.568 
        SHF_RIGHT_MAN                           137     4.226    169.071    173.297 
        PSC_UNIT                                 89     2.665     51.870     54.535 
        MAN_COMP_24BIT                           78     2.212     73.555     75.767 
          u_i_data_1                             13     0.377     12.113     12.491 
          u_i_data_3                             13     0.375     14.712     15.086 
          u_i_data_4                             13     0.372     13.653     14.025 
          u_i_data_2                             13     0.369     12.102     12.470 
          u_i_data_5                             10     0.261      7.424      7.685 
          u_i_data_0                             10     0.243     12.170     12.413 
        MAN_SWAP                                 52     1.788     66.896     68.684 
        MAN_SWAP_PRE                             46     1.622     87.879     89.501 
        MAN_RND                                  26     1.499     23.436     24.936 
        LOPD_24BIT                               58     1.430     43.485     44.915 
          LOPD_16bit_UNIT_MSB                    34     0.804     23.884     24.688 
            LOPD_8bit_unit_1                     14     0.330     15.553     15.883 
            LOPD_8bit_unit_0                     14     0.321      6.533      6.854 
          LOPD_8bit_UNIT_LSB                     14     0.369     15.736     16.105 
        EXP_ADJUST                               37     1.222     57.310     58.532 
          CLA_8BIT_UNIT                          30     1.040     38.399     39.439 
            CLA_4BIT_UNIT_0                      18     0.562     15.945     16.507 
            CLA_4BIT_UNIT_1                      11     0.452     20.811     21.263 
        EXP_SUB                                  25     0.757     37.800     38.557 
          CLA_8BIT_UNIT                          20     0.682     33.223     33.905 
            CLA_4BIT_UNIT_0                      17     0.593     33.220     33.813 
            CLA_4BIT_UNIT_1                       2     0.072      0.000      0.072 
        EXP_COM_8BIT                             24     0.677     44.797     45.474 
          COMP_LESS_UNIT                         24     0.677     44.797     45.474 
            u_high                               13     0.340     12.101     12.441 
            u_low                                10     0.257      8.661      8.917 
        EXP_RND                                  15     0.485     12.522     13.007 
        EXP_SWAP                                 13     0.455     28.326     28.781 
        MAN_ALU_PROC_RND                          7     0.246      0.000      0.246 
        SIGN_UNIT                                 1     0.034      0.470      0.504 
      DATA_B_IM                                1136    36.210   1243.136   1279.347 
        MAN_ALU                                 217     6.783    246.466    253.249 
          ALU_SUB_UNIT                          120     3.660    124.469    128.129 
            CLA_BLOCK_..CLA_4BIT_UNIT            18     0.601     22.429     23.030 
            CLA_BLOCK_..CLA_4BIT_UNIT            18     0.576     19.275     19.852 
            CLA_BLOCK_..CLA_4BIT_UNIT            18     0.516     19.228     19.745 
            CLA_BLOCK_..CLA_4BIT_UNIT            18     0.508     13.725     14.232 
            CLA_BLOCK_..CLA_4BIT_UNIT            18     0.496     20.257     20.753 
            CLA_BLOCK_..CLA_4BIT_UNIT            15     0.492     17.996     18.488 
        NOR_UNIT                                208     6.584    230.426    237.010 
          SHF_left_unit                         143     4.395    140.335    144.729 
        SHF_RIGHT_MAN                           138     4.255    169.198    173.453 
        PSC_UNIT                                 88     2.697     68.251     70.948 
        MAN_COMP_24BIT                           78     2.206     73.820     76.026 
          u_i_data_1                             13     0.377     12.113     12.491 
          u_i_data_3                             13     0.375     14.711     15.086 
          u_i_data_4                             13     0.372     13.653     14.025 
          u_i_data_2                             13     0.369     12.102     12.471 
          u_i_data_5                             10     0.256      7.688      7.944 
          u_i_data_0                             10     0.243     12.170     12.413 
        MAN_SWAP                                 50     1.761     65.526     67.287 
        MAN_SWAP_PRE                             46     1.610     87.879     89.489 
        MAN_RND                                  26     1.496     27.544     29.040 
        LOPD_24BIT                               58     1.367     48.682     50.048 
          LOPD_16bit_UNIT_MSB                    34     0.822     28.892     29.714 
            LOPD_8bit_unit_1                     14     0.345     13.313     13.657 
            LOPD_8bit_unit_0                     14     0.326     11.987     12.313 
          LOPD_8bit_UNIT_LSB                     14     0.303     12.467     12.769 
        EXP_ADJUST                               37     1.213     29.005     30.218 
          CLA_8BIT_UNIT                          30     1.013     14.362     15.375 
            CLA_4BIT_UNIT_0                      18     0.536      7.752      8.288 
            CLA_4BIT_UNIT_1                      11     0.450      6.603      7.052 
        EXP_SUB                                  25     0.757     37.800     38.557 
          CLA_8BIT_UNIT                          20     0.682     33.223     33.905 
            CLA_4BIT_UNIT_0                      17     0.593     33.220     33.813 
            CLA_4BIT_UNIT_1                       2     0.072      0.000      0.072 
        EXP_COM_8BIT                             24     0.677     44.797     45.474 
          COMP_LESS_UNIT                         24     0.677     44.797     45.474 
            u_high                               13     0.340     12.101     12.441 
            u_low                                10     0.257      8.661      8.917 
        EXP_RND                                  15     0.475      7.088      7.563 
        EXP_SWAP                                 13     0.455     28.326     28.781 
        MAN_ALU_PROC_RND                          7     0.246      0.000      0.246 
        SIGN_UNIT                                 2     0.042      2.629      2.671 
      DATA_B_RE                                1136    35.634   1299.840   1335.474 
        MAN_ALU                                 217     6.916    207.519    214.435 
          ALU_SUB_UNIT                          120     3.785    125.660    129.445 
            CLA_BLOCK_..CLA_4BIT_UNIT            18     0.606     23.132     23.738 
            CLA_BLOCK_..CLA_4BIT_UNIT            18     0.569     18.214     18.783 
            CLA_BLOCK_..CLA_4BIT_UNIT            18     0.554     21.938     22.492 
            CLA_BLOCK_..CLA_4BIT_UNIT            18     0.546     21.091     21.637 
            CLA_BLOCK_..CLA_4BIT_UNIT            15     0.519     20.867     21.386 
            CLA_BLOCK_..CLA_4BIT_UNIT            18     0.510      7.610      8.120 
        NOR_UNIT                                208     6.461    296.209    302.670 
          SHF_left_unit                         143     4.222    194.296    198.518 
        SHF_RIGHT_MAN                           138     4.117    209.885    214.002 
        PSC_UNIT                                 88     2.567     57.149     59.716 
        MAN_COMP_24BIT                           78     2.163     63.084     65.247 
          u_i_data_2                             13     0.371     11.512     11.883 
          u_i_data_1                             13     0.368      3.566      3.935 
          u_i_data_3                             13     0.368     13.986     14.354 
          u_i_data_4                             13     0.353      9.912     10.265 
          u_i_data_0                             10     0.239     12.685     12.924 
          u_i_data_5                             10     0.235      8.616      8.851 
        MAN_SWAP                                 50     1.730     82.485     84.216 
        MAN_SWAP_PRE                             46     1.551     94.529     96.081 
        MAN_RND                                  26     1.465     25.422     26.887 
        LOPD_24BIT                               58     1.421     45.703     47.124 
          LOPD_16bit_UNIT_MSB                    34     0.858     34.241     35.099 
            LOPD_8bit_unit_1                     14     0.370     19.845     20.215 
            LOPD_8bit_unit_0                     14     0.341      9.295      9.636 
          LOPD_8bit_UNIT_LSB                     14     0.296      4.701      4.997 
        EXP_ADJUST                               37     1.189     47.317     48.506 
          CLA_8BIT_UNIT                          30     1.008     33.722     34.730 
            CLA_4BIT_UNIT_0                      18     0.561     16.836     17.398 
            CLA_4BIT_UNIT_1                      11     0.420     15.243     15.664 
        EXP_SUB                                  25     0.770     18.007     18.777 
          CLA_8BIT_UNIT                          20     0.702     14.706     15.408 
            CLA_4BIT_UNIT_0                      17     0.612      6.774      7.387 
            CLA_4BIT_UNIT_1                       2     0.076      7.932      8.008 
        EXP_COM_8BIT                             24     0.667     43.478     44.145 
          COMP_LESS_UNIT                         24     0.667     43.478     44.145 
            u_high                               13     0.344     17.531     17.876 
            u_low                                10     0.225      2.313      2.538 
        EXP_RND                                  15     0.486      9.593     10.079 
        EXP_SWAP                                 13     0.427     20.108     20.535 
        MAN_ALU_PROC_RND                          7     0.241     14.274     14.516 
        SIGN_UNIT                                 2     0.032      2.629      2.661 
      DATA_A_RE                                1139    35.352   1137.732   1173.084 
        MAN_ALU                                 219     6.752    175.559    182.311 
          ALU_SUB_UNIT                          120     3.538     93.131     96.669 
            CLA_BLOCK_..CLA_4BIT_UNIT            18     0.616     20.263     20.879 
            CLA_BLOCK_..CLA_4BIT_UNIT            18     0.539     25.275     25.814 
            CLA_BLOCK_..CLA_4BIT_UNIT            18     0.509     16.263     16.772 
            CLA_BLOCK_..CLA_4BIT_UNIT            18     0.482      9.710     10.191 
            CLA_BLOCK_..CLA_4BIT_UNIT            18     0.478      5.715      6.193 
            CLA_BLOCK_..CLA_4BIT_UNIT            15     0.459     12.804     13.263 
        NOR_UNIT                                208     6.432    232.667    239.099 
          SHF_left_unit                         143     4.297    133.676    137.973 
        SHF_RIGHT_MAN                           137     4.083    208.447    212.530 
        PSC_UNIT                                 89     2.592     44.813     47.405 
        MAN_COMP_24BIT                           78     2.169     63.024     65.193 
          u_i_data_2                             13     0.371     11.511     11.882 
          u_i_data_1                             13     0.368      3.566      3.935 
          u_i_data_3                             13     0.368     13.986     14.355 
          u_i_data_4                             13     0.353      9.912     10.265 
          u_i_data_5                             10     0.240      8.560      8.801 
          u_i_data_0                             10     0.239     12.681     12.920 
        MAN_SWAP                                 52     1.758     83.748     85.505 
        MAN_SWAP_PRE                             46     1.561     94.927     96.488 
        MAN_RND                                  26     1.469     31.153     32.622 
        LOPD_24BIT                               58     1.333     22.862     24.195 
          LOPD_16bit_UNIT_MSB                    34     0.728     11.629     12.356 
            LOPD_8bit_unit_0                     14     0.303      6.987      7.290 
            LOPD_8bit_unit_1                     14     0.272      4.631      4.903 
          LOPD_8bit_UNIT_LSB                     14     0.323     11.234     11.557 
        EXP_ADJUST                               37     1.158     22.004     23.162 
          CLA_8BIT_UNIT                          30     1.053     19.571     20.624 
            CLA_4BIT_UNIT_0                      18     0.558     13.730     14.288 
            CLA_4BIT_UNIT_1                      11     0.465      5.841      6.306 
        EXP_SUB                                  25     0.770     17.690     18.460 
          CLA_8BIT_UNIT                          20     0.702     14.390     15.091 
            CLA_4BIT_UNIT_0                      17     0.612      6.774      7.387 
            CLA_4BIT_UNIT_1                       2     0.076      7.615      7.692 
        EXP_COM_8BIT                             24     0.667     43.478     44.145 
          COMP_LESS_UNIT                         24     0.667     43.478     44.145 
            u_high                               13     0.344     17.531     17.876 
            u_low                                10     0.225      2.313      2.538 
        EXP_RND                                  15     0.488      7.516      8.003 
        EXP_SWAP                                 13     0.427     20.108     20.535 
        MAN_ALU_PROC_RND                          7     0.241     14.274     14.515 
        SIGN_UNIT                                 1     0.027      0.470      0.497 
    BFU2_UNIT2                                 4550   143.247   4725.745   4868.991 
      DATA_A_RE                                1139    36.370   1218.501   1254.871 
        MAN_ALU                                 219     6.925    254.089    261.014 
          ALU_SUB_UNIT                          120     3.700    151.723    155.423 
            CLA_BLOCK_..CLA_4BIT_UNIT            18     0.611     28.138     28.749 
            CLA_BLOCK_..CLA_4BIT_UNIT            18     0.541     22.772     23.313 
            CLA_BLOCK_..CLA_4BIT_UNIT            18     0.529     14.418     14.947 
            CLA_BLOCK_..CLA_4BIT_UNIT            18     0.528     23.072     23.600 
            CLA_BLOCK_..CLA_4BIT_UNIT            15     0.528     21.173     21.701 
            CLA_BLOCK_..CLA_4BIT_UNIT            18     0.499     23.848     24.347 
        NOR_UNIT                                208     6.652    246.836    253.488 
          SHF_left_unit                         143     4.489    147.466    151.955 
        SHF_RIGHT_MAN                           137     4.123    213.329    217.452 
        PSC_UNIT                                 89     2.632     58.408     61.039 
        MAN_COMP_24BIT                           78     2.198     68.832     71.030 
          u_i_data_3                             13     0.375     12.177     12.551 
          u_i_data_2                             13     0.372     13.612     13.984 
          u_i_data_1                             13     0.359     16.347     16.706 
          u_i_data_4                             13     0.351      9.687     10.038 
          u_i_data_5                             10     0.281      6.864      7.144 
          u_i_data_0                             10     0.233      8.833      9.066 
        MAN_SWAP                                 52     1.758     58.709     60.466 
        MAN_SWAP_PRE                             46     1.751     50.855     52.606 
        MAN_RND                                  26     1.499     35.934     37.433 
        LOPD_24BIT                               58     1.438     36.234     37.672 
          LOPD_16bit_UNIT_MSB                    34     0.854     18.740     19.594 
            LOPD_8bit_unit_1                     14     0.367     14.347     14.714 
            LOPD_8bit_unit_0                     14     0.334      2.595      2.929 
          LOPD_8bit_UNIT_LSB                     14     0.325     13.764     14.089 
        EXP_ADJUST                               37     1.195     30.836     32.032 
          CLA_8BIT_UNIT                          30     1.072     28.169     29.241 
            CLA_4BIT_UNIT_0                      18     0.558     13.730     14.288 
            CLA_4BIT_UNIT_1                      11     0.484     14.439     14.923 
        EXP_SUB                                  25     0.744     24.592     25.337 
          CLA_8BIT_UNIT                          20     0.662     21.502     22.164 
            CLA_4BIT_UNIT_0                      17     0.569     21.502     22.071 
            CLA_4BIT_UNIT_1                       2     0.072      0.000      0.072 
        EXP_COM_8BIT                             24     0.648     15.566     16.214 
          COMP_LESS_UNIT                         24     0.648     15.566     16.214 
            u_high                               13     0.340     12.101     12.441 
            u_low                                10     0.232      3.444      3.676 
        EXP_SWAP                                 13     0.496     19.999     20.496 
        EXP_RND                                  15     0.491     12.522     13.013 
        MAN_ALU_PROC_RND                          7     0.251     13.258     13.509 
        SIGN_UNIT                                 1     0.040      0.000      0.040 
      DATA_B_RE                                1136    35.895   1020.710   1056.605 
        MAN_ALU                                 217     6.714    174.924    181.638 
          ALU_SUB_UNIT                          120     3.634     86.824     90.458 
            CLA_BLOCK_..CLA_4BIT_UNIT            18     0.625     23.949     24.574 
            CLA_BLOCK_..CLA_4BIT_UNIT            18     0.559      8.928      9.486 
            CLA_BLOCK_..CLA_4BIT_UNIT            18     0.531     19.138     19.669 
            CLA_BLOCK_..CLA_4BIT_UNIT            18     0.507     10.364     10.870 
            CLA_BLOCK_..CLA_4BIT_UNIT            15     0.469     16.311     16.780 
            CLA_BLOCK_..CLA_4BIT_UNIT            18     0.461      5.926      6.387 
        NOR_UNIT                                208     6.412    189.916    196.327 
          SHF_left_unit                         143     4.350    131.929    136.278 
        SHF_RIGHT_MAN                           138     4.144    213.962    218.105 
        PSC_UNIT                                 88     2.726     49.773     52.499 
        MAN_COMP_24BIT                           78     2.193     68.893     71.086 
          u_i_data_3                             13     0.375     12.176     12.551 
          u_i_data_2                             13     0.372     13.613     13.985 
          u_i_data_1                             13     0.359     16.352     16.711 
          u_i_data_4                             13     0.351      9.687     10.038 
          u_i_data_5                             10     0.276      6.920      7.196 
          u_i_data_0                             10     0.233      8.833      9.066 
        MAN_SWAP_PRE                             46     1.734     50.442     52.176 
        MAN_SWAP                                 50     1.730     56.164     57.894 
        MAN_RND                                  26     1.487     26.912     28.399 
        LOPD_24BIT                               58     1.390     30.400     31.790 
          LOPD_16bit_UNIT_MSB                    34     0.799     16.377     17.176 
            LOPD_8bit_unit_1                     14     0.343     12.055     12.398 
            LOPD_8bit_unit_0                     14     0.306      4.322      4.628 
          LOPD_8bit_UNIT_LSB                     14     0.309     14.023     14.332 
        EXP_ADJUST                               37     1.179     25.714     26.893 
          CLA_8BIT_UNIT                          30     1.079     25.714     26.793 
            CLA_4BIT_UNIT_0                      18     0.565     11.275     11.840 
            CLA_4BIT_UNIT_1                      11     0.484     14.439     14.923 
        EXP_SUB                                  25     0.744     24.803     25.548 
          CLA_8BIT_UNIT                          20     0.662     21.713     22.375 
            CLA_4BIT_UNIT_0                      17     0.569     21.713     22.282 
            CLA_4BIT_UNIT_1                       2     0.072      0.000      0.072 
        EXP_COM_8BIT                             24     0.648     15.566     16.214 
          COMP_LESS_UNIT                         24     0.648     15.566     16.214 
            u_high                               13     0.340     12.101     12.441 
            u_low                                10     0.232      3.444      3.676 
        EXP_SWAP                                 13     0.496     19.999     20.496 
        EXP_RND                                  15     0.488     12.094     12.582 
        MAN_ALU_PROC_RND                          7     0.251     13.258     13.509 
        SIGN_UNIT                                 2     0.045      0.000      0.045 
      DATA_A_IM                                1139    35.500   1324.238   1359.739 
        MAN_ALU                                 219     6.741    215.355    222.096 
          ALU_SUB_UNIT                          120     3.545    113.507    117.052 
            CLA_BLOCK_..CLA_4BIT_UNIT            18     0.631     22.696     23.328 
            CLA_BLOCK_..CLA_4BIT_UNIT            18     0.519     17.518     18.037 
            CLA_BLOCK_..CLA_4BIT_UNIT            18     0.501     18.881     19.382 
            CLA_BLOCK_..CLA_4BIT_UNIT            18     0.500     11.366     11.865 
            CLA_BLOCK_..CLA_4BIT_UNIT            18     0.487     17.734     18.222 
            CLA_BLOCK_..CLA_4BIT_UNIT            15     0.460     23.103     23.563 
        NOR_UNIT                                208     6.372    257.159    263.531 
          SHF_left_unit                         143     4.217    154.940    159.157 
        SHF_RIGHT_MAN                           137     4.223    206.484    210.707 
        PSC_UNIT                                 89     2.579     73.713     76.293 
        MAN_COMP_24BIT                           78     2.234     49.916     52.149 
          u_i_data_3                             13     0.387      6.903      7.290 
          u_i_data_4                             13     0.380      4.114      4.494 
          u_i_data_1                             13     0.368     12.445     12.814 
          u_i_data_2                             13     0.358      8.808      9.166 
          u_i_data_5                             10     0.271      4.836      5.106 
          u_i_data_0                             10     0.220     10.090     10.310 
        MAN_SWAP                                 52     1.753     77.028     78.781 
        MAN_SWAP_PRE                             46     1.560     90.117     91.676 
        MAN_RND                                  26     1.475     33.650     35.126 
        LOPD_24BIT                               58     1.376     31.351     32.727 
          LOPD_16bit_UNIT_MSB                    34     0.805     20.638     21.443 
            LOPD_8bit_unit_1                     14     0.341     16.016     16.357 
            LOPD_8bit_unit_0                     14     0.315      2.837      3.152 
          LOPD_8bit_UNIT_LSB                     14     0.312      6.984      7.296 
        EXP_ADJUST                               37     1.160     49.226     50.386 
          CLA_8BIT_UNIT                          30     1.032     46.575     47.607 
            CLA_4BIT_UNIT_0                      18     0.557     23.786     24.343 
            CLA_4BIT_UNIT_1                      11     0.446     21.154     21.599 
        EXP_SUB                                  25     0.755     42.184     42.939 
          CLA_8BIT_UNIT                          20     0.687     38.883     39.570 
            CLA_4BIT_UNIT_0                      17     0.589     31.268     31.857 
            CLA_4BIT_UNIT_1                       2     0.076      7.615      7.692 
        EXP_COM_8BIT                             24     0.670     52.613     53.283 
          COMP_LESS_UNIT                         24     0.670     52.613     53.283 
            u_high                               13     0.344     17.531     17.876 
            u_low                                10     0.230     11.254     11.484 
        EXP_RND                                  15     0.490     12.093     12.582 
        EXP_SWAP                                 13     0.418     20.677     21.095 
        MAN_ALU_PROC_RND                          7     0.243     13.522     13.765 
        SIGN_UNIT                                 1     0.027      0.470      0.497 
      DATA_B_IM                                1136    35.482   1162.296   1197.777 
        MAN_ALU                                 217     6.717    224.571    231.288 
          ALU_SUB_UNIT                          120     3.703    134.658    138.361 
            CLA_BLOCK_..CLA_4BIT_UNIT            18     0.587     16.333     16.920 
            CLA_BLOCK_..CLA_4BIT_UNIT            18     0.584     20.529     21.113 
            CLA_BLOCK_..CLA_4BIT_UNIT            18     0.521     19.608     20.130 
            CLA_BLOCK_..CLA_4BIT_UNIT            18     0.512     23.505     24.018 
            CLA_BLOCK_..CLA_4BIT_UNIT            15     0.510     21.650     22.160 
            CLA_BLOCK_..CLA_4BIT_UNIT            18     0.509     24.214     24.724 
        NOR_UNIT                                208     6.548    182.906    189.454 
          SHF_left_unit                         143     4.387    131.647    136.034 
        SHF_RIGHT_MAN                           138     4.246    207.946    212.191 
        PSC_UNIT                                 88     2.531     63.090     65.620 
        MAN_COMP_24BIT                           78     2.234     49.917     52.151 
          u_i_data_3                             13     0.387      6.903      7.290 
          u_i_data_4                             13     0.380      4.114      4.494 
          u_i_data_1                             13     0.368     12.445     12.814 
          u_i_data_2                             13     0.358      8.808      9.166 
          u_i_data_5                             10     0.271      4.837      5.107 
          u_i_data_0                             10     0.220     10.091     10.311 
        MAN_SWAP                                 50     1.726     75.658     77.384 
        MAN_SWAP_PRE                             46     1.546     88.911     90.457 
        MAN_RND                                  26     1.451     23.740     25.192 
        LOPD_24BIT                               58     1.422     15.755     17.177 
          LOPD_16bit_UNIT_MSB                    34     0.836     10.645     11.481 
            LOPD_8bit_unit_1                     14     0.358      0.676      1.034 
            LOPD_8bit_unit_0                     14     0.325      9.959     10.284 
          LOPD_8bit_UNIT_LSB                     14     0.310      4.974      5.284 
        EXP_ADJUST                               37     1.165     20.560     21.724 
          CLA_8BIT_UNIT                          30     1.065     20.560     21.624 
            CLA_4BIT_UNIT_0                      18     0.573     14.690     15.263 
            CLA_4BIT_UNIT_1                      11     0.465      5.841      6.306 
        EXP_SUB                                  25     0.755     42.501     43.255 
          CLA_8BIT_UNIT                          20     0.687     39.200     39.886 
            CLA_4BIT_UNIT_0                      17     0.589     31.268     31.857 
            CLA_4BIT_UNIT_1                       2     0.076      7.932      8.008 
        EXP_COM_8BIT                             24     0.670     52.613     53.283 
          COMP_LESS_UNIT                         24     0.670     52.613     53.283 
            u_high                               13     0.344     17.531     17.876 
            u_low                                10     0.230     11.254     11.484 
        EXP_RND                                  15     0.477      7.516      7.993 
        EXP_SWAP                                 13     0.418     20.677     21.095 
        MAN_ALU_PROC_RND                          7     0.243     13.522     13.766 
        SIGN_UNIT                                 2     0.032      2.629      2.661 
  BFU4_06                                      9101   326.369   1921.628   2247.997 
    BFU2_UNIT0                                 4550   163.204    957.017   1120.222 
      DATA_A_IM                                1139    40.944    197.591    238.535 
        MAN_ALU                                 219     7.809     70.035     77.845 
          ALU_SUB_UNIT                          120     4.077      4.243      8.320 
            CLA_BLOCK_..CLA_4BIT_UNIT            18     0.683      0.000      0.683 
            CLA_BLOCK_..CLA_4BIT_UNIT            18     0.602      0.000      0.602 
            CLA_BLOCK_..CLA_4BIT_UNIT            18     0.599      0.000      0.599 
            CLA_BLOCK_..CLA_4BIT_UNIT            18     0.579      0.000      0.579 
            CLA_BLOCK_..CLA_4BIT_UNIT            18     0.555      4.243      4.798 
            CLA_BLOCK_..CLA_4BIT_UNIT            15     0.550      0.000      0.550 
        NOR_UNIT                                208     7.314      0.000      7.314 
          SHF_left_unit                         143     4.789      0.000      4.789 
        SHF_RIGHT_MAN                           137     4.123      7.601     11.724 
        PSC_UNIT                                 89     3.617     28.156     31.772 
        MAN_COMP_24BIT                           78     2.449      2.073      4.523 
          u_i_data_3                             13     0.430      0.000      0.430 
          u_i_data_1                             13     0.415      0.000      0.415 
          u_i_data_2                             13     0.415      0.000      0.415 
          u_i_data_4                             13     0.415      0.000      0.415 
          u_i_data_5                             10     0.302      2.073      2.375 
          u_i_data_0                             10     0.245      0.000      0.245 
        MAN_SWAP                                 52     1.995      5.643      7.638 
        MAN_SWAP_PRE                             46     1.928      5.226      7.154 
        LOPD_24BIT                               58     1.646      0.000      1.646 
          LOPD_16bit_UNIT_MSB                    34     0.957      0.000      0.957 
            LOPD_8bit_unit_0                     14     0.432      0.000      0.432 
            LOPD_8bit_unit_1                     14     0.392      0.000      0.392 
          LOPD_8bit_UNIT_LSB                     14     0.418      0.000      0.418 
        MAN_RND                                  26     1.483      0.000      1.483 
        EXP_ADJUST                               37     1.226      0.000      1.226 
          CLA_8BIT_UNIT                          30     1.126      0.000      1.126 
            CLA_4BIT_UNIT_0                      18     0.588      0.000      0.588 
            CLA_4BIT_UNIT_1                      11     0.507      0.000      0.507 
        EXP_SUB                                  25     0.759      0.000      0.759 
          CLA_8BIT_UNIT                          20     0.656      0.000      0.656 
            CLA_4BIT_UNIT_0                      17     0.581      0.000      0.581 
            CLA_4BIT_UNIT_1                       2     0.062      0.000      0.062 
        EXP_COM_8BIT                             24     0.756      0.000      0.756 
          COMP_LESS_UNIT                         24     0.756      0.000      0.756 
            u_high                               13     0.422      0.000      0.422 
            u_low                                10     0.263      0.000      0.263 
        EXP_SWAP                                 13     0.544      0.000      0.544 
        EXP_RND                                  15     0.496      0.000      0.496 
        MAN_ALU_PROC_RND                          7     0.246      0.000      0.246 
        SIGN_UNIT                                 1     0.034      1.672      1.706 
      DATA_A_RE                                1139    40.944    197.591    238.535 
        MAN_ALU                                 219     7.809     70.035     77.845 
          ALU_SUB_UNIT                          120     4.077      4.243      8.320 
            CLA_BLOCK_..CLA_4BIT_UNIT            18     0.683      0.000      0.683 
            CLA_BLOCK_..CLA_4BIT_UNIT            18     0.602      0.000      0.602 
            CLA_BLOCK_..CLA_4BIT_UNIT            18     0.599      0.000      0.599 
            CLA_BLOCK_..CLA_4BIT_UNIT            18     0.579      0.000      0.579 
            CLA_BLOCK_..CLA_4BIT_UNIT            18     0.555      4.243      4.798 
            CLA_BLOCK_..CLA_4BIT_UNIT            15     0.550      0.000      0.550 
        NOR_UNIT                                208     7.314      0.000      7.314 
          SHF_left_unit                         143     4.789      0.000      4.789 
        SHF_RIGHT_MAN                           137     4.123      7.601     11.724 
        PSC_UNIT                                 89     3.617     28.156     31.772 
        MAN_COMP_24BIT                           78     2.449      2.073      4.523 
          u_i_data_3                             13     0.430      0.000      0.430 
          u_i_data_1                             13     0.415      0.000      0.415 
          u_i_data_2                             13     0.415      0.000      0.415 
          u_i_data_4                             13     0.415      0.000      0.415 
          u_i_data_5                             10     0.302      2.073      2.375 
          u_i_data_0                             10     0.245      0.000      0.245 
        MAN_SWAP                                 52     1.995      5.643      7.638 
        MAN_SWAP_PRE                             46     1.928      5.226      7.154 
        LOPD_24BIT                               58     1.646      0.000      1.646 
          LOPD_16bit_UNIT_MSB                    34     0.957      0.000      0.957 
            LOPD_8bit_unit_0                     14     0.432      0.000      0.432 
            LOPD_8bit_unit_1                     14     0.392      0.000      0.392 
          LOPD_8bit_UNIT_LSB                     14     0.418      0.000      0.418 
        MAN_RND                                  26     1.483      0.000      1.483 
        EXP_ADJUST                               37     1.226      0.000      1.226 
          CLA_8BIT_UNIT                          30     1.126      0.000      1.126 
            CLA_4BIT_UNIT_0                      18     0.588      0.000      0.588 
            CLA_4BIT_UNIT_1                      11     0.507      0.000      0.507 
        EXP_SUB                                  25     0.759      0.000      0.759 
          CLA_8BIT_UNIT                          20     0.656      0.000      0.656 
            CLA_4BIT_UNIT_0                      17     0.581      0.000      0.581 
            CLA_4BIT_UNIT_1                       2     0.062      0.000      0.062 
        EXP_COM_8BIT                             24     0.756      0.000      0.756 
          COMP_LESS_UNIT                         24     0.756      0.000      0.756 
            u_high                               13     0.422      0.000      0.422 
            u_low                                10     0.263      0.000      0.263 
        EXP_SWAP                                 13     0.544      0.000      0.544 
        EXP_RND                                  15     0.496      0.000      0.496 
        MAN_ALU_PROC_RND                          7     0.246      0.000      0.246 
        SIGN_UNIT                                 1     0.034      1.672      1.706 
      DATA_B_IM                                1136    40.658    280.918    321.576 
        NOR_UNIT                                208     7.461     30.724     38.186 
          SHF_left_unit                         143     4.804      4.290      9.094 
        MAN_ALU                                 217     7.316     69.643     76.959 
          ALU_SUB_UNIT                          120     3.594      0.306      3.900 
            CLA_BLOCK_..CLA_4BIT_UNIT            18     0.559      0.000      0.559 
            CLA_BLOCK_..CLA_4BIT_UNIT            18     0.552      0.000      0.552 
            CLA_BLOCK_..CLA_4BIT_UNIT            18     0.548      0.000      0.548 
            CLA_BLOCK_..CLA_4BIT_UNIT            18     0.535      0.306      0.841 
            CLA_BLOCK_..CLA_4BIT_UNIT            18     0.523      0.000      0.523 
            CLA_BLOCK_..CLA_4BIT_UNIT            15     0.508      0.000      0.508 
        SHF_RIGHT_MAN                           138     4.160      7.601     11.762 
        PSC_UNIT                                 88     3.612     24.566     28.178 
        MAN_COMP_24BIT                           78     2.452      2.194      4.646 
          u_i_data_3                             13     0.430      0.000      0.430 
          u_i_data_1                             13     0.415      0.000      0.415 
          u_i_data_2                             13     0.415      0.000      0.415 
          u_i_data_4                             13     0.415      0.000      0.415 
          u_i_data_5                             10     0.305      2.194      2.498 
          u_i_data_0                             10     0.245      0.000      0.245 
        MAN_SWAP                                 50     1.968      5.643      7.611 
        MAN_SWAP_PRE                             46     1.922      5.226      7.148 
        LOPD_24BIT                               58     1.685     22.097     23.782 
          LOPD_16bit_UNIT_MSB                    34     0.985      8.773      9.758 
            LOPD_8bit_unit_0                     14     0.432      0.000      0.432 
            LOPD_8bit_unit_1                     14     0.412      3.772      4.184 
          LOPD_8bit_UNIT_LSB                     14     0.418      0.000      0.418 
        MAN_RND                                  26     1.487     -0.000      1.487 
        EXP_ADJUST                               37     1.274     24.108     25.382 
          CLA_8BIT_UNIT                          30     1.105     17.148     18.254 
            CLA_4BIT_UNIT_0                      18     0.587      2.707      3.294 
            CLA_4BIT_UNIT_1                      11     0.491     14.434     14.925 
        EXP_SUB                                  25     0.759      0.000      0.759 
          CLA_8BIT_UNIT                          20     0.656      0.000      0.656 
            CLA_4BIT_UNIT_0                      17     0.581      0.000      0.581 
            CLA_4BIT_UNIT_1                       2     0.062      0.000      0.062 
        EXP_COM_8BIT                             24     0.756      0.000      0.756 
          COMP_LESS_UNIT                         24     0.756      0.000      0.756 
            u_high                               13     0.422      0.000      0.422 
            u_low                                10     0.263      0.000      0.263 
        EXP_SWAP                                 13     0.544      0.000      0.544 
        EXP_RND                                  15     0.492      9.594     10.085 
        MAN_ALU_PROC_RND                          7     0.246      0.000      0.246 
        SIGN_UNIT                                 2     0.041      1.882      1.923 
      DATA_B_RE                                1136    40.658    280.918    321.576 
        NOR_UNIT                                208     7.461     30.724     38.186 
          SHF_left_unit                         143     4.804      4.290      9.094 
        MAN_ALU                                 217     7.316     69.643     76.959 
          ALU_SUB_UNIT                          120     3.594      0.306      3.900 
            CLA_BLOCK_..CLA_4BIT_UNIT            18     0.559      0.000      0.559 
            CLA_BLOCK_..CLA_4BIT_UNIT            18     0.552      0.000      0.552 
            CLA_BLOCK_..CLA_4BIT_UNIT            18     0.548      0.000      0.548 
            CLA_BLOCK_..CLA_4BIT_UNIT            18     0.535      0.306      0.841 
            CLA_BLOCK_..CLA_4BIT_UNIT            18     0.523      0.000      0.523 
            CLA_BLOCK_..CLA_4BIT_UNIT            15     0.508      0.000      0.508 
        SHF_RIGHT_MAN                           138     4.160      7.601     11.762 
        PSC_UNIT                                 88     3.612     24.566     28.178 
        MAN_COMP_24BIT                           78     2.452      2.194      4.646 
          u_i_data_3                             13     0.430      0.000      0.430 
          u_i_data_1                             13     0.415      0.000      0.415 
          u_i_data_2                             13     0.415      0.000      0.415 
          u_i_data_4                             13     0.415      0.000      0.415 
          u_i_data_5                             10     0.305      2.194      2.498 
          u_i_data_0                             10     0.245      0.000      0.245 
        MAN_SWAP                                 50     1.968      5.643      7.611 
        MAN_SWAP_PRE                             46     1.922      5.226      7.148 
        LOPD_24BIT                               58     1.685     22.097     23.782 
          LOPD_16bit_UNIT_MSB                    34     0.985      8.773      9.758 
            LOPD_8bit_unit_0                     14     0.432      0.000      0.432 
            LOPD_8bit_unit_1                     14     0.412      3.772      4.184 
          LOPD_8bit_UNIT_LSB                     14     0.418      0.000      0.418 
        MAN_RND                                  26     1.487     -0.000      1.487 
        EXP_ADJUST                               37     1.274     24.108     25.382 
          CLA_8BIT_UNIT                          30     1.105     17.148     18.254 
            CLA_4BIT_UNIT_0                      18     0.587      2.707      3.294 
            CLA_4BIT_UNIT_1                      11     0.491     14.434     14.925 
        EXP_SUB                                  25     0.759      0.000      0.759 
          CLA_8BIT_UNIT                          20     0.656      0.000      0.656 
            CLA_4BIT_UNIT_0                      17     0.581      0.000      0.581 
            CLA_4BIT_UNIT_1                       2     0.062      0.000      0.062 
        EXP_COM_8BIT                             24     0.756      0.000      0.756 
          COMP_LESS_UNIT                         24     0.756      0.000      0.756 
            u_high                               13     0.422      0.000      0.422 
            u_low                                10     0.263      0.000      0.263 
        EXP_SWAP                                 13     0.544      0.000      0.544 
        EXP_RND                                  15     0.492      9.594     10.085 
        MAN_ALU_PROC_RND                          7     0.246      0.000      0.246 
        SIGN_UNIT                                 2     0.041      1.882      1.923 
    BFU2_UNIT1                                 4550   163.151    961.962   1125.113 
      DATA_A_RE                                1139    40.944    197.591    238.535 
        MAN_ALU                                 219     7.809     70.035     77.845 
          ALU_SUB_UNIT                          120     4.077      4.243      8.320 
            CLA_BLOCK_..CLA_4BIT_UNIT            18     0.683      0.000      0.683 
            CLA_BLOCK_..CLA_4BIT_UNIT            18     0.602      0.000      0.602 
            CLA_BLOCK_..CLA_4BIT_UNIT            18     0.599      0.000      0.599 
            CLA_BLOCK_..CLA_4BIT_UNIT            18     0.579      0.000      0.579 
            CLA_BLOCK_..CLA_4BIT_UNIT            18     0.555      4.243      4.798 
            CLA_BLOCK_..CLA_4BIT_UNIT            15     0.550      0.000      0.550 
        NOR_UNIT                                208     7.314      0.000      7.314 
          SHF_left_unit                         143     4.789      0.000      4.789 
        SHF_RIGHT_MAN                           137     4.123      7.601     11.724 
        PSC_UNIT                                 89     3.617     28.156     31.772 
        MAN_COMP_24BIT                           78     2.449      2.073      4.523 
          u_i_data_3                             13     0.430      0.000      0.430 
          u_i_data_1                             13     0.415      0.000      0.415 
          u_i_data_2                             13     0.415      0.000      0.415 
          u_i_data_4                             13     0.415      0.000      0.415 
          u_i_data_5                             10     0.302      2.073      2.375 
          u_i_data_0                             10     0.245      0.000      0.245 
        MAN_SWAP                                 52     1.995      5.643      7.638 
        MAN_SWAP_PRE                             46     1.928      5.226      7.154 
        LOPD_24BIT                               58     1.646      0.000      1.646 
          LOPD_16bit_UNIT_MSB                    34     0.957      0.000      0.957 
            LOPD_8bit_unit_0                     14     0.432      0.000      0.432 
            LOPD_8bit_unit_1                     14     0.392      0.000      0.392 
          LOPD_8bit_UNIT_LSB                     14     0.418      0.000      0.418 
        MAN_RND                                  26     1.483      0.000      1.483 
        EXP_ADJUST                               37     1.226      0.000      1.226 
          CLA_8BIT_UNIT                          30     1.126      0.000      1.126 
            CLA_4BIT_UNIT_0                      18     0.588      0.000      0.588 
            CLA_4BIT_UNIT_1                      11     0.507      0.000      0.507 
        EXP_SUB                                  25     0.759      0.000      0.759 
          CLA_8BIT_UNIT                          20     0.656      0.000      0.656 
            CLA_4BIT_UNIT_0                      17     0.581      0.000      0.581 
            CLA_4BIT_UNIT_1                       2     0.062      0.000      0.062 
        EXP_COM_8BIT                             24     0.756      0.000      0.756 
          COMP_LESS_UNIT                         24     0.756      0.000      0.756 
            u_high                               13     0.422      0.000      0.422 
            u_low                                10     0.263      0.000      0.263 
        EXP_SWAP                                 13     0.544      0.000      0.544 
        EXP_RND                                  15     0.496      0.000      0.496 
        MAN_ALU_PROC_RND                          7     0.246      0.000      0.246 
        SIGN_UNIT                                 1     0.034      1.672      1.706 
      DATA_A_IM                                1139    40.805    289.077    329.882 
        MAN_ALU                                 219     7.462     72.244     79.705 
          ALU_SUB_UNIT                          120     3.594      0.306      3.900 
            CLA_BLOCK_..CLA_4BIT_UNIT            18     0.559      0.000      0.559 
            CLA_BLOCK_..CLA_4BIT_UNIT            18     0.552      0.000      0.552 
            CLA_BLOCK_..CLA_4BIT_UNIT            18     0.548      0.000      0.548 
            CLA_BLOCK_..CLA_4BIT_UNIT            18     0.535      0.306      0.841 
            CLA_BLOCK_..CLA_4BIT_UNIT            18     0.523      0.000      0.523 
            CLA_BLOCK_..CLA_4BIT_UNIT            15     0.508      0.000      0.508 
        NOR_UNIT                                208     7.461     30.724     38.186 
          SHF_left_unit                         143     4.804      4.290      9.094 
        SHF_RIGHT_MAN                           137     4.123      7.601     11.724 
        PSC_UNIT                                 89     3.628     30.455     34.083 
        MAN_COMP_24BIT                           78     2.449      2.073      4.523 
          u_i_data_3                             13     0.430      0.000      0.430 
          u_i_data_1                             13     0.415      0.000      0.415 
          u_i_data_2                             13     0.415      0.000      0.415 
          u_i_data_4                             13     0.415      0.000      0.415 
          u_i_data_5                             10     0.302      2.073      2.375 
          u_i_data_0                             10     0.245      0.000      0.245 
        MAN_SWAP                                 52     1.995      5.643      7.638 
        MAN_SWAP_PRE                             46     1.928      5.226      7.154 
        LOPD_24BIT                               58     1.685     22.097     23.782 
          LOPD_16bit_UNIT_MSB                    34     0.985      8.773      9.758 
            LOPD_8bit_unit_0                     14     0.432      0.000      0.432 
            LOPD_8bit_unit_1                     14     0.412      3.772      4.184 
          LOPD_8bit_UNIT_LSB                     14     0.418      0.000      0.418 
        MAN_RND                                  26     1.487     -0.000      1.487 
        EXP_ADJUST                               37     1.274     24.108     25.382 
          CLA_8BIT_UNIT                          30     1.105     17.148     18.254 
            CLA_4BIT_UNIT_0                      18     0.587      2.707      3.294 
            CLA_4BIT_UNIT_1                      11     0.491     14.434     14.925 
        EXP_SUB                                  25     0.759      0.000      0.759 
          CLA_8BIT_UNIT                          20     0.656      0.000      0.656 
            CLA_4BIT_UNIT_0                      17     0.581      0.000      0.581 
            CLA_4BIT_UNIT_1                       2     0.062      0.000      0.062 
        EXP_COM_8BIT                             24     0.756      0.000      0.756 
          COMP_LESS_UNIT                         24     0.756      0.000      0.756 
            u_high                               13     0.422      0.000      0.422 
            u_low                                10     0.263      0.000      0.263 
        EXP_SWAP                                 13     0.544      0.000      0.544 
        EXP_RND                                  15     0.492      9.594     10.085 
        MAN_ALU_PROC_RND                          7     0.246      0.000      0.246 
        SIGN_UNIT                                 1     0.034      1.672      1.706 
      DATA_B_IM                                1136    40.743    194.377    235.120 
        MAN_ALU                                 217     7.645     67.781     75.426 
          ALU_SUB_UNIT                          120     4.077      4.243      8.320 
            CLA_BLOCK_..CLA_4BIT_UNIT            18     0.683      0.000      0.683 
            CLA_BLOCK_..CLA_4BIT_UNIT            18     0.602      0.000      0.602 
            CLA_BLOCK_..CLA_4BIT_UNIT            18     0.599      0.000      0.599 
            CLA_BLOCK_..CLA_4BIT_UNIT            18     0.579      0.000      0.579 
            CLA_BLOCK_..CLA_4BIT_UNIT            18     0.555      4.243      4.798 
            CLA_BLOCK_..CLA_4BIT_UNIT            15     0.550      0.000      0.550 
        NOR_UNIT                                208     7.314      0.000      7.314 
          SHF_left_unit                         143     4.789      0.000      4.789 
        SHF_RIGHT_MAN                           138     4.160      7.601     11.762 
        PSC_UNIT                                 88     3.566     26.865     30.432 
        MAN_COMP_24BIT                           78     2.452      2.194      4.646 
          u_i_data_3                             13     0.430      0.000      0.430 
          u_i_data_1                             13     0.415      0.000      0.415 
          u_i_data_2                             13     0.415      0.000      0.415 
          u_i_data_4                             13     0.415      0.000      0.415 
          u_i_data_5                             10     0.305      2.194      2.498 
          u_i_data_0                             10     0.245      0.000      0.245 
        MAN_SWAP                                 50     1.968      5.643      7.611 
        MAN_SWAP_PRE                             46     1.922      5.226      7.148 
        LOPD_24BIT                               58     1.646      0.000      1.646 
          LOPD_16bit_UNIT_MSB                    34     0.957      0.000      0.957 
            LOPD_8bit_unit_0                     14     0.432      0.000      0.432 
            LOPD_8bit_unit_1                     14     0.392      0.000      0.392 
          LOPD_8bit_UNIT_LSB                     14     0.418      0.000      0.418 
        MAN_RND                                  26     1.483      0.000      1.483 
        EXP_ADJUST                               37     1.226      0.000      1.226 
          CLA_8BIT_UNIT                          30     1.126      0.000      1.126 
            CLA_4BIT_UNIT_0                      18     0.588      0.000      0.588 
            CLA_4BIT_UNIT_1                      11     0.507      0.000      0.507 
        EXP_SUB                                  25     0.759      0.000      0.759 
          CLA_8BIT_UNIT                          20     0.656      0.000      0.656 
            CLA_4BIT_UNIT_0                      17     0.581      0.000      0.581 
            CLA_4BIT_UNIT_1                       2     0.062      0.000      0.062 
        EXP_COM_8BIT                             24     0.756      0.000      0.756 
          COMP_LESS_UNIT                         24     0.756      0.000      0.756 
            u_high                               13     0.422      0.000      0.422 
            u_low                                10     0.263      0.000      0.263 
        EXP_SWAP                                 13     0.544      0.000      0.544 
        EXP_RND                                  15     0.496      0.000      0.496 
        MAN_ALU_PROC_RND                          7     0.246      0.000      0.246 
        SIGN_UNIT                                 2     0.041      1.882      1.923 
      DATA_B_RE                                1136    40.658    280.918    321.576 
        NOR_UNIT                                208     7.461     30.724     38.186 
          SHF_left_unit                         143     4.804      4.290      9.094 
        MAN_ALU                                 217     7.316     69.643     76.959 
          ALU_SUB_UNIT                          120     3.594      0.306      3.900 
            CLA_BLOCK_..CLA_4BIT_UNIT            18     0.559      0.000      0.559 
            CLA_BLOCK_..CLA_4BIT_UNIT            18     0.552      0.000      0.552 
            CLA_BLOCK_..CLA_4BIT_UNIT            18     0.548      0.000      0.548 
            CLA_BLOCK_..CLA_4BIT_UNIT            18     0.535      0.306      0.841 
            CLA_BLOCK_..CLA_4BIT_UNIT            18     0.523      0.000      0.523 
            CLA_BLOCK_..CLA_4BIT_UNIT            15     0.508      0.000      0.508 
        SHF_RIGHT_MAN                           138     4.160      7.601     11.762 
        PSC_UNIT                                 88     3.612     24.566     28.178 
        MAN_COMP_24BIT                           78     2.452      2.194      4.646 
          u_i_data_3                             13     0.430      0.000      0.430 
          u_i_data_1                             13     0.415      0.000      0.415 
          u_i_data_2                             13     0.415      0.000      0.415 
          u_i_data_4                             13     0.415      0.000      0.415 
          u_i_data_5                             10     0.305      2.194      2.498 
          u_i_data_0                             10     0.245      0.000      0.245 
        MAN_SWAP                                 50     1.968      5.643      7.611 
        MAN_SWAP_PRE                             46     1.922      5.226      7.148 
        LOPD_24BIT                               58     1.685     22.097     23.782 
          LOPD_16bit_UNIT_MSB                    34     0.985      8.773      9.758 
            LOPD_8bit_unit_0                     14     0.432      0.000      0.432 
            LOPD_8bit_unit_1                     14     0.412      3.772      4.184 
          LOPD_8bit_UNIT_LSB                     14     0.418      0.000      0.418 
        MAN_RND                                  26     1.487     -0.000      1.487 
        EXP_ADJUST                               37     1.274     24.108     25.382 
          CLA_8BIT_UNIT                          30     1.105     17.148     18.254 
            CLA_4BIT_UNIT_0                      18     0.587      2.707      3.294 
            CLA_4BIT_UNIT_1                      11     0.491     14.434     14.925 
        EXP_SUB                                  25     0.759      0.000      0.759 
          CLA_8BIT_UNIT                          20     0.656      0.000      0.656 
            CLA_4BIT_UNIT_0                      17     0.581      0.000      0.581 
            CLA_4BIT_UNIT_1                       2     0.062      0.000      0.062 
        EXP_COM_8BIT                             24     0.756      0.000      0.756 
          COMP_LESS_UNIT                         24     0.756      0.000      0.756 
            u_high                               13     0.422      0.000      0.422 
            u_low                                10     0.263      0.000      0.263 
        EXP_SWAP                                 13     0.544      0.000      0.544 
        EXP_RND                                  15     0.492      9.594     10.085 
        MAN_ALU_PROC_RND                          7     0.246      0.000      0.246 
        SIGN_UNIT                                 2     0.041      1.882      1.923 
  BFU4_17                                      9101   326.369   1921.628   2247.997 
    BFU2_UNIT0                                 4550   163.204    957.017   1120.222 
      DATA_A_IM                                1139    40.944    197.591    238.535 
        MAN_ALU                                 219     7.809     70.035     77.845 
          ALU_SUB_UNIT                          120     4.077      4.243      8.320 
            CLA_BLOCK_..CLA_4BIT_UNIT            18     0.683      0.000      0.683 
            CLA_BLOCK_..CLA_4BIT_UNIT            18     0.602      0.000      0.602 
            CLA_BLOCK_..CLA_4BIT_UNIT            18     0.599      0.000      0.599 
            CLA_BLOCK_..CLA_4BIT_UNIT            18     0.579      0.000      0.579 
            CLA_BLOCK_..CLA_4BIT_UNIT            18     0.555      4.243      4.798 
            CLA_BLOCK_..CLA_4BIT_UNIT            15     0.550      0.000      0.550 
        NOR_UNIT                                208     7.314      0.000      7.314 
          SHF_left_unit                         143     4.789      0.000      4.789 
        SHF_RIGHT_MAN                           137     4.123      7.601     11.724 
        PSC_UNIT                                 89     3.617     28.156     31.772 
        MAN_COMP_24BIT                           78     2.449      2.073      4.523 
          u_i_data_3                             13     0.430      0.000      0.430 
          u_i_data_1                             13     0.415      0.000      0.415 
          u_i_data_2                             13     0.415      0.000      0.415 
          u_i_data_4                             13     0.415      0.000      0.415 
          u_i_data_5                             10     0.302      2.073      2.375 
          u_i_data_0                             10     0.245      0.000      0.245 
        MAN_SWAP                                 52     1.995      5.643      7.638 
        MAN_SWAP_PRE                             46     1.928      5.226      7.154 
        LOPD_24BIT                               58     1.646      0.000      1.646 
          LOPD_16bit_UNIT_MSB                    34     0.957      0.000      0.957 
            LOPD_8bit_unit_0                     14     0.432      0.000      0.432 
            LOPD_8bit_unit_1                     14     0.392      0.000      0.392 
          LOPD_8bit_UNIT_LSB                     14     0.418      0.000      0.418 
        MAN_RND                                  26     1.483      0.000      1.483 
        EXP_ADJUST                               37     1.226      0.000      1.226 
          CLA_8BIT_UNIT                          30     1.126      0.000      1.126 
            CLA_4BIT_UNIT_0                      18     0.588      0.000      0.588 
            CLA_4BIT_UNIT_1                      11     0.507      0.000      0.507 
        EXP_SUB                                  25     0.759      0.000      0.759 
          CLA_8BIT_UNIT                          20     0.656      0.000      0.656 
            CLA_4BIT_UNIT_0                      17     0.581      0.000      0.581 
            CLA_4BIT_UNIT_1                       2     0.062      0.000      0.062 
        EXP_COM_8BIT                             24     0.756      0.000      0.756 
          COMP_LESS_UNIT                         24     0.756      0.000      0.756 
            u_high                               13     0.422      0.000      0.422 
            u_low                                10     0.263      0.000      0.263 
        EXP_SWAP                                 13     0.544      0.000      0.544 
        EXP_RND                                  15     0.496      0.000      0.496 
        MAN_ALU_PROC_RND                          7     0.246      0.000      0.246 
        SIGN_UNIT                                 1     0.034      1.672      1.706 
      DATA_A_RE                                1139    40.944    197.591    238.535 
        MAN_ALU                                 219     7.809     70.035     77.845 
          ALU_SUB_UNIT                          120     4.077      4.243      8.320 
            CLA_BLOCK_..CLA_4BIT_UNIT            18     0.683      0.000      0.683 
            CLA_BLOCK_..CLA_4BIT_UNIT            18     0.602      0.000      0.602 
            CLA_BLOCK_..CLA_4BIT_UNIT            18     0.599      0.000      0.599 
            CLA_BLOCK_..CLA_4BIT_UNIT            18     0.579      0.000      0.579 
            CLA_BLOCK_..CLA_4BIT_UNIT            18     0.555      4.243      4.798 
            CLA_BLOCK_..CLA_4BIT_UNIT            15     0.550      0.000      0.550 
        NOR_UNIT                                208     7.314      0.000      7.314 
          SHF_left_unit                         143     4.789      0.000      4.789 
        SHF_RIGHT_MAN                           137     4.123      7.601     11.724 
        PSC_UNIT                                 89     3.617     28.156     31.772 
        MAN_COMP_24BIT                           78     2.449      2.073      4.523 
          u_i_data_3                             13     0.430      0.000      0.430 
          u_i_data_1                             13     0.415      0.000      0.415 
          u_i_data_2                             13     0.415      0.000      0.415 
          u_i_data_4                             13     0.415      0.000      0.415 
          u_i_data_5                             10     0.302      2.073      2.375 
          u_i_data_0                             10     0.245      0.000      0.245 
        MAN_SWAP                                 52     1.995      5.643      7.638 
        MAN_SWAP_PRE                             46     1.928      5.226      7.154 
        LOPD_24BIT                               58     1.646      0.000      1.646 
          LOPD_16bit_UNIT_MSB                    34     0.957      0.000      0.957 
            LOPD_8bit_unit_0                     14     0.432      0.000      0.432 
            LOPD_8bit_unit_1                     14     0.392      0.000      0.392 
          LOPD_8bit_UNIT_LSB                     14     0.418      0.000      0.418 
        MAN_RND                                  26     1.483      0.000      1.483 
        EXP_ADJUST                               37     1.226      0.000      1.226 
          CLA_8BIT_UNIT                          30     1.126      0.000      1.126 
            CLA_4BIT_UNIT_0                      18     0.588      0.000      0.588 
            CLA_4BIT_UNIT_1                      11     0.507      0.000      0.507 
        EXP_SUB                                  25     0.759      0.000      0.759 
          CLA_8BIT_UNIT                          20     0.656      0.000      0.656 
            CLA_4BIT_UNIT_0                      17     0.581      0.000      0.581 
            CLA_4BIT_UNIT_1                       2     0.062      0.000      0.062 
        EXP_COM_8BIT                             24     0.756      0.000      0.756 
          COMP_LESS_UNIT                         24     0.756      0.000      0.756 
            u_high                               13     0.422      0.000      0.422 
            u_low                                10     0.263      0.000      0.263 
        EXP_SWAP                                 13     0.544      0.000      0.544 
        EXP_RND                                  15     0.496      0.000      0.496 
        MAN_ALU_PROC_RND                          7     0.246      0.000      0.246 
        SIGN_UNIT                                 1     0.034      1.672      1.706 
      DATA_B_IM                                1136    40.658    280.918    321.576 
        NOR_UNIT                                208     7.461     30.724     38.186 
          SHF_left_unit                         143     4.804      4.290      9.094 
        MAN_ALU                                 217     7.316     69.643     76.959 
          ALU_SUB_UNIT                          120     3.594      0.306      3.900 
            CLA_BLOCK_..CLA_4BIT_UNIT            18     0.559      0.000      0.559 
            CLA_BLOCK_..CLA_4BIT_UNIT            18     0.552      0.000      0.552 
            CLA_BLOCK_..CLA_4BIT_UNIT            18     0.548      0.000      0.548 
            CLA_BLOCK_..CLA_4BIT_UNIT            18     0.535      0.306      0.841 
            CLA_BLOCK_..CLA_4BIT_UNIT            18     0.523      0.000      0.523 
            CLA_BLOCK_..CLA_4BIT_UNIT            15     0.508      0.000      0.508 
        SHF_RIGHT_MAN                           138     4.160      7.601     11.762 
        PSC_UNIT                                 88     3.612     24.566     28.178 
        MAN_COMP_24BIT                           78     2.452      2.194      4.646 
          u_i_data_3                             13     0.430      0.000      0.430 
          u_i_data_1                             13     0.415      0.000      0.415 
          u_i_data_2                             13     0.415      0.000      0.415 
          u_i_data_4                             13     0.415      0.000      0.415 
          u_i_data_5                             10     0.305      2.194      2.498 
          u_i_data_0                             10     0.245      0.000      0.245 
        MAN_SWAP                                 50     1.968      5.643      7.611 
        MAN_SWAP_PRE                             46     1.922      5.226      7.148 
        LOPD_24BIT                               58     1.685     22.097     23.782 
          LOPD_16bit_UNIT_MSB                    34     0.985      8.773      9.758 
            LOPD_8bit_unit_0                     14     0.432      0.000      0.432 
            LOPD_8bit_unit_1                     14     0.412      3.772      4.184 
          LOPD_8bit_UNIT_LSB                     14     0.418      0.000      0.418 
        MAN_RND                                  26     1.487     -0.000      1.487 
        EXP_ADJUST                               37     1.274     24.108     25.382 
          CLA_8BIT_UNIT                          30     1.105     17.148     18.254 
            CLA_4BIT_UNIT_0                      18     0.587      2.707      3.294 
            CLA_4BIT_UNIT_1                      11     0.491     14.434     14.925 
        EXP_SUB                                  25     0.759      0.000      0.759 
          CLA_8BIT_UNIT                          20     0.656      0.000      0.656 
            CLA_4BIT_UNIT_0                      17     0.581      0.000      0.581 
            CLA_4BIT_UNIT_1                       2     0.062      0.000      0.062 
        EXP_COM_8BIT                             24     0.756      0.000      0.756 
          COMP_LESS_UNIT                         24     0.756      0.000      0.756 
            u_high                               13     0.422      0.000      0.422 
            u_low                                10     0.263      0.000      0.263 
        EXP_SWAP                                 13     0.544      0.000      0.544 
        EXP_RND                                  15     0.492      9.594     10.085 
        MAN_ALU_PROC_RND                          7     0.246      0.000      0.246 
        SIGN_UNIT                                 2     0.041      1.882      1.923 
      DATA_B_RE                                1136    40.658    280.918    321.576 
        NOR_UNIT                                208     7.461     30.724     38.186 
          SHF_left_unit                         143     4.804      4.290      9.094 
        MAN_ALU                                 217     7.316     69.643     76.959 
          ALU_SUB_UNIT                          120     3.594      0.306      3.900 
            CLA_BLOCK_..CLA_4BIT_UNIT            18     0.559      0.000      0.559 
            CLA_BLOCK_..CLA_4BIT_UNIT            18     0.552      0.000      0.552 
            CLA_BLOCK_..CLA_4BIT_UNIT            18     0.548      0.000      0.548 
            CLA_BLOCK_..CLA_4BIT_UNIT            18     0.535      0.306      0.841 
            CLA_BLOCK_..CLA_4BIT_UNIT            18     0.523      0.000      0.523 
            CLA_BLOCK_..CLA_4BIT_UNIT            15     0.508      0.000      0.508 
        SHF_RIGHT_MAN                           138     4.160      7.601     11.762 
        PSC_UNIT                                 88     3.612     24.566     28.178 
        MAN_COMP_24BIT                           78     2.452      2.194      4.646 
          u_i_data_3                             13     0.430      0.000      0.430 
          u_i_data_1                             13     0.415      0.000      0.415 
          u_i_data_2                             13     0.415      0.000      0.415 
          u_i_data_4                             13     0.415      0.000      0.415 
          u_i_data_5                             10     0.305      2.194      2.498 
          u_i_data_0                             10     0.245      0.000      0.245 
        MAN_SWAP                                 50     1.968      5.643      7.611 
        MAN_SWAP_PRE                             46     1.922      5.226      7.148 
        LOPD_24BIT                               58     1.685     22.097     23.782 
          LOPD_16bit_UNIT_MSB                    34     0.985      8.773      9.758 
            LOPD_8bit_unit_0                     14     0.432      0.000      0.432 
            LOPD_8bit_unit_1                     14     0.412      3.772      4.184 
          LOPD_8bit_UNIT_LSB                     14     0.418      0.000      0.418 
        MAN_RND                                  26     1.487     -0.000      1.487 
        EXP_ADJUST                               37     1.274     24.108     25.382 
          CLA_8BIT_UNIT                          30     1.105     17.148     18.254 
            CLA_4BIT_UNIT_0                      18     0.587      2.707      3.294 
            CLA_4BIT_UNIT_1                      11     0.491     14.434     14.925 
        EXP_SUB                                  25     0.759      0.000      0.759 
          CLA_8BIT_UNIT                          20     0.656      0.000      0.656 
            CLA_4BIT_UNIT_0                      17     0.581      0.000      0.581 
            CLA_4BIT_UNIT_1                       2     0.062      0.000      0.062 
        EXP_COM_8BIT                             24     0.756      0.000      0.756 
          COMP_LESS_UNIT                         24     0.756      0.000      0.756 
            u_high                               13     0.422      0.000      0.422 
            u_low                                10     0.263      0.000      0.263 
        EXP_SWAP                                 13     0.544      0.000      0.544 
        EXP_RND                                  15     0.492      9.594     10.085 
        MAN_ALU_PROC_RND                          7     0.246      0.000      0.246 
        SIGN_UNIT                                 2     0.041      1.882      1.923 
    BFU2_UNIT1                                 4550   163.151    961.962   1125.113 
      DATA_A_RE                                1139    40.944    197.591    238.535 
        MAN_ALU                                 219     7.809     70.035     77.845 
          ALU_SUB_UNIT                          120     4.077      4.243      8.320 
            CLA_BLOCK_..CLA_4BIT_UNIT            18     0.683      0.000      0.683 
            CLA_BLOCK_..CLA_4BIT_UNIT            18     0.602      0.000      0.602 
            CLA_BLOCK_..CLA_4BIT_UNIT            18     0.599      0.000      0.599 
            CLA_BLOCK_..CLA_4BIT_UNIT            18     0.579      0.000      0.579 
            CLA_BLOCK_..CLA_4BIT_UNIT            18     0.555      4.243      4.798 
            CLA_BLOCK_..CLA_4BIT_UNIT            15     0.550      0.000      0.550 
        NOR_UNIT                                208     7.314      0.000      7.314 
          SHF_left_unit                         143     4.789      0.000      4.789 
        SHF_RIGHT_MAN                           137     4.123      7.601     11.724 
        PSC_UNIT                                 89     3.617     28.156     31.772 
        MAN_COMP_24BIT                           78     2.449      2.073      4.523 
          u_i_data_3                             13     0.430      0.000      0.430 
          u_i_data_1                             13     0.415      0.000      0.415 
          u_i_data_2                             13     0.415      0.000      0.415 
          u_i_data_4                             13     0.415      0.000      0.415 
          u_i_data_5                             10     0.302      2.073      2.375 
          u_i_data_0                             10     0.245      0.000      0.245 
        MAN_SWAP                                 52     1.995      5.643      7.638 
        MAN_SWAP_PRE                             46     1.928      5.226      7.154 
        LOPD_24BIT                               58     1.646      0.000      1.646 
          LOPD_16bit_UNIT_MSB                    34     0.957      0.000      0.957 
            LOPD_8bit_unit_0                     14     0.432      0.000      0.432 
            LOPD_8bit_unit_1                     14     0.392      0.000      0.392 
          LOPD_8bit_UNIT_LSB                     14     0.418      0.000      0.418 
        MAN_RND                                  26     1.483      0.000      1.483 
        EXP_ADJUST                               37     1.226      0.000      1.226 
          CLA_8BIT_UNIT                          30     1.126      0.000      1.126 
            CLA_4BIT_UNIT_0                      18     0.588      0.000      0.588 
            CLA_4BIT_UNIT_1                      11     0.507      0.000      0.507 
        EXP_SUB                                  25     0.759      0.000      0.759 
          CLA_8BIT_UNIT                          20     0.656      0.000      0.656 
            CLA_4BIT_UNIT_0                      17     0.581      0.000      0.581 
            CLA_4BIT_UNIT_1                       2     0.062      0.000      0.062 
        EXP_COM_8BIT                             24     0.756      0.000      0.756 
          COMP_LESS_UNIT                         24     0.756      0.000      0.756 
            u_high                               13     0.422      0.000      0.422 
            u_low                                10     0.263      0.000      0.263 
        EXP_SWAP                                 13     0.544      0.000      0.544 
        EXP_RND                                  15     0.496      0.000      0.496 
        MAN_ALU_PROC_RND                          7     0.246      0.000      0.246 
        SIGN_UNIT                                 1     0.034      1.672      1.706 
      DATA_A_IM                                1139    40.805    289.077    329.882 
        MAN_ALU                                 219     7.462     72.244     79.705 
          ALU_SUB_UNIT                          120     3.594      0.306      3.900 
            CLA_BLOCK_..CLA_4BIT_UNIT            18     0.559      0.000      0.559 
            CLA_BLOCK_..CLA_4BIT_UNIT            18     0.552      0.000      0.552 
            CLA_BLOCK_..CLA_4BIT_UNIT            18     0.548      0.000      0.548 
            CLA_BLOCK_..CLA_4BIT_UNIT            18     0.535      0.306      0.841 
            CLA_BLOCK_..CLA_4BIT_UNIT            18     0.523      0.000      0.523 
            CLA_BLOCK_..CLA_4BIT_UNIT            15     0.508      0.000      0.508 
        NOR_UNIT                                208     7.461     30.724     38.186 
          SHF_left_unit                         143     4.804      4.290      9.094 
        SHF_RIGHT_MAN                           137     4.123      7.601     11.724 
        PSC_UNIT                                 89     3.628     30.455     34.083 
        MAN_COMP_24BIT                           78     2.449      2.073      4.523 
          u_i_data_3                             13     0.430      0.000      0.430 
          u_i_data_1                             13     0.415      0.000      0.415 
          u_i_data_2                             13     0.415      0.000      0.415 
          u_i_data_4                             13     0.415      0.000      0.415 
          u_i_data_5                             10     0.302      2.073      2.375 
          u_i_data_0                             10     0.245      0.000      0.245 
        MAN_SWAP                                 52     1.995      5.643      7.638 
        MAN_SWAP_PRE                             46     1.928      5.226      7.154 
        LOPD_24BIT                               58     1.685     22.097     23.782 
          LOPD_16bit_UNIT_MSB                    34     0.985      8.773      9.758 
            LOPD_8bit_unit_0                     14     0.432      0.000      0.432 
            LOPD_8bit_unit_1                     14     0.412      3.772      4.184 
          LOPD_8bit_UNIT_LSB                     14     0.418      0.000      0.418 
        MAN_RND                                  26     1.487     -0.000      1.487 
        EXP_ADJUST                               37     1.274     24.108     25.382 
          CLA_8BIT_UNIT                          30     1.105     17.148     18.254 
            CLA_4BIT_UNIT_0                      18     0.587      2.707      3.294 
            CLA_4BIT_UNIT_1                      11     0.491     14.434     14.925 
        EXP_SUB                                  25     0.759      0.000      0.759 
          CLA_8BIT_UNIT                          20     0.656      0.000      0.656 
            CLA_4BIT_UNIT_0                      17     0.581      0.000      0.581 
            CLA_4BIT_UNIT_1                       2     0.062      0.000      0.062 
        EXP_COM_8BIT                             24     0.756      0.000      0.756 
          COMP_LESS_UNIT                         24     0.756      0.000      0.756 
            u_high                               13     0.422      0.000      0.422 
            u_low                                10     0.263      0.000      0.263 
        EXP_SWAP                                 13     0.544      0.000      0.544 
        EXP_RND                                  15     0.492      9.594     10.085 
        MAN_ALU_PROC_RND                          7     0.246      0.000      0.246 
        SIGN_UNIT                                 1     0.034      1.672      1.706 
      DATA_B_IM                                1136    40.743    194.377    235.120 
        MAN_ALU                                 217     7.645     67.781     75.426 
          ALU_SUB_UNIT                          120     4.077      4.243      8.320 
            CLA_BLOCK_..CLA_4BIT_UNIT            18     0.683      0.000      0.683 
            CLA_BLOCK_..CLA_4BIT_UNIT            18     0.602      0.000      0.602 
            CLA_BLOCK_..CLA_4BIT_UNIT            18     0.599      0.000      0.599 
            CLA_BLOCK_..CLA_4BIT_UNIT            18     0.579      0.000      0.579 
            CLA_BLOCK_..CLA_4BIT_UNIT            18     0.555      4.243      4.798 
            CLA_BLOCK_..CLA_4BIT_UNIT            15     0.550      0.000      0.550 
        NOR_UNIT                                208     7.314      0.000      7.314 
          SHF_left_unit                         143     4.789      0.000      4.789 
        SHF_RIGHT_MAN                           138     4.160      7.601     11.762 
        PSC_UNIT                                 88     3.566     26.865     30.432 
        MAN_COMP_24BIT                           78     2.452      2.194      4.646 
          u_i_data_3                             13     0.430      0.000      0.430 
          u_i_data_1                             13     0.415      0.000      0.415 
          u_i_data_2                             13     0.415      0.000      0.415 
          u_i_data_4                             13     0.415      0.000      0.415 
          u_i_data_5                             10     0.305      2.194      2.498 
          u_i_data_0                             10     0.245      0.000      0.245 
        MAN_SWAP                                 50     1.968      5.643      7.611 
        MAN_SWAP_PRE                             46     1.922      5.226      7.148 
        LOPD_24BIT                               58     1.646      0.000      1.646 
          LOPD_16bit_UNIT_MSB                    34     0.957      0.000      0.957 
            LOPD_8bit_unit_0                     14     0.432      0.000      0.432 
            LOPD_8bit_unit_1                     14     0.392      0.000      0.392 
          LOPD_8bit_UNIT_LSB                     14     0.418      0.000      0.418 
        MAN_RND                                  26     1.483      0.000      1.483 
        EXP_ADJUST                               37     1.226      0.000      1.226 
          CLA_8BIT_UNIT                          30     1.126      0.000      1.126 
            CLA_4BIT_UNIT_0                      18     0.588      0.000      0.588 
            CLA_4BIT_UNIT_1                      11     0.507      0.000      0.507 
        EXP_SUB                                  25     0.759      0.000      0.759 
          CLA_8BIT_UNIT                          20     0.656      0.000      0.656 
            CLA_4BIT_UNIT_0                      17     0.581      0.000      0.581 
            CLA_4BIT_UNIT_1                       2     0.062      0.000      0.062 
        EXP_COM_8BIT                             24     0.756      0.000      0.756 
          COMP_LESS_UNIT                         24     0.756      0.000      0.756 
            u_high                               13     0.422      0.000      0.422 
            u_low                                10     0.263      0.000      0.263 
        EXP_SWAP                                 13     0.544      0.000      0.544 
        EXP_RND                                  15     0.496      0.000      0.496 
        MAN_ALU_PROC_RND                          7     0.246      0.000      0.246 
        SIGN_UNIT                                 2     0.041      1.882      1.923 
      DATA_B_RE                                1136    40.658    280.918    321.576 
        NOR_UNIT                                208     7.461     30.724     38.186 
          SHF_left_unit                         143     4.804      4.290      9.094 
        MAN_ALU                                 217     7.316     69.643     76.959 
          ALU_SUB_UNIT                          120     3.594      0.306      3.900 
            CLA_BLOCK_..CLA_4BIT_UNIT            18     0.559      0.000      0.559 
            CLA_BLOCK_..CLA_4BIT_UNIT            18     0.552      0.000      0.552 
            CLA_BLOCK_..CLA_4BIT_UNIT            18     0.548      0.000      0.548 
            CLA_BLOCK_..CLA_4BIT_UNIT            18     0.535      0.306      0.841 
            CLA_BLOCK_..CLA_4BIT_UNIT            18     0.523      0.000      0.523 
            CLA_BLOCK_..CLA_4BIT_UNIT            15     0.508      0.000      0.508 
        SHF_RIGHT_MAN                           138     4.160      7.601     11.762 
        PSC_UNIT                                 88     3.612     24.566     28.178 
        MAN_COMP_24BIT                           78     2.452      2.194      4.646 
          u_i_data_3                             13     0.430      0.000      0.430 
          u_i_data_1                             13     0.415      0.000      0.415 
          u_i_data_2                             13     0.415      0.000      0.415 
          u_i_data_4                             13     0.415      0.000      0.415 
          u_i_data_5                             10     0.305      2.194      2.498 
          u_i_data_0                             10     0.245      0.000      0.245 
        MAN_SWAP                                 50     1.968      5.643      7.611 
        MAN_SWAP_PRE                             46     1.922      5.226      7.148 
        LOPD_24BIT                               58     1.685     22.097     23.782 
          LOPD_16bit_UNIT_MSB                    34     0.985      8.773      9.758 
            LOPD_8bit_unit_0                     14     0.432      0.000      0.432 
            LOPD_8bit_unit_1                     14     0.412      3.772      4.184 
          LOPD_8bit_UNIT_LSB                     14     0.418      0.000      0.418 
        MAN_RND                                  26     1.487     -0.000      1.487 
        EXP_ADJUST                               37     1.274     24.108     25.382 
          CLA_8BIT_UNIT                          30     1.105     17.148     18.254 
            CLA_4BIT_UNIT_0                      18     0.587      2.707      3.294 
            CLA_4BIT_UNIT_1                      11     0.491     14.434     14.925 
        EXP_SUB                                  25     0.759      0.000      0.759 
          CLA_8BIT_UNIT                          20     0.656      0.000      0.656 
            CLA_4BIT_UNIT_0                      17     0.581      0.000      0.581 
            CLA_4BIT_UNIT_1                       2     0.062      0.000      0.062 
        EXP_COM_8BIT                             24     0.756      0.000      0.756 
          COMP_LESS_UNIT                         24     0.756      0.000      0.756 
            u_high                               13     0.422      0.000      0.422 
            u_low                                10     0.263      0.000      0.263 
        EXP_SWAP                                 13     0.544      0.000      0.544 
        EXP_RND                                  15     0.492      9.594     10.085 
        MAN_ALU_PROC_RND                          7     0.246      0.000      0.246 
        SIGN_UNIT                                 2     0.041      1.882      1.923 
  BFU2_S1_04                                   4550   147.083   5627.309   5774.392 
    DATA_B_IM                                  1136    37.241   1118.539   1155.781 
      NOR_UNIT                                  208     7.248     84.934     92.181 
        SHF_left_unit                           143     4.591     58.499     63.090 
      MAN_ALU                                   217     6.719    143.257    149.975 
        ALU_SUB_UNIT                            120     3.635      2.243      5.878 
          CLA_BLOCK_..CLA_4BIT_UNIT              18     0.568      0.309      0.877 
          CLA_BLOCK_..CLA_4BIT_UNIT              18     0.558      0.331      0.889 
          CLA_BLOCK_..CLA_4BIT_UNIT              18     0.554      0.331      0.884 
          CLA_BLOCK_..CLA_4BIT_UNIT              18     0.531      0.326      0.856 
          CLA_BLOCK_..CLA_4BIT_UNIT              18     0.528      0.327      0.855 
          CLA_BLOCK_..CLA_4BIT_UNIT              15     0.528      0.619      1.147 
      SHF_RIGHT_MAN                             138     4.121    278.360    282.481 
      PSC_UNIT                                   88     2.755     86.255     89.010 
      MAN_COMP_24BIT                             78     2.222     35.347     37.570 
        u_i_data_3                               13     0.391      6.889      7.279 
        u_i_data_1                               13     0.367      6.133      6.500 
        u_i_data_2                               13     0.367      6.127      6.494 
        u_i_data_4                               13     0.367      6.158      6.526 
        u_i_data_5                               10     0.261      4.528      4.789 
        u_i_data_0                               10     0.240      5.513      5.752 
      MAN_SWAP_PRE                               46     1.739    116.070    117.809 
      MAN_SWAP                                   50     1.730    114.691    116.421 
      LOPD_24BIT                                 58     1.685     22.097     23.782 
        LOPD_16bit_UNIT_MSB                      34     0.985      8.773      9.758 
          LOPD_8bit_unit_0                       14     0.432      0.000      0.432 
          LOPD_8bit_unit_1                       14     0.412      3.772      4.184 
        LOPD_8bit_UNIT_LSB                       14     0.418      0.000      0.418 
      MAN_RND                                    26     1.487     -0.000      1.487 
      EXP_ADJUST                                 37     1.213     49.895     51.109 
        CLA_8BIT_UNIT                            30     1.045     42.935     43.980 
          CLA_4BIT_UNIT_0                        18     0.566     23.949     24.515 
          CLA_4BIT_UNIT_1                        11     0.456     17.229     17.686 
      EXP_SUB                                    25     0.764     12.491     13.256 
        CLA_8BIT_UNIT                            20     0.696      6.849      7.545 
          CLA_4BIT_UNIT_0                        17     0.611      6.849      7.460 
          CLA_4BIT_UNIT_1                         2     0.072      0.000      0.072 
      EXP_COM_8BIT                               24     0.685     11.695     12.380 
        COMP_LESS_UNIT                           24     0.685     11.695     12.380 
          u_high                                 13     0.367      6.056      6.423 
          u_low                                  10     0.246      5.639      5.885 
      EXP_RND                                    15     0.497      7.517      8.013 
      EXP_SWAP                                   13     0.487     32.472     32.959 
      MAN_ALU_PROC_RND                            7     0.246      0.000      0.246 
      SIGN_UNIT                                   2     0.041      1.881      1.921 
    DATA_B_RE                                  1136    37.241   1118.539   1155.781 
      NOR_UNIT                                  208     7.248     84.934     92.181 
        SHF_left_unit                           143     4.591     58.499     63.090 
      MAN_ALU                                   217     6.719    143.257    149.975 
        ALU_SUB_UNIT                            120     3.635      2.243      5.878 
          CLA_BLOCK_..CLA_4BIT_UNIT              18     0.568      0.309      0.877 
          CLA_BLOCK_..CLA_4BIT_UNIT              18     0.558      0.331      0.889 
          CLA_BLOCK_..CLA_4BIT_UNIT              18     0.554      0.331      0.884 
          CLA_BLOCK_..CLA_4BIT_UNIT              18     0.531      0.326      0.856 
          CLA_BLOCK_..CLA_4BIT_UNIT              18     0.528      0.327      0.855 
          CLA_BLOCK_..CLA_4BIT_UNIT              15     0.528      0.619      1.147 
      SHF_RIGHT_MAN                             138     4.121    278.360    282.481 
      PSC_UNIT                                   88     2.755     86.255     89.010 
      MAN_COMP_24BIT                             78     2.222     35.347     37.570 
        u_i_data_3                               13     0.391      6.889      7.279 
        u_i_data_1                               13     0.367      6.133      6.500 
        u_i_data_2                               13     0.367      6.127      6.494 
        u_i_data_4                               13     0.367      6.158      6.526 
        u_i_data_5                               10     0.261      4.528      4.789 
        u_i_data_0                               10     0.240      5.513      5.752 
      MAN_SWAP_PRE                               46     1.739    116.070    117.809 
      MAN_SWAP                                   50     1.730    114.691    116.421 
      LOPD_24BIT                                 58     1.685     22.097     23.782 
        LOPD_16bit_UNIT_MSB                      34     0.985      8.773      9.758 
          LOPD_8bit_unit_0                       14     0.432      0.000      0.432 
          LOPD_8bit_unit_1                       14     0.412      3.772      4.184 
        LOPD_8bit_UNIT_LSB                       14     0.418      0.000      0.418 
      MAN_RND                                    26     1.487     -0.000      1.487 
      EXP_ADJUST                                 37     1.213     49.895     51.109 
        CLA_8BIT_UNIT                            30     1.045     42.935     43.980 
          CLA_4BIT_UNIT_0                        18     0.566     23.949     24.515 
          CLA_4BIT_UNIT_1                        11     0.456     17.229     17.686 
      EXP_SUB                                    25     0.764     12.491     13.256 
        CLA_8BIT_UNIT                            20     0.696      6.849      7.545 
          CLA_4BIT_UNIT_0                        17     0.611      6.849      7.460 
          CLA_4BIT_UNIT_1                         2     0.072      0.000      0.072 
      EXP_COM_8BIT                               24     0.685     11.695     12.380 
        COMP_LESS_UNIT                           24     0.685     11.695     12.380 
          u_high                                 13     0.367      6.056      6.423 
          u_low                                  10     0.246      5.639      5.885 
      EXP_RND                                    15     0.497      7.517      8.013 
      EXP_SWAP                                   13     0.487     32.472     32.959 
      MAN_ALU_PROC_RND                            7     0.246      0.000      0.246 
      SIGN_UNIT                                   2     0.041      1.881      1.921 
    DATA_A_IM                                  1139    36.300   1695.115   1731.415 
      MAN_ALU                                   219     6.889    390.782    397.671 
        ALU_SUB_UNIT                            120     3.712    157.979    161.692 
          CLA_BLOCK_..CLA_4BIT_UNIT              18     0.653     24.091     24.744 
          CLA_BLOCK_..CLA_4BIT_UNIT              18     0.535     25.555     26.091 
          CLA_BLOCK_..CLA_4BIT_UNIT              18     0.530     25.122     25.653 
          CLA_BLOCK_..CLA_4BIT_UNIT              18     0.515     26.791     27.306 
          CLA_BLOCK_..CLA_4BIT_UNIT              18     0.513     23.693     24.206 
          CLA_BLOCK_..CLA_4BIT_UNIT              15     0.492     17.718     18.210 
      NOR_UNIT                                  208     6.538    364.324    370.862 
        SHF_left_unit                           143     4.324    231.785    236.109 
      SHF_RIGHT_MAN                             137     4.091    276.560    280.651 
      PSC_UNIT                                   89     2.805     89.608     92.412 
      MAN_COMP_24BIT                             78     2.227     35.283     37.510 
        u_i_data_3                               13     0.391      6.889      7.280 
        u_i_data_1                               13     0.367      6.128      6.495 
        u_i_data_2                               13     0.367      6.127      6.494 
        u_i_data_4                               13     0.367      6.158      6.525 
        u_i_data_5                               10     0.266      4.472      4.738 
        u_i_data_0                               10     0.240      5.509      5.749 
      MAN_SWAP                                   52     1.758    118.077    119.834 
      MAN_SWAP_PRE                               46     1.752    116.894    118.646 
      MAN_RND                                    26     1.505     54.510     56.015 
      LOPD_24BIT                                 58     1.377     38.869     40.246 
        LOPD_16bit_UNIT_MSB                      34     0.794     25.029     25.823 
          LOPD_8bit_unit_0                       14     0.335     14.741     15.076 
          LOPD_8bit_unit_1                       14     0.315     10.282     10.597 
        LOPD_8bit_UNIT_LSB                       14     0.307     13.839     14.146 
      EXP_ADJUST                                 37     1.166     43.779     44.944 
        CLA_8BIT_UNIT                            30     1.060     41.346     42.407 
          CLA_4BIT_UNIT_0                        18     0.557     22.062     22.619 
          CLA_4BIT_UNIT_1                        11     0.474     17.649     18.123 
      EXP_SUB                                    25     0.764     12.491     13.256 
        CLA_8BIT_UNIT                            20     0.696      6.849      7.545 
          CLA_4BIT_UNIT_0                        17     0.611      6.849      7.460 
          CLA_4BIT_UNIT_1                         2     0.072      0.000      0.072 
      EXP_COM_8BIT                               24     0.685     11.695     12.380 
        COMP_LESS_UNIT                           24     0.685     11.695     12.380 
          u_high                                 13     0.367      6.056      6.423 
          u_low                                  10     0.246      5.639      5.885 
      EXP_RND                                    15     0.496      0.000      0.496 
      EXP_SWAP                                   13     0.487     32.472     32.959 
      MAN_ALU_PROC_RND                            7     0.246      0.000      0.246 
      SIGN_UNIT                                   1     0.034      1.671      1.705 
    DATA_A_RE                                  1139    36.300   1695.115   1731.415 
      MAN_ALU                                   219     6.889    390.782    397.671 
        ALU_SUB_UNIT                            120     3.712    157.979    161.692 
          CLA_BLOCK_..CLA_4BIT_UNIT              18     0.653     24.091     24.744 
          CLA_BLOCK_..CLA_4BIT_UNIT              18     0.535     25.555     26.091 
          CLA_BLOCK_..CLA_4BIT_UNIT              18     0.530     25.122     25.653 
          CLA_BLOCK_..CLA_4BIT_UNIT              18     0.515     26.791     27.306 
          CLA_BLOCK_..CLA_4BIT_UNIT              18     0.513     23.693     24.206 
          CLA_BLOCK_..CLA_4BIT_UNIT              15     0.492     17.718     18.210 
      NOR_UNIT                                  208     6.538    364.324    370.862 
        SHF_left_unit                           143     4.324    231.785    236.109 
      SHF_RIGHT_MAN                             137     4.091    276.560    280.651 
      PSC_UNIT                                   89     2.805     89.608     92.412 
      MAN_COMP_24BIT                             78     2.227     35.283     37.510 
        u_i_data_3                               13     0.391      6.889      7.280 
        u_i_data_1                               13     0.367      6.128      6.495 
        u_i_data_2                               13     0.367      6.127      6.494 
        u_i_data_4                               13     0.367      6.158      6.525 
        u_i_data_5                               10     0.266      4.472      4.738 
        u_i_data_0                               10     0.240      5.509      5.749 
      MAN_SWAP                                   52     1.758    118.077    119.834 
      MAN_SWAP_PRE                               46     1.752    116.894    118.646 
      MAN_RND                                    26     1.505     54.510     56.015 
      LOPD_24BIT                                 58     1.377     38.869     40.246 
        LOPD_16bit_UNIT_MSB                      34     0.794     25.029     25.823 
          LOPD_8bit_unit_0                       14     0.335     14.741     15.076 
          LOPD_8bit_unit_1                       14     0.315     10.282     10.597 
        LOPD_8bit_UNIT_LSB                       14     0.307     13.839     14.146 
      EXP_ADJUST                                 37     1.166     43.779     44.944 
        CLA_8BIT_UNIT                            30     1.060     41.346     42.407 
          CLA_4BIT_UNIT_0                        18     0.557     22.062     22.619 
          CLA_4BIT_UNIT_1                        11     0.474     17.649     18.123 
      EXP_SUB                                    25     0.764     12.491     13.256 
        CLA_8BIT_UNIT                            20     0.696      6.849      7.545 
          CLA_4BIT_UNIT_0                        17     0.611      6.849      7.460 
          CLA_4BIT_UNIT_1                         2     0.072      0.000      0.072 
      EXP_COM_8BIT                               24     0.685     11.695     12.380 
        COMP_LESS_UNIT                           24     0.685     11.695     12.380 
          u_high                                 13     0.367      6.056      6.423 
          u_low                                  10     0.246      5.639      5.885 
      EXP_RND                                    15     0.496      0.000      0.496 
      EXP_SWAP                                   13     0.487     32.472     32.959 
      MAN_ALU_PROC_RND                            7     0.246      0.000      0.246 
      SIGN_UNIT                                   1     0.034      1.671      1.705 
  BFU2_S1_15                                   4550   147.083   5627.309   5774.392 
    DATA_B_IM                                  1136    37.241   1118.539   1155.781 
      NOR_UNIT                                  208     7.248     84.934     92.181 
        SHF_left_unit                           143     4.591     58.499     63.090 
      MAN_ALU                                   217     6.719    143.257    149.975 
        ALU_SUB_UNIT                            120     3.635      2.243      5.878 
          CLA_BLOCK_..CLA_4BIT_UNIT              18     0.568      0.309      0.877 
          CLA_BLOCK_..CLA_4BIT_UNIT              18     0.558      0.331      0.889 
          CLA_BLOCK_..CLA_4BIT_UNIT              18     0.554      0.331      0.884 
          CLA_BLOCK_..CLA_4BIT_UNIT              18     0.531      0.326      0.856 
          CLA_BLOCK_..CLA_4BIT_UNIT              18     0.528      0.327      0.855 
          CLA_BLOCK_..CLA_4BIT_UNIT              15     0.528      0.619      1.147 
      SHF_RIGHT_MAN                             138     4.121    278.360    282.481 
      PSC_UNIT                                   88     2.755     86.255     89.010 
      MAN_COMP_24BIT                             78     2.222     35.347     37.570 
        u_i_data_3                               13     0.391      6.889      7.279 
        u_i_data_1                               13     0.367      6.133      6.500 
        u_i_data_2                               13     0.367      6.127      6.494 
        u_i_data_4                               13     0.367      6.158      6.526 
        u_i_data_5                               10     0.261      4.528      4.789 
        u_i_data_0                               10     0.240      5.513      5.752 
      MAN_SWAP_PRE                               46     1.739    116.070    117.809 
      MAN_SWAP                                   50     1.730    114.691    116.421 
      LOPD_24BIT                                 58     1.685     22.097     23.782 
        LOPD_16bit_UNIT_MSB                      34     0.985      8.773      9.758 
          LOPD_8bit_unit_0                       14     0.432      0.000      0.432 
          LOPD_8bit_unit_1                       14     0.412      3.772      4.184 
        LOPD_8bit_UNIT_LSB                       14     0.418      0.000      0.418 
      MAN_RND                                    26     1.487     -0.000      1.487 
      EXP_ADJUST                                 37     1.213     49.895     51.109 
        CLA_8BIT_UNIT                            30     1.045     42.935     43.980 
          CLA_4BIT_UNIT_0                        18     0.566     23.949     24.515 
          CLA_4BIT_UNIT_1                        11     0.456     17.229     17.686 
      EXP_SUB                                    25     0.764     12.491     13.256 
        CLA_8BIT_UNIT                            20     0.696      6.849      7.545 
          CLA_4BIT_UNIT_0                        17     0.611      6.849      7.460 
          CLA_4BIT_UNIT_1                         2     0.072      0.000      0.072 
      EXP_COM_8BIT                               24     0.685     11.695     12.380 
        COMP_LESS_UNIT                           24     0.685     11.695     12.380 
          u_high                                 13     0.367      6.056      6.423 
          u_low                                  10     0.246      5.639      5.885 
      EXP_RND                                    15     0.497      7.517      8.013 
      EXP_SWAP                                   13     0.487     32.472     32.959 
      MAN_ALU_PROC_RND                            7     0.246      0.000      0.246 
      SIGN_UNIT                                   2     0.041      1.881      1.921 
    DATA_B_RE                                  1136    37.241   1118.539   1155.781 
      NOR_UNIT                                  208     7.248     84.934     92.181 
        SHF_left_unit                           143     4.591     58.499     63.090 
      MAN_ALU                                   217     6.719    143.257    149.975 
        ALU_SUB_UNIT                            120     3.635      2.243      5.878 
          CLA_BLOCK_..CLA_4BIT_UNIT              18     0.568      0.309      0.877 
          CLA_BLOCK_..CLA_4BIT_UNIT              18     0.558      0.331      0.889 
          CLA_BLOCK_..CLA_4BIT_UNIT              18     0.554      0.331      0.884 
          CLA_BLOCK_..CLA_4BIT_UNIT              18     0.531      0.326      0.856 
          CLA_BLOCK_..CLA_4BIT_UNIT              18     0.528      0.327      0.855 
          CLA_BLOCK_..CLA_4BIT_UNIT              15     0.528      0.619      1.147 
      SHF_RIGHT_MAN                             138     4.121    278.360    282.481 
      PSC_UNIT                                   88     2.755     86.255     89.010 
      MAN_COMP_24BIT                             78     2.222     35.347     37.570 
        u_i_data_3                               13     0.391      6.889      7.279 
        u_i_data_1                               13     0.367      6.133      6.500 
        u_i_data_2                               13     0.367      6.127      6.494 
        u_i_data_4                               13     0.367      6.158      6.526 
        u_i_data_5                               10     0.261      4.528      4.789 
        u_i_data_0                               10     0.240      5.513      5.752 
      MAN_SWAP_PRE                               46     1.739    116.070    117.809 
      MAN_SWAP                                   50     1.730    114.691    116.421 
      LOPD_24BIT                                 58     1.685     22.097     23.782 
        LOPD_16bit_UNIT_MSB                      34     0.985      8.773      9.758 
          LOPD_8bit_unit_0                       14     0.432      0.000      0.432 
          LOPD_8bit_unit_1                       14     0.412      3.772      4.184 
        LOPD_8bit_UNIT_LSB                       14     0.418      0.000      0.418 
      MAN_RND                                    26     1.487     -0.000      1.487 
      EXP_ADJUST                                 37     1.213     49.895     51.109 
        CLA_8BIT_UNIT                            30     1.045     42.935     43.980 
          CLA_4BIT_UNIT_0                        18     0.566     23.949     24.515 
          CLA_4BIT_UNIT_1                        11     0.456     17.229     17.686 
      EXP_SUB                                    25     0.764     12.491     13.256 
        CLA_8BIT_UNIT                            20     0.696      6.849      7.545 
          CLA_4BIT_UNIT_0                        17     0.611      6.849      7.460 
          CLA_4BIT_UNIT_1                         2     0.072      0.000      0.072 
      EXP_COM_8BIT                               24     0.685     11.695     12.380 
        COMP_LESS_UNIT                           24     0.685     11.695     12.380 
          u_high                                 13     0.367      6.056      6.423 
          u_low                                  10     0.246      5.639      5.885 
      EXP_RND                                    15     0.497      7.517      8.013 
      EXP_SWAP                                   13     0.487     32.472     32.959 
      MAN_ALU_PROC_RND                            7     0.246      0.000      0.246 
      SIGN_UNIT                                   2     0.041      1.881      1.921 
    DATA_A_IM                                  1139    36.300   1695.115   1731.415 
      MAN_ALU                                   219     6.889    390.782    397.671 
        ALU_SUB_UNIT                            120     3.712    157.979    161.692 
          CLA_BLOCK_..CLA_4BIT_UNIT              18     0.653     24.091     24.744 
          CLA_BLOCK_..CLA_4BIT_UNIT              18     0.535     25.555     26.091 
          CLA_BLOCK_..CLA_4BIT_UNIT              18     0.530     25.122     25.653 
          CLA_BLOCK_..CLA_4BIT_UNIT              18     0.515     26.791     27.306 
          CLA_BLOCK_..CLA_4BIT_UNIT              18     0.513     23.693     24.206 
          CLA_BLOCK_..CLA_4BIT_UNIT              15     0.492     17.718     18.210 
      NOR_UNIT                                  208     6.538    364.324    370.862 
        SHF_left_unit                           143     4.324    231.785    236.109 
      SHF_RIGHT_MAN                             137     4.091    276.560    280.651 
      PSC_UNIT                                   89     2.805     89.608     92.412 
      MAN_COMP_24BIT                             78     2.227     35.283     37.510 
        u_i_data_3                               13     0.391      6.889      7.280 
        u_i_data_1                               13     0.367      6.128      6.495 
        u_i_data_2                               13     0.367      6.127      6.494 
        u_i_data_4                               13     0.367      6.158      6.525 
        u_i_data_5                               10     0.266      4.472      4.738 
        u_i_data_0                               10     0.240      5.509      5.749 
      MAN_SWAP                                   52     1.758    118.077    119.834 
      MAN_SWAP_PRE                               46     1.752    116.894    118.646 
      MAN_RND                                    26     1.505     54.510     56.015 
      LOPD_24BIT                                 58     1.377     38.869     40.246 
        LOPD_16bit_UNIT_MSB                      34     0.794     25.029     25.823 
          LOPD_8bit_unit_0                       14     0.335     14.741     15.076 
          LOPD_8bit_unit_1                       14     0.315     10.282     10.597 
        LOPD_8bit_UNIT_LSB                       14     0.307     13.839     14.146 
      EXP_ADJUST                                 37     1.166     43.779     44.944 
        CLA_8BIT_UNIT                            30     1.060     41.346     42.407 
          CLA_4BIT_UNIT_0                        18     0.557     22.062     22.619 
          CLA_4BIT_UNIT_1                        11     0.474     17.649     18.123 
      EXP_SUB                                    25     0.764     12.491     13.256 
        CLA_8BIT_UNIT                            20     0.696      6.849      7.545 
          CLA_4BIT_UNIT_0                        17     0.611      6.849      7.460 
          CLA_4BIT_UNIT_1                         2     0.072      0.000      0.072 
      EXP_COM_8BIT                               24     0.685     11.695     12.380 
        COMP_LESS_UNIT                           24     0.685     11.695     12.380 
          u_high                                 13     0.367      6.056      6.423 
          u_low                                  10     0.246      5.639      5.885 
      EXP_RND                                    15     0.496      0.000      0.496 
      EXP_SWAP                                   13     0.487     32.472     32.959 
      MAN_ALU_PROC_RND                            7     0.246      0.000      0.246 
      SIGN_UNIT                                   1     0.034      1.671      1.705 
    DATA_A_RE                                  1139    36.300   1695.115   1731.415 
      MAN_ALU                                   219     6.889    390.782    397.671 
        ALU_SUB_UNIT                            120     3.712    157.979    161.692 
          CLA_BLOCK_..CLA_4BIT_UNIT              18     0.653     24.091     24.744 
          CLA_BLOCK_..CLA_4BIT_UNIT              18     0.535     25.555     26.091 
          CLA_BLOCK_..CLA_4BIT_UNIT              18     0.530     25.122     25.653 
          CLA_BLOCK_..CLA_4BIT_UNIT              18     0.515     26.791     27.306 
          CLA_BLOCK_..CLA_4BIT_UNIT              18     0.513     23.693     24.206 
          CLA_BLOCK_..CLA_4BIT_UNIT              15     0.492     17.718     18.210 
      NOR_UNIT                                  208     6.538    364.324    370.862 
        SHF_left_unit                           143     4.324    231.785    236.109 
      SHF_RIGHT_MAN                             137     4.091    276.560    280.651 
      PSC_UNIT                                   89     2.805     89.608     92.412 
      MAN_COMP_24BIT                             78     2.227     35.283     37.510 
        u_i_data_3                               13     0.391      6.889      7.280 
        u_i_data_1                               13     0.367      6.128      6.495 
        u_i_data_2                               13     0.367      6.127      6.494 
        u_i_data_4                               13     0.367      6.158      6.525 
        u_i_data_5                               10     0.266      4.472      4.738 
        u_i_data_0                               10     0.240      5.509      5.749 
      MAN_SWAP                                   52     1.758    118.077    119.834 
      MAN_SWAP_PRE                               46     1.752    116.894    118.646 
      MAN_RND                                    26     1.505     54.510     56.015 
      LOPD_24BIT                                 58     1.377     38.869     40.246 
        LOPD_16bit_UNIT_MSB                      34     0.794     25.029     25.823 
          LOPD_8bit_unit_0                       14     0.335     14.741     15.076 
          LOPD_8bit_unit_1                       14     0.315     10.282     10.597 
        LOPD_8bit_UNIT_LSB                       14     0.307     13.839     14.146 
      EXP_ADJUST                                 37     1.166     43.779     44.944 
        CLA_8BIT_UNIT                            30     1.060     41.346     42.407 
          CLA_4BIT_UNIT_0                        18     0.557     22.062     22.619 
          CLA_4BIT_UNIT_1                        11     0.474     17.649     18.123 
      EXP_SUB                                    25     0.764     12.491     13.256 
        CLA_8BIT_UNIT                            20     0.696      6.849      7.545 
          CLA_4BIT_UNIT_0                        17     0.611      6.849      7.460 
          CLA_4BIT_UNIT_1                         2     0.072      0.000      0.072 
      EXP_COM_8BIT                               24     0.685     11.695     12.380 
        COMP_LESS_UNIT                           24     0.685     11.695     12.380 
          u_high                                 13     0.367      6.056      6.423 
          u_low                                  10     0.246      5.639      5.885 
      EXP_RND                                    15     0.496      0.000      0.496 
      EXP_SWAP                                   13     0.487     32.472     32.959 
      MAN_ALU_PROC_RND                            7     0.246      0.000      0.246 
      SIGN_UNIT                                   1     0.034      1.671      1.705 
  BFU2_S1_26                                   4550   147.083   5627.309   5774.392 
    DATA_B_IM                                  1136    37.241   1118.539   1155.781 
      NOR_UNIT                                  208     7.248     84.934     92.181 
        SHF_left_unit                           143     4.591     58.499     63.090 
      MAN_ALU                                   217     6.719    143.257    149.975 
        ALU_SUB_UNIT                            120     3.635      2.243      5.878 
          CLA_BLOCK_..CLA_4BIT_UNIT              18     0.568      0.309      0.877 
          CLA_BLOCK_..CLA_4BIT_UNIT              18     0.558      0.331      0.889 
          CLA_BLOCK_..CLA_4BIT_UNIT              18     0.554      0.331      0.884 
          CLA_BLOCK_..CLA_4BIT_UNIT              18     0.531      0.326      0.856 
          CLA_BLOCK_..CLA_4BIT_UNIT              18     0.528      0.327      0.855 
          CLA_BLOCK_..CLA_4BIT_UNIT              15     0.528      0.619      1.147 
      SHF_RIGHT_MAN                             138     4.121    278.360    282.481 
      PSC_UNIT                                   88     2.755     86.255     89.010 
      MAN_COMP_24BIT                             78     2.222     35.347     37.570 
        u_i_data_3                               13     0.391      6.889      7.279 
        u_i_data_1                               13     0.367      6.133      6.500 
        u_i_data_2                               13     0.367      6.127      6.494 
        u_i_data_4                               13     0.367      6.158      6.526 
        u_i_data_5                               10     0.261      4.528      4.789 
        u_i_data_0                               10     0.240      5.513      5.752 
      MAN_SWAP_PRE                               46     1.739    116.070    117.809 
      MAN_SWAP                                   50     1.730    114.691    116.421 
      LOPD_24BIT                                 58     1.685     22.097     23.782 
        LOPD_16bit_UNIT_MSB                      34     0.985      8.773      9.758 
          LOPD_8bit_unit_0                       14     0.432      0.000      0.432 
          LOPD_8bit_unit_1                       14     0.412      3.772      4.184 
        LOPD_8bit_UNIT_LSB                       14     0.418      0.000      0.418 
      MAN_RND                                    26     1.487     -0.000      1.487 
      EXP_ADJUST                                 37     1.213     49.895     51.109 
        CLA_8BIT_UNIT                            30     1.045     42.935     43.980 
          CLA_4BIT_UNIT_0                        18     0.566     23.949     24.515 
          CLA_4BIT_UNIT_1                        11     0.456     17.229     17.686 
      EXP_SUB                                    25     0.764     12.491     13.256 
        CLA_8BIT_UNIT                            20     0.696      6.849      7.545 
          CLA_4BIT_UNIT_0                        17     0.611      6.849      7.460 
          CLA_4BIT_UNIT_1                         2     0.072      0.000      0.072 
      EXP_COM_8BIT                               24     0.685     11.695     12.380 
        COMP_LESS_UNIT                           24     0.685     11.695     12.380 
          u_high                                 13     0.367      6.056      6.423 
          u_low                                  10     0.246      5.639      5.885 
      EXP_RND                                    15     0.497      7.517      8.013 
      EXP_SWAP                                   13     0.487     32.472     32.959 
      MAN_ALU_PROC_RND                            7     0.246      0.000      0.246 
      SIGN_UNIT                                   2     0.041      1.881      1.921 
    DATA_B_RE                                  1136    37.241   1118.539   1155.781 
      NOR_UNIT                                  208     7.248     84.934     92.181 
        SHF_left_unit                           143     4.591     58.499     63.090 
      MAN_ALU                                   217     6.719    143.257    149.975 
        ALU_SUB_UNIT                            120     3.635      2.243      5.878 
          CLA_BLOCK_..CLA_4BIT_UNIT              18     0.568      0.309      0.877 
          CLA_BLOCK_..CLA_4BIT_UNIT              18     0.558      0.331      0.889 
          CLA_BLOCK_..CLA_4BIT_UNIT              18     0.554      0.331      0.884 
          CLA_BLOCK_..CLA_4BIT_UNIT              18     0.531      0.326      0.856 
          CLA_BLOCK_..CLA_4BIT_UNIT              18     0.528      0.327      0.855 
          CLA_BLOCK_..CLA_4BIT_UNIT              15     0.528      0.619      1.147 
      SHF_RIGHT_MAN                             138     4.121    278.360    282.481 
      PSC_UNIT                                   88     2.755     86.255     89.010 
      MAN_COMP_24BIT                             78     2.222     35.347     37.570 
        u_i_data_3                               13     0.391      6.889      7.279 
        u_i_data_1                               13     0.367      6.133      6.500 
        u_i_data_2                               13     0.367      6.127      6.494 
        u_i_data_4                               13     0.367      6.158      6.526 
        u_i_data_5                               10     0.261      4.528      4.789 
        u_i_data_0                               10     0.240      5.513      5.752 
      MAN_SWAP_PRE                               46     1.739    116.070    117.809 
      MAN_SWAP                                   50     1.730    114.691    116.421 
      LOPD_24BIT                                 58     1.685     22.097     23.782 
        LOPD_16bit_UNIT_MSB                      34     0.985      8.773      9.758 
          LOPD_8bit_unit_0                       14     0.432      0.000      0.432 
          LOPD_8bit_unit_1                       14     0.412      3.772      4.184 
        LOPD_8bit_UNIT_LSB                       14     0.418      0.000      0.418 
      MAN_RND                                    26     1.487     -0.000      1.487 
      EXP_ADJUST                                 37     1.213     49.895     51.109 
        CLA_8BIT_UNIT                            30     1.045     42.935     43.980 
          CLA_4BIT_UNIT_0                        18     0.566     23.949     24.515 
          CLA_4BIT_UNIT_1                        11     0.456     17.229     17.686 
      EXP_SUB                                    25     0.764     12.491     13.256 
        CLA_8BIT_UNIT                            20     0.696      6.849      7.545 
          CLA_4BIT_UNIT_0                        17     0.611      6.849      7.460 
          CLA_4BIT_UNIT_1                         2     0.072      0.000      0.072 
      EXP_COM_8BIT                               24     0.685     11.695     12.380 
        COMP_LESS_UNIT                           24     0.685     11.695     12.380 
          u_high                                 13     0.367      6.056      6.423 
          u_low                                  10     0.246      5.639      5.885 
      EXP_RND                                    15     0.497      7.517      8.013 
      EXP_SWAP                                   13     0.487     32.472     32.959 
      MAN_ALU_PROC_RND                            7     0.246      0.000      0.246 
      SIGN_UNIT                                   2     0.041      1.881      1.921 
    DATA_A_IM                                  1139    36.300   1695.115   1731.415 
      MAN_ALU                                   219     6.889    390.782    397.671 
        ALU_SUB_UNIT                            120     3.712    157.979    161.692 
          CLA_BLOCK_..CLA_4BIT_UNIT              18     0.653     24.091     24.744 
          CLA_BLOCK_..CLA_4BIT_UNIT              18     0.535     25.555     26.091 
          CLA_BLOCK_..CLA_4BIT_UNIT              18     0.530     25.122     25.653 
          CLA_BLOCK_..CLA_4BIT_UNIT              18     0.515     26.791     27.306 
          CLA_BLOCK_..CLA_4BIT_UNIT              18     0.513     23.693     24.206 
          CLA_BLOCK_..CLA_4BIT_UNIT              15     0.492     17.718     18.210 
      NOR_UNIT                                  208     6.538    364.324    370.862 
        SHF_left_unit                           143     4.324    231.785    236.109 
      SHF_RIGHT_MAN                             137     4.091    276.560    280.651 
      PSC_UNIT                                   89     2.805     89.608     92.412 
      MAN_COMP_24BIT                             78     2.227     35.283     37.510 
        u_i_data_3                               13     0.391      6.889      7.280 
        u_i_data_1                               13     0.367      6.128      6.495 
        u_i_data_2                               13     0.367      6.127      6.494 
        u_i_data_4                               13     0.367      6.158      6.525 
        u_i_data_5                               10     0.266      4.472      4.738 
        u_i_data_0                               10     0.240      5.509      5.749 
      MAN_SWAP                                   52     1.758    118.077    119.834 
      MAN_SWAP_PRE                               46     1.752    116.894    118.646 
      MAN_RND                                    26     1.505     54.510     56.015 
      LOPD_24BIT                                 58     1.377     38.869     40.246 
        LOPD_16bit_UNIT_MSB                      34     0.794     25.029     25.823 
          LOPD_8bit_unit_0                       14     0.335     14.741     15.076 
          LOPD_8bit_unit_1                       14     0.315     10.282     10.597 
        LOPD_8bit_UNIT_LSB                       14     0.307     13.839     14.146 
      EXP_ADJUST                                 37     1.166     43.779     44.944 
        CLA_8BIT_UNIT                            30     1.060     41.346     42.407 
          CLA_4BIT_UNIT_0                        18     0.557     22.062     22.619 
          CLA_4BIT_UNIT_1                        11     0.474     17.649     18.123 
      EXP_SUB                                    25     0.764     12.491     13.256 
        CLA_8BIT_UNIT                            20     0.696      6.849      7.545 
          CLA_4BIT_UNIT_0                        17     0.611      6.849      7.460 
          CLA_4BIT_UNIT_1                         2     0.072      0.000      0.072 
      EXP_COM_8BIT                               24     0.685     11.695     12.380 
        COMP_LESS_UNIT                           24     0.685     11.695     12.380 
          u_high                                 13     0.367      6.056      6.423 
          u_low                                  10     0.246      5.639      5.885 
      EXP_RND                                    15     0.496      0.000      0.496 
      EXP_SWAP                                   13     0.487     32.472     32.959 
      MAN_ALU_PROC_RND                            7     0.246      0.000      0.246 
      SIGN_UNIT                                   1     0.034      1.671      1.705 
    DATA_A_RE                                  1139    36.300   1695.115   1731.415 
      MAN_ALU                                   219     6.889    390.782    397.671 
        ALU_SUB_UNIT                            120     3.712    157.979    161.692 
          CLA_BLOCK_..CLA_4BIT_UNIT              18     0.653     24.091     24.744 
          CLA_BLOCK_..CLA_4BIT_UNIT              18     0.535     25.555     26.091 
          CLA_BLOCK_..CLA_4BIT_UNIT              18     0.530     25.122     25.653 
          CLA_BLOCK_..CLA_4BIT_UNIT              18     0.515     26.791     27.306 
          CLA_BLOCK_..CLA_4BIT_UNIT              18     0.513     23.693     24.206 
          CLA_BLOCK_..CLA_4BIT_UNIT              15     0.492     17.718     18.210 
      NOR_UNIT                                  208     6.538    364.324    370.862 
        SHF_left_unit                           143     4.324    231.785    236.109 
      SHF_RIGHT_MAN                             137     4.091    276.560    280.651 
      PSC_UNIT                                   89     2.805     89.608     92.412 
      MAN_COMP_24BIT                             78     2.227     35.283     37.510 
        u_i_data_3                               13     0.391      6.889      7.280 
        u_i_data_1                               13     0.367      6.128      6.495 
        u_i_data_2                               13     0.367      6.127      6.494 
        u_i_data_4                               13     0.367      6.158      6.525 
        u_i_data_5                               10     0.266      4.472      4.738 
        u_i_data_0                               10     0.240      5.509      5.749 
      MAN_SWAP                                   52     1.758    118.077    119.834 
      MAN_SWAP_PRE                               46     1.752    116.894    118.646 
      MAN_RND                                    26     1.505     54.510     56.015 
      LOPD_24BIT                                 58     1.377     38.869     40.246 
        LOPD_16bit_UNIT_MSB                      34     0.794     25.029     25.823 
          LOPD_8bit_unit_0                       14     0.335     14.741     15.076 
          LOPD_8bit_unit_1                       14     0.315     10.282     10.597 
        LOPD_8bit_UNIT_LSB                       14     0.307     13.839     14.146 
      EXP_ADJUST                                 37     1.166     43.779     44.944 
        CLA_8BIT_UNIT                            30     1.060     41.346     42.407 
          CLA_4BIT_UNIT_0                        18     0.557     22.062     22.619 
          CLA_4BIT_UNIT_1                        11     0.474     17.649     18.123 
      EXP_SUB                                    25     0.764     12.491     13.256 
        CLA_8BIT_UNIT                            20     0.696      6.849      7.545 
          CLA_4BIT_UNIT_0                        17     0.611      6.849      7.460 
          CLA_4BIT_UNIT_1                         2     0.072      0.000      0.072 
      EXP_COM_8BIT                               24     0.685     11.695     12.380 
        COMP_LESS_UNIT                           24     0.685     11.695     12.380 
          u_high                                 13     0.367      6.056      6.423 
          u_low                                  10     0.246      5.639      5.885 
      EXP_RND                                    15     0.496      0.000      0.496 
      EXP_SWAP                                   13     0.487     32.472     32.959 
      MAN_ALU_PROC_RND                            7     0.246      0.000      0.246 
      SIGN_UNIT                                   1     0.034      1.671      1.705 
  BFU2_S1_37                                   4550   147.083   5627.309   5774.392 
    DATA_B_IM                                  1136    37.241   1118.539   1155.781 
      NOR_UNIT                                  208     7.248     84.934     92.181 
        SHF_left_unit                           143     4.591     58.499     63.090 
      MAN_ALU                                   217     6.719    143.257    149.975 
        ALU_SUB_UNIT                            120     3.635      2.243      5.878 
          CLA_BLOCK_..CLA_4BIT_UNIT              18     0.568      0.309      0.877 
          CLA_BLOCK_..CLA_4BIT_UNIT              18     0.558      0.331      0.889 
          CLA_BLOCK_..CLA_4BIT_UNIT              18     0.554      0.331      0.884 
          CLA_BLOCK_..CLA_4BIT_UNIT              18     0.531      0.326      0.856 
          CLA_BLOCK_..CLA_4BIT_UNIT              18     0.528      0.327      0.855 
          CLA_BLOCK_..CLA_4BIT_UNIT              15     0.528      0.619      1.147 
      SHF_RIGHT_MAN                             138     4.121    278.360    282.481 
      PSC_UNIT                                   88     2.755     86.255     89.010 
      MAN_COMP_24BIT                             78     2.222     35.347     37.570 
        u_i_data_3                               13     0.391      6.889      7.279 
        u_i_data_1                               13     0.367      6.133      6.500 
        u_i_data_2                               13     0.367      6.127      6.494 
        u_i_data_4                               13     0.367      6.158      6.526 
        u_i_data_5                               10     0.261      4.528      4.789 
        u_i_data_0                               10     0.240      5.513      5.752 
      MAN_SWAP_PRE                               46     1.739    116.070    117.809 
      MAN_SWAP                                   50     1.730    114.691    116.421 
      LOPD_24BIT                                 58     1.685     22.097     23.782 
        LOPD_16bit_UNIT_MSB                      34     0.985      8.773      9.758 
          LOPD_8bit_unit_0                       14     0.432      0.000      0.432 
          LOPD_8bit_unit_1                       14     0.412      3.772      4.184 
        LOPD_8bit_UNIT_LSB                       14     0.418      0.000      0.418 
      MAN_RND                                    26     1.487     -0.000      1.487 
      EXP_ADJUST                                 37     1.213     49.895     51.109 
        CLA_8BIT_UNIT                            30     1.045     42.935     43.980 
          CLA_4BIT_UNIT_0                        18     0.566     23.949     24.515 
          CLA_4BIT_UNIT_1                        11     0.456     17.229     17.686 
      EXP_SUB                                    25     0.764     12.491     13.256 
        CLA_8BIT_UNIT                            20     0.696      6.849      7.545 
          CLA_4BIT_UNIT_0                        17     0.611      6.849      7.460 
          CLA_4BIT_UNIT_1                         2     0.072      0.000      0.072 
      EXP_COM_8BIT                               24     0.685     11.695     12.380 
        COMP_LESS_UNIT                           24     0.685     11.695     12.380 
          u_high                                 13     0.367      6.056      6.423 
          u_low                                  10     0.246      5.639      5.885 
      EXP_RND                                    15     0.497      7.517      8.013 
      EXP_SWAP                                   13     0.487     32.472     32.959 
      MAN_ALU_PROC_RND                            7     0.246      0.000      0.246 
      SIGN_UNIT                                   2     0.041      1.881      1.921 
    DATA_B_RE                                  1136    37.241   1118.539   1155.781 
      NOR_UNIT                                  208     7.248     84.934     92.181 
        SHF_left_unit                           143     4.591     58.499     63.090 
      MAN_ALU                                   217     6.719    143.257    149.975 
        ALU_SUB_UNIT                            120     3.635      2.243      5.878 
          CLA_BLOCK_..CLA_4BIT_UNIT              18     0.568      0.309      0.877 
          CLA_BLOCK_..CLA_4BIT_UNIT              18     0.558      0.331      0.889 
          CLA_BLOCK_..CLA_4BIT_UNIT              18     0.554      0.331      0.884 
          CLA_BLOCK_..CLA_4BIT_UNIT              18     0.531      0.326      0.856 
          CLA_BLOCK_..CLA_4BIT_UNIT              18     0.528      0.327      0.855 
          CLA_BLOCK_..CLA_4BIT_UNIT              15     0.528      0.619      1.147 
      SHF_RIGHT_MAN                             138     4.121    278.360    282.481 
      PSC_UNIT                                   88     2.755     86.255     89.010 
      MAN_COMP_24BIT                             78     2.222     35.347     37.570 
        u_i_data_3                               13     0.391      6.889      7.279 
        u_i_data_1                               13     0.367      6.133      6.500 
        u_i_data_2                               13     0.367      6.127      6.494 
        u_i_data_4                               13     0.367      6.158      6.526 
        u_i_data_5                               10     0.261      4.528      4.789 
        u_i_data_0                               10     0.240      5.513      5.752 
      MAN_SWAP_PRE                               46     1.739    116.070    117.809 
      MAN_SWAP                                   50     1.730    114.691    116.421 
      LOPD_24BIT                                 58     1.685     22.097     23.782 
        LOPD_16bit_UNIT_MSB                      34     0.985      8.773      9.758 
          LOPD_8bit_unit_0                       14     0.432      0.000      0.432 
          LOPD_8bit_unit_1                       14     0.412      3.772      4.184 
        LOPD_8bit_UNIT_LSB                       14     0.418      0.000      0.418 
      MAN_RND                                    26     1.487     -0.000      1.487 
      EXP_ADJUST                                 37     1.213     49.895     51.109 
        CLA_8BIT_UNIT                            30     1.045     42.935     43.980 
          CLA_4BIT_UNIT_0                        18     0.566     23.949     24.515 
          CLA_4BIT_UNIT_1                        11     0.456     17.229     17.686 
      EXP_SUB                                    25     0.764     12.491     13.256 
        CLA_8BIT_UNIT                            20     0.696      6.849      7.545 
          CLA_4BIT_UNIT_0                        17     0.611      6.849      7.460 
          CLA_4BIT_UNIT_1                         2     0.072      0.000      0.072 
      EXP_COM_8BIT                               24     0.685     11.695     12.380 
        COMP_LESS_UNIT                           24     0.685     11.695     12.380 
          u_high                                 13     0.367      6.056      6.423 
          u_low                                  10     0.246      5.639      5.885 
      EXP_RND                                    15     0.497      7.517      8.013 
      EXP_SWAP                                   13     0.487     32.472     32.959 
      MAN_ALU_PROC_RND                            7     0.246      0.000      0.246 
      SIGN_UNIT                                   2     0.041      1.881      1.921 
    DATA_A_IM                                  1139    36.300   1695.115   1731.415 
      MAN_ALU                                   219     6.889    390.782    397.671 
        ALU_SUB_UNIT                            120     3.712    157.979    161.692 
          CLA_BLOCK_..CLA_4BIT_UNIT              18     0.653     24.091     24.744 
          CLA_BLOCK_..CLA_4BIT_UNIT              18     0.535     25.555     26.091 
          CLA_BLOCK_..CLA_4BIT_UNIT              18     0.530     25.122     25.653 
          CLA_BLOCK_..CLA_4BIT_UNIT              18     0.515     26.791     27.306 
          CLA_BLOCK_..CLA_4BIT_UNIT              18     0.513     23.693     24.206 
          CLA_BLOCK_..CLA_4BIT_UNIT              15     0.492     17.718     18.210 
      NOR_UNIT                                  208     6.538    364.324    370.862 
        SHF_left_unit                           143     4.324    231.785    236.109 
      SHF_RIGHT_MAN                             137     4.091    276.560    280.651 
      PSC_UNIT                                   89     2.805     89.608     92.412 
      MAN_COMP_24BIT                             78     2.227     35.283     37.510 
        u_i_data_3                               13     0.391      6.889      7.280 
        u_i_data_1                               13     0.367      6.128      6.495 
        u_i_data_2                               13     0.367      6.127      6.494 
        u_i_data_4                               13     0.367      6.158      6.525 
        u_i_data_5                               10     0.266      4.472      4.738 
        u_i_data_0                               10     0.240      5.509      5.749 
      MAN_SWAP                                   52     1.758    118.077    119.834 
      MAN_SWAP_PRE                               46     1.752    116.894    118.646 
      MAN_RND                                    26     1.505     54.510     56.015 
      LOPD_24BIT                                 58     1.377     38.869     40.246 
        LOPD_16bit_UNIT_MSB                      34     0.794     25.029     25.823 
          LOPD_8bit_unit_0                       14     0.335     14.741     15.076 
          LOPD_8bit_unit_1                       14     0.315     10.282     10.597 
        LOPD_8bit_UNIT_LSB                       14     0.307     13.839     14.146 
      EXP_ADJUST                                 37     1.166     43.779     44.944 
        CLA_8BIT_UNIT                            30     1.060     41.346     42.407 
          CLA_4BIT_UNIT_0                        18     0.557     22.062     22.619 
          CLA_4BIT_UNIT_1                        11     0.474     17.649     18.123 
      EXP_SUB                                    25     0.764     12.491     13.256 
        CLA_8BIT_UNIT                            20     0.696      6.849      7.545 
          CLA_4BIT_UNIT_0                        17     0.611      6.849      7.460 
          CLA_4BIT_UNIT_1                         2     0.072      0.000      0.072 
      EXP_COM_8BIT                               24     0.685     11.695     12.380 
        COMP_LESS_UNIT                           24     0.685     11.695     12.380 
          u_high                                 13     0.367      6.056      6.423 
          u_low                                  10     0.246      5.639      5.885 
      EXP_RND                                    15     0.496      0.000      0.496 
      EXP_SWAP                                   13     0.487     32.472     32.959 
      MAN_ALU_PROC_RND                            7     0.246      0.000      0.246 
      SIGN_UNIT                                   1     0.034      1.671      1.705 
    DATA_A_RE                                  1139    36.300   1695.115   1731.415 
      MAN_ALU                                   219     6.889    390.782    397.671 
        ALU_SUB_UNIT                            120     3.712    157.979    161.692 
          CLA_BLOCK_..CLA_4BIT_UNIT              18     0.653     24.091     24.744 
          CLA_BLOCK_..CLA_4BIT_UNIT              18     0.535     25.555     26.091 
          CLA_BLOCK_..CLA_4BIT_UNIT              18     0.530     25.122     25.653 
          CLA_BLOCK_..CLA_4BIT_UNIT              18     0.515     26.791     27.306 
          CLA_BLOCK_..CLA_4BIT_UNIT              18     0.513     23.693     24.206 
          CLA_BLOCK_..CLA_4BIT_UNIT              15     0.492     17.718     18.210 
      NOR_UNIT                                  208     6.538    364.324    370.862 
        SHF_left_unit                           143     4.324    231.785    236.109 
      SHF_RIGHT_MAN                             137     4.091    276.560    280.651 
      PSC_UNIT                                   89     2.805     89.608     92.412 
      MAN_COMP_24BIT                             78     2.227     35.283     37.510 
        u_i_data_3                               13     0.391      6.889      7.280 
        u_i_data_1                               13     0.367      6.128      6.495 
        u_i_data_2                               13     0.367      6.127      6.494 
        u_i_data_4                               13     0.367      6.158      6.525 
        u_i_data_5                               10     0.266      4.472      4.738 
        u_i_data_0                               10     0.240      5.509      5.749 
      MAN_SWAP                                   52     1.758    118.077    119.834 
      MAN_SWAP_PRE                               46     1.752    116.894    118.646 
      MAN_RND                                    26     1.505     54.510     56.015 
      LOPD_24BIT                                 58     1.377     38.869     40.246 
        LOPD_16bit_UNIT_MSB                      34     0.794     25.029     25.823 
          LOPD_8bit_unit_0                       14     0.335     14.741     15.076 
          LOPD_8bit_unit_1                       14     0.315     10.282     10.597 
        LOPD_8bit_UNIT_LSB                       14     0.307     13.839     14.146 
      EXP_ADJUST                                 37     1.166     43.779     44.944 
        CLA_8BIT_UNIT                            30     1.060     41.346     42.407 
          CLA_4BIT_UNIT_0                        18     0.557     22.062     22.619 
          CLA_4BIT_UNIT_1                        11     0.474     17.649     18.123 
      EXP_SUB                                    25     0.764     12.491     13.256 
        CLA_8BIT_UNIT                            20     0.696      6.849      7.545 
          CLA_4BIT_UNIT_0                        17     0.611      6.849      7.460 
          CLA_4BIT_UNIT_1                         2     0.072      0.000      0.072 
      EXP_COM_8BIT                               24     0.685     11.695     12.380 
        COMP_LESS_UNIT                           24     0.685     11.695     12.380 
          u_high                                 13     0.367      6.056      6.423 
          u_low                                  10     0.246      5.639      5.885 
      EXP_RND                                    15     0.496      0.000      0.496 
      EXP_SWAP                                   13     0.487     32.472     32.959 
      MAN_ALU_PROC_RND                            7     0.246      0.000      0.246 
      SIGN_UNIT                                   1     0.034      1.671      1.705 
  DETECT_START_STAGE1                             3     0.213     12.971     13.184 

