============================================================
  Generated by:           Genus(TM) Synthesis Solution GENUS15.20 - 15.20-p004_1
  Generated on:           Jan 04 2026  06:55:15 am
  Module:                 FFT_8Points
  Wireload mode:          enclosed
  Area mode:              timing library
============================================================

                       Instance                         Cells  Cell Area  Net Area  Total Area  Wireload     
-------------------------------------------------------------------------------------------------------------
FFT_8Points                                             67863     159426         0      159426    <none> (D) 
  BFU8_07                                               28882      68388         0       68388    <none> (D) 
    INPUT_DATA_7                                         5343      16851         0       16851    <none> (D) 
      mul1_sub                                           1512       6171         0        6171    <none> (D) 
        MAN_MUL_UNIT                                     1117       5440         0        5440    <none> (D) 
          MUL_UNIT_MAN_UNIT                              1109       5426         0        5426    <none> (D) 
            u_booth                                       371       2888         0        2888    <none> (D) 
            u_wallace                                     394       1823         0        1823    <none> (D) 
              STAGE_GEN[0].u_stage                        116        573         0         573    <none> (D) 
              STAGE_GEN[1].u_stage                         85        408         0         408    <none> (D) 
              STAGE_GEN[2].u_stage                         61        291         0         291    <none> (D) 
              STAGE_GEN[3].u_stage                         45        205         0         205    <none> (D) 
              STAGE_GEN[4].u_stage                         44        185         0         185    <none> (D) 
              STAGE_GEN[5].u_stage                         43        161         0         161    <none> (D) 
            u_cla                                         282        571         0         571    <none> (D) 
              cla_tree                                    201        310         0         310    <none> (D) 
                MULTI_GROUP.next_level                     32         52         0          52    <none> (D) 
                  COMPUTE_DETAILED_CARRY[1].cla_unit       11         18         0          18    <none> (D) 
                  COMPUTE_DETAILED_CARRY[2].cla_unit        8         13         0          13    <none> (D) 
                  COMPUTE_DETAILED_CARRY[0].cla_unit        2          5         0           5    <none> (D) 
                  MULTI_GROUP.next_level                    1          2         0           2    <none> (D) 
                    COMPUTE_DETAILED_CARRY[0].cla_unit      1          2         0           2    <none> (D) 
                COMPUTE_DETAILED_CARRY[9].cla_unit         11         18         0          18    <none> (D) 
                COMPUTE_DETAILED_CARRY[8].cla_unit         11         18         0          18    <none> (D) 
                COMPUTE_DETAILED_CARRY[7].cla_unit         11         18         0          18    <none> (D) 
                COMPUTE_DETAILED_CARRY[6].cla_unit         11         18         0          18    <none> (D) 
                COMPUTE_DETAILED_CARRY[5].cla_unit         11         18         0          18    <none> (D) 
                COMPUTE_DETAILED_CARRY[4].cla_unit         11         18         0          18    <none> (D) 
                COMPUTE_DETAILED_CARRY[3].cla_unit         11         18         0          18    <none> (D) 
                COMPUTE_DETAILED_CARRY[2].cla_unit         11         18         0          18    <none> (D) 
                COMPUTE_DETAILED_CARRY[10].cla_unit        11         18         0          18    <none> (D) 
                COMPUTE_DETAILED_CARRY[11].cla_unit         7         11         0          11    <none> (D) 
            u_merge                                        62        143         0         143    <none> (D) 
              csa_row[9].u_fa                               1          4         0           4    <none> (D) 
              csa_row[8].u_fa                               1          4         0           4    <none> (D) 
              csa_row[7].u_fa                               1          4         0           4    <none> (D) 
              csa_row[6].u_fa                               1          4         0           4    <none> (D) 
              csa_row[45].u_fa                              1          4         0           4    <none> (D) 
              csa_row[29].u_fa                              1          4         0           4    <none> (D) 
              csa_row[24].u_fa                              1          4         0           4    <none> (D) 
              csa_row[23].u_fa                              1          4         0           4    <none> (D) 
              csa_row[22].u_fa                              1          4         0           4    <none> (D) 
              csa_row[21].u_fa                              1          4         0           4    <none> (D) 
              csa_row[20].u_fa                              1          4         0           4    <none> (D) 
              csa_row[19].u_fa                              1          4         0           4    <none> (D) 
              csa_row[18].u_fa                              1          4         0           4    <none> (D) 
              csa_row[17].u_fa                              1          4         0           4    <none> (D) 
              csa_row[16].u_fa                              1          4         0           4    <none> (D) 
              csa_row[15].u_fa                              1          4         0           4    <none> (D) 
              csa_row[14].u_fa                              1          4         0           4    <none> (D) 
              csa_row[13].u_fa                              1          4         0           4    <none> (D) 
              csa_row[12].u_fa                              1          4         0           4    <none> (D) 
              csa_row[11].u_fa                              1          4         0           4    <none> (D) 
              csa_row[10].u_fa                              1          4         0           4    <none> (D) 
              csa_row[46].u_fa                              2          3         0           3    <none> (D) 
              csa_row[44].u_fa                              2          3         0           3    <none> (D) 
              csa_row[43].u_fa                              2          3         0           3    <none> (D) 
              csa_row[42].u_fa                              2          3         0           3    <none> (D) 
              csa_row[41].u_fa                              2          3         0           3    <none> (D) 
              csa_row[40].u_fa                              2          3         0           3    <none> (D) 
              csa_row[39].u_fa                              2          3         0           3    <none> (D) 
              csa_row[38].u_fa                              2          3         0           3    <none> (D) 
              csa_row[37].u_fa                              2          3         0           3    <none> (D) 
              csa_row[36].u_fa                              2          3         0           3    <none> (D) 
              csa_row[35].u_fa                              2          3         0           3    <none> (D) 
              csa_row[34].u_fa                              2          3         0           3    <none> (D) 
              csa_row[33].u_fa                              2          3         0           3    <none> (D) 
              csa_row[32].u_fa                              2          3         0           3    <none> (D) 
              csa_row[31].u_fa                              2          3         0           3    <none> (D) 
              csa_row[30].u_fa                              2          3         0           3    <none> (D) 
              csa_row[28].u_fa                              2          3         0           3    <none> (D) 
              csa_row[27].u_fa                              2          3         0           3    <none> (D) 
              csa_row[26].u_fa                              2          3         0           3    <none> (D) 
              csa_row[25].u_fa                              2          3         0           3    <none> (D) 
              csa_row[47].u_fa                              1          3         0           3    <none> (D) 
        NOR_UNIT                                          178        323         0         323    <none> (D) 
          SHF_left_unit                                   124        227         0         227    <none> (D) 
        MAN_ROUNDING_UNIT                                  24         88         0          88    <none> (D) 
        MUL_EXP_ADJUST_UNIT                                45         86         0          86    <none> (D) 
          CLA_8BIT_UNIT                                    30         66         0          66    <none> (D) 
            CLA_4BIT_UNIT_0                                18         34         0          34    <none> (D) 
            CLA_4BIT_UNIT_1                                11         29         0          29    <none> (D) 
        LOPD_UNIT                                          58         85         0          85    <none> (D) 
          LOPD_16bit_UNIT_MSB                              34         52         0          52    <none> (D) 
            LOPD_8bit_unit_1                               14         20         0          20    <none> (D) 
            LOPD_8bit_unit_0                               14         20         0          20    <none> (D) 
          LOPD_8bit_UNIT_LSB                               14         20         0          20    <none> (D) 
        EXP_ROUNDING_UNIT                                  15         29         0          29    <none> (D) 
        MUL_EXP_UNIT                                       21         28         0          28    <none> (D) 
        PSC_UNIT                                           12         21         0          21    <none> (D) 
      mul1_add                                           1512       6171         0        6171    <none> (D) 
        MAN_MUL_UNIT                                     1117       5440         0        5440    <none> (D) 
          MUL_UNIT_MAN_UNIT                              1109       5426         0        5426    <none> (D) 
            u_booth                                       371       2888         0        2888    <none> (D) 
            u_wallace                                     394       1823         0        1823    <none> (D) 
              STAGE_GEN[0].u_stage                        116        573         0         573    <none> (D) 
              STAGE_GEN[1].u_stage                         85        408         0         408    <none> (D) 
              STAGE_GEN[2].u_stage                         61        291         0         291    <none> (D) 
              STAGE_GEN[3].u_stage                         45        205         0         205    <none> (D) 
              STAGE_GEN[4].u_stage                         44        185         0         185    <none> (D) 
              STAGE_GEN[5].u_stage                         43        161         0         161    <none> (D) 
            u_cla                                         282        571         0         571    <none> (D) 
              cla_tree                                    201        310         0         310    <none> (D) 
                MULTI_GROUP.next_level                     32         52         0          52    <none> (D) 
                  COMPUTE_DETAILED_CARRY[1].cla_unit       11         18         0          18    <none> (D) 
                  COMPUTE_DETAILED_CARRY[2].cla_unit        8         13         0          13    <none> (D) 
                  COMPUTE_DETAILED_CARRY[0].cla_unit        2          5         0           5    <none> (D) 
                  MULTI_GROUP.next_level                    1          2         0           2    <none> (D) 
                    COMPUTE_DETAILED_CARRY[0].cla_unit      1          2         0           2    <none> (D) 
                COMPUTE_DETAILED_CARRY[9].cla_unit         11         18         0          18    <none> (D) 
                COMPUTE_DETAILED_CARRY[8].cla_unit         11         18         0          18    <none> (D) 
                COMPUTE_DETAILED_CARRY[7].cla_unit         11         18         0          18    <none> (D) 
                COMPUTE_DETAILED_CARRY[6].cla_unit         11         18         0          18    <none> (D) 
                COMPUTE_DETAILED_CARRY[5].cla_unit         11         18         0          18    <none> (D) 
                COMPUTE_DETAILED_CARRY[4].cla_unit         11         18         0          18    <none> (D) 
                COMPUTE_DETAILED_CARRY[3].cla_unit         11         18         0          18    <none> (D) 
                COMPUTE_DETAILED_CARRY[2].cla_unit         11         18         0          18    <none> (D) 
                COMPUTE_DETAILED_CARRY[10].cla_unit        11         18         0          18    <none> (D) 
                COMPUTE_DETAILED_CARRY[11].cla_unit         7         11         0          11    <none> (D) 
            u_merge                                        62        143         0         143    <none> (D) 
              csa_row[9].u_fa                               1          4         0           4    <none> (D) 
              csa_row[8].u_fa                               1          4         0           4    <none> (D) 
              csa_row[7].u_fa                               1          4         0           4    <none> (D) 
              csa_row[6].u_fa                               1          4         0           4    <none> (D) 
              csa_row[45].u_fa                              1          4         0           4    <none> (D) 
              csa_row[29].u_fa                              1          4         0           4    <none> (D) 
              csa_row[24].u_fa                              1          4         0           4    <none> (D) 
              csa_row[23].u_fa                              1          4         0           4    <none> (D) 
              csa_row[22].u_fa                              1          4         0           4    <none> (D) 
              csa_row[21].u_fa                              1          4         0           4    <none> (D) 
              csa_row[20].u_fa                              1          4         0           4    <none> (D) 
              csa_row[19].u_fa                              1          4         0           4    <none> (D) 
              csa_row[18].u_fa                              1          4         0           4    <none> (D) 
              csa_row[17].u_fa                              1          4         0           4    <none> (D) 
              csa_row[16].u_fa                              1          4         0           4    <none> (D) 
              csa_row[15].u_fa                              1          4         0           4    <none> (D) 
              csa_row[14].u_fa                              1          4         0           4    <none> (D) 
              csa_row[13].u_fa                              1          4         0           4    <none> (D) 
              csa_row[12].u_fa                              1          4         0           4    <none> (D) 
              csa_row[11].u_fa                              1          4         0           4    <none> (D) 
              csa_row[10].u_fa                              1          4         0           4    <none> (D) 
              csa_row[46].u_fa                              2          3         0           3    <none> (D) 
              csa_row[44].u_fa                              2          3         0           3    <none> (D) 
              csa_row[43].u_fa                              2          3         0           3    <none> (D) 
              csa_row[42].u_fa                              2          3         0           3    <none> (D) 
              csa_row[41].u_fa                              2          3         0           3    <none> (D) 
              csa_row[40].u_fa                              2          3         0           3    <none> (D) 
              csa_row[39].u_fa                              2          3         0           3    <none> (D) 
              csa_row[38].u_fa                              2          3         0           3    <none> (D) 
              csa_row[37].u_fa                              2          3         0           3    <none> (D) 
              csa_row[36].u_fa                              2          3         0           3    <none> (D) 
              csa_row[35].u_fa                              2          3         0           3    <none> (D) 
              csa_row[34].u_fa                              2          3         0           3    <none> (D) 
              csa_row[33].u_fa                              2          3         0           3    <none> (D) 
              csa_row[32].u_fa                              2          3         0           3    <none> (D) 
              csa_row[31].u_fa                              2          3         0           3    <none> (D) 
              csa_row[30].u_fa                              2          3         0           3    <none> (D) 
              csa_row[28].u_fa                              2          3         0           3    <none> (D) 
              csa_row[27].u_fa                              2          3         0           3    <none> (D) 
              csa_row[26].u_fa                              2          3         0           3    <none> (D) 
              csa_row[25].u_fa                              2          3         0           3    <none> (D) 
              csa_row[47].u_fa                              1          3         0           3    <none> (D) 
        NOR_UNIT                                          178        323         0         323    <none> (D) 
          SHF_left_unit                                   124        227         0         227    <none> (D) 
        MAN_ROUNDING_UNIT                                  24         88         0          88    <none> (D) 
        MUL_EXP_ADJUST_UNIT                                45         86         0          86    <none> (D) 
          CLA_8BIT_UNIT                                    30         66         0          66    <none> (D) 
            CLA_4BIT_UNIT_0                                18         34         0          34    <none> (D) 
            CLA_4BIT_UNIT_1                                11         29         0          29    <none> (D) 
        LOPD_UNIT                                          58         85         0          85    <none> (D) 
          LOPD_16bit_UNIT_MSB                              34         52         0          52    <none> (D) 
            LOPD_8bit_unit_1                               14         20         0          20    <none> (D) 
            LOPD_8bit_unit_0                               14         20         0          20    <none> (D) 
          LOPD_8bit_UNIT_LSB                               14         20         0          20    <none> (D) 
        EXP_ROUNDING_UNIT                                  15         29         0          29    <none> (D) 
        MUL_EXP_UNIT                                       21         28         0          28    <none> (D) 
        PSC_UNIT                                           12         21         0          21    <none> (D) 
      DATA_A_RE                                          1161       2256         0        2256    <none> (D) 
        MAN_ALU                                           219        427         0         427    <none> (D) 
          ALU_SUB_UNIT                                    120        233         0         233    <none> (D) 
            CLA_BLOCK_GEN[0].CLA_4BIT_UNIT                 18         41         0          41    <none> (D) 
            CLA_BLOCK_GEN[2].CLA_4BIT_UNIT                 18         34         0          34    <none> (D) 
            CLA_BLOCK_GEN[1].CLA_4BIT_UNIT                 18         34         0          34    <none> (D) 
            CLA_BLOCK_GEN[4].CLA_4BIT_UNIT                 15         34         0          34    <none> (D) 
            CLA_BLOCK_GEN[5].CLA_4BIT_UNIT                 18         33         0          33    <none> (D) 
            CLA_BLOCK_GEN[3].CLA_4BIT_UNIT                 18         33         0          33    <none> (D) 
        NOR_UNIT                                          208        366         0         366    <none> (D) 
          SHF_left_unit                                   143        251         0         251    <none> (D) 
        SHF_RIGHT_MAN                                     137        241         0         241    <none> (D) 
        PSC_UNIT                                           89        165         0         165    <none> (D) 
        MAN_COMP_24BIT                                     78        144         0         144    <none> (D) 
          u_i_data_3                                       13         25         0          25    <none> (D) 
          u_i_data_4                                       13         25         0          25    <none> (D) 
          u_i_data_2                                       13         25         0          25    <none> (D) 
          u_i_data_1                                       13         25         0          25    <none> (D) 
          u_i_data_5                                       10         19         0          19    <none> (D) 
          u_i_data_0                                       10         13         0          13    <none> (D) 
        MAN_SWAP                                           52        116         0         116    <none> (D) 
        MAN_SWAP_PRE                                       46        110         0         110    <none> (D) 
        MAN_RND                                            26         91         0          91    <none> (D) 
        LOPD_24BIT                                         58         85         0          85    <none> (D) 
          LOPD_16bit_UNIT_MSB                              34         52         0          52    <none> (D) 
            LOPD_8bit_unit_1                               14         20         0          20    <none> (D) 
            LOPD_8bit_unit_0                               14         20         0          20    <none> (D) 
          LOPD_8bit_UNIT_LSB                               14         20         0          20    <none> (D) 
        EXP_ADJUST                                         37         75         0          75    <none> (D) 
          CLA_8BIT_UNIT                                    30         66         0          66    <none> (D) 
            CLA_4BIT_UNIT_0                                18         34         0          34    <none> (D) 
            CLA_4BIT_UNIT_1                                11         29         0          29    <none> (D) 
        EXP_SUB                                            25         48         0          48    <none> (D) 
          CLA_8BIT_UNIT                                    20         44         0          44    <none> (D) 
            CLA_4BIT_UNIT_0                                17         38         0          38    <none> (D) 
            CLA_4BIT_UNIT_1                                 2          5         0           5    <none> (D) 
        EXP_COM_8BIT                                       24         41         0          41    <none> (D) 
          COMP_LESS_UNIT                                   24         41         0          41    <none> (D) 
            u_high                                         13         25         0          25    <none> (D) 
            u_low                                          10         13         0          13    <none> (D) 
        EXP_SWAP                                           13         31         0          31    <none> (D) 
        EXP_RND                                            15         29         0          29    <none> (D) 
        MAN_ALU_PROC_RND                                    7         13         0          13    <none> (D) 
        SIGN_UNIT                                           1          2         0           2    <none> (D) 
      DATA_A_IM                                          1158       2253         0        2253    <none> (D) 
        MAN_ALU                                           217        426         0         426    <none> (D) 
          ALU_SUB_UNIT                                    120        233         0         233    <none> (D) 
            CLA_BLOCK_GEN[0].CLA_4BIT_UNIT                 18         41         0          41    <none> (D) 
            CLA_BLOCK_GEN[2].CLA_4BIT_UNIT                 18         34         0          34    <none> (D) 
            CLA_BLOCK_GEN[1].CLA_4BIT_UNIT                 18         34         0          34    <none> (D) 
            CLA_BLOCK_GEN[4].CLA_4BIT_UNIT                 15         34         0          34    <none> (D) 
            CLA_BLOCK_GEN[5].CLA_4BIT_UNIT                 18         33         0          33    <none> (D) 
            CLA_BLOCK_GEN[3].CLA_4BIT_UNIT                 18         33         0          33    <none> (D) 
        NOR_UNIT                                          208        366         0         366    <none> (D) 
          SHF_left_unit                                   143        251         0         251    <none> (D) 
        SHF_RIGHT_MAN                                     138        241         0         241    <none> (D) 
        PSC_UNIT                                           88        163         0         163    <none> (D) 
        MAN_COMP_24BIT                                     78        144         0         144    <none> (D) 
          u_i_data_3                                       13         25         0          25    <none> (D) 
          u_i_data_4                                       13         25         0          25    <none> (D) 
          u_i_data_2                                       13         25         0          25    <none> (D) 
          u_i_data_1                                       13         25         0          25    <none> (D) 
          u_i_data_5                                       10         19         0          19    <none> (D) 
          u_i_data_0                                       10         13         0          13    <none> (D) 
        MAN_SWAP                                           50        114         0         114    <none> (D) 
        MAN_SWAP_PRE                                       46        110         0         110    <none> (D) 
        MAN_RND                                            26         91         0          91    <none> (D) 
        LOPD_24BIT                                         58         85         0          85    <none> (D) 
          LOPD_16bit_UNIT_MSB                              34         52         0          52    <none> (D) 
            LOPD_8bit_unit_1                               14         20         0          20    <none> (D) 
            LOPD_8bit_unit_0                               14         20         0          20    <none> (D) 
          LOPD_8bit_UNIT_LSB                               14         20         0          20    <none> (D) 
        EXP_ADJUST                                         37         75         0          75    <none> (D) 
          CLA_8BIT_UNIT                                    30         66         0          66    <none> (D) 
            CLA_4BIT_UNIT_0                                18         34         0          34    <none> (D) 
            CLA_4BIT_UNIT_1                                11         29         0          29    <none> (D) 
        EXP_SUB                                            25         48         0          48    <none> (D) 
          CLA_8BIT_UNIT                                    20         44         0          44    <none> (D) 
            CLA_4BIT_UNIT_0                                17         38         0          38    <none> (D) 
            CLA_4BIT_UNIT_1                                 2          5         0           5    <none> (D) 
        EXP_COM_8BIT                                       24         41         0          41    <none> (D) 
          COMP_LESS_UNIT                                   24         41         0          41    <none> (D) 
            u_high                                         13         25         0          25    <none> (D) 
            u_low                                          10         13         0          13    <none> (D) 
        EXP_SWAP                                           13         31         0          31    <none> (D) 
        EXP_RND                                            15         29         0          29    <none> (D) 
        MAN_ALU_PROC_RND                                    7         13         0          13    <none> (D) 
        SIGN_UNIT                                           2          3         0           3    <none> (D) 
    INPUT_DATA_5                                         5343      16851         0       16851    <none> (D) 
      mul1_sub                                           1512       6171         0        6171    <none> (D) 
        MAN_MUL_UNIT                                     1117       5440         0        5440    <none> (D) 
          MUL_UNIT_MAN_UNIT                              1109       5426         0        5426    <none> (D) 
            u_booth                                       371       2888         0        2888    <none> (D) 
            u_wallace                                     394       1823         0        1823    <none> (D) 
              STAGE_GEN[0].u_stage                        116        573         0         573    <none> (D) 
              STAGE_GEN[1].u_stage                         85        408         0         408    <none> (D) 
              STAGE_GEN[2].u_stage                         61        291         0         291    <none> (D) 
              STAGE_GEN[3].u_stage                         45        205         0         205    <none> (D) 
              STAGE_GEN[4].u_stage                         44        185         0         185    <none> (D) 
              STAGE_GEN[5].u_stage                         43        161         0         161    <none> (D) 
            u_cla                                         282        571         0         571    <none> (D) 
              cla_tree                                    201        310         0         310    <none> (D) 
                MULTI_GROUP.next_level                     32         52         0          52    <none> (D) 
                  COMPUTE_DETAILED_CARRY[1].cla_unit       11         18         0          18    <none> (D) 
                  COMPUTE_DETAILED_CARRY[2].cla_unit        8         13         0          13    <none> (D) 
                  COMPUTE_DETAILED_CARRY[0].cla_unit        2          5         0           5    <none> (D) 
                  MULTI_GROUP.next_level                    1          2         0           2    <none> (D) 
                    COMPUTE_DETAILED_CARRY[0].cla_unit      1          2         0           2    <none> (D) 
                COMPUTE_DETAILED_CARRY[9].cla_unit         11         18         0          18    <none> (D) 
                COMPUTE_DETAILED_CARRY[8].cla_unit         11         18         0          18    <none> (D) 
                COMPUTE_DETAILED_CARRY[7].cla_unit         11         18         0          18    <none> (D) 
                COMPUTE_DETAILED_CARRY[6].cla_unit         11         18         0          18    <none> (D) 
                COMPUTE_DETAILED_CARRY[5].cla_unit         11         18         0          18    <none> (D) 
                COMPUTE_DETAILED_CARRY[4].cla_unit         11         18         0          18    <none> (D) 
                COMPUTE_DETAILED_CARRY[3].cla_unit         11         18         0          18    <none> (D) 
                COMPUTE_DETAILED_CARRY[2].cla_unit         11         18         0          18    <none> (D) 
                COMPUTE_DETAILED_CARRY[10].cla_unit        11         18         0          18    <none> (D) 
                COMPUTE_DETAILED_CARRY[11].cla_unit         7         11         0          11    <none> (D) 
            u_merge                                        62        143         0         143    <none> (D) 
              csa_row[9].u_fa                               1          4         0           4    <none> (D) 
              csa_row[8].u_fa                               1          4         0           4    <none> (D) 
              csa_row[7].u_fa                               1          4         0           4    <none> (D) 
              csa_row[6].u_fa                               1          4         0           4    <none> (D) 
              csa_row[45].u_fa                              1          4         0           4    <none> (D) 
              csa_row[29].u_fa                              1          4         0           4    <none> (D) 
              csa_row[24].u_fa                              1          4         0           4    <none> (D) 
              csa_row[23].u_fa                              1          4         0           4    <none> (D) 
              csa_row[22].u_fa                              1          4         0           4    <none> (D) 
              csa_row[21].u_fa                              1          4         0           4    <none> (D) 
              csa_row[20].u_fa                              1          4         0           4    <none> (D) 
              csa_row[19].u_fa                              1          4         0           4    <none> (D) 
              csa_row[18].u_fa                              1          4         0           4    <none> (D) 
              csa_row[17].u_fa                              1          4         0           4    <none> (D) 
              csa_row[16].u_fa                              1          4         0           4    <none> (D) 
              csa_row[15].u_fa                              1          4         0           4    <none> (D) 
              csa_row[14].u_fa                              1          4         0           4    <none> (D) 
              csa_row[13].u_fa                              1          4         0           4    <none> (D) 
              csa_row[12].u_fa                              1          4         0           4    <none> (D) 
              csa_row[11].u_fa                              1          4         0           4    <none> (D) 
              csa_row[10].u_fa                              1          4         0           4    <none> (D) 
              csa_row[46].u_fa                              2          3         0           3    <none> (D) 
              csa_row[44].u_fa                              2          3         0           3    <none> (D) 
              csa_row[43].u_fa                              2          3         0           3    <none> (D) 
              csa_row[42].u_fa                              2          3         0           3    <none> (D) 
              csa_row[41].u_fa                              2          3         0           3    <none> (D) 
              csa_row[40].u_fa                              2          3         0           3    <none> (D) 
              csa_row[39].u_fa                              2          3         0           3    <none> (D) 
              csa_row[38].u_fa                              2          3         0           3    <none> (D) 
              csa_row[37].u_fa                              2          3         0           3    <none> (D) 
              csa_row[36].u_fa                              2          3         0           3    <none> (D) 
              csa_row[35].u_fa                              2          3         0           3    <none> (D) 
              csa_row[34].u_fa                              2          3         0           3    <none> (D) 
              csa_row[33].u_fa                              2          3         0           3    <none> (D) 
              csa_row[32].u_fa                              2          3         0           3    <none> (D) 
              csa_row[31].u_fa                              2          3         0           3    <none> (D) 
              csa_row[30].u_fa                              2          3         0           3    <none> (D) 
              csa_row[28].u_fa                              2          3         0           3    <none> (D) 
              csa_row[27].u_fa                              2          3         0           3    <none> (D) 
              csa_row[26].u_fa                              2          3         0           3    <none> (D) 
              csa_row[25].u_fa                              2          3         0           3    <none> (D) 
              csa_row[47].u_fa                              1          3         0           3    <none> (D) 
        NOR_UNIT                                          178        323         0         323    <none> (D) 
          SHF_left_unit                                   124        227         0         227    <none> (D) 
        MAN_ROUNDING_UNIT                                  24         88         0          88    <none> (D) 
        MUL_EXP_ADJUST_UNIT                                45         86         0          86    <none> (D) 
          CLA_8BIT_UNIT                                    30         66         0          66    <none> (D) 
            CLA_4BIT_UNIT_0                                18         34         0          34    <none> (D) 
            CLA_4BIT_UNIT_1                                11         29         0          29    <none> (D) 
        LOPD_UNIT                                          58         85         0          85    <none> (D) 
          LOPD_16bit_UNIT_MSB                              34         52         0          52    <none> (D) 
            LOPD_8bit_unit_1                               14         20         0          20    <none> (D) 
            LOPD_8bit_unit_0                               14         20         0          20    <none> (D) 
          LOPD_8bit_UNIT_LSB                               14         20         0          20    <none> (D) 
        EXP_ROUNDING_UNIT                                  15         29         0          29    <none> (D) 
        MUL_EXP_UNIT                                       21         28         0          28    <none> (D) 
        PSC_UNIT                                           12         21         0          21    <none> (D) 
      mul1_add                                           1512       6171         0        6171    <none> (D) 
        MAN_MUL_UNIT                                     1117       5440         0        5440    <none> (D) 
          MUL_UNIT_MAN_UNIT                              1109       5426         0        5426    <none> (D) 
            u_booth                                       371       2888         0        2888    <none> (D) 
            u_wallace                                     394       1823         0        1823    <none> (D) 
              STAGE_GEN[0].u_stage                        116        573         0         573    <none> (D) 
              STAGE_GEN[1].u_stage                         85        408         0         408    <none> (D) 
              STAGE_GEN[2].u_stage                         61        291         0         291    <none> (D) 
              STAGE_GEN[3].u_stage                         45        205         0         205    <none> (D) 
              STAGE_GEN[4].u_stage                         44        185         0         185    <none> (D) 
              STAGE_GEN[5].u_stage                         43        161         0         161    <none> (D) 
            u_cla                                         282        571         0         571    <none> (D) 
              cla_tree                                    201        310         0         310    <none> (D) 
                MULTI_GROUP.next_level                     32         52         0          52    <none> (D) 
                  COMPUTE_DETAILED_CARRY[1].cla_unit       11         18         0          18    <none> (D) 
                  COMPUTE_DETAILED_CARRY[2].cla_unit        8         13         0          13    <none> (D) 
                  COMPUTE_DETAILED_CARRY[0].cla_unit        2          5         0           5    <none> (D) 
                  MULTI_GROUP.next_level                    1          2         0           2    <none> (D) 
                    COMPUTE_DETAILED_CARRY[0].cla_unit      1          2         0           2    <none> (D) 
                COMPUTE_DETAILED_CARRY[9].cla_unit         11         18         0          18    <none> (D) 
                COMPUTE_DETAILED_CARRY[8].cla_unit         11         18         0          18    <none> (D) 
                COMPUTE_DETAILED_CARRY[7].cla_unit         11         18         0          18    <none> (D) 
                COMPUTE_DETAILED_CARRY[6].cla_unit         11         18         0          18    <none> (D) 
                COMPUTE_DETAILED_CARRY[5].cla_unit         11         18         0          18    <none> (D) 
                COMPUTE_DETAILED_CARRY[4].cla_unit         11         18         0          18    <none> (D) 
                COMPUTE_DETAILED_CARRY[3].cla_unit         11         18         0          18    <none> (D) 
                COMPUTE_DETAILED_CARRY[2].cla_unit         11         18         0          18    <none> (D) 
                COMPUTE_DETAILED_CARRY[10].cla_unit        11         18         0          18    <none> (D) 
                COMPUTE_DETAILED_CARRY[11].cla_unit         7         11         0          11    <none> (D) 
            u_merge                                        62        143         0         143    <none> (D) 
              csa_row[9].u_fa                               1          4         0           4    <none> (D) 
              csa_row[8].u_fa                               1          4         0           4    <none> (D) 
              csa_row[7].u_fa                               1          4         0           4    <none> (D) 
              csa_row[6].u_fa                               1          4         0           4    <none> (D) 
              csa_row[45].u_fa                              1          4         0           4    <none> (D) 
              csa_row[29].u_fa                              1          4         0           4    <none> (D) 
              csa_row[24].u_fa                              1          4         0           4    <none> (D) 
              csa_row[23].u_fa                              1          4         0           4    <none> (D) 
              csa_row[22].u_fa                              1          4         0           4    <none> (D) 
              csa_row[21].u_fa                              1          4         0           4    <none> (D) 
              csa_row[20].u_fa                              1          4         0           4    <none> (D) 
              csa_row[19].u_fa                              1          4         0           4    <none> (D) 
              csa_row[18].u_fa                              1          4         0           4    <none> (D) 
              csa_row[17].u_fa                              1          4         0           4    <none> (D) 
              csa_row[16].u_fa                              1          4         0           4    <none> (D) 
              csa_row[15].u_fa                              1          4         0           4    <none> (D) 
              csa_row[14].u_fa                              1          4         0           4    <none> (D) 
              csa_row[13].u_fa                              1          4         0           4    <none> (D) 
              csa_row[12].u_fa                              1          4         0           4    <none> (D) 
              csa_row[11].u_fa                              1          4         0           4    <none> (D) 
              csa_row[10].u_fa                              1          4         0           4    <none> (D) 
              csa_row[46].u_fa                              2          3         0           3    <none> (D) 
              csa_row[44].u_fa                              2          3         0           3    <none> (D) 
              csa_row[43].u_fa                              2          3         0           3    <none> (D) 
              csa_row[42].u_fa                              2          3         0           3    <none> (D) 
              csa_row[41].u_fa                              2          3         0           3    <none> (D) 
              csa_row[40].u_fa                              2          3         0           3    <none> (D) 
              csa_row[39].u_fa                              2          3         0           3    <none> (D) 
              csa_row[38].u_fa                              2          3         0           3    <none> (D) 
              csa_row[37].u_fa                              2          3         0           3    <none> (D) 
              csa_row[36].u_fa                              2          3         0           3    <none> (D) 
              csa_row[35].u_fa                              2          3         0           3    <none> (D) 
              csa_row[34].u_fa                              2          3         0           3    <none> (D) 
              csa_row[33].u_fa                              2          3         0           3    <none> (D) 
              csa_row[32].u_fa                              2          3         0           3    <none> (D) 
              csa_row[31].u_fa                              2          3         0           3    <none> (D) 
              csa_row[30].u_fa                              2          3         0           3    <none> (D) 
              csa_row[28].u_fa                              2          3         0           3    <none> (D) 
              csa_row[27].u_fa                              2          3         0           3    <none> (D) 
              csa_row[26].u_fa                              2          3         0           3    <none> (D) 
              csa_row[25].u_fa                              2          3         0           3    <none> (D) 
              csa_row[47].u_fa                              1          3         0           3    <none> (D) 
        NOR_UNIT                                          178        323         0         323    <none> (D) 
          SHF_left_unit                                   124        227         0         227    <none> (D) 
        MAN_ROUNDING_UNIT                                  24         88         0          88    <none> (D) 
        MUL_EXP_ADJUST_UNIT                                45         86         0          86    <none> (D) 
          CLA_8BIT_UNIT                                    30         66         0          66    <none> (D) 
            CLA_4BIT_UNIT_0                                18         34         0          34    <none> (D) 
            CLA_4BIT_UNIT_1                                11         29         0          29    <none> (D) 
        LOPD_UNIT                                          58         85         0          85    <none> (D) 
          LOPD_16bit_UNIT_MSB                              34         52         0          52    <none> (D) 
            LOPD_8bit_unit_1                               14         20         0          20    <none> (D) 
            LOPD_8bit_unit_0                               14         20         0          20    <none> (D) 
          LOPD_8bit_UNIT_LSB                               14         20         0          20    <none> (D) 
        EXP_ROUNDING_UNIT                                  15         29         0          29    <none> (D) 
        MUL_EXP_UNIT                                       21         28         0          28    <none> (D) 
        PSC_UNIT                                           12         21         0          21    <none> (D) 
      DATA_A_RE                                          1161       2256         0        2256    <none> (D) 
        MAN_ALU                                           219        427         0         427    <none> (D) 
          ALU_SUB_UNIT                                    120        233         0         233    <none> (D) 
            CLA_BLOCK_GEN[0].CLA_4BIT_UNIT                 18         41         0          41    <none> (D) 
            CLA_BLOCK_GEN[2].CLA_4BIT_UNIT                 18         34         0          34    <none> (D) 
            CLA_BLOCK_GEN[1].CLA_4BIT_UNIT                 18         34         0          34    <none> (D) 
            CLA_BLOCK_GEN[4].CLA_4BIT_UNIT                 15         34         0          34    <none> (D) 
            CLA_BLOCK_GEN[5].CLA_4BIT_UNIT                 18         33         0          33    <none> (D) 
            CLA_BLOCK_GEN[3].CLA_4BIT_UNIT                 18         33         0          33    <none> (D) 
        NOR_UNIT                                          208        366         0         366    <none> (D) 
          SHF_left_unit                                   143        251         0         251    <none> (D) 
        SHF_RIGHT_MAN                                     137        241         0         241    <none> (D) 
        PSC_UNIT                                           89        165         0         165    <none> (D) 
        MAN_COMP_24BIT                                     78        144         0         144    <none> (D) 
          u_i_data_3                                       13         25         0          25    <none> (D) 
          u_i_data_4                                       13         25         0          25    <none> (D) 
          u_i_data_2                                       13         25         0          25    <none> (D) 
          u_i_data_1                                       13         25         0          25    <none> (D) 
          u_i_data_5                                       10         19         0          19    <none> (D) 
          u_i_data_0                                       10         13         0          13    <none> (D) 
        MAN_SWAP                                           52        116         0         116    <none> (D) 
        MAN_SWAP_PRE                                       46        110         0         110    <none> (D) 
        MAN_RND                                            26         91         0          91    <none> (D) 
        LOPD_24BIT                                         58         85         0          85    <none> (D) 
          LOPD_16bit_UNIT_MSB                              34         52         0          52    <none> (D) 
            LOPD_8bit_unit_1                               14         20         0          20    <none> (D) 
            LOPD_8bit_unit_0                               14         20         0          20    <none> (D) 
          LOPD_8bit_UNIT_LSB                               14         20         0          20    <none> (D) 
        EXP_ADJUST                                         37         75         0          75    <none> (D) 
          CLA_8BIT_UNIT                                    30         66         0          66    <none> (D) 
            CLA_4BIT_UNIT_0                                18         34         0          34    <none> (D) 
            CLA_4BIT_UNIT_1                                11         29         0          29    <none> (D) 
        EXP_SUB                                            25         48         0          48    <none> (D) 
          CLA_8BIT_UNIT                                    20         44         0          44    <none> (D) 
            CLA_4BIT_UNIT_0                                17         38         0          38    <none> (D) 
            CLA_4BIT_UNIT_1                                 2          5         0           5    <none> (D) 
        EXP_COM_8BIT                                       24         41         0          41    <none> (D) 
          COMP_LESS_UNIT                                   24         41         0          41    <none> (D) 
            u_high                                         13         25         0          25    <none> (D) 
            u_low                                          10         13         0          13    <none> (D) 
        EXP_SWAP                                           13         31         0          31    <none> (D) 
        EXP_RND                                            15         29         0          29    <none> (D) 
        MAN_ALU_PROC_RND                                    7         13         0          13    <none> (D) 
        SIGN_UNIT                                           1          2         0           2    <none> (D) 
      DATA_A_IM                                          1158       2253         0        2253    <none> (D) 
        MAN_ALU                                           217        426         0         426    <none> (D) 
          ALU_SUB_UNIT                                    120        233         0         233    <none> (D) 
            CLA_BLOCK_GEN[0].CLA_4BIT_UNIT                 18         41         0          41    <none> (D) 
            CLA_BLOCK_GEN[2].CLA_4BIT_UNIT                 18         34         0          34    <none> (D) 
            CLA_BLOCK_GEN[1].CLA_4BIT_UNIT                 18         34         0          34    <none> (D) 
            CLA_BLOCK_GEN[4].CLA_4BIT_UNIT                 15         34         0          34    <none> (D) 
            CLA_BLOCK_GEN[5].CLA_4BIT_UNIT                 18         33         0          33    <none> (D) 
            CLA_BLOCK_GEN[3].CLA_4BIT_UNIT                 18         33         0          33    <none> (D) 
        NOR_UNIT                                          208        366         0         366    <none> (D) 
          SHF_left_unit                                   143        251         0         251    <none> (D) 
        SHF_RIGHT_MAN                                     138        241         0         241    <none> (D) 
        PSC_UNIT                                           88        163         0         163    <none> (D) 
        MAN_COMP_24BIT                                     78        144         0         144    <none> (D) 
          u_i_data_3                                       13         25         0          25    <none> (D) 
          u_i_data_4                                       13         25         0          25    <none> (D) 
          u_i_data_2                                       13         25         0          25    <none> (D) 
          u_i_data_1                                       13         25         0          25    <none> (D) 
          u_i_data_5                                       10         19         0          19    <none> (D) 
          u_i_data_0                                       10         13         0          13    <none> (D) 
        MAN_SWAP                                           50        114         0         114    <none> (D) 
        MAN_SWAP_PRE                                       46        110         0         110    <none> (D) 
        MAN_RND                                            26         91         0          91    <none> (D) 
        LOPD_24BIT                                         58         85         0          85    <none> (D) 
          LOPD_16bit_UNIT_MSB                              34         52         0          52    <none> (D) 
            LOPD_8bit_unit_1                               14         20         0          20    <none> (D) 
            LOPD_8bit_unit_0                               14         20         0          20    <none> (D) 
          LOPD_8bit_UNIT_LSB                               14         20         0          20    <none> (D) 
        EXP_ADJUST                                         37         75         0          75    <none> (D) 
          CLA_8BIT_UNIT                                    30         66         0          66    <none> (D) 
            CLA_4BIT_UNIT_0                                18         34         0          34    <none> (D) 
            CLA_4BIT_UNIT_1                                11         29         0          29    <none> (D) 
        EXP_SUB                                            25         48         0          48    <none> (D) 
          CLA_8BIT_UNIT                                    20         44         0          44    <none> (D) 
            CLA_4BIT_UNIT_0                                17         38         0          38    <none> (D) 
            CLA_4BIT_UNIT_1                                 2          5         0           5    <none> (D) 
        EXP_COM_8BIT                                       24         41         0          41    <none> (D) 
          COMP_LESS_UNIT                                   24         41         0          41    <none> (D) 
            u_high                                         13         25         0          25    <none> (D) 
            u_low                                          10         13         0          13    <none> (D) 
        EXP_SWAP                                           13         31         0          31    <none> (D) 
        EXP_RND                                            15         29         0          29    <none> (D) 
        MAN_ALU_PROC_RND                                    7         13         0          13    <none> (D) 
        SIGN_UNIT                                           2          3         0           3    <none> (D) 
    BFU2_UNIT2                                           4550       8674         0        8674    <none> (D) 
      DATA_A_RE                                          1139       2170         0        2170    <none> (D) 
        MAN_ALU                                           219        427         0         427    <none> (D) 
          ALU_SUB_UNIT                                    120        233         0         233    <none> (D) 
            CLA_BLOCK_GEN[0].CLA_4BIT_UNIT                 18         41         0          41    <none> (D) 
            CLA_BLOCK_GEN[2].CLA_4BIT_UNIT                 18         34         0          34    <none> (D) 
            CLA_BLOCK_GEN[1].CLA_4BIT_UNIT                 18         34         0          34    <none> (D) 
            CLA_BLOCK_GEN[4].CLA_4BIT_UNIT                 15         34         0          34    <none> (D) 
            CLA_BLOCK_GEN[5].CLA_4BIT_UNIT                 18         33         0          33    <none> (D) 
            CLA_BLOCK_GEN[3].CLA_4BIT_UNIT                 18         33         0          33    <none> (D) 
        NOR_UNIT                                          208        366         0         366    <none> (D) 
          SHF_left_unit                                   143        251         0         251    <none> (D) 
        SHF_RIGHT_MAN                                     137        241         0         241    <none> (D) 
        PSC_UNIT                                           89        165         0         165    <none> (D) 
        MAN_COMP_24BIT                                     78        144         0         144    <none> (D) 
          u_i_data_3                                       13         25         0          25    <none> (D) 
          u_i_data_4                                       13         25         0          25    <none> (D) 
          u_i_data_2                                       13         25         0          25    <none> (D) 
          u_i_data_1                                       13         25         0          25    <none> (D) 
          u_i_data_5                                       10         19         0          19    <none> (D) 
          u_i_data_0                                       10         13         0          13    <none> (D) 
        MAN_SWAP                                           52        116         0         116    <none> (D) 
        MAN_SWAP_PRE                                       46        110         0         110    <none> (D) 
        MAN_RND                                            26         91         0          91    <none> (D) 
        LOPD_24BIT                                         58         85         0          85    <none> (D) 
          LOPD_16bit_UNIT_MSB                              34         52         0          52    <none> (D) 
            LOPD_8bit_unit_1                               14         20         0          20    <none> (D) 
            LOPD_8bit_unit_0                               14         20         0          20    <none> (D) 
          LOPD_8bit_UNIT_LSB                               14         20         0          20    <none> (D) 
        EXP_ADJUST                                         37         75         0          75    <none> (D) 
          CLA_8BIT_UNIT                                    30         66         0          66    <none> (D) 
            CLA_4BIT_UNIT_0                                18         34         0          34    <none> (D) 
            CLA_4BIT_UNIT_1                                11         29         0          29    <none> (D) 
        EXP_SUB                                            25         48         0          48    <none> (D) 
          CLA_8BIT_UNIT                                    20         44         0          44    <none> (D) 
            CLA_4BIT_UNIT_0                                17         38         0          38    <none> (D) 
            CLA_4BIT_UNIT_1                                 2          5         0           5    <none> (D) 
        EXP_COM_8BIT                                       24         41         0          41    <none> (D) 
          COMP_LESS_UNIT                                   24         41         0          41    <none> (D) 
            u_high                                         13         25         0          25    <none> (D) 
            u_low                                          10         13         0          13    <none> (D) 
        EXP_SWAP                                           13         31         0          31    <none> (D) 
        EXP_RND                                            15         29         0          29    <none> (D) 
        MAN_ALU_PROC_RND                                    7         13         0          13    <none> (D) 
        SIGN_UNIT                                           1          2         0           2    <none> (D) 
      DATA_A_IM                                          1139       2170         0        2170    <none> (D) 
        MAN_ALU                                           219        427         0         427    <none> (D) 
          ALU_SUB_UNIT                                    120        233         0         233    <none> (D) 
            CLA_BLOCK_GEN[0].CLA_4BIT_UNIT                 18         41         0          41    <none> (D) 
            CLA_BLOCK_GEN[2].CLA_4BIT_UNIT                 18         34         0          34    <none> (D) 
            CLA_BLOCK_GEN[1].CLA_4BIT_UNIT                 18         34         0          34    <none> (D) 
            CLA_BLOCK_GEN[4].CLA_4BIT_UNIT                 15         34         0          34    <none> (D) 
            CLA_BLOCK_GEN[5].CLA_4BIT_UNIT                 18         33         0          33    <none> (D) 
            CLA_BLOCK_GEN[3].CLA_4BIT_UNIT                 18         33         0          33    <none> (D) 
        NOR_UNIT                                          208        366         0         366    <none> (D) 
          SHF_left_unit                                   143        251         0         251    <none> (D) 
        SHF_RIGHT_MAN                                     137        241         0         241    <none> (D) 
        PSC_UNIT                                           89        165         0         165    <none> (D) 
        MAN_COMP_24BIT                                     78        144         0         144    <none> (D) 
          u_i_data_3                                       13         25         0          25    <none> (D) 
          u_i_data_4                                       13         25         0          25    <none> (D) 
          u_i_data_2                                       13         25         0          25    <none> (D) 
          u_i_data_1                                       13         25         0          25    <none> (D) 
          u_i_data_5                                       10         19         0          19    <none> (D) 
          u_i_data_0                                       10         13         0          13    <none> (D) 
        MAN_SWAP                                           52        116         0         116    <none> (D) 
        MAN_SWAP_PRE                                       46        110         0         110    <none> (D) 
        MAN_RND                                            26         91         0          91    <none> (D) 
        LOPD_24BIT                                         58         85         0          85    <none> (D) 
          LOPD_16bit_UNIT_MSB                              34         52         0          52    <none> (D) 
            LOPD_8bit_unit_1                               14         20         0          20    <none> (D) 
            LOPD_8bit_unit_0                               14         20         0          20    <none> (D) 
          LOPD_8bit_UNIT_LSB                               14         20         0          20    <none> (D) 
        EXP_ADJUST                                         37         75         0          75    <none> (D) 
          CLA_8BIT_UNIT                                    30         66         0          66    <none> (D) 
            CLA_4BIT_UNIT_0                                18         34         0          34    <none> (D) 
            CLA_4BIT_UNIT_1                                11         29         0          29    <none> (D) 
        EXP_SUB                                            25         48         0          48    <none> (D) 
          CLA_8BIT_UNIT                                    20         44         0          44    <none> (D) 
            CLA_4BIT_UNIT_0                                17         38         0          38    <none> (D) 
            CLA_4BIT_UNIT_1                                 2          5         0           5    <none> (D) 
        EXP_COM_8BIT                                       24         41         0          41    <none> (D) 
          COMP_LESS_UNIT                                   24         41         0          41    <none> (D) 
            u_high                                         13         25         0          25    <none> (D) 
            u_low                                          10         13         0          13    <none> (D) 
        EXP_SWAP                                           13         31         0          31    <none> (D) 
        EXP_RND                                            15         29         0          29    <none> (D) 
        MAN_ALU_PROC_RND                                    7         13         0          13    <none> (D) 
        SIGN_UNIT                                           1          2         0           2    <none> (D) 
      DATA_B_RE                                          1136       2167         0        2167    <none> (D) 
        MAN_ALU                                           217        426         0         426    <none> (D) 
          ALU_SUB_UNIT                                    120        233         0         233    <none> (D) 
            CLA_BLOCK_GEN[0].CLA_4BIT_UNIT                 18         41         0          41    <none> (D) 
            CLA_BLOCK_GEN[2].CLA_4BIT_UNIT                 18         34         0          34    <none> (D) 
            CLA_BLOCK_GEN[1].CLA_4BIT_UNIT                 18         34         0          34    <none> (D) 
            CLA_BLOCK_GEN[4].CLA_4BIT_UNIT                 15         34         0          34    <none> (D) 
            CLA_BLOCK_GEN[5].CLA_4BIT_UNIT                 18         33         0          33    <none> (D) 
            CLA_BLOCK_GEN[3].CLA_4BIT_UNIT                 18         33         0          33    <none> (D) 
        NOR_UNIT                                          208        366         0         366    <none> (D) 
          SHF_left_unit                                   143        251         0         251    <none> (D) 
        SHF_RIGHT_MAN                                     138        241         0         241    <none> (D) 
        PSC_UNIT                                           88        163         0         163    <none> (D) 
        MAN_COMP_24BIT                                     78        144         0         144    <none> (D) 
          u_i_data_3                                       13         25         0          25    <none> (D) 
          u_i_data_4                                       13         25         0          25    <none> (D) 
          u_i_data_2                                       13         25         0          25    <none> (D) 
          u_i_data_1                                       13         25         0          25    <none> (D) 
          u_i_data_5                                       10         19         0          19    <none> (D) 
          u_i_data_0                                       10         13         0          13    <none> (D) 
        MAN_SWAP                                           50        114         0         114    <none> (D) 
        MAN_SWAP_PRE                                       46        110         0         110    <none> (D) 
        MAN_RND                                            26         91         0          91    <none> (D) 
        LOPD_24BIT                                         58         85         0          85    <none> (D) 
          LOPD_16bit_UNIT_MSB                              34         52         0          52    <none> (D) 
            LOPD_8bit_unit_1                               14         20         0          20    <none> (D) 
            LOPD_8bit_unit_0                               14         20         0          20    <none> (D) 
          LOPD_8bit_UNIT_LSB                               14         20         0          20    <none> (D) 
        EXP_ADJUST                                         37         75         0          75    <none> (D) 
          CLA_8BIT_UNIT                                    30         66         0          66    <none> (D) 
            CLA_4BIT_UNIT_0                                18         34         0          34    <none> (D) 
            CLA_4BIT_UNIT_1                                11         29         0          29    <none> (D) 
        EXP_SUB                                            25         48         0          48    <none> (D) 
          CLA_8BIT_UNIT                                    20         44         0          44    <none> (D) 
            CLA_4BIT_UNIT_0                                17         38         0          38    <none> (D) 
            CLA_4BIT_UNIT_1                                 2          5         0           5    <none> (D) 
        EXP_COM_8BIT                                       24         41         0          41    <none> (D) 
          COMP_LESS_UNIT                                   24         41         0          41    <none> (D) 
            u_high                                         13         25         0          25    <none> (D) 
            u_low                                          10         13         0          13    <none> (D) 
        EXP_SWAP                                           13         31         0          31    <none> (D) 
        EXP_RND                                            15         29         0          29    <none> (D) 
        MAN_ALU_PROC_RND                                    7         13         0          13    <none> (D) 
        SIGN_UNIT                                           2          3         0           3    <none> (D) 
      DATA_B_IM                                          1136       2167         0        2167    <none> (D) 
        MAN_ALU                                           217        426         0         426    <none> (D) 
          ALU_SUB_UNIT                                    120        233         0         233    <none> (D) 
            CLA_BLOCK_GEN[0].CLA_4BIT_UNIT                 18         41         0          41    <none> (D) 
            CLA_BLOCK_GEN[2].CLA_4BIT_UNIT                 18         34         0          34    <none> (D) 
            CLA_BLOCK_GEN[1].CLA_4BIT_UNIT                 18         34         0          34    <none> (D) 
            CLA_BLOCK_GEN[4].CLA_4BIT_UNIT                 15         34         0          34    <none> (D) 
            CLA_BLOCK_GEN[5].CLA_4BIT_UNIT                 18         33         0          33    <none> (D) 
            CLA_BLOCK_GEN[3].CLA_4BIT_UNIT                 18         33         0          33    <none> (D) 
        NOR_UNIT                                          208        366         0         366    <none> (D) 
          SHF_left_unit                                   143        251         0         251    <none> (D) 
        SHF_RIGHT_MAN                                     138        241         0         241    <none> (D) 
        PSC_UNIT                                           88        163         0         163    <none> (D) 
        MAN_COMP_24BIT                                     78        144         0         144    <none> (D) 
          u_i_data_3                                       13         25         0          25    <none> (D) 
          u_i_data_4                                       13         25         0          25    <none> (D) 
          u_i_data_2                                       13         25         0          25    <none> (D) 
          u_i_data_1                                       13         25         0          25    <none> (D) 
          u_i_data_5                                       10         19         0          19    <none> (D) 
          u_i_data_0                                       10         13         0          13    <none> (D) 
        MAN_SWAP                                           50        114         0         114    <none> (D) 
        MAN_SWAP_PRE                                       46        110         0         110    <none> (D) 
        MAN_RND                                            26         91         0          91    <none> (D) 
        LOPD_24BIT                                         58         85         0          85    <none> (D) 
          LOPD_16bit_UNIT_MSB                              34         52         0          52    <none> (D) 
            LOPD_8bit_unit_1                               14         20         0          20    <none> (D) 
            LOPD_8bit_unit_0                               14         20         0          20    <none> (D) 
          LOPD_8bit_UNIT_LSB                               14         20         0          20    <none> (D) 
        EXP_ADJUST                                         37         75         0          75    <none> (D) 
          CLA_8BIT_UNIT                                    30         66         0          66    <none> (D) 
            CLA_4BIT_UNIT_0                                18         34         0          34    <none> (D) 
            CLA_4BIT_UNIT_1                                11         29         0          29    <none> (D) 
        EXP_SUB                                            25         48         0          48    <none> (D) 
          CLA_8BIT_UNIT                                    20         44         0          44    <none> (D) 
            CLA_4BIT_UNIT_0                                17         38         0          38    <none> (D) 
            CLA_4BIT_UNIT_1                                 2          5         0           5    <none> (D) 
        EXP_COM_8BIT                                       24         41         0          41    <none> (D) 
          COMP_LESS_UNIT                                   24         41         0          41    <none> (D) 
            u_high                                         13         25         0          25    <none> (D) 
            u_low                                          10         13         0          13    <none> (D) 
        EXP_SWAP                                           13         31         0          31    <none> (D) 
        EXP_RND                                            15         29         0          29    <none> (D) 
        MAN_ALU_PROC_RND                                    7         13         0          13    <none> (D) 
        SIGN_UNIT                                           2          3         0           3    <none> (D) 
    BFU2_UNIT0                                           4550       8674         0        8674    <none> (D) 
      DATA_A_RE                                          1139       2170         0        2170    <none> (D) 
        MAN_ALU                                           219        427         0         427    <none> (D) 
          ALU_SUB_UNIT                                    120        233         0         233    <none> (D) 
            CLA_BLOCK_GEN[0].CLA_4BIT_UNIT                 18         41         0          41    <none> (D) 
            CLA_BLOCK_GEN[2].CLA_4BIT_UNIT                 18         34         0          34    <none> (D) 
            CLA_BLOCK_GEN[1].CLA_4BIT_UNIT                 18         34         0          34    <none> (D) 
            CLA_BLOCK_GEN[4].CLA_4BIT_UNIT                 15         34         0          34    <none> (D) 
            CLA_BLOCK_GEN[5].CLA_4BIT_UNIT                 18         33         0          33    <none> (D) 
            CLA_BLOCK_GEN[3].CLA_4BIT_UNIT                 18         33         0          33    <none> (D) 
        NOR_UNIT                                          208        366         0         366    <none> (D) 
          SHF_left_unit                                   143        251         0         251    <none> (D) 
        SHF_RIGHT_MAN                                     137        241         0         241    <none> (D) 
        PSC_UNIT                                           89        165         0         165    <none> (D) 
        MAN_COMP_24BIT                                     78        144         0         144    <none> (D) 
          u_i_data_3                                       13         25         0          25    <none> (D) 
          u_i_data_4                                       13         25         0          25    <none> (D) 
          u_i_data_2                                       13         25         0          25    <none> (D) 
          u_i_data_1                                       13         25         0          25    <none> (D) 
          u_i_data_5                                       10         19         0          19    <none> (D) 
          u_i_data_0                                       10         13         0          13    <none> (D) 
        MAN_SWAP                                           52        116         0         116    <none> (D) 
        MAN_SWAP_PRE                                       46        110         0         110    <none> (D) 
        MAN_RND                                            26         91         0          91    <none> (D) 
        LOPD_24BIT                                         58         85         0          85    <none> (D) 
          LOPD_16bit_UNIT_MSB                              34         52         0          52    <none> (D) 
            LOPD_8bit_unit_1                               14         20         0          20    <none> (D) 
            LOPD_8bit_unit_0                               14         20         0          20    <none> (D) 
          LOPD_8bit_UNIT_LSB                               14         20         0          20    <none> (D) 
        EXP_ADJUST                                         37         75         0          75    <none> (D) 
          CLA_8BIT_UNIT                                    30         66         0          66    <none> (D) 
            CLA_4BIT_UNIT_0                                18         34         0          34    <none> (D) 
            CLA_4BIT_UNIT_1                                11         29         0          29    <none> (D) 
        EXP_SUB                                            25         48         0          48    <none> (D) 
          CLA_8BIT_UNIT                                    20         44         0          44    <none> (D) 
            CLA_4BIT_UNIT_0                                17         38         0          38    <none> (D) 
            CLA_4BIT_UNIT_1                                 2          5         0           5    <none> (D) 
        EXP_COM_8BIT                                       24         41         0          41    <none> (D) 
          COMP_LESS_UNIT                                   24         41         0          41    <none> (D) 
            u_high                                         13         25         0          25    <none> (D) 
            u_low                                          10         13         0          13    <none> (D) 
        EXP_SWAP                                           13         31         0          31    <none> (D) 
        EXP_RND                                            15         29         0          29    <none> (D) 
        MAN_ALU_PROC_RND                                    7         13         0          13    <none> (D) 
        SIGN_UNIT                                           1          2         0           2    <none> (D) 
      DATA_A_IM                                          1139       2170         0        2170    <none> (D) 
        MAN_ALU                                           219        427         0         427    <none> (D) 
          ALU_SUB_UNIT                                    120        233         0         233    <none> (D) 
            CLA_BLOCK_GEN[0].CLA_4BIT_UNIT                 18         41         0          41    <none> (D) 
            CLA_BLOCK_GEN[2].CLA_4BIT_UNIT                 18         34         0          34    <none> (D) 
            CLA_BLOCK_GEN[1].CLA_4BIT_UNIT                 18         34         0          34    <none> (D) 
            CLA_BLOCK_GEN[4].CLA_4BIT_UNIT                 15         34         0          34    <none> (D) 
            CLA_BLOCK_GEN[5].CLA_4BIT_UNIT                 18         33         0          33    <none> (D) 
            CLA_BLOCK_GEN[3].CLA_4BIT_UNIT                 18         33         0          33    <none> (D) 
        NOR_UNIT                                          208        366         0         366    <none> (D) 
          SHF_left_unit                                   143        251         0         251    <none> (D) 
        SHF_RIGHT_MAN                                     137        241         0         241    <none> (D) 
        PSC_UNIT                                           89        165         0         165    <none> (D) 
        MAN_COMP_24BIT                                     78        144         0         144    <none> (D) 
          u_i_data_3                                       13         25         0          25    <none> (D) 
          u_i_data_4                                       13         25         0          25    <none> (D) 
          u_i_data_2                                       13         25         0          25    <none> (D) 
          u_i_data_1                                       13         25         0          25    <none> (D) 
          u_i_data_5                                       10         19         0          19    <none> (D) 
          u_i_data_0                                       10         13         0          13    <none> (D) 
        MAN_SWAP                                           52        116         0         116    <none> (D) 
        MAN_SWAP_PRE                                       46        110         0         110    <none> (D) 
        MAN_RND                                            26         91         0          91    <none> (D) 
        LOPD_24BIT                                         58         85         0          85    <none> (D) 
          LOPD_16bit_UNIT_MSB                              34         52         0          52    <none> (D) 
            LOPD_8bit_unit_1                               14         20         0          20    <none> (D) 
            LOPD_8bit_unit_0                               14         20         0          20    <none> (D) 
          LOPD_8bit_UNIT_LSB                               14         20         0          20    <none> (D) 
        EXP_ADJUST                                         37         75         0          75    <none> (D) 
          CLA_8BIT_UNIT                                    30         66         0          66    <none> (D) 
            CLA_4BIT_UNIT_0                                18         34         0          34    <none> (D) 
            CLA_4BIT_UNIT_1                                11         29         0          29    <none> (D) 
        EXP_SUB                                            25         48         0          48    <none> (D) 
          CLA_8BIT_UNIT                                    20         44         0          44    <none> (D) 
            CLA_4BIT_UNIT_0                                17         38         0          38    <none> (D) 
            CLA_4BIT_UNIT_1                                 2          5         0           5    <none> (D) 
        EXP_COM_8BIT                                       24         41         0          41    <none> (D) 
          COMP_LESS_UNIT                                   24         41         0          41    <none> (D) 
            u_high                                         13         25         0          25    <none> (D) 
            u_low                                          10         13         0          13    <none> (D) 
        EXP_SWAP                                           13         31         0          31    <none> (D) 
        EXP_RND                                            15         29         0          29    <none> (D) 
        MAN_ALU_PROC_RND                                    7         13         0          13    <none> (D) 
        SIGN_UNIT                                           1          2         0           2    <none> (D) 
      DATA_B_RE                                          1136       2167         0        2167    <none> (D) 
        MAN_ALU                                           217        426         0         426    <none> (D) 
          ALU_SUB_UNIT                                    120        233         0         233    <none> (D) 
            CLA_BLOCK_GEN[0].CLA_4BIT_UNIT                 18         41         0          41    <none> (D) 
            CLA_BLOCK_GEN[2].CLA_4BIT_UNIT                 18         34         0          34    <none> (D) 
            CLA_BLOCK_GEN[1].CLA_4BIT_UNIT                 18         34         0          34    <none> (D) 
            CLA_BLOCK_GEN[4].CLA_4BIT_UNIT                 15         34         0          34    <none> (D) 
            CLA_BLOCK_GEN[5].CLA_4BIT_UNIT                 18         33         0          33    <none> (D) 
            CLA_BLOCK_GEN[3].CLA_4BIT_UNIT                 18         33         0          33    <none> (D) 
        NOR_UNIT                                          208        366         0         366    <none> (D) 
          SHF_left_unit                                   143        251         0         251    <none> (D) 
        SHF_RIGHT_MAN                                     138        241         0         241    <none> (D) 
        PSC_UNIT                                           88        163         0         163    <none> (D) 
        MAN_COMP_24BIT                                     78        144         0         144    <none> (D) 
          u_i_data_3                                       13         25         0          25    <none> (D) 
          u_i_data_4                                       13         25         0          25    <none> (D) 
          u_i_data_2                                       13         25         0          25    <none> (D) 
          u_i_data_1                                       13         25         0          25    <none> (D) 
          u_i_data_5                                       10         19         0          19    <none> (D) 
          u_i_data_0                                       10         13         0          13    <none> (D) 
        MAN_SWAP                                           50        114         0         114    <none> (D) 
        MAN_SWAP_PRE                                       46        110         0         110    <none> (D) 
        MAN_RND                                            26         91         0          91    <none> (D) 
        LOPD_24BIT                                         58         85         0          85    <none> (D) 
          LOPD_16bit_UNIT_MSB                              34         52         0          52    <none> (D) 
            LOPD_8bit_unit_1                               14         20         0          20    <none> (D) 
            LOPD_8bit_unit_0                               14         20         0          20    <none> (D) 
          LOPD_8bit_UNIT_LSB                               14         20         0          20    <none> (D) 
        EXP_ADJUST                                         37         75         0          75    <none> (D) 
          CLA_8BIT_UNIT                                    30         66         0          66    <none> (D) 
            CLA_4BIT_UNIT_0                                18         34         0          34    <none> (D) 
            CLA_4BIT_UNIT_1                                11         29         0          29    <none> (D) 
        EXP_SUB                                            25         48         0          48    <none> (D) 
          CLA_8BIT_UNIT                                    20         44         0          44    <none> (D) 
            CLA_4BIT_UNIT_0                                17         38         0          38    <none> (D) 
            CLA_4BIT_UNIT_1                                 2          5         0           5    <none> (D) 
        EXP_COM_8BIT                                       24         41         0          41    <none> (D) 
          COMP_LESS_UNIT                                   24         41         0          41    <none> (D) 
            u_high                                         13         25         0          25    <none> (D) 
            u_low                                          10         13         0          13    <none> (D) 
        EXP_SWAP                                           13         31         0          31    <none> (D) 
        EXP_RND                                            15         29         0          29    <none> (D) 
        MAN_ALU_PROC_RND                                    7         13         0          13    <none> (D) 
        SIGN_UNIT                                           2          3         0           3    <none> (D) 
      DATA_B_IM                                          1136       2167         0        2167    <none> (D) 
        MAN_ALU                                           217        426         0         426    <none> (D) 
          ALU_SUB_UNIT                                    120        233         0         233    <none> (D) 
            CLA_BLOCK_GEN[0].CLA_4BIT_UNIT                 18         41         0          41    <none> (D) 
            CLA_BLOCK_GEN[2].CLA_4BIT_UNIT                 18         34         0          34    <none> (D) 
            CLA_BLOCK_GEN[1].CLA_4BIT_UNIT                 18         34         0          34    <none> (D) 
            CLA_BLOCK_GEN[4].CLA_4BIT_UNIT                 15         34         0          34    <none> (D) 
            CLA_BLOCK_GEN[5].CLA_4BIT_UNIT                 18         33         0          33    <none> (D) 
            CLA_BLOCK_GEN[3].CLA_4BIT_UNIT                 18         33         0          33    <none> (D) 
        NOR_UNIT                                          208        366         0         366    <none> (D) 
          SHF_left_unit                                   143        251         0         251    <none> (D) 
        SHF_RIGHT_MAN                                     138        241         0         241    <none> (D) 
        PSC_UNIT                                           88        163         0         163    <none> (D) 
        MAN_COMP_24BIT                                     78        144         0         144    <none> (D) 
          u_i_data_3                                       13         25         0          25    <none> (D) 
          u_i_data_4                                       13         25         0          25    <none> (D) 
          u_i_data_2                                       13         25         0          25    <none> (D) 
          u_i_data_1                                       13         25         0          25    <none> (D) 
          u_i_data_5                                       10         19         0          19    <none> (D) 
          u_i_data_0                                       10         13         0          13    <none> (D) 
        MAN_SWAP                                           50        114         0         114    <none> (D) 
        MAN_SWAP_PRE                                       46        110         0         110    <none> (D) 
        MAN_RND                                            26         91         0          91    <none> (D) 
        LOPD_24BIT                                         58         85         0          85    <none> (D) 
          LOPD_16bit_UNIT_MSB                              34         52         0          52    <none> (D) 
            LOPD_8bit_unit_1                               14         20         0          20    <none> (D) 
            LOPD_8bit_unit_0                               14         20         0          20    <none> (D) 
          LOPD_8bit_UNIT_LSB                               14         20         0          20    <none> (D) 
        EXP_ADJUST                                         37         75         0          75    <none> (D) 
          CLA_8BIT_UNIT                                    30         66         0          66    <none> (D) 
            CLA_4BIT_UNIT_0                                18         34         0          34    <none> (D) 
            CLA_4BIT_UNIT_1                                11         29         0          29    <none> (D) 
        EXP_SUB                                            25         48         0          48    <none> (D) 
          CLA_8BIT_UNIT                                    20         44         0          44    <none> (D) 
            CLA_4BIT_UNIT_0                                17         38         0          38    <none> (D) 
            CLA_4BIT_UNIT_1                                 2          5         0           5    <none> (D) 
        EXP_COM_8BIT                                       24         41         0          41    <none> (D) 
          COMP_LESS_UNIT                                   24         41         0          41    <none> (D) 
            u_high                                         13         25         0          25    <none> (D) 
            u_low                                          10         13         0          13    <none> (D) 
        EXP_SWAP                                           13         31         0          31    <none> (D) 
        EXP_RND                                            15         29         0          29    <none> (D) 
        MAN_ALU_PROC_RND                                    7         13         0          13    <none> (D) 
        SIGN_UNIT                                           2          3         0           3    <none> (D) 
    BFU2_UNIT3                                           4546       8667         0        8667    <none> (D) 
      DATA_A_RE                                          1137       2167         0        2167    <none> (D) 
        MAN_ALU                                           219        427         0         427    <none> (D) 
          ALU_SUB_UNIT                                    120        233         0         233    <none> (D) 
            CLA_BLOCK_GEN[0].CLA_4BIT_UNIT                 18         41         0          41    <none> (D) 
            CLA_BLOCK_GEN[2].CLA_4BIT_UNIT                 18         34         0          34    <none> (D) 
            CLA_BLOCK_GEN[1].CLA_4BIT_UNIT                 18         34         0          34    <none> (D) 
            CLA_BLOCK_GEN[4].CLA_4BIT_UNIT                 15         34         0          34    <none> (D) 
            CLA_BLOCK_GEN[5].CLA_4BIT_UNIT                 18         33         0          33    <none> (D) 
            CLA_BLOCK_GEN[3].CLA_4BIT_UNIT                 18         33         0          33    <none> (D) 
        NOR_UNIT                                          208        366         0         366    <none> (D) 
          SHF_left_unit                                   143        251         0         251    <none> (D) 
        SHF_RIGHT_MAN                                     137        241         0         241    <none> (D) 
        PSC_UNIT                                           87        162         0         162    <none> (D) 
        MAN_COMP_24BIT                                     78        144         0         144    <none> (D) 
          u_i_data_3                                       13         25         0          25    <none> (D) 
          u_i_data_4                                       13         25         0          25    <none> (D) 
          u_i_data_2                                       13         25         0          25    <none> (D) 
          u_i_data_1                                       13         25         0          25    <none> (D) 
          u_i_data_5                                       10         19         0          19    <none> (D) 
          u_i_data_0                                       10         13         0          13    <none> (D) 
        MAN_SWAP                                           52        116         0         116    <none> (D) 
        MAN_SWAP_PRE                                       46        110         0         110    <none> (D) 
        MAN_RND                                            26         91         0          91    <none> (D) 
        LOPD_24BIT                                         58         85         0          85    <none> (D) 
          LOPD_16bit_UNIT_MSB                              34         52         0          52    <none> (D) 
            LOPD_8bit_unit_1                               14         20         0          20    <none> (D) 
            LOPD_8bit_unit_0                               14         20         0          20    <none> (D) 
          LOPD_8bit_UNIT_LSB                               14         20         0          20    <none> (D) 
        EXP_ADJUST                                         37         75         0          75    <none> (D) 
          CLA_8BIT_UNIT                                    30         66         0          66    <none> (D) 
            CLA_4BIT_UNIT_0                                18         34         0          34    <none> (D) 
            CLA_4BIT_UNIT_1                                11         29         0          29    <none> (D) 
        EXP_SUB                                            25         48         0          48    <none> (D) 
          CLA_8BIT_UNIT                                    20         44         0          44    <none> (D) 
            CLA_4BIT_UNIT_0                                17         38         0          38    <none> (D) 
            CLA_4BIT_UNIT_1                                 2          5         0           5    <none> (D) 
        EXP_COM_8BIT                                       24         41         0          41    <none> (D) 
          COMP_LESS_UNIT                                   24         41         0          41    <none> (D) 
            u_high                                         13         25         0          25    <none> (D) 
            u_low                                          10         13         0          13    <none> (D) 
        EXP_SWAP                                           13         31         0          31    <none> (D) 
        EXP_RND                                            15         29         0          29    <none> (D) 
        MAN_ALU_PROC_RND                                    7         13         0          13    <none> (D) 
        SIGN_UNIT                                           1          2         0           2    <none> (D) 
      DATA_A_IM                                          1137       2167         0        2167    <none> (D) 
        MAN_ALU                                           219        427         0         427    <none> (D) 
          ALU_SUB_UNIT                                    120        233         0         233    <none> (D) 
            CLA_BLOCK_GEN[0].CLA_4BIT_UNIT                 18         41         0          41    <none> (D) 
            CLA_BLOCK_GEN[2].CLA_4BIT_UNIT                 18         34         0          34    <none> (D) 
            CLA_BLOCK_GEN[1].CLA_4BIT_UNIT                 18         34         0          34    <none> (D) 
            CLA_BLOCK_GEN[4].CLA_4BIT_UNIT                 15         34         0          34    <none> (D) 
            CLA_BLOCK_GEN[5].CLA_4BIT_UNIT                 18         33         0          33    <none> (D) 
            CLA_BLOCK_GEN[3].CLA_4BIT_UNIT                 18         33         0          33    <none> (D) 
        NOR_UNIT                                          208        366         0         366    <none> (D) 
          SHF_left_unit                                   143        251         0         251    <none> (D) 
        SHF_RIGHT_MAN                                     137        241         0         241    <none> (D) 
        PSC_UNIT                                           87        162         0         162    <none> (D) 
        MAN_COMP_24BIT                                     78        144         0         144    <none> (D) 
          u_i_data_3                                       13         25         0          25    <none> (D) 
          u_i_data_4                                       13         25         0          25    <none> (D) 
          u_i_data_2                                       13         25         0          25    <none> (D) 
          u_i_data_1                                       13         25         0          25    <none> (D) 
          u_i_data_5                                       10         19         0          19    <none> (D) 
          u_i_data_0                                       10         13         0          13    <none> (D) 
        MAN_SWAP                                           52        116         0         116    <none> (D) 
        MAN_SWAP_PRE                                       46        110         0         110    <none> (D) 
        MAN_RND                                            26         91         0          91    <none> (D) 
        LOPD_24BIT                                         58         85         0          85    <none> (D) 
          LOPD_16bit_UNIT_MSB                              34         52         0          52    <none> (D) 
            LOPD_8bit_unit_1                               14         20         0          20    <none> (D) 
            LOPD_8bit_unit_0                               14         20         0          20    <none> (D) 
          LOPD_8bit_UNIT_LSB                               14         20         0          20    <none> (D) 
        EXP_ADJUST                                         37         75         0          75    <none> (D) 
          CLA_8BIT_UNIT                                    30         66         0          66    <none> (D) 
            CLA_4BIT_UNIT_0                                18         34         0          34    <none> (D) 
            CLA_4BIT_UNIT_1                                11         29         0          29    <none> (D) 
        EXP_SUB                                            25         48         0          48    <none> (D) 
          CLA_8BIT_UNIT                                    20         44         0          44    <none> (D) 
            CLA_4BIT_UNIT_0                                17         38         0          38    <none> (D) 
            CLA_4BIT_UNIT_1                                 2          5         0           5    <none> (D) 
        EXP_COM_8BIT                                       24         41         0          41    <none> (D) 
          COMP_LESS_UNIT                                   24         41         0          41    <none> (D) 
            u_high                                         13         25         0          25    <none> (D) 
            u_low                                          10         13         0          13    <none> (D) 
        EXP_SWAP                                           13         31         0          31    <none> (D) 
        EXP_RND                                            15         29         0          29    <none> (D) 
        MAN_ALU_PROC_RND                                    7         13         0          13    <none> (D) 
        SIGN_UNIT                                           1          2         0           2    <none> (D) 
      DATA_B_RE                                          1136       2166         0        2166    <none> (D) 
        MAN_ALU                                           217        426         0         426    <none> (D) 
          ALU_SUB_UNIT                                    120        233         0         233    <none> (D) 
            CLA_BLOCK_GEN[0].CLA_4BIT_UNIT                 18         41         0          41    <none> (D) 
            CLA_BLOCK_GEN[2].CLA_4BIT_UNIT                 18         34         0          34    <none> (D) 
            CLA_BLOCK_GEN[1].CLA_4BIT_UNIT                 18         34         0          34    <none> (D) 
            CLA_BLOCK_GEN[4].CLA_4BIT_UNIT                 15         34         0          34    <none> (D) 
            CLA_BLOCK_GEN[5].CLA_4BIT_UNIT                 18         33         0          33    <none> (D) 
            CLA_BLOCK_GEN[3].CLA_4BIT_UNIT                 18         33         0          33    <none> (D) 
        NOR_UNIT                                          208        366         0         366    <none> (D) 
          SHF_left_unit                                   143        251         0         251    <none> (D) 
        SHF_RIGHT_MAN                                     138        241         0         241    <none> (D) 
        PSC_UNIT                                           88        162         0         162    <none> (D) 
        MAN_COMP_24BIT                                     78        144         0         144    <none> (D) 
          u_i_data_3                                       13         25         0          25    <none> (D) 
          u_i_data_4                                       13         25         0          25    <none> (D) 
          u_i_data_2                                       13         25         0          25    <none> (D) 
          u_i_data_1                                       13         25         0          25    <none> (D) 
          u_i_data_5                                       10         19         0          19    <none> (D) 
          u_i_data_0                                       10         13         0          13    <none> (D) 
        MAN_SWAP                                           50        114         0         114    <none> (D) 
        MAN_SWAP_PRE                                       46        110         0         110    <none> (D) 
        MAN_RND                                            26         91         0          91    <none> (D) 
        LOPD_24BIT                                         58         85         0          85    <none> (D) 
          LOPD_16bit_UNIT_MSB                              34         52         0          52    <none> (D) 
            LOPD_8bit_unit_1                               14         20         0          20    <none> (D) 
            LOPD_8bit_unit_0                               14         20         0          20    <none> (D) 
          LOPD_8bit_UNIT_LSB                               14         20         0          20    <none> (D) 
        EXP_ADJUST                                         37         75         0          75    <none> (D) 
          CLA_8BIT_UNIT                                    30         66         0          66    <none> (D) 
            CLA_4BIT_UNIT_0                                18         34         0          34    <none> (D) 
            CLA_4BIT_UNIT_1                                11         29         0          29    <none> (D) 
        EXP_SUB                                            25         48         0          48    <none> (D) 
          CLA_8BIT_UNIT                                    20         44         0          44    <none> (D) 
            CLA_4BIT_UNIT_0                                17         38         0          38    <none> (D) 
            CLA_4BIT_UNIT_1                                 2          5         0           5    <none> (D) 
        EXP_COM_8BIT                                       24         41         0          41    <none> (D) 
          COMP_LESS_UNIT                                   24         41         0          41    <none> (D) 
            u_high                                         13         25         0          25    <none> (D) 
            u_low                                          10         13         0          13    <none> (D) 
        EXP_SWAP                                           13         31         0          31    <none> (D) 
        EXP_RND                                            15         29         0          29    <none> (D) 
        MAN_ALU_PROC_RND                                    7         13         0          13    <none> (D) 
        SIGN_UNIT                                           2          3         0           3    <none> (D) 
      DATA_B_IM                                          1136       2166         0        2166    <none> (D) 
        MAN_ALU                                           217        426         0         426    <none> (D) 
          ALU_SUB_UNIT                                    120        233         0         233    <none> (D) 
            CLA_BLOCK_GEN[0].CLA_4BIT_UNIT                 18         41         0          41    <none> (D) 
            CLA_BLOCK_GEN[2].CLA_4BIT_UNIT                 18         34         0          34    <none> (D) 
            CLA_BLOCK_GEN[1].CLA_4BIT_UNIT                 18         34         0          34    <none> (D) 
            CLA_BLOCK_GEN[4].CLA_4BIT_UNIT                 15         34         0          34    <none> (D) 
            CLA_BLOCK_GEN[5].CLA_4BIT_UNIT                 18         33         0          33    <none> (D) 
            CLA_BLOCK_GEN[3].CLA_4BIT_UNIT                 18         33         0          33    <none> (D) 
        NOR_UNIT                                          208        366         0         366    <none> (D) 
          SHF_left_unit                                   143        251         0         251    <none> (D) 
        SHF_RIGHT_MAN                                     138        241         0         241    <none> (D) 
        PSC_UNIT                                           88        162         0         162    <none> (D) 
        MAN_COMP_24BIT                                     78        144         0         144    <none> (D) 
          u_i_data_3                                       13         25         0          25    <none> (D) 
          u_i_data_4                                       13         25         0          25    <none> (D) 
          u_i_data_2                                       13         25         0          25    <none> (D) 
          u_i_data_1                                       13         25         0          25    <none> (D) 
          u_i_data_5                                       10         19         0          19    <none> (D) 
          u_i_data_0                                       10         13         0          13    <none> (D) 
        MAN_SWAP                                           50        114         0         114    <none> (D) 
        MAN_SWAP_PRE                                       46        110         0         110    <none> (D) 
        MAN_RND                                            26         91         0          91    <none> (D) 
        LOPD_24BIT                                         58         85         0          85    <none> (D) 
          LOPD_16bit_UNIT_MSB                              34         52         0          52    <none> (D) 
            LOPD_8bit_unit_1                               14         20         0          20    <none> (D) 
            LOPD_8bit_unit_0                               14         20         0          20    <none> (D) 
          LOPD_8bit_UNIT_LSB                               14         20         0          20    <none> (D) 
        EXP_ADJUST                                         37         75         0          75    <none> (D) 
          CLA_8BIT_UNIT                                    30         66         0          66    <none> (D) 
            CLA_4BIT_UNIT_0                                18         34         0          34    <none> (D) 
            CLA_4BIT_UNIT_1                                11         29         0          29    <none> (D) 
        EXP_SUB                                            25         48         0          48    <none> (D) 
          CLA_8BIT_UNIT                                    20         44         0          44    <none> (D) 
            CLA_4BIT_UNIT_0                                17         38         0          38    <none> (D) 
            CLA_4BIT_UNIT_1                                 2          5         0           5    <none> (D) 
        EXP_COM_8BIT                                       24         41         0          41    <none> (D) 
          COMP_LESS_UNIT                                   24         41         0          41    <none> (D) 
            u_high                                         13         25         0          25    <none> (D) 
            u_low                                          10         13         0          13    <none> (D) 
        EXP_SWAP                                           13         31         0          31    <none> (D) 
        EXP_RND                                            15         29         0          29    <none> (D) 
        MAN_ALU_PROC_RND                                    7         13         0          13    <none> (D) 
        SIGN_UNIT                                           2          3         0           3    <none> (D) 
    BFU2_UNIT1                                           4546       8667         0        8667    <none> (D) 
      DATA_A_RE                                          1137       2167         0        2167    <none> (D) 
        MAN_ALU                                           219        427         0         427    <none> (D) 
          ALU_SUB_UNIT                                    120        233         0         233    <none> (D) 
            CLA_BLOCK_GEN[0].CLA_4BIT_UNIT                 18         41         0          41    <none> (D) 
            CLA_BLOCK_GEN[2].CLA_4BIT_UNIT                 18         34         0          34    <none> (D) 
            CLA_BLOCK_GEN[1].CLA_4BIT_UNIT                 18         34         0          34    <none> (D) 
            CLA_BLOCK_GEN[4].CLA_4BIT_UNIT                 15         34         0          34    <none> (D) 
            CLA_BLOCK_GEN[5].CLA_4BIT_UNIT                 18         33         0          33    <none> (D) 
            CLA_BLOCK_GEN[3].CLA_4BIT_UNIT                 18         33         0          33    <none> (D) 
        NOR_UNIT                                          208        366         0         366    <none> (D) 
          SHF_left_unit                                   143        251         0         251    <none> (D) 
        SHF_RIGHT_MAN                                     137        241         0         241    <none> (D) 
        PSC_UNIT                                           87        162         0         162    <none> (D) 
        MAN_COMP_24BIT                                     78        144         0         144    <none> (D) 
          u_i_data_3                                       13         25         0          25    <none> (D) 
          u_i_data_4                                       13         25         0          25    <none> (D) 
          u_i_data_2                                       13         25         0          25    <none> (D) 
          u_i_data_1                                       13         25         0          25    <none> (D) 
          u_i_data_5                                       10         19         0          19    <none> (D) 
          u_i_data_0                                       10         13         0          13    <none> (D) 
        MAN_SWAP                                           52        116         0         116    <none> (D) 
        MAN_SWAP_PRE                                       46        110         0         110    <none> (D) 
        MAN_RND                                            26         91         0          91    <none> (D) 
        LOPD_24BIT                                         58         85         0          85    <none> (D) 
          LOPD_16bit_UNIT_MSB                              34         52         0          52    <none> (D) 
            LOPD_8bit_unit_1                               14         20         0          20    <none> (D) 
            LOPD_8bit_unit_0                               14         20         0          20    <none> (D) 
          LOPD_8bit_UNIT_LSB                               14         20         0          20    <none> (D) 
        EXP_ADJUST                                         37         75         0          75    <none> (D) 
          CLA_8BIT_UNIT                                    30         66         0          66    <none> (D) 
            CLA_4BIT_UNIT_0                                18         34         0          34    <none> (D) 
            CLA_4BIT_UNIT_1                                11         29         0          29    <none> (D) 
        EXP_SUB                                            25         48         0          48    <none> (D) 
          CLA_8BIT_UNIT                                    20         44         0          44    <none> (D) 
            CLA_4BIT_UNIT_0                                17         38         0          38    <none> (D) 
            CLA_4BIT_UNIT_1                                 2          5         0           5    <none> (D) 
        EXP_COM_8BIT                                       24         41         0          41    <none> (D) 
          COMP_LESS_UNIT                                   24         41         0          41    <none> (D) 
            u_high                                         13         25         0          25    <none> (D) 
            u_low                                          10         13         0          13    <none> (D) 
        EXP_SWAP                                           13         31         0          31    <none> (D) 
        EXP_RND                                            15         29         0          29    <none> (D) 
        MAN_ALU_PROC_RND                                    7         13         0          13    <none> (D) 
        SIGN_UNIT                                           1          2         0           2    <none> (D) 
      DATA_A_IM                                          1137       2167         0        2167    <none> (D) 
        MAN_ALU                                           219        427         0         427    <none> (D) 
          ALU_SUB_UNIT                                    120        233         0         233    <none> (D) 
            CLA_BLOCK_GEN[0].CLA_4BIT_UNIT                 18         41         0          41    <none> (D) 
            CLA_BLOCK_GEN[2].CLA_4BIT_UNIT                 18         34         0          34    <none> (D) 
            CLA_BLOCK_GEN[1].CLA_4BIT_UNIT                 18         34         0          34    <none> (D) 
            CLA_BLOCK_GEN[4].CLA_4BIT_UNIT                 15         34         0          34    <none> (D) 
            CLA_BLOCK_GEN[5].CLA_4BIT_UNIT                 18         33         0          33    <none> (D) 
            CLA_BLOCK_GEN[3].CLA_4BIT_UNIT                 18         33         0          33    <none> (D) 
        NOR_UNIT                                          208        366         0         366    <none> (D) 
          SHF_left_unit                                   143        251         0         251    <none> (D) 
        SHF_RIGHT_MAN                                     137        241         0         241    <none> (D) 
        PSC_UNIT                                           87        162         0         162    <none> (D) 
        MAN_COMP_24BIT                                     78        144         0         144    <none> (D) 
          u_i_data_3                                       13         25         0          25    <none> (D) 
          u_i_data_4                                       13         25         0          25    <none> (D) 
          u_i_data_2                                       13         25         0          25    <none> (D) 
          u_i_data_1                                       13         25         0          25    <none> (D) 
          u_i_data_5                                       10         19         0          19    <none> (D) 
          u_i_data_0                                       10         13         0          13    <none> (D) 
        MAN_SWAP                                           52        116         0         116    <none> (D) 
        MAN_SWAP_PRE                                       46        110         0         110    <none> (D) 
        MAN_RND                                            26         91         0          91    <none> (D) 
        LOPD_24BIT                                         58         85         0          85    <none> (D) 
          LOPD_16bit_UNIT_MSB                              34         52         0          52    <none> (D) 
            LOPD_8bit_unit_1                               14         20         0          20    <none> (D) 
            LOPD_8bit_unit_0                               14         20         0          20    <none> (D) 
          LOPD_8bit_UNIT_LSB                               14         20         0          20    <none> (D) 
        EXP_ADJUST                                         37         75         0          75    <none> (D) 
          CLA_8BIT_UNIT                                    30         66         0          66    <none> (D) 
            CLA_4BIT_UNIT_0                                18         34         0          34    <none> (D) 
            CLA_4BIT_UNIT_1                                11         29         0          29    <none> (D) 
        EXP_SUB                                            25         48         0          48    <none> (D) 
          CLA_8BIT_UNIT                                    20         44         0          44    <none> (D) 
            CLA_4BIT_UNIT_0                                17         38         0          38    <none> (D) 
            CLA_4BIT_UNIT_1                                 2          5         0           5    <none> (D) 
        EXP_COM_8BIT                                       24         41         0          41    <none> (D) 
          COMP_LESS_UNIT                                   24         41         0          41    <none> (D) 
            u_high                                         13         25         0          25    <none> (D) 
            u_low                                          10         13         0          13    <none> (D) 
        EXP_SWAP                                           13         31         0          31    <none> (D) 
        EXP_RND                                            15         29         0          29    <none> (D) 
        MAN_ALU_PROC_RND                                    7         13         0          13    <none> (D) 
        SIGN_UNIT                                           1          2         0           2    <none> (D) 
      DATA_B_RE                                          1136       2166         0        2166    <none> (D) 
        MAN_ALU                                           217        426         0         426    <none> (D) 
          ALU_SUB_UNIT                                    120        233         0         233    <none> (D) 
            CLA_BLOCK_GEN[0].CLA_4BIT_UNIT                 18         41         0          41    <none> (D) 
            CLA_BLOCK_GEN[2].CLA_4BIT_UNIT                 18         34         0          34    <none> (D) 
            CLA_BLOCK_GEN[1].CLA_4BIT_UNIT                 18         34         0          34    <none> (D) 
            CLA_BLOCK_GEN[4].CLA_4BIT_UNIT                 15         34         0          34    <none> (D) 
            CLA_BLOCK_GEN[5].CLA_4BIT_UNIT                 18         33         0          33    <none> (D) 
            CLA_BLOCK_GEN[3].CLA_4BIT_UNIT                 18         33         0          33    <none> (D) 
        NOR_UNIT                                          208        366         0         366    <none> (D) 
          SHF_left_unit                                   143        251         0         251    <none> (D) 
        SHF_RIGHT_MAN                                     138        241         0         241    <none> (D) 
        PSC_UNIT                                           88        162         0         162    <none> (D) 
        MAN_COMP_24BIT                                     78        144         0         144    <none> (D) 
          u_i_data_3                                       13         25         0          25    <none> (D) 
          u_i_data_4                                       13         25         0          25    <none> (D) 
          u_i_data_2                                       13         25         0          25    <none> (D) 
          u_i_data_1                                       13         25         0          25    <none> (D) 
          u_i_data_5                                       10         19         0          19    <none> (D) 
          u_i_data_0                                       10         13         0          13    <none> (D) 
        MAN_SWAP                                           50        114         0         114    <none> (D) 
        MAN_SWAP_PRE                                       46        110         0         110    <none> (D) 
        MAN_RND                                            26         91         0          91    <none> (D) 
        LOPD_24BIT                                         58         85         0          85    <none> (D) 
          LOPD_16bit_UNIT_MSB                              34         52         0          52    <none> (D) 
            LOPD_8bit_unit_1                               14         20         0          20    <none> (D) 
            LOPD_8bit_unit_0                               14         20         0          20    <none> (D) 
          LOPD_8bit_UNIT_LSB                               14         20         0          20    <none> (D) 
        EXP_ADJUST                                         37         75         0          75    <none> (D) 
          CLA_8BIT_UNIT                                    30         66         0          66    <none> (D) 
            CLA_4BIT_UNIT_0                                18         34         0          34    <none> (D) 
            CLA_4BIT_UNIT_1                                11         29         0          29    <none> (D) 
        EXP_SUB                                            25         48         0          48    <none> (D) 
          CLA_8BIT_UNIT                                    20         44         0          44    <none> (D) 
            CLA_4BIT_UNIT_0                                17         38         0          38    <none> (D) 
            CLA_4BIT_UNIT_1                                 2          5         0           5    <none> (D) 
        EXP_COM_8BIT                                       24         41         0          41    <none> (D) 
          COMP_LESS_UNIT                                   24         41         0          41    <none> (D) 
            u_high                                         13         25         0          25    <none> (D) 
            u_low                                          10         13         0          13    <none> (D) 
        EXP_SWAP                                           13         31         0          31    <none> (D) 
        EXP_RND                                            15         29         0          29    <none> (D) 
        MAN_ALU_PROC_RND                                    7         13         0          13    <none> (D) 
        SIGN_UNIT                                           2          3         0           3    <none> (D) 
      DATA_B_IM                                          1136       2166         0        2166    <none> (D) 
        MAN_ALU                                           217        426         0         426    <none> (D) 
          ALU_SUB_UNIT                                    120        233         0         233    <none> (D) 
            CLA_BLOCK_GEN[0].CLA_4BIT_UNIT                 18         41         0          41    <none> (D) 
            CLA_BLOCK_GEN[2].CLA_4BIT_UNIT                 18         34         0          34    <none> (D) 
            CLA_BLOCK_GEN[1].CLA_4BIT_UNIT                 18         34         0          34    <none> (D) 
            CLA_BLOCK_GEN[4].CLA_4BIT_UNIT                 15         34         0          34    <none> (D) 
            CLA_BLOCK_GEN[5].CLA_4BIT_UNIT                 18         33         0          33    <none> (D) 
            CLA_BLOCK_GEN[3].CLA_4BIT_UNIT                 18         33         0          33    <none> (D) 
        NOR_UNIT                                          208        366         0         366    <none> (D) 
          SHF_left_unit                                   143        251         0         251    <none> (D) 
        SHF_RIGHT_MAN                                     138        241         0         241    <none> (D) 
        PSC_UNIT                                           88        162         0         162    <none> (D) 
        MAN_COMP_24BIT                                     78        144         0         144    <none> (D) 
          u_i_data_3                                       13         25         0          25    <none> (D) 
          u_i_data_4                                       13         25         0          25    <none> (D) 
          u_i_data_2                                       13         25         0          25    <none> (D) 
          u_i_data_1                                       13         25         0          25    <none> (D) 
          u_i_data_5                                       10         19         0          19    <none> (D) 
          u_i_data_0                                       10         13         0          13    <none> (D) 
        MAN_SWAP                                           50        114         0         114    <none> (D) 
        MAN_SWAP_PRE                                       46        110         0         110    <none> (D) 
        MAN_RND                                            26         91         0          91    <none> (D) 
        LOPD_24BIT                                         58         85         0          85    <none> (D) 
          LOPD_16bit_UNIT_MSB                              34         52         0          52    <none> (D) 
            LOPD_8bit_unit_1                               14         20         0          20    <none> (D) 
            LOPD_8bit_unit_0                               14         20         0          20    <none> (D) 
          LOPD_8bit_UNIT_LSB                               14         20         0          20    <none> (D) 
        EXP_ADJUST                                         37         75         0          75    <none> (D) 
          CLA_8BIT_UNIT                                    30         66         0          66    <none> (D) 
            CLA_4BIT_UNIT_0                                18         34         0          34    <none> (D) 
            CLA_4BIT_UNIT_1                                11         29         0          29    <none> (D) 
        EXP_SUB                                            25         48         0          48    <none> (D) 
          CLA_8BIT_UNIT                                    20         44         0          44    <none> (D) 
            CLA_4BIT_UNIT_0                                17         38         0          38    <none> (D) 
            CLA_4BIT_UNIT_1                                 2          5         0           5    <none> (D) 
        EXP_COM_8BIT                                       24         41         0          41    <none> (D) 
          COMP_LESS_UNIT                                   24         41         0          41    <none> (D) 
            u_high                                         13         25         0          25    <none> (D) 
            u_low                                          10         13         0          13    <none> (D) 
        EXP_SWAP                                           13         31         0          31    <none> (D) 
        EXP_RND                                            15         29         0          29    <none> (D) 
        MAN_ALU_PROC_RND                                    7         13         0          13    <none> (D) 
        SIGN_UNIT                                           2          3         0           3    <none> (D) 
  BFU4_17                                                9101      17350         0       17350    <none> (D) 
    BFU2_UNIT1                                           4550       8674         0        8674    <none> (D) 
      DATA_A_RE                                          1139       2170         0        2170    <none> (D) 
        MAN_ALU                                           219        427         0         427    <none> (D) 
          ALU_SUB_UNIT                                    120        233         0         233    <none> (D) 
            CLA_BLOCK_GEN[0].CLA_4BIT_UNIT                 18         41         0          41    <none> (D) 
            CLA_BLOCK_GEN[2].CLA_4BIT_UNIT                 18         34         0          34    <none> (D) 
            CLA_BLOCK_GEN[1].CLA_4BIT_UNIT                 18         34         0          34    <none> (D) 
            CLA_BLOCK_GEN[4].CLA_4BIT_UNIT                 15         34         0          34    <none> (D) 
            CLA_BLOCK_GEN[5].CLA_4BIT_UNIT                 18         33         0          33    <none> (D) 
            CLA_BLOCK_GEN[3].CLA_4BIT_UNIT                 18         33         0          33    <none> (D) 
        NOR_UNIT                                          208        366         0         366    <none> (D) 
          SHF_left_unit                                   143        251         0         251    <none> (D) 
        SHF_RIGHT_MAN                                     137        241         0         241    <none> (D) 
        PSC_UNIT                                           89        165         0         165    <none> (D) 
        MAN_COMP_24BIT                                     78        144         0         144    <none> (D) 
          u_i_data_3                                       13         25         0          25    <none> (D) 
          u_i_data_4                                       13         25         0          25    <none> (D) 
          u_i_data_2                                       13         25         0          25    <none> (D) 
          u_i_data_1                                       13         25         0          25    <none> (D) 
          u_i_data_5                                       10         19         0          19    <none> (D) 
          u_i_data_0                                       10         13         0          13    <none> (D) 
        MAN_SWAP                                           52        116         0         116    <none> (D) 
        MAN_SWAP_PRE                                       46        110         0         110    <none> (D) 
        MAN_RND                                            26         91         0          91    <none> (D) 
        LOPD_24BIT                                         58         85         0          85    <none> (D) 
          LOPD_16bit_UNIT_MSB                              34         52         0          52    <none> (D) 
            LOPD_8bit_unit_1                               14         20         0          20    <none> (D) 
            LOPD_8bit_unit_0                               14         20         0          20    <none> (D) 
          LOPD_8bit_UNIT_LSB                               14         20         0          20    <none> (D) 
        EXP_ADJUST                                         37         75         0          75    <none> (D) 
          CLA_8BIT_UNIT                                    30         66         0          66    <none> (D) 
            CLA_4BIT_UNIT_0                                18         34         0          34    <none> (D) 
            CLA_4BIT_UNIT_1                                11         29         0          29    <none> (D) 
        EXP_SUB                                            25         48         0          48    <none> (D) 
          CLA_8BIT_UNIT                                    20         44         0          44    <none> (D) 
            CLA_4BIT_UNIT_0                                17         38         0          38    <none> (D) 
            CLA_4BIT_UNIT_1                                 2          5         0           5    <none> (D) 
        EXP_COM_8BIT                                       24         41         0          41    <none> (D) 
          COMP_LESS_UNIT                                   24         41         0          41    <none> (D) 
            u_high                                         13         25         0          25    <none> (D) 
            u_low                                          10         13         0          13    <none> (D) 
        EXP_SWAP                                           13         31         0          31    <none> (D) 
        EXP_RND                                            15         29         0          29    <none> (D) 
        MAN_ALU_PROC_RND                                    7         13         0          13    <none> (D) 
        SIGN_UNIT                                           1          2         0           2    <none> (D) 
      DATA_A_IM                                          1139       2170         0        2170    <none> (D) 
        MAN_ALU                                           219        427         0         427    <none> (D) 
          ALU_SUB_UNIT                                    120        233         0         233    <none> (D) 
            CLA_BLOCK_GEN[0].CLA_4BIT_UNIT                 18         41         0          41    <none> (D) 
            CLA_BLOCK_GEN[2].CLA_4BIT_UNIT                 18         34         0          34    <none> (D) 
            CLA_BLOCK_GEN[1].CLA_4BIT_UNIT                 18         34         0          34    <none> (D) 
            CLA_BLOCK_GEN[4].CLA_4BIT_UNIT                 15         34         0          34    <none> (D) 
            CLA_BLOCK_GEN[5].CLA_4BIT_UNIT                 18         33         0          33    <none> (D) 
            CLA_BLOCK_GEN[3].CLA_4BIT_UNIT                 18         33         0          33    <none> (D) 
        NOR_UNIT                                          208        366         0         366    <none> (D) 
          SHF_left_unit                                   143        251         0         251    <none> (D) 
        SHF_RIGHT_MAN                                     137        241         0         241    <none> (D) 
        PSC_UNIT                                           89        165         0         165    <none> (D) 
        MAN_COMP_24BIT                                     78        144         0         144    <none> (D) 
          u_i_data_3                                       13         25         0          25    <none> (D) 
          u_i_data_4                                       13         25         0          25    <none> (D) 
          u_i_data_2                                       13         25         0          25    <none> (D) 
          u_i_data_1                                       13         25         0          25    <none> (D) 
          u_i_data_5                                       10         19         0          19    <none> (D) 
          u_i_data_0                                       10         13         0          13    <none> (D) 
        MAN_SWAP                                           52        116         0         116    <none> (D) 
        MAN_SWAP_PRE                                       46        110         0         110    <none> (D) 
        MAN_RND                                            26         91         0          91    <none> (D) 
        LOPD_24BIT                                         58         85         0          85    <none> (D) 
          LOPD_16bit_UNIT_MSB                              34         52         0          52    <none> (D) 
            LOPD_8bit_unit_1                               14         20         0          20    <none> (D) 
            LOPD_8bit_unit_0                               14         20         0          20    <none> (D) 
          LOPD_8bit_UNIT_LSB                               14         20         0          20    <none> (D) 
        EXP_ADJUST                                         37         75         0          75    <none> (D) 
          CLA_8BIT_UNIT                                    30         66         0          66    <none> (D) 
            CLA_4BIT_UNIT_0                                18         34         0          34    <none> (D) 
            CLA_4BIT_UNIT_1                                11         29         0          29    <none> (D) 
        EXP_SUB                                            25         48         0          48    <none> (D) 
          CLA_8BIT_UNIT                                    20         44         0          44    <none> (D) 
            CLA_4BIT_UNIT_0                                17         38         0          38    <none> (D) 
            CLA_4BIT_UNIT_1                                 2          5         0           5    <none> (D) 
        EXP_COM_8BIT                                       24         41         0          41    <none> (D) 
          COMP_LESS_UNIT                                   24         41         0          41    <none> (D) 
            u_high                                         13         25         0          25    <none> (D) 
            u_low                                          10         13         0          13    <none> (D) 
        EXP_SWAP                                           13         31         0          31    <none> (D) 
        EXP_RND                                            15         29         0          29    <none> (D) 
        MAN_ALU_PROC_RND                                    7         13         0          13    <none> (D) 
        SIGN_UNIT                                           1          2         0           2    <none> (D) 
      DATA_B_RE                                          1136       2167         0        2167    <none> (D) 
        MAN_ALU                                           217        426         0         426    <none> (D) 
          ALU_SUB_UNIT                                    120        233         0         233    <none> (D) 
            CLA_BLOCK_GEN[0].CLA_4BIT_UNIT                 18         41         0          41    <none> (D) 
            CLA_BLOCK_GEN[2].CLA_4BIT_UNIT                 18         34         0          34    <none> (D) 
            CLA_BLOCK_GEN[1].CLA_4BIT_UNIT                 18         34         0          34    <none> (D) 
            CLA_BLOCK_GEN[4].CLA_4BIT_UNIT                 15         34         0          34    <none> (D) 
            CLA_BLOCK_GEN[5].CLA_4BIT_UNIT                 18         33         0          33    <none> (D) 
            CLA_BLOCK_GEN[3].CLA_4BIT_UNIT                 18         33         0          33    <none> (D) 
        NOR_UNIT                                          208        366         0         366    <none> (D) 
          SHF_left_unit                                   143        251         0         251    <none> (D) 
        SHF_RIGHT_MAN                                     138        241         0         241    <none> (D) 
        PSC_UNIT                                           88        163         0         163    <none> (D) 
        MAN_COMP_24BIT                                     78        144         0         144    <none> (D) 
          u_i_data_3                                       13         25         0          25    <none> (D) 
          u_i_data_4                                       13         25         0          25    <none> (D) 
          u_i_data_2                                       13         25         0          25    <none> (D) 
          u_i_data_1                                       13         25         0          25    <none> (D) 
          u_i_data_5                                       10         19         0          19    <none> (D) 
          u_i_data_0                                       10         13         0          13    <none> (D) 
        MAN_SWAP                                           50        114         0         114    <none> (D) 
        MAN_SWAP_PRE                                       46        110         0         110    <none> (D) 
        MAN_RND                                            26         91         0          91    <none> (D) 
        LOPD_24BIT                                         58         85         0          85    <none> (D) 
          LOPD_16bit_UNIT_MSB                              34         52         0          52    <none> (D) 
            LOPD_8bit_unit_1                               14         20         0          20    <none> (D) 
            LOPD_8bit_unit_0                               14         20         0          20    <none> (D) 
          LOPD_8bit_UNIT_LSB                               14         20         0          20    <none> (D) 
        EXP_ADJUST                                         37         75         0          75    <none> (D) 
          CLA_8BIT_UNIT                                    30         66         0          66    <none> (D) 
            CLA_4BIT_UNIT_0                                18         34         0          34    <none> (D) 
            CLA_4BIT_UNIT_1                                11         29         0          29    <none> (D) 
        EXP_SUB                                            25         48         0          48    <none> (D) 
          CLA_8BIT_UNIT                                    20         44         0          44    <none> (D) 
            CLA_4BIT_UNIT_0                                17         38         0          38    <none> (D) 
            CLA_4BIT_UNIT_1                                 2          5         0           5    <none> (D) 
        EXP_COM_8BIT                                       24         41         0          41    <none> (D) 
          COMP_LESS_UNIT                                   24         41         0          41    <none> (D) 
            u_high                                         13         25         0          25    <none> (D) 
            u_low                                          10         13         0          13    <none> (D) 
        EXP_SWAP                                           13         31         0          31    <none> (D) 
        EXP_RND                                            15         29         0          29    <none> (D) 
        MAN_ALU_PROC_RND                                    7         13         0          13    <none> (D) 
        SIGN_UNIT                                           2          3         0           3    <none> (D) 
      DATA_B_IM                                          1136       2167         0        2167    <none> (D) 
        MAN_ALU                                           217        426         0         426    <none> (D) 
          ALU_SUB_UNIT                                    120        233         0         233    <none> (D) 
            CLA_BLOCK_GEN[0].CLA_4BIT_UNIT                 18         41         0          41    <none> (D) 
            CLA_BLOCK_GEN[2].CLA_4BIT_UNIT                 18         34         0          34    <none> (D) 
            CLA_BLOCK_GEN[1].CLA_4BIT_UNIT                 18         34         0          34    <none> (D) 
            CLA_BLOCK_GEN[4].CLA_4BIT_UNIT                 15         34         0          34    <none> (D) 
            CLA_BLOCK_GEN[5].CLA_4BIT_UNIT                 18         33         0          33    <none> (D) 
            CLA_BLOCK_GEN[3].CLA_4BIT_UNIT                 18         33         0          33    <none> (D) 
        NOR_UNIT                                          208        366         0         366    <none> (D) 
          SHF_left_unit                                   143        251         0         251    <none> (D) 
        SHF_RIGHT_MAN                                     138        241         0         241    <none> (D) 
        PSC_UNIT                                           88        163         0         163    <none> (D) 
        MAN_COMP_24BIT                                     78        144         0         144    <none> (D) 
          u_i_data_3                                       13         25         0          25    <none> (D) 
          u_i_data_4                                       13         25         0          25    <none> (D) 
          u_i_data_2                                       13         25         0          25    <none> (D) 
          u_i_data_1                                       13         25         0          25    <none> (D) 
          u_i_data_5                                       10         19         0          19    <none> (D) 
          u_i_data_0                                       10         13         0          13    <none> (D) 
        MAN_SWAP                                           50        114         0         114    <none> (D) 
        MAN_SWAP_PRE                                       46        110         0         110    <none> (D) 
        MAN_RND                                            26         91         0          91    <none> (D) 
        LOPD_24BIT                                         58         85         0          85    <none> (D) 
          LOPD_16bit_UNIT_MSB                              34         52         0          52    <none> (D) 
            LOPD_8bit_unit_1                               14         20         0          20    <none> (D) 
            LOPD_8bit_unit_0                               14         20         0          20    <none> (D) 
          LOPD_8bit_UNIT_LSB                               14         20         0          20    <none> (D) 
        EXP_ADJUST                                         37         75         0          75    <none> (D) 
          CLA_8BIT_UNIT                                    30         66         0          66    <none> (D) 
            CLA_4BIT_UNIT_0                                18         34         0          34    <none> (D) 
            CLA_4BIT_UNIT_1                                11         29         0          29    <none> (D) 
        EXP_SUB                                            25         48         0          48    <none> (D) 
          CLA_8BIT_UNIT                                    20         44         0          44    <none> (D) 
            CLA_4BIT_UNIT_0                                17         38         0          38    <none> (D) 
            CLA_4BIT_UNIT_1                                 2          5         0           5    <none> (D) 
        EXP_COM_8BIT                                       24         41         0          41    <none> (D) 
          COMP_LESS_UNIT                                   24         41         0          41    <none> (D) 
            u_high                                         13         25         0          25    <none> (D) 
            u_low                                          10         13         0          13    <none> (D) 
        EXP_SWAP                                           13         31         0          31    <none> (D) 
        EXP_RND                                            15         29         0          29    <none> (D) 
        MAN_ALU_PROC_RND                                    7         13         0          13    <none> (D) 
        SIGN_UNIT                                           2          3         0           3    <none> (D) 
    BFU2_UNIT0                                           4550       8674         0        8674    <none> (D) 
      DATA_A_RE                                          1139       2170         0        2170    <none> (D) 
        MAN_ALU                                           219        427         0         427    <none> (D) 
          ALU_SUB_UNIT                                    120        233         0         233    <none> (D) 
            CLA_BLOCK_GEN[0].CLA_4BIT_UNIT                 18         41         0          41    <none> (D) 
            CLA_BLOCK_GEN[2].CLA_4BIT_UNIT                 18         34         0          34    <none> (D) 
            CLA_BLOCK_GEN[1].CLA_4BIT_UNIT                 18         34         0          34    <none> (D) 
            CLA_BLOCK_GEN[4].CLA_4BIT_UNIT                 15         34         0          34    <none> (D) 
            CLA_BLOCK_GEN[5].CLA_4BIT_UNIT                 18         33         0          33    <none> (D) 
            CLA_BLOCK_GEN[3].CLA_4BIT_UNIT                 18         33         0          33    <none> (D) 
        NOR_UNIT                                          208        366         0         366    <none> (D) 
          SHF_left_unit                                   143        251         0         251    <none> (D) 
        SHF_RIGHT_MAN                                     137        241         0         241    <none> (D) 
        PSC_UNIT                                           89        165         0         165    <none> (D) 
        MAN_COMP_24BIT                                     78        144         0         144    <none> (D) 
          u_i_data_3                                       13         25         0          25    <none> (D) 
          u_i_data_4                                       13         25         0          25    <none> (D) 
          u_i_data_2                                       13         25         0          25    <none> (D) 
          u_i_data_1                                       13         25         0          25    <none> (D) 
          u_i_data_5                                       10         19         0          19    <none> (D) 
          u_i_data_0                                       10         13         0          13    <none> (D) 
        MAN_SWAP                                           52        116         0         116    <none> (D) 
        MAN_SWAP_PRE                                       46        110         0         110    <none> (D) 
        MAN_RND                                            26         91         0          91    <none> (D) 
        LOPD_24BIT                                         58         85         0          85    <none> (D) 
          LOPD_16bit_UNIT_MSB                              34         52         0          52    <none> (D) 
            LOPD_8bit_unit_1                               14         20         0          20    <none> (D) 
            LOPD_8bit_unit_0                               14         20         0          20    <none> (D) 
          LOPD_8bit_UNIT_LSB                               14         20         0          20    <none> (D) 
        EXP_ADJUST                                         37         75         0          75    <none> (D) 
          CLA_8BIT_UNIT                                    30         66         0          66    <none> (D) 
            CLA_4BIT_UNIT_0                                18         34         0          34    <none> (D) 
            CLA_4BIT_UNIT_1                                11         29         0          29    <none> (D) 
        EXP_SUB                                            25         48         0          48    <none> (D) 
          CLA_8BIT_UNIT                                    20         44         0          44    <none> (D) 
            CLA_4BIT_UNIT_0                                17         38         0          38    <none> (D) 
            CLA_4BIT_UNIT_1                                 2          5         0           5    <none> (D) 
        EXP_COM_8BIT                                       24         41         0          41    <none> (D) 
          COMP_LESS_UNIT                                   24         41         0          41    <none> (D) 
            u_high                                         13         25         0          25    <none> (D) 
            u_low                                          10         13         0          13    <none> (D) 
        EXP_SWAP                                           13         31         0          31    <none> (D) 
        EXP_RND                                            15         29         0          29    <none> (D) 
        MAN_ALU_PROC_RND                                    7         13         0          13    <none> (D) 
        SIGN_UNIT                                           1          2         0           2    <none> (D) 
      DATA_A_IM                                          1139       2170         0        2170    <none> (D) 
        MAN_ALU                                           219        427         0         427    <none> (D) 
          ALU_SUB_UNIT                                    120        233         0         233    <none> (D) 
            CLA_BLOCK_GEN[0].CLA_4BIT_UNIT                 18         41         0          41    <none> (D) 
            CLA_BLOCK_GEN[2].CLA_4BIT_UNIT                 18         34         0          34    <none> (D) 
            CLA_BLOCK_GEN[1].CLA_4BIT_UNIT                 18         34         0          34    <none> (D) 
            CLA_BLOCK_GEN[4].CLA_4BIT_UNIT                 15         34         0          34    <none> (D) 
            CLA_BLOCK_GEN[5].CLA_4BIT_UNIT                 18         33         0          33    <none> (D) 
            CLA_BLOCK_GEN[3].CLA_4BIT_UNIT                 18         33         0          33    <none> (D) 
        NOR_UNIT                                          208        366         0         366    <none> (D) 
          SHF_left_unit                                   143        251         0         251    <none> (D) 
        SHF_RIGHT_MAN                                     137        241         0         241    <none> (D) 
        PSC_UNIT                                           89        165         0         165    <none> (D) 
        MAN_COMP_24BIT                                     78        144         0         144    <none> (D) 
          u_i_data_3                                       13         25         0          25    <none> (D) 
          u_i_data_4                                       13         25         0          25    <none> (D) 
          u_i_data_2                                       13         25         0          25    <none> (D) 
          u_i_data_1                                       13         25         0          25    <none> (D) 
          u_i_data_5                                       10         19         0          19    <none> (D) 
          u_i_data_0                                       10         13         0          13    <none> (D) 
        MAN_SWAP                                           52        116         0         116    <none> (D) 
        MAN_SWAP_PRE                                       46        110         0         110    <none> (D) 
        MAN_RND                                            26         91         0          91    <none> (D) 
        LOPD_24BIT                                         58         85         0          85    <none> (D) 
          LOPD_16bit_UNIT_MSB                              34         52         0          52    <none> (D) 
            LOPD_8bit_unit_1                               14         20         0          20    <none> (D) 
            LOPD_8bit_unit_0                               14         20         0          20    <none> (D) 
          LOPD_8bit_UNIT_LSB                               14         20         0          20    <none> (D) 
        EXP_ADJUST                                         37         75         0          75    <none> (D) 
          CLA_8BIT_UNIT                                    30         66         0          66    <none> (D) 
            CLA_4BIT_UNIT_0                                18         34         0          34    <none> (D) 
            CLA_4BIT_UNIT_1                                11         29         0          29    <none> (D) 
        EXP_SUB                                            25         48         0          48    <none> (D) 
          CLA_8BIT_UNIT                                    20         44         0          44    <none> (D) 
            CLA_4BIT_UNIT_0                                17         38         0          38    <none> (D) 
            CLA_4BIT_UNIT_1                                 2          5         0           5    <none> (D) 
        EXP_COM_8BIT                                       24         41         0          41    <none> (D) 
          COMP_LESS_UNIT                                   24         41         0          41    <none> (D) 
            u_high                                         13         25         0          25    <none> (D) 
            u_low                                          10         13         0          13    <none> (D) 
        EXP_SWAP                                           13         31         0          31    <none> (D) 
        EXP_RND                                            15         29         0          29    <none> (D) 
        MAN_ALU_PROC_RND                                    7         13         0          13    <none> (D) 
        SIGN_UNIT                                           1          2         0           2    <none> (D) 
      DATA_B_RE                                          1136       2167         0        2167    <none> (D) 
        MAN_ALU                                           217        426         0         426    <none> (D) 
          ALU_SUB_UNIT                                    120        233         0         233    <none> (D) 
            CLA_BLOCK_GEN[0].CLA_4BIT_UNIT                 18         41         0          41    <none> (D) 
            CLA_BLOCK_GEN[2].CLA_4BIT_UNIT                 18         34         0          34    <none> (D) 
            CLA_BLOCK_GEN[1].CLA_4BIT_UNIT                 18         34         0          34    <none> (D) 
            CLA_BLOCK_GEN[4].CLA_4BIT_UNIT                 15         34         0          34    <none> (D) 
            CLA_BLOCK_GEN[5].CLA_4BIT_UNIT                 18         33         0          33    <none> (D) 
            CLA_BLOCK_GEN[3].CLA_4BIT_UNIT                 18         33         0          33    <none> (D) 
        NOR_UNIT                                          208        366         0         366    <none> (D) 
          SHF_left_unit                                   143        251         0         251    <none> (D) 
        SHF_RIGHT_MAN                                     138        241         0         241    <none> (D) 
        PSC_UNIT                                           88        163         0         163    <none> (D) 
        MAN_COMP_24BIT                                     78        144         0         144    <none> (D) 
          u_i_data_3                                       13         25         0          25    <none> (D) 
          u_i_data_4                                       13         25         0          25    <none> (D) 
          u_i_data_2                                       13         25         0          25    <none> (D) 
          u_i_data_1                                       13         25         0          25    <none> (D) 
          u_i_data_5                                       10         19         0          19    <none> (D) 
          u_i_data_0                                       10         13         0          13    <none> (D) 
        MAN_SWAP                                           50        114         0         114    <none> (D) 
        MAN_SWAP_PRE                                       46        110         0         110    <none> (D) 
        MAN_RND                                            26         91         0          91    <none> (D) 
        LOPD_24BIT                                         58         85         0          85    <none> (D) 
          LOPD_16bit_UNIT_MSB                              34         52         0          52    <none> (D) 
            LOPD_8bit_unit_1                               14         20         0          20    <none> (D) 
            LOPD_8bit_unit_0                               14         20         0          20    <none> (D) 
          LOPD_8bit_UNIT_LSB                               14         20         0          20    <none> (D) 
        EXP_ADJUST                                         37         75         0          75    <none> (D) 
          CLA_8BIT_UNIT                                    30         66         0          66    <none> (D) 
            CLA_4BIT_UNIT_0                                18         34         0          34    <none> (D) 
            CLA_4BIT_UNIT_1                                11         29         0          29    <none> (D) 
        EXP_SUB                                            25         48         0          48    <none> (D) 
          CLA_8BIT_UNIT                                    20         44         0          44    <none> (D) 
            CLA_4BIT_UNIT_0                                17         38         0          38    <none> (D) 
            CLA_4BIT_UNIT_1                                 2          5         0           5    <none> (D) 
        EXP_COM_8BIT                                       24         41         0          41    <none> (D) 
          COMP_LESS_UNIT                                   24         41         0          41    <none> (D) 
            u_high                                         13         25         0          25    <none> (D) 
            u_low                                          10         13         0          13    <none> (D) 
        EXP_SWAP                                           13         31         0          31    <none> (D) 
        EXP_RND                                            15         29         0          29    <none> (D) 
        MAN_ALU_PROC_RND                                    7         13         0          13    <none> (D) 
        SIGN_UNIT                                           2          3         0           3    <none> (D) 
      DATA_B_IM                                          1136       2167         0        2167    <none> (D) 
        MAN_ALU                                           217        426         0         426    <none> (D) 
          ALU_SUB_UNIT                                    120        233         0         233    <none> (D) 
            CLA_BLOCK_GEN[0].CLA_4BIT_UNIT                 18         41         0          41    <none> (D) 
            CLA_BLOCK_GEN[2].CLA_4BIT_UNIT                 18         34         0          34    <none> (D) 
            CLA_BLOCK_GEN[1].CLA_4BIT_UNIT                 18         34         0          34    <none> (D) 
            CLA_BLOCK_GEN[4].CLA_4BIT_UNIT                 15         34         0          34    <none> (D) 
            CLA_BLOCK_GEN[5].CLA_4BIT_UNIT                 18         33         0          33    <none> (D) 
            CLA_BLOCK_GEN[3].CLA_4BIT_UNIT                 18         33         0          33    <none> (D) 
        NOR_UNIT                                          208        366         0         366    <none> (D) 
          SHF_left_unit                                   143        251         0         251    <none> (D) 
        SHF_RIGHT_MAN                                     138        241         0         241    <none> (D) 
        PSC_UNIT                                           88        163         0         163    <none> (D) 
        MAN_COMP_24BIT                                     78        144         0         144    <none> (D) 
          u_i_data_3                                       13         25         0          25    <none> (D) 
          u_i_data_4                                       13         25         0          25    <none> (D) 
          u_i_data_2                                       13         25         0          25    <none> (D) 
          u_i_data_1                                       13         25         0          25    <none> (D) 
          u_i_data_5                                       10         19         0          19    <none> (D) 
          u_i_data_0                                       10         13         0          13    <none> (D) 
        MAN_SWAP                                           50        114         0         114    <none> (D) 
        MAN_SWAP_PRE                                       46        110         0         110    <none> (D) 
        MAN_RND                                            26         91         0          91    <none> (D) 
        LOPD_24BIT                                         58         85         0          85    <none> (D) 
          LOPD_16bit_UNIT_MSB                              34         52         0          52    <none> (D) 
            LOPD_8bit_unit_1                               14         20         0          20    <none> (D) 
            LOPD_8bit_unit_0                               14         20         0          20    <none> (D) 
          LOPD_8bit_UNIT_LSB                               14         20         0          20    <none> (D) 
        EXP_ADJUST                                         37         75         0          75    <none> (D) 
          CLA_8BIT_UNIT                                    30         66         0          66    <none> (D) 
            CLA_4BIT_UNIT_0                                18         34         0          34    <none> (D) 
            CLA_4BIT_UNIT_1                                11         29         0          29    <none> (D) 
        EXP_SUB                                            25         48         0          48    <none> (D) 
          CLA_8BIT_UNIT                                    20         44         0          44    <none> (D) 
            CLA_4BIT_UNIT_0                                17         38         0          38    <none> (D) 
            CLA_4BIT_UNIT_1                                 2          5         0           5    <none> (D) 
        EXP_COM_8BIT                                       24         41         0          41    <none> (D) 
          COMP_LESS_UNIT                                   24         41         0          41    <none> (D) 
            u_high                                         13         25         0          25    <none> (D) 
            u_low                                          10         13         0          13    <none> (D) 
        EXP_SWAP                                           13         31         0          31    <none> (D) 
        EXP_RND                                            15         29         0          29    <none> (D) 
        MAN_ALU_PROC_RND                                    7         13         0          13    <none> (D) 
        SIGN_UNIT                                           2          3         0           3    <none> (D) 
  BFU4_06                                                9101      17350         0       17350    <none> (D) 
    BFU2_UNIT1                                           4550       8674         0        8674    <none> (D) 
      DATA_A_RE                                          1139       2170         0        2170    <none> (D) 
        MAN_ALU                                           219        427         0         427    <none> (D) 
          ALU_SUB_UNIT                                    120        233         0         233    <none> (D) 
            CLA_BLOCK_GEN[0].CLA_4BIT_UNIT                 18         41         0          41    <none> (D) 
            CLA_BLOCK_GEN[2].CLA_4BIT_UNIT                 18         34         0          34    <none> (D) 
            CLA_BLOCK_GEN[1].CLA_4BIT_UNIT                 18         34         0          34    <none> (D) 
            CLA_BLOCK_GEN[4].CLA_4BIT_UNIT                 15         34         0          34    <none> (D) 
            CLA_BLOCK_GEN[5].CLA_4BIT_UNIT                 18         33         0          33    <none> (D) 
            CLA_BLOCK_GEN[3].CLA_4BIT_UNIT                 18         33         0          33    <none> (D) 
        NOR_UNIT                                          208        366         0         366    <none> (D) 
          SHF_left_unit                                   143        251         0         251    <none> (D) 
        SHF_RIGHT_MAN                                     137        241         0         241    <none> (D) 
        PSC_UNIT                                           89        165         0         165    <none> (D) 
        MAN_COMP_24BIT                                     78        144         0         144    <none> (D) 
          u_i_data_3                                       13         25         0          25    <none> (D) 
          u_i_data_4                                       13         25         0          25    <none> (D) 
          u_i_data_2                                       13         25         0          25    <none> (D) 
          u_i_data_1                                       13         25         0          25    <none> (D) 
          u_i_data_5                                       10         19         0          19    <none> (D) 
          u_i_data_0                                       10         13         0          13    <none> (D) 
        MAN_SWAP                                           52        116         0         116    <none> (D) 
        MAN_SWAP_PRE                                       46        110         0         110    <none> (D) 
        MAN_RND                                            26         91         0          91    <none> (D) 
        LOPD_24BIT                                         58         85         0          85    <none> (D) 
          LOPD_16bit_UNIT_MSB                              34         52         0          52    <none> (D) 
            LOPD_8bit_unit_1                               14         20         0          20    <none> (D) 
            LOPD_8bit_unit_0                               14         20         0          20    <none> (D) 
          LOPD_8bit_UNIT_LSB                               14         20         0          20    <none> (D) 
        EXP_ADJUST                                         37         75         0          75    <none> (D) 
          CLA_8BIT_UNIT                                    30         66         0          66    <none> (D) 
            CLA_4BIT_UNIT_0                                18         34         0          34    <none> (D) 
            CLA_4BIT_UNIT_1                                11         29         0          29    <none> (D) 
        EXP_SUB                                            25         48         0          48    <none> (D) 
          CLA_8BIT_UNIT                                    20         44         0          44    <none> (D) 
            CLA_4BIT_UNIT_0                                17         38         0          38    <none> (D) 
            CLA_4BIT_UNIT_1                                 2          5         0           5    <none> (D) 
        EXP_COM_8BIT                                       24         41         0          41    <none> (D) 
          COMP_LESS_UNIT                                   24         41         0          41    <none> (D) 
            u_high                                         13         25         0          25    <none> (D) 
            u_low                                          10         13         0          13    <none> (D) 
        EXP_SWAP                                           13         31         0          31    <none> (D) 
        EXP_RND                                            15         29         0          29    <none> (D) 
        MAN_ALU_PROC_RND                                    7         13         0          13    <none> (D) 
        SIGN_UNIT                                           1          2         0           2    <none> (D) 
      DATA_A_IM                                          1139       2170         0        2170    <none> (D) 
        MAN_ALU                                           219        427         0         427    <none> (D) 
          ALU_SUB_UNIT                                    120        233         0         233    <none> (D) 
            CLA_BLOCK_GEN[0].CLA_4BIT_UNIT                 18         41         0          41    <none> (D) 
            CLA_BLOCK_GEN[2].CLA_4BIT_UNIT                 18         34         0          34    <none> (D) 
            CLA_BLOCK_GEN[1].CLA_4BIT_UNIT                 18         34         0          34    <none> (D) 
            CLA_BLOCK_GEN[4].CLA_4BIT_UNIT                 15         34         0          34    <none> (D) 
            CLA_BLOCK_GEN[5].CLA_4BIT_UNIT                 18         33         0          33    <none> (D) 
            CLA_BLOCK_GEN[3].CLA_4BIT_UNIT                 18         33         0          33    <none> (D) 
        NOR_UNIT                                          208        366         0         366    <none> (D) 
          SHF_left_unit                                   143        251         0         251    <none> (D) 
        SHF_RIGHT_MAN                                     137        241         0         241    <none> (D) 
        PSC_UNIT                                           89        165         0         165    <none> (D) 
        MAN_COMP_24BIT                                     78        144         0         144    <none> (D) 
          u_i_data_3                                       13         25         0          25    <none> (D) 
          u_i_data_4                                       13         25         0          25    <none> (D) 
          u_i_data_2                                       13         25         0          25    <none> (D) 
          u_i_data_1                                       13         25         0          25    <none> (D) 
          u_i_data_5                                       10         19         0          19    <none> (D) 
          u_i_data_0                                       10         13         0          13    <none> (D) 
        MAN_SWAP                                           52        116         0         116    <none> (D) 
        MAN_SWAP_PRE                                       46        110         0         110    <none> (D) 
        MAN_RND                                            26         91         0          91    <none> (D) 
        LOPD_24BIT                                         58         85         0          85    <none> (D) 
          LOPD_16bit_UNIT_MSB                              34         52         0          52    <none> (D) 
            LOPD_8bit_unit_1                               14         20         0          20    <none> (D) 
            LOPD_8bit_unit_0                               14         20         0          20    <none> (D) 
          LOPD_8bit_UNIT_LSB                               14         20         0          20    <none> (D) 
        EXP_ADJUST                                         37         75         0          75    <none> (D) 
          CLA_8BIT_UNIT                                    30         66         0          66    <none> (D) 
            CLA_4BIT_UNIT_0                                18         34         0          34    <none> (D) 
            CLA_4BIT_UNIT_1                                11         29         0          29    <none> (D) 
        EXP_SUB                                            25         48         0          48    <none> (D) 
          CLA_8BIT_UNIT                                    20         44         0          44    <none> (D) 
            CLA_4BIT_UNIT_0                                17         38         0          38    <none> (D) 
            CLA_4BIT_UNIT_1                                 2          5         0           5    <none> (D) 
        EXP_COM_8BIT                                       24         41         0          41    <none> (D) 
          COMP_LESS_UNIT                                   24         41         0          41    <none> (D) 
            u_high                                         13         25         0          25    <none> (D) 
            u_low                                          10         13         0          13    <none> (D) 
        EXP_SWAP                                           13         31         0          31    <none> (D) 
        EXP_RND                                            15         29         0          29    <none> (D) 
        MAN_ALU_PROC_RND                                    7         13         0          13    <none> (D) 
        SIGN_UNIT                                           1          2         0           2    <none> (D) 
      DATA_B_RE                                          1136       2167         0        2167    <none> (D) 
        MAN_ALU                                           217        426         0         426    <none> (D) 
          ALU_SUB_UNIT                                    120        233         0         233    <none> (D) 
            CLA_BLOCK_GEN[0].CLA_4BIT_UNIT                 18         41         0          41    <none> (D) 
            CLA_BLOCK_GEN[2].CLA_4BIT_UNIT                 18         34         0          34    <none> (D) 
            CLA_BLOCK_GEN[1].CLA_4BIT_UNIT                 18         34         0          34    <none> (D) 
            CLA_BLOCK_GEN[4].CLA_4BIT_UNIT                 15         34         0          34    <none> (D) 
            CLA_BLOCK_GEN[5].CLA_4BIT_UNIT                 18         33         0          33    <none> (D) 
            CLA_BLOCK_GEN[3].CLA_4BIT_UNIT                 18         33         0          33    <none> (D) 
        NOR_UNIT                                          208        366         0         366    <none> (D) 
          SHF_left_unit                                   143        251         0         251    <none> (D) 
        SHF_RIGHT_MAN                                     138        241         0         241    <none> (D) 
        PSC_UNIT                                           88        163         0         163    <none> (D) 
        MAN_COMP_24BIT                                     78        144         0         144    <none> (D) 
          u_i_data_3                                       13         25         0          25    <none> (D) 
          u_i_data_4                                       13         25         0          25    <none> (D) 
          u_i_data_2                                       13         25         0          25    <none> (D) 
          u_i_data_1                                       13         25         0          25    <none> (D) 
          u_i_data_5                                       10         19         0          19    <none> (D) 
          u_i_data_0                                       10         13         0          13    <none> (D) 
        MAN_SWAP                                           50        114         0         114    <none> (D) 
        MAN_SWAP_PRE                                       46        110         0         110    <none> (D) 
        MAN_RND                                            26         91         0          91    <none> (D) 
        LOPD_24BIT                                         58         85         0          85    <none> (D) 
          LOPD_16bit_UNIT_MSB                              34         52         0          52    <none> (D) 
            LOPD_8bit_unit_1                               14         20         0          20    <none> (D) 
            LOPD_8bit_unit_0                               14         20         0          20    <none> (D) 
          LOPD_8bit_UNIT_LSB                               14         20         0          20    <none> (D) 
        EXP_ADJUST                                         37         75         0          75    <none> (D) 
          CLA_8BIT_UNIT                                    30         66         0          66    <none> (D) 
            CLA_4BIT_UNIT_0                                18         34         0          34    <none> (D) 
            CLA_4BIT_UNIT_1                                11         29         0          29    <none> (D) 
        EXP_SUB                                            25         48         0          48    <none> (D) 
          CLA_8BIT_UNIT                                    20         44         0          44    <none> (D) 
            CLA_4BIT_UNIT_0                                17         38         0          38    <none> (D) 
            CLA_4BIT_UNIT_1                                 2          5         0           5    <none> (D) 
        EXP_COM_8BIT                                       24         41         0          41    <none> (D) 
          COMP_LESS_UNIT                                   24         41         0          41    <none> (D) 
            u_high                                         13         25         0          25    <none> (D) 
            u_low                                          10         13         0          13    <none> (D) 
        EXP_SWAP                                           13         31         0          31    <none> (D) 
        EXP_RND                                            15         29         0          29    <none> (D) 
        MAN_ALU_PROC_RND                                    7         13         0          13    <none> (D) 
        SIGN_UNIT                                           2          3         0           3    <none> (D) 
      DATA_B_IM                                          1136       2167         0        2167    <none> (D) 
        MAN_ALU                                           217        426         0         426    <none> (D) 
          ALU_SUB_UNIT                                    120        233         0         233    <none> (D) 
            CLA_BLOCK_GEN[0].CLA_4BIT_UNIT                 18         41         0          41    <none> (D) 
            CLA_BLOCK_GEN[2].CLA_4BIT_UNIT                 18         34         0          34    <none> (D) 
            CLA_BLOCK_GEN[1].CLA_4BIT_UNIT                 18         34         0          34    <none> (D) 
            CLA_BLOCK_GEN[4].CLA_4BIT_UNIT                 15         34         0          34    <none> (D) 
            CLA_BLOCK_GEN[5].CLA_4BIT_UNIT                 18         33         0          33    <none> (D) 
            CLA_BLOCK_GEN[3].CLA_4BIT_UNIT                 18         33         0          33    <none> (D) 
        NOR_UNIT                                          208        366         0         366    <none> (D) 
          SHF_left_unit                                   143        251         0         251    <none> (D) 
        SHF_RIGHT_MAN                                     138        241         0         241    <none> (D) 
        PSC_UNIT                                           88        163         0         163    <none> (D) 
        MAN_COMP_24BIT                                     78        144         0         144    <none> (D) 
          u_i_data_3                                       13         25         0          25    <none> (D) 
          u_i_data_4                                       13         25         0          25    <none> (D) 
          u_i_data_2                                       13         25         0          25    <none> (D) 
          u_i_data_1                                       13         25         0          25    <none> (D) 
          u_i_data_5                                       10         19         0          19    <none> (D) 
          u_i_data_0                                       10         13         0          13    <none> (D) 
        MAN_SWAP                                           50        114         0         114    <none> (D) 
        MAN_SWAP_PRE                                       46        110         0         110    <none> (D) 
        MAN_RND                                            26         91         0          91    <none> (D) 
        LOPD_24BIT                                         58         85         0          85    <none> (D) 
          LOPD_16bit_UNIT_MSB                              34         52         0          52    <none> (D) 
            LOPD_8bit_unit_1                               14         20         0          20    <none> (D) 
            LOPD_8bit_unit_0                               14         20         0          20    <none> (D) 
          LOPD_8bit_UNIT_LSB                               14         20         0          20    <none> (D) 
        EXP_ADJUST                                         37         75         0          75    <none> (D) 
          CLA_8BIT_UNIT                                    30         66         0          66    <none> (D) 
            CLA_4BIT_UNIT_0                                18         34         0          34    <none> (D) 
            CLA_4BIT_UNIT_1                                11         29         0          29    <none> (D) 
        EXP_SUB                                            25         48         0          48    <none> (D) 
          CLA_8BIT_UNIT                                    20         44         0          44    <none> (D) 
            CLA_4BIT_UNIT_0                                17         38         0          38    <none> (D) 
            CLA_4BIT_UNIT_1                                 2          5         0           5    <none> (D) 
        EXP_COM_8BIT                                       24         41         0          41    <none> (D) 
          COMP_LESS_UNIT                                   24         41         0          41    <none> (D) 
            u_high                                         13         25         0          25    <none> (D) 
            u_low                                          10         13         0          13    <none> (D) 
        EXP_SWAP                                           13         31         0          31    <none> (D) 
        EXP_RND                                            15         29         0          29    <none> (D) 
        MAN_ALU_PROC_RND                                    7         13         0          13    <none> (D) 
        SIGN_UNIT                                           2          3         0           3    <none> (D) 
    BFU2_UNIT0                                           4550       8674         0        8674    <none> (D) 
      DATA_A_RE                                          1139       2170         0        2170    <none> (D) 
        MAN_ALU                                           219        427         0         427    <none> (D) 
          ALU_SUB_UNIT                                    120        233         0         233    <none> (D) 
            CLA_BLOCK_GEN[0].CLA_4BIT_UNIT                 18         41         0          41    <none> (D) 
            CLA_BLOCK_GEN[2].CLA_4BIT_UNIT                 18         34         0          34    <none> (D) 
            CLA_BLOCK_GEN[1].CLA_4BIT_UNIT                 18         34         0          34    <none> (D) 
            CLA_BLOCK_GEN[4].CLA_4BIT_UNIT                 15         34         0          34    <none> (D) 
            CLA_BLOCK_GEN[5].CLA_4BIT_UNIT                 18         33         0          33    <none> (D) 
            CLA_BLOCK_GEN[3].CLA_4BIT_UNIT                 18         33         0          33    <none> (D) 
        NOR_UNIT                                          208        366         0         366    <none> (D) 
          SHF_left_unit                                   143        251         0         251    <none> (D) 
        SHF_RIGHT_MAN                                     137        241         0         241    <none> (D) 
        PSC_UNIT                                           89        165         0         165    <none> (D) 
        MAN_COMP_24BIT                                     78        144         0         144    <none> (D) 
          u_i_data_3                                       13         25         0          25    <none> (D) 
          u_i_data_4                                       13         25         0          25    <none> (D) 
          u_i_data_2                                       13         25         0          25    <none> (D) 
          u_i_data_1                                       13         25         0          25    <none> (D) 
          u_i_data_5                                       10         19         0          19    <none> (D) 
          u_i_data_0                                       10         13         0          13    <none> (D) 
        MAN_SWAP                                           52        116         0         116    <none> (D) 
        MAN_SWAP_PRE                                       46        110         0         110    <none> (D) 
        MAN_RND                                            26         91         0          91    <none> (D) 
        LOPD_24BIT                                         58         85         0          85    <none> (D) 
          LOPD_16bit_UNIT_MSB                              34         52         0          52    <none> (D) 
            LOPD_8bit_unit_1                               14         20         0          20    <none> (D) 
            LOPD_8bit_unit_0                               14         20         0          20    <none> (D) 
          LOPD_8bit_UNIT_LSB                               14         20         0          20    <none> (D) 
        EXP_ADJUST                                         37         75         0          75    <none> (D) 
          CLA_8BIT_UNIT                                    30         66         0          66    <none> (D) 
            CLA_4BIT_UNIT_0                                18         34         0          34    <none> (D) 
            CLA_4BIT_UNIT_1                                11         29         0          29    <none> (D) 
        EXP_SUB                                            25         48         0          48    <none> (D) 
          CLA_8BIT_UNIT                                    20         44         0          44    <none> (D) 
            CLA_4BIT_UNIT_0                                17         38         0          38    <none> (D) 
            CLA_4BIT_UNIT_1                                 2          5         0           5    <none> (D) 
        EXP_COM_8BIT                                       24         41         0          41    <none> (D) 
          COMP_LESS_UNIT                                   24         41         0          41    <none> (D) 
            u_high                                         13         25         0          25    <none> (D) 
            u_low                                          10         13         0          13    <none> (D) 
        EXP_SWAP                                           13         31         0          31    <none> (D) 
        EXP_RND                                            15         29         0          29    <none> (D) 
        MAN_ALU_PROC_RND                                    7         13         0          13    <none> (D) 
        SIGN_UNIT                                           1          2         0           2    <none> (D) 
      DATA_A_IM                                          1139       2170         0        2170    <none> (D) 
        MAN_ALU                                           219        427         0         427    <none> (D) 
          ALU_SUB_UNIT                                    120        233         0         233    <none> (D) 
            CLA_BLOCK_GEN[0].CLA_4BIT_UNIT                 18         41         0          41    <none> (D) 
            CLA_BLOCK_GEN[2].CLA_4BIT_UNIT                 18         34         0          34    <none> (D) 
            CLA_BLOCK_GEN[1].CLA_4BIT_UNIT                 18         34         0          34    <none> (D) 
            CLA_BLOCK_GEN[4].CLA_4BIT_UNIT                 15         34         0          34    <none> (D) 
            CLA_BLOCK_GEN[5].CLA_4BIT_UNIT                 18         33         0          33    <none> (D) 
            CLA_BLOCK_GEN[3].CLA_4BIT_UNIT                 18         33         0          33    <none> (D) 
        NOR_UNIT                                          208        366         0         366    <none> (D) 
          SHF_left_unit                                   143        251         0         251    <none> (D) 
        SHF_RIGHT_MAN                                     137        241         0         241    <none> (D) 
        PSC_UNIT                                           89        165         0         165    <none> (D) 
        MAN_COMP_24BIT                                     78        144         0         144    <none> (D) 
          u_i_data_3                                       13         25         0          25    <none> (D) 
          u_i_data_4                                       13         25         0          25    <none> (D) 
          u_i_data_2                                       13         25         0          25    <none> (D) 
          u_i_data_1                                       13         25         0          25    <none> (D) 
          u_i_data_5                                       10         19         0          19    <none> (D) 
          u_i_data_0                                       10         13         0          13    <none> (D) 
        MAN_SWAP                                           52        116         0         116    <none> (D) 
        MAN_SWAP_PRE                                       46        110         0         110    <none> (D) 
        MAN_RND                                            26         91         0          91    <none> (D) 
        LOPD_24BIT                                         58         85         0          85    <none> (D) 
          LOPD_16bit_UNIT_MSB                              34         52         0          52    <none> (D) 
            LOPD_8bit_unit_1                               14         20         0          20    <none> (D) 
            LOPD_8bit_unit_0                               14         20         0          20    <none> (D) 
          LOPD_8bit_UNIT_LSB                               14         20         0          20    <none> (D) 
        EXP_ADJUST                                         37         75         0          75    <none> (D) 
          CLA_8BIT_UNIT                                    30         66         0          66    <none> (D) 
            CLA_4BIT_UNIT_0                                18         34         0          34    <none> (D) 
            CLA_4BIT_UNIT_1                                11         29         0          29    <none> (D) 
        EXP_SUB                                            25         48         0          48    <none> (D) 
          CLA_8BIT_UNIT                                    20         44         0          44    <none> (D) 
            CLA_4BIT_UNIT_0                                17         38         0          38    <none> (D) 
            CLA_4BIT_UNIT_1                                 2          5         0           5    <none> (D) 
        EXP_COM_8BIT                                       24         41         0          41    <none> (D) 
          COMP_LESS_UNIT                                   24         41         0          41    <none> (D) 
            u_high                                         13         25         0          25    <none> (D) 
            u_low                                          10         13         0          13    <none> (D) 
        EXP_SWAP                                           13         31         0          31    <none> (D) 
        EXP_RND                                            15         29         0          29    <none> (D) 
        MAN_ALU_PROC_RND                                    7         13         0          13    <none> (D) 
        SIGN_UNIT                                           1          2         0           2    <none> (D) 
      DATA_B_RE                                          1136       2167         0        2167    <none> (D) 
        MAN_ALU                                           217        426         0         426    <none> (D) 
          ALU_SUB_UNIT                                    120        233         0         233    <none> (D) 
            CLA_BLOCK_GEN[0].CLA_4BIT_UNIT                 18         41         0          41    <none> (D) 
            CLA_BLOCK_GEN[2].CLA_4BIT_UNIT                 18         34         0          34    <none> (D) 
            CLA_BLOCK_GEN[1].CLA_4BIT_UNIT                 18         34         0          34    <none> (D) 
            CLA_BLOCK_GEN[4].CLA_4BIT_UNIT                 15         34         0          34    <none> (D) 
            CLA_BLOCK_GEN[5].CLA_4BIT_UNIT                 18         33         0          33    <none> (D) 
            CLA_BLOCK_GEN[3].CLA_4BIT_UNIT                 18         33         0          33    <none> (D) 
        NOR_UNIT                                          208        366         0         366    <none> (D) 
          SHF_left_unit                                   143        251         0         251    <none> (D) 
        SHF_RIGHT_MAN                                     138        241         0         241    <none> (D) 
        PSC_UNIT                                           88        163         0         163    <none> (D) 
        MAN_COMP_24BIT                                     78        144         0         144    <none> (D) 
          u_i_data_3                                       13         25         0          25    <none> (D) 
          u_i_data_4                                       13         25         0          25    <none> (D) 
          u_i_data_2                                       13         25         0          25    <none> (D) 
          u_i_data_1                                       13         25         0          25    <none> (D) 
          u_i_data_5                                       10         19         0          19    <none> (D) 
          u_i_data_0                                       10         13         0          13    <none> (D) 
        MAN_SWAP                                           50        114         0         114    <none> (D) 
        MAN_SWAP_PRE                                       46        110         0         110    <none> (D) 
        MAN_RND                                            26         91         0          91    <none> (D) 
        LOPD_24BIT                                         58         85         0          85    <none> (D) 
          LOPD_16bit_UNIT_MSB                              34         52         0          52    <none> (D) 
            LOPD_8bit_unit_1                               14         20         0          20    <none> (D) 
            LOPD_8bit_unit_0                               14         20         0          20    <none> (D) 
          LOPD_8bit_UNIT_LSB                               14         20         0          20    <none> (D) 
        EXP_ADJUST                                         37         75         0          75    <none> (D) 
          CLA_8BIT_UNIT                                    30         66         0          66    <none> (D) 
            CLA_4BIT_UNIT_0                                18         34         0          34    <none> (D) 
            CLA_4BIT_UNIT_1                                11         29         0          29    <none> (D) 
        EXP_SUB                                            25         48         0          48    <none> (D) 
          CLA_8BIT_UNIT                                    20         44         0          44    <none> (D) 
            CLA_4BIT_UNIT_0                                17         38         0          38    <none> (D) 
            CLA_4BIT_UNIT_1                                 2          5         0           5    <none> (D) 
        EXP_COM_8BIT                                       24         41         0          41    <none> (D) 
          COMP_LESS_UNIT                                   24         41         0          41    <none> (D) 
            u_high                                         13         25         0          25    <none> (D) 
            u_low                                          10         13         0          13    <none> (D) 
        EXP_SWAP                                           13         31         0          31    <none> (D) 
        EXP_RND                                            15         29         0          29    <none> (D) 
        MAN_ALU_PROC_RND                                    7         13         0          13    <none> (D) 
        SIGN_UNIT                                           2          3         0           3    <none> (D) 
      DATA_B_IM                                          1136       2167         0        2167    <none> (D) 
        MAN_ALU                                           217        426         0         426    <none> (D) 
          ALU_SUB_UNIT                                    120        233         0         233    <none> (D) 
            CLA_BLOCK_GEN[0].CLA_4BIT_UNIT                 18         41         0          41    <none> (D) 
            CLA_BLOCK_GEN[2].CLA_4BIT_UNIT                 18         34         0          34    <none> (D) 
            CLA_BLOCK_GEN[1].CLA_4BIT_UNIT                 18         34         0          34    <none> (D) 
            CLA_BLOCK_GEN[4].CLA_4BIT_UNIT                 15         34         0          34    <none> (D) 
            CLA_BLOCK_GEN[5].CLA_4BIT_UNIT                 18         33         0          33    <none> (D) 
            CLA_BLOCK_GEN[3].CLA_4BIT_UNIT                 18         33         0          33    <none> (D) 
        NOR_UNIT                                          208        366         0         366    <none> (D) 
          SHF_left_unit                                   143        251         0         251    <none> (D) 
        SHF_RIGHT_MAN                                     138        241         0         241    <none> (D) 
        PSC_UNIT                                           88        163         0         163    <none> (D) 
        MAN_COMP_24BIT                                     78        144         0         144    <none> (D) 
          u_i_data_3                                       13         25         0          25    <none> (D) 
          u_i_data_4                                       13         25         0          25    <none> (D) 
          u_i_data_2                                       13         25         0          25    <none> (D) 
          u_i_data_1                                       13         25         0          25    <none> (D) 
          u_i_data_5                                       10         19         0          19    <none> (D) 
          u_i_data_0                                       10         13         0          13    <none> (D) 
        MAN_SWAP                                           50        114         0         114    <none> (D) 
        MAN_SWAP_PRE                                       46        110         0         110    <none> (D) 
        MAN_RND                                            26         91         0          91    <none> (D) 
        LOPD_24BIT                                         58         85         0          85    <none> (D) 
          LOPD_16bit_UNIT_MSB                              34         52         0          52    <none> (D) 
            LOPD_8bit_unit_1                               14         20         0          20    <none> (D) 
            LOPD_8bit_unit_0                               14         20         0          20    <none> (D) 
          LOPD_8bit_UNIT_LSB                               14         20         0          20    <none> (D) 
        EXP_ADJUST                                         37         75         0          75    <none> (D) 
          CLA_8BIT_UNIT                                    30         66         0          66    <none> (D) 
            CLA_4BIT_UNIT_0                                18         34         0          34    <none> (D) 
            CLA_4BIT_UNIT_1                                11         29         0          29    <none> (D) 
        EXP_SUB                                            25         48         0          48    <none> (D) 
          CLA_8BIT_UNIT                                    20         44         0          44    <none> (D) 
            CLA_4BIT_UNIT_0                                17         38         0          38    <none> (D) 
            CLA_4BIT_UNIT_1                                 2          5         0           5    <none> (D) 
        EXP_COM_8BIT                                       24         41         0          41    <none> (D) 
          COMP_LESS_UNIT                                   24         41         0          41    <none> (D) 
            u_high                                         13         25         0          25    <none> (D) 
            u_low                                          10         13         0          13    <none> (D) 
        EXP_SWAP                                           13         31         0          31    <none> (D) 
        EXP_RND                                            15         29         0          29    <none> (D) 
        MAN_ALU_PROC_RND                                    7         13         0          13    <none> (D) 
        SIGN_UNIT                                           2          3         0           3    <none> (D) 
  BFU2_S1_37                                             4550       8674         0        8674    <none> (D) 
    DATA_A_RE                                            1139       2170         0        2170    <none> (D) 
      MAN_ALU                                             219        427         0         427    <none> (D) 
        ALU_SUB_UNIT                                      120        233         0         233    <none> (D) 
          CLA_BLOCK_GEN[0].CLA_4BIT_UNIT                   18         41         0          41    <none> (D) 
          CLA_BLOCK_GEN[2].CLA_4BIT_UNIT                   18         34         0          34    <none> (D) 
          CLA_BLOCK_GEN[1].CLA_4BIT_UNIT                   18         34         0          34    <none> (D) 
          CLA_BLOCK_GEN[4].CLA_4BIT_UNIT                   15         34         0          34    <none> (D) 
          CLA_BLOCK_GEN[5].CLA_4BIT_UNIT                   18         33         0          33    <none> (D) 
          CLA_BLOCK_GEN[3].CLA_4BIT_UNIT                   18         33         0          33    <none> (D) 
      NOR_UNIT                                            208        366         0         366    <none> (D) 
        SHF_left_unit                                     143        251         0         251    <none> (D) 
      SHF_RIGHT_MAN                                       137        241         0         241    <none> (D) 
      PSC_UNIT                                             89        165         0         165    <none> (D) 
      MAN_COMP_24BIT                                       78        144         0         144    <none> (D) 
        u_i_data_3                                         13         25         0          25    <none> (D) 
        u_i_data_4                                         13         25         0          25    <none> (D) 
        u_i_data_2                                         13         25         0          25    <none> (D) 
        u_i_data_1                                         13         25         0          25    <none> (D) 
        u_i_data_5                                         10         19         0          19    <none> (D) 
        u_i_data_0                                         10         13         0          13    <none> (D) 
      MAN_SWAP                                             52        116         0         116    <none> (D) 
      MAN_SWAP_PRE                                         46        110         0         110    <none> (D) 
      MAN_RND                                              26         91         0          91    <none> (D) 
      LOPD_24BIT                                           58         85         0          85    <none> (D) 
        LOPD_16bit_UNIT_MSB                                34         52         0          52    <none> (D) 
          LOPD_8bit_unit_1                                 14         20         0          20    <none> (D) 
          LOPD_8bit_unit_0                                 14         20         0          20    <none> (D) 
        LOPD_8bit_UNIT_LSB                                 14         20         0          20    <none> (D) 
      EXP_ADJUST                                           37         75         0          75    <none> (D) 
        CLA_8BIT_UNIT                                      30         66         0          66    <none> (D) 
          CLA_4BIT_UNIT_0                                  18         34         0          34    <none> (D) 
          CLA_4BIT_UNIT_1                                  11         29         0          29    <none> (D) 
      EXP_SUB                                              25         48         0          48    <none> (D) 
        CLA_8BIT_UNIT                                      20         44         0          44    <none> (D) 
          CLA_4BIT_UNIT_0                                  17         38         0          38    <none> (D) 
          CLA_4BIT_UNIT_1                                   2          5         0           5    <none> (D) 
      EXP_COM_8BIT                                         24         41         0          41    <none> (D) 
        COMP_LESS_UNIT                                     24         41         0          41    <none> (D) 
          u_high                                           13         25         0          25    <none> (D) 
          u_low                                            10         13         0          13    <none> (D) 
      EXP_SWAP                                             13         31         0          31    <none> (D) 
      EXP_RND                                              15         29         0          29    <none> (D) 
      MAN_ALU_PROC_RND                                      7         13         0          13    <none> (D) 
      SIGN_UNIT                                             1          2         0           2    <none> (D) 
    DATA_A_IM                                            1139       2170         0        2170    <none> (D) 
      MAN_ALU                                             219        427         0         427    <none> (D) 
        ALU_SUB_UNIT                                      120        233         0         233    <none> (D) 
          CLA_BLOCK_GEN[0].CLA_4BIT_UNIT                   18         41         0          41    <none> (D) 
          CLA_BLOCK_GEN[2].CLA_4BIT_UNIT                   18         34         0          34    <none> (D) 
          CLA_BLOCK_GEN[1].CLA_4BIT_UNIT                   18         34         0          34    <none> (D) 
          CLA_BLOCK_GEN[4].CLA_4BIT_UNIT                   15         34         0          34    <none> (D) 
          CLA_BLOCK_GEN[5].CLA_4BIT_UNIT                   18         33         0          33    <none> (D) 
          CLA_BLOCK_GEN[3].CLA_4BIT_UNIT                   18         33         0          33    <none> (D) 
      NOR_UNIT                                            208        366         0         366    <none> (D) 
        SHF_left_unit                                     143        251         0         251    <none> (D) 
      SHF_RIGHT_MAN                                       137        241         0         241    <none> (D) 
      PSC_UNIT                                             89        165         0         165    <none> (D) 
      MAN_COMP_24BIT                                       78        144         0         144    <none> (D) 
        u_i_data_3                                         13         25         0          25    <none> (D) 
        u_i_data_4                                         13         25         0          25    <none> (D) 
        u_i_data_2                                         13         25         0          25    <none> (D) 
        u_i_data_1                                         13         25         0          25    <none> (D) 
        u_i_data_5                                         10         19         0          19    <none> (D) 
        u_i_data_0                                         10         13         0          13    <none> (D) 
      MAN_SWAP                                             52        116         0         116    <none> (D) 
      MAN_SWAP_PRE                                         46        110         0         110    <none> (D) 
      MAN_RND                                              26         91         0          91    <none> (D) 
      LOPD_24BIT                                           58         85         0          85    <none> (D) 
        LOPD_16bit_UNIT_MSB                                34         52         0          52    <none> (D) 
          LOPD_8bit_unit_1                                 14         20         0          20    <none> (D) 
          LOPD_8bit_unit_0                                 14         20         0          20    <none> (D) 
        LOPD_8bit_UNIT_LSB                                 14         20         0          20    <none> (D) 
      EXP_ADJUST                                           37         75         0          75    <none> (D) 
        CLA_8BIT_UNIT                                      30         66         0          66    <none> (D) 
          CLA_4BIT_UNIT_0                                  18         34         0          34    <none> (D) 
          CLA_4BIT_UNIT_1                                  11         29         0          29    <none> (D) 
      EXP_SUB                                              25         48         0          48    <none> (D) 
        CLA_8BIT_UNIT                                      20         44         0          44    <none> (D) 
          CLA_4BIT_UNIT_0                                  17         38         0          38    <none> (D) 
          CLA_4BIT_UNIT_1                                   2          5         0           5    <none> (D) 
      EXP_COM_8BIT                                         24         41         0          41    <none> (D) 
        COMP_LESS_UNIT                                     24         41         0          41    <none> (D) 
          u_high                                           13         25         0          25    <none> (D) 
          u_low                                            10         13         0          13    <none> (D) 
      EXP_SWAP                                             13         31         0          31    <none> (D) 
      EXP_RND                                              15         29         0          29    <none> (D) 
      MAN_ALU_PROC_RND                                      7         13         0          13    <none> (D) 
      SIGN_UNIT                                             1          2         0           2    <none> (D) 
    DATA_B_RE                                            1136       2167         0        2167    <none> (D) 
      MAN_ALU                                             217        426         0         426    <none> (D) 
        ALU_SUB_UNIT                                      120        233         0         233    <none> (D) 
          CLA_BLOCK_GEN[0].CLA_4BIT_UNIT                   18         41         0          41    <none> (D) 
          CLA_BLOCK_GEN[2].CLA_4BIT_UNIT                   18         34         0          34    <none> (D) 
          CLA_BLOCK_GEN[1].CLA_4BIT_UNIT                   18         34         0          34    <none> (D) 
          CLA_BLOCK_GEN[4].CLA_4BIT_UNIT                   15         34         0          34    <none> (D) 
          CLA_BLOCK_GEN[5].CLA_4BIT_UNIT                   18         33         0          33    <none> (D) 
          CLA_BLOCK_GEN[3].CLA_4BIT_UNIT                   18         33         0          33    <none> (D) 
      NOR_UNIT                                            208        366         0         366    <none> (D) 
        SHF_left_unit                                     143        251         0         251    <none> (D) 
      SHF_RIGHT_MAN                                       138        241         0         241    <none> (D) 
      PSC_UNIT                                             88        163         0         163    <none> (D) 
      MAN_COMP_24BIT                                       78        144         0         144    <none> (D) 
        u_i_data_3                                         13         25         0          25    <none> (D) 
        u_i_data_4                                         13         25         0          25    <none> (D) 
        u_i_data_2                                         13         25         0          25    <none> (D) 
        u_i_data_1                                         13         25         0          25    <none> (D) 
        u_i_data_5                                         10         19         0          19    <none> (D) 
        u_i_data_0                                         10         13         0          13    <none> (D) 
      MAN_SWAP                                             50        114         0         114    <none> (D) 
      MAN_SWAP_PRE                                         46        110         0         110    <none> (D) 
      MAN_RND                                              26         91         0          91    <none> (D) 
      LOPD_24BIT                                           58         85         0          85    <none> (D) 
        LOPD_16bit_UNIT_MSB                                34         52         0          52    <none> (D) 
          LOPD_8bit_unit_1                                 14         20         0          20    <none> (D) 
          LOPD_8bit_unit_0                                 14         20         0          20    <none> (D) 
        LOPD_8bit_UNIT_LSB                                 14         20         0          20    <none> (D) 
      EXP_ADJUST                                           37         75         0          75    <none> (D) 
        CLA_8BIT_UNIT                                      30         66         0          66    <none> (D) 
          CLA_4BIT_UNIT_0                                  18         34         0          34    <none> (D) 
          CLA_4BIT_UNIT_1                                  11         29         0          29    <none> (D) 
      EXP_SUB                                              25         48         0          48    <none> (D) 
        CLA_8BIT_UNIT                                      20         44         0          44    <none> (D) 
          CLA_4BIT_UNIT_0                                  17         38         0          38    <none> (D) 
          CLA_4BIT_UNIT_1                                   2          5         0           5    <none> (D) 
      EXP_COM_8BIT                                         24         41         0          41    <none> (D) 
        COMP_LESS_UNIT                                     24         41         0          41    <none> (D) 
          u_high                                           13         25         0          25    <none> (D) 
          u_low                                            10         13         0          13    <none> (D) 
      EXP_SWAP                                             13         31         0          31    <none> (D) 
      EXP_RND                                              15         29         0          29    <none> (D) 
      MAN_ALU_PROC_RND                                      7         13         0          13    <none> (D) 
      SIGN_UNIT                                             2          3         0           3    <none> (D) 
    DATA_B_IM                                            1136       2167         0        2167    <none> (D) 
      MAN_ALU                                             217        426         0         426    <none> (D) 
        ALU_SUB_UNIT                                      120        233         0         233    <none> (D) 
          CLA_BLOCK_GEN[0].CLA_4BIT_UNIT                   18         41         0          41    <none> (D) 
          CLA_BLOCK_GEN[2].CLA_4BIT_UNIT                   18         34         0          34    <none> (D) 
          CLA_BLOCK_GEN[1].CLA_4BIT_UNIT                   18         34         0          34    <none> (D) 
          CLA_BLOCK_GEN[4].CLA_4BIT_UNIT                   15         34         0          34    <none> (D) 
          CLA_BLOCK_GEN[5].CLA_4BIT_UNIT                   18         33         0          33    <none> (D) 
          CLA_BLOCK_GEN[3].CLA_4BIT_UNIT                   18         33         0          33    <none> (D) 
      NOR_UNIT                                            208        366         0         366    <none> (D) 
        SHF_left_unit                                     143        251         0         251    <none> (D) 
      SHF_RIGHT_MAN                                       138        241         0         241    <none> (D) 
      PSC_UNIT                                             88        163         0         163    <none> (D) 
      MAN_COMP_24BIT                                       78        144         0         144    <none> (D) 
        u_i_data_3                                         13         25         0          25    <none> (D) 
        u_i_data_4                                         13         25         0          25    <none> (D) 
        u_i_data_2                                         13         25         0          25    <none> (D) 
        u_i_data_1                                         13         25         0          25    <none> (D) 
        u_i_data_5                                         10         19         0          19    <none> (D) 
        u_i_data_0                                         10         13         0          13    <none> (D) 
      MAN_SWAP                                             50        114         0         114    <none> (D) 
      MAN_SWAP_PRE                                         46        110         0         110    <none> (D) 
      MAN_RND                                              26         91         0          91    <none> (D) 
      LOPD_24BIT                                           58         85         0          85    <none> (D) 
        LOPD_16bit_UNIT_MSB                                34         52         0          52    <none> (D) 
          LOPD_8bit_unit_1                                 14         20         0          20    <none> (D) 
          LOPD_8bit_unit_0                                 14         20         0          20    <none> (D) 
        LOPD_8bit_UNIT_LSB                                 14         20         0          20    <none> (D) 
      EXP_ADJUST                                           37         75         0          75    <none> (D) 
        CLA_8BIT_UNIT                                      30         66         0          66    <none> (D) 
          CLA_4BIT_UNIT_0                                  18         34         0          34    <none> (D) 
          CLA_4BIT_UNIT_1                                  11         29         0          29    <none> (D) 
      EXP_SUB                                              25         48         0          48    <none> (D) 
        CLA_8BIT_UNIT                                      20         44         0          44    <none> (D) 
          CLA_4BIT_UNIT_0                                  17         38         0          38    <none> (D) 
          CLA_4BIT_UNIT_1                                   2          5         0           5    <none> (D) 
      EXP_COM_8BIT                                         24         41         0          41    <none> (D) 
        COMP_LESS_UNIT                                     24         41         0          41    <none> (D) 
          u_high                                           13         25         0          25    <none> (D) 
          u_low                                            10         13         0          13    <none> (D) 
      EXP_SWAP                                             13         31         0          31    <none> (D) 
      EXP_RND                                              15         29         0          29    <none> (D) 
      MAN_ALU_PROC_RND                                      7         13         0          13    <none> (D) 
      SIGN_UNIT                                             2          3         0           3    <none> (D) 
  BFU2_S1_26                                             4550       8674         0        8674    <none> (D) 
    DATA_A_RE                                            1139       2170         0        2170    <none> (D) 
      MAN_ALU                                             219        427         0         427    <none> (D) 
        ALU_SUB_UNIT                                      120        233         0         233    <none> (D) 
          CLA_BLOCK_GEN[0].CLA_4BIT_UNIT                   18         41         0          41    <none> (D) 
          CLA_BLOCK_GEN[2].CLA_4BIT_UNIT                   18         34         0          34    <none> (D) 
          CLA_BLOCK_GEN[1].CLA_4BIT_UNIT                   18         34         0          34    <none> (D) 
          CLA_BLOCK_GEN[4].CLA_4BIT_UNIT                   15         34         0          34    <none> (D) 
          CLA_BLOCK_GEN[5].CLA_4BIT_UNIT                   18         33         0          33    <none> (D) 
          CLA_BLOCK_GEN[3].CLA_4BIT_UNIT                   18         33         0          33    <none> (D) 
      NOR_UNIT                                            208        366         0         366    <none> (D) 
        SHF_left_unit                                     143        251         0         251    <none> (D) 
      SHF_RIGHT_MAN                                       137        241         0         241    <none> (D) 
      PSC_UNIT                                             89        165         0         165    <none> (D) 
      MAN_COMP_24BIT                                       78        144         0         144    <none> (D) 
        u_i_data_3                                         13         25         0          25    <none> (D) 
        u_i_data_4                                         13         25         0          25    <none> (D) 
        u_i_data_2                                         13         25         0          25    <none> (D) 
        u_i_data_1                                         13         25         0          25    <none> (D) 
        u_i_data_5                                         10         19         0          19    <none> (D) 
        u_i_data_0                                         10         13         0          13    <none> (D) 
      MAN_SWAP                                             52        116         0         116    <none> (D) 
      MAN_SWAP_PRE                                         46        110         0         110    <none> (D) 
      MAN_RND                                              26         91         0          91    <none> (D) 
      LOPD_24BIT                                           58         85         0          85    <none> (D) 
        LOPD_16bit_UNIT_MSB                                34         52         0          52    <none> (D) 
          LOPD_8bit_unit_1                                 14         20         0          20    <none> (D) 
          LOPD_8bit_unit_0                                 14         20         0          20    <none> (D) 
        LOPD_8bit_UNIT_LSB                                 14         20         0          20    <none> (D) 
      EXP_ADJUST                                           37         75         0          75    <none> (D) 
        CLA_8BIT_UNIT                                      30         66         0          66    <none> (D) 
          CLA_4BIT_UNIT_0                                  18         34         0          34    <none> (D) 
          CLA_4BIT_UNIT_1                                  11         29         0          29    <none> (D) 
      EXP_SUB                                              25         48         0          48    <none> (D) 
        CLA_8BIT_UNIT                                      20         44         0          44    <none> (D) 
          CLA_4BIT_UNIT_0                                  17         38         0          38    <none> (D) 
          CLA_4BIT_UNIT_1                                   2          5         0           5    <none> (D) 
      EXP_COM_8BIT                                         24         41         0          41    <none> (D) 
        COMP_LESS_UNIT                                     24         41         0          41    <none> (D) 
          u_high                                           13         25         0          25    <none> (D) 
          u_low                                            10         13         0          13    <none> (D) 
      EXP_SWAP                                             13         31         0          31    <none> (D) 
      EXP_RND                                              15         29         0          29    <none> (D) 
      MAN_ALU_PROC_RND                                      7         13         0          13    <none> (D) 
      SIGN_UNIT                                             1          2         0           2    <none> (D) 
    DATA_A_IM                                            1139       2170         0        2170    <none> (D) 
      MAN_ALU                                             219        427         0         427    <none> (D) 
        ALU_SUB_UNIT                                      120        233         0         233    <none> (D) 
          CLA_BLOCK_GEN[0].CLA_4BIT_UNIT                   18         41         0          41    <none> (D) 
          CLA_BLOCK_GEN[2].CLA_4BIT_UNIT                   18         34         0          34    <none> (D) 
          CLA_BLOCK_GEN[1].CLA_4BIT_UNIT                   18         34         0          34    <none> (D) 
          CLA_BLOCK_GEN[4].CLA_4BIT_UNIT                   15         34         0          34    <none> (D) 
          CLA_BLOCK_GEN[5].CLA_4BIT_UNIT                   18         33         0          33    <none> (D) 
          CLA_BLOCK_GEN[3].CLA_4BIT_UNIT                   18         33         0          33    <none> (D) 
      NOR_UNIT                                            208        366         0         366    <none> (D) 
        SHF_left_unit                                     143        251         0         251    <none> (D) 
      SHF_RIGHT_MAN                                       137        241         0         241    <none> (D) 
      PSC_UNIT                                             89        165         0         165    <none> (D) 
      MAN_COMP_24BIT                                       78        144         0         144    <none> (D) 
        u_i_data_3                                         13         25         0          25    <none> (D) 
        u_i_data_4                                         13         25         0          25    <none> (D) 
        u_i_data_2                                         13         25         0          25    <none> (D) 
        u_i_data_1                                         13         25         0          25    <none> (D) 
        u_i_data_5                                         10         19         0          19    <none> (D) 
        u_i_data_0                                         10         13         0          13    <none> (D) 
      MAN_SWAP                                             52        116         0         116    <none> (D) 
      MAN_SWAP_PRE                                         46        110         0         110    <none> (D) 
      MAN_RND                                              26         91         0          91    <none> (D) 
      LOPD_24BIT                                           58         85         0          85    <none> (D) 
        LOPD_16bit_UNIT_MSB                                34         52         0          52    <none> (D) 
          LOPD_8bit_unit_1                                 14         20         0          20    <none> (D) 
          LOPD_8bit_unit_0                                 14         20         0          20    <none> (D) 
        LOPD_8bit_UNIT_LSB                                 14         20         0          20    <none> (D) 
      EXP_ADJUST                                           37         75         0          75    <none> (D) 
        CLA_8BIT_UNIT                                      30         66         0          66    <none> (D) 
          CLA_4BIT_UNIT_0                                  18         34         0          34    <none> (D) 
          CLA_4BIT_UNIT_1                                  11         29         0          29    <none> (D) 
      EXP_SUB                                              25         48         0          48    <none> (D) 
        CLA_8BIT_UNIT                                      20         44         0          44    <none> (D) 
          CLA_4BIT_UNIT_0                                  17         38         0          38    <none> (D) 
          CLA_4BIT_UNIT_1                                   2          5         0           5    <none> (D) 
      EXP_COM_8BIT                                         24         41         0          41    <none> (D) 
        COMP_LESS_UNIT                                     24         41         0          41    <none> (D) 
          u_high                                           13         25         0          25    <none> (D) 
          u_low                                            10         13         0          13    <none> (D) 
      EXP_SWAP                                             13         31         0          31    <none> (D) 
      EXP_RND                                              15         29         0          29    <none> (D) 
      MAN_ALU_PROC_RND                                      7         13         0          13    <none> (D) 
      SIGN_UNIT                                             1          2         0           2    <none> (D) 
    DATA_B_RE                                            1136       2167         0        2167    <none> (D) 
      MAN_ALU                                             217        426         0         426    <none> (D) 
        ALU_SUB_UNIT                                      120        233         0         233    <none> (D) 
          CLA_BLOCK_GEN[0].CLA_4BIT_UNIT                   18         41         0          41    <none> (D) 
          CLA_BLOCK_GEN[2].CLA_4BIT_UNIT                   18         34         0          34    <none> (D) 
          CLA_BLOCK_GEN[1].CLA_4BIT_UNIT                   18         34         0          34    <none> (D) 
          CLA_BLOCK_GEN[4].CLA_4BIT_UNIT                   15         34         0          34    <none> (D) 
          CLA_BLOCK_GEN[5].CLA_4BIT_UNIT                   18         33         0          33    <none> (D) 
          CLA_BLOCK_GEN[3].CLA_4BIT_UNIT                   18         33         0          33    <none> (D) 
      NOR_UNIT                                            208        366         0         366    <none> (D) 
        SHF_left_unit                                     143        251         0         251    <none> (D) 
      SHF_RIGHT_MAN                                       138        241         0         241    <none> (D) 
      PSC_UNIT                                             88        163         0         163    <none> (D) 
      MAN_COMP_24BIT                                       78        144         0         144    <none> (D) 
        u_i_data_3                                         13         25         0          25    <none> (D) 
        u_i_data_4                                         13         25         0          25    <none> (D) 
        u_i_data_2                                         13         25         0          25    <none> (D) 
        u_i_data_1                                         13         25         0          25    <none> (D) 
        u_i_data_5                                         10         19         0          19    <none> (D) 
        u_i_data_0                                         10         13         0          13    <none> (D) 
      MAN_SWAP                                             50        114         0         114    <none> (D) 
      MAN_SWAP_PRE                                         46        110         0         110    <none> (D) 
      MAN_RND                                              26         91         0          91    <none> (D) 
      LOPD_24BIT                                           58         85         0          85    <none> (D) 
        LOPD_16bit_UNIT_MSB                                34         52         0          52    <none> (D) 
          LOPD_8bit_unit_1                                 14         20         0          20    <none> (D) 
          LOPD_8bit_unit_0                                 14         20         0          20    <none> (D) 
        LOPD_8bit_UNIT_LSB                                 14         20         0          20    <none> (D) 
      EXP_ADJUST                                           37         75         0          75    <none> (D) 
        CLA_8BIT_UNIT                                      30         66         0          66    <none> (D) 
          CLA_4BIT_UNIT_0                                  18         34         0          34    <none> (D) 
          CLA_4BIT_UNIT_1                                  11         29         0          29    <none> (D) 
      EXP_SUB                                              25         48         0          48    <none> (D) 
        CLA_8BIT_UNIT                                      20         44         0          44    <none> (D) 
          CLA_4BIT_UNIT_0                                  17         38         0          38    <none> (D) 
          CLA_4BIT_UNIT_1                                   2          5         0           5    <none> (D) 
      EXP_COM_8BIT                                         24         41         0          41    <none> (D) 
        COMP_LESS_UNIT                                     24         41         0          41    <none> (D) 
          u_high                                           13         25         0          25    <none> (D) 
          u_low                                            10         13         0          13    <none> (D) 
      EXP_SWAP                                             13         31         0          31    <none> (D) 
      EXP_RND                                              15         29         0          29    <none> (D) 
      MAN_ALU_PROC_RND                                      7         13         0          13    <none> (D) 
      SIGN_UNIT                                             2          3         0           3    <none> (D) 
    DATA_B_IM                                            1136       2167         0        2167    <none> (D) 
      MAN_ALU                                             217        426         0         426    <none> (D) 
        ALU_SUB_UNIT                                      120        233         0         233    <none> (D) 
          CLA_BLOCK_GEN[0].CLA_4BIT_UNIT                   18         41         0          41    <none> (D) 
          CLA_BLOCK_GEN[2].CLA_4BIT_UNIT                   18         34         0          34    <none> (D) 
          CLA_BLOCK_GEN[1].CLA_4BIT_UNIT                   18         34         0          34    <none> (D) 
          CLA_BLOCK_GEN[4].CLA_4BIT_UNIT                   15         34         0          34    <none> (D) 
          CLA_BLOCK_GEN[5].CLA_4BIT_UNIT                   18         33         0          33    <none> (D) 
          CLA_BLOCK_GEN[3].CLA_4BIT_UNIT                   18         33         0          33    <none> (D) 
      NOR_UNIT                                            208        366         0         366    <none> (D) 
        SHF_left_unit                                     143        251         0         251    <none> (D) 
      SHF_RIGHT_MAN                                       138        241         0         241    <none> (D) 
      PSC_UNIT                                             88        163         0         163    <none> (D) 
      MAN_COMP_24BIT                                       78        144         0         144    <none> (D) 
        u_i_data_3                                         13         25         0          25    <none> (D) 
        u_i_data_4                                         13         25         0          25    <none> (D) 
        u_i_data_2                                         13         25         0          25    <none> (D) 
        u_i_data_1                                         13         25         0          25    <none> (D) 
        u_i_data_5                                         10         19         0          19    <none> (D) 
        u_i_data_0                                         10         13         0          13    <none> (D) 
      MAN_SWAP                                             50        114         0         114    <none> (D) 
      MAN_SWAP_PRE                                         46        110         0         110    <none> (D) 
      MAN_RND                                              26         91         0          91    <none> (D) 
      LOPD_24BIT                                           58         85         0          85    <none> (D) 
        LOPD_16bit_UNIT_MSB                                34         52         0          52    <none> (D) 
          LOPD_8bit_unit_1                                 14         20         0          20    <none> (D) 
          LOPD_8bit_unit_0                                 14         20         0          20    <none> (D) 
        LOPD_8bit_UNIT_LSB                                 14         20         0          20    <none> (D) 
      EXP_ADJUST                                           37         75         0          75    <none> (D) 
        CLA_8BIT_UNIT                                      30         66         0          66    <none> (D) 
          CLA_4BIT_UNIT_0                                  18         34         0          34    <none> (D) 
          CLA_4BIT_UNIT_1                                  11         29         0          29    <none> (D) 
      EXP_SUB                                              25         48         0          48    <none> (D) 
        CLA_8BIT_UNIT                                      20         44         0          44    <none> (D) 
          CLA_4BIT_UNIT_0                                  17         38         0          38    <none> (D) 
          CLA_4BIT_UNIT_1                                   2          5         0           5    <none> (D) 
      EXP_COM_8BIT                                         24         41         0          41    <none> (D) 
        COMP_LESS_UNIT                                     24         41         0          41    <none> (D) 
          u_high                                           13         25         0          25    <none> (D) 
          u_low                                            10         13         0          13    <none> (D) 
      EXP_SWAP                                             13         31         0          31    <none> (D) 
      EXP_RND                                              15         29         0          29    <none> (D) 
      MAN_ALU_PROC_RND                                      7         13         0          13    <none> (D) 
      SIGN_UNIT                                             2          3         0           3    <none> (D) 
  BFU2_S1_15                                             4550       8674         0        8674    <none> (D) 
    DATA_A_RE                                            1139       2170         0        2170    <none> (D) 
      MAN_ALU                                             219        427         0         427    <none> (D) 
        ALU_SUB_UNIT                                      120        233         0         233    <none> (D) 
          CLA_BLOCK_GEN[0].CLA_4BIT_UNIT                   18         41         0          41    <none> (D) 
          CLA_BLOCK_GEN[2].CLA_4BIT_UNIT                   18         34         0          34    <none> (D) 
          CLA_BLOCK_GEN[1].CLA_4BIT_UNIT                   18         34         0          34    <none> (D) 
          CLA_BLOCK_GEN[4].CLA_4BIT_UNIT                   15         34         0          34    <none> (D) 
          CLA_BLOCK_GEN[5].CLA_4BIT_UNIT                   18         33         0          33    <none> (D) 
          CLA_BLOCK_GEN[3].CLA_4BIT_UNIT                   18         33         0          33    <none> (D) 
      NOR_UNIT                                            208        366         0         366    <none> (D) 
        SHF_left_unit                                     143        251         0         251    <none> (D) 
      SHF_RIGHT_MAN                                       137        241         0         241    <none> (D) 
      PSC_UNIT                                             89        165         0         165    <none> (D) 
      MAN_COMP_24BIT                                       78        144         0         144    <none> (D) 
        u_i_data_3                                         13         25         0          25    <none> (D) 
        u_i_data_4                                         13         25         0          25    <none> (D) 
        u_i_data_2                                         13         25         0          25    <none> (D) 
        u_i_data_1                                         13         25         0          25    <none> (D) 
        u_i_data_5                                         10         19         0          19    <none> (D) 
        u_i_data_0                                         10         13         0          13    <none> (D) 
      MAN_SWAP                                             52        116         0         116    <none> (D) 
      MAN_SWAP_PRE                                         46        110         0         110    <none> (D) 
      MAN_RND                                              26         91         0          91    <none> (D) 
      LOPD_24BIT                                           58         85         0          85    <none> (D) 
        LOPD_16bit_UNIT_MSB                                34         52         0          52    <none> (D) 
          LOPD_8bit_unit_1                                 14         20         0          20    <none> (D) 
          LOPD_8bit_unit_0                                 14         20         0          20    <none> (D) 
        LOPD_8bit_UNIT_LSB                                 14         20         0          20    <none> (D) 
      EXP_ADJUST                                           37         75         0          75    <none> (D) 
        CLA_8BIT_UNIT                                      30         66         0          66    <none> (D) 
          CLA_4BIT_UNIT_0                                  18         34         0          34    <none> (D) 
          CLA_4BIT_UNIT_1                                  11         29         0          29    <none> (D) 
      EXP_SUB                                              25         48         0          48    <none> (D) 
        CLA_8BIT_UNIT                                      20         44         0          44    <none> (D) 
          CLA_4BIT_UNIT_0                                  17         38         0          38    <none> (D) 
          CLA_4BIT_UNIT_1                                   2          5         0           5    <none> (D) 
      EXP_COM_8BIT                                         24         41         0          41    <none> (D) 
        COMP_LESS_UNIT                                     24         41         0          41    <none> (D) 
          u_high                                           13         25         0          25    <none> (D) 
          u_low                                            10         13         0          13    <none> (D) 
      EXP_SWAP                                             13         31         0          31    <none> (D) 
      EXP_RND                                              15         29         0          29    <none> (D) 
      MAN_ALU_PROC_RND                                      7         13         0          13    <none> (D) 
      SIGN_UNIT                                             1          2         0           2    <none> (D) 
    DATA_A_IM                                            1139       2170         0        2170    <none> (D) 
      MAN_ALU                                             219        427         0         427    <none> (D) 
        ALU_SUB_UNIT                                      120        233         0         233    <none> (D) 
          CLA_BLOCK_GEN[0].CLA_4BIT_UNIT                   18         41         0          41    <none> (D) 
          CLA_BLOCK_GEN[2].CLA_4BIT_UNIT                   18         34         0          34    <none> (D) 
          CLA_BLOCK_GEN[1].CLA_4BIT_UNIT                   18         34         0          34    <none> (D) 
          CLA_BLOCK_GEN[4].CLA_4BIT_UNIT                   15         34         0          34    <none> (D) 
          CLA_BLOCK_GEN[5].CLA_4BIT_UNIT                   18         33         0          33    <none> (D) 
          CLA_BLOCK_GEN[3].CLA_4BIT_UNIT                   18         33         0          33    <none> (D) 
      NOR_UNIT                                            208        366         0         366    <none> (D) 
        SHF_left_unit                                     143        251         0         251    <none> (D) 
      SHF_RIGHT_MAN                                       137        241         0         241    <none> (D) 
      PSC_UNIT                                             89        165         0         165    <none> (D) 
      MAN_COMP_24BIT                                       78        144         0         144    <none> (D) 
        u_i_data_3                                         13         25         0          25    <none> (D) 
        u_i_data_4                                         13         25         0          25    <none> (D) 
        u_i_data_2                                         13         25         0          25    <none> (D) 
        u_i_data_1                                         13         25         0          25    <none> (D) 
        u_i_data_5                                         10         19         0          19    <none> (D) 
        u_i_data_0                                         10         13         0          13    <none> (D) 
      MAN_SWAP                                             52        116         0         116    <none> (D) 
      MAN_SWAP_PRE                                         46        110         0         110    <none> (D) 
      MAN_RND                                              26         91         0          91    <none> (D) 
      LOPD_24BIT                                           58         85         0          85    <none> (D) 
        LOPD_16bit_UNIT_MSB                                34         52         0          52    <none> (D) 
          LOPD_8bit_unit_1                                 14         20         0          20    <none> (D) 
          LOPD_8bit_unit_0                                 14         20         0          20    <none> (D) 
        LOPD_8bit_UNIT_LSB                                 14         20         0          20    <none> (D) 
      EXP_ADJUST                                           37         75         0          75    <none> (D) 
        CLA_8BIT_UNIT                                      30         66         0          66    <none> (D) 
          CLA_4BIT_UNIT_0                                  18         34         0          34    <none> (D) 
          CLA_4BIT_UNIT_1                                  11         29         0          29    <none> (D) 
      EXP_SUB                                              25         48         0          48    <none> (D) 
        CLA_8BIT_UNIT                                      20         44         0          44    <none> (D) 
          CLA_4BIT_UNIT_0                                  17         38         0          38    <none> (D) 
          CLA_4BIT_UNIT_1                                   2          5         0           5    <none> (D) 
      EXP_COM_8BIT                                         24         41         0          41    <none> (D) 
        COMP_LESS_UNIT                                     24         41         0          41    <none> (D) 
          u_high                                           13         25         0          25    <none> (D) 
          u_low                                            10         13         0          13    <none> (D) 
      EXP_SWAP                                             13         31         0          31    <none> (D) 
      EXP_RND                                              15         29         0          29    <none> (D) 
      MAN_ALU_PROC_RND                                      7         13         0          13    <none> (D) 
      SIGN_UNIT                                             1          2         0           2    <none> (D) 
    DATA_B_RE                                            1136       2167         0        2167    <none> (D) 
      MAN_ALU                                             217        426         0         426    <none> (D) 
        ALU_SUB_UNIT                                      120        233         0         233    <none> (D) 
          CLA_BLOCK_GEN[0].CLA_4BIT_UNIT                   18         41         0          41    <none> (D) 
          CLA_BLOCK_GEN[2].CLA_4BIT_UNIT                   18         34         0          34    <none> (D) 
          CLA_BLOCK_GEN[1].CLA_4BIT_UNIT                   18         34         0          34    <none> (D) 
          CLA_BLOCK_GEN[4].CLA_4BIT_UNIT                   15         34         0          34    <none> (D) 
          CLA_BLOCK_GEN[5].CLA_4BIT_UNIT                   18         33         0          33    <none> (D) 
          CLA_BLOCK_GEN[3].CLA_4BIT_UNIT                   18         33         0          33    <none> (D) 
      NOR_UNIT                                            208        366         0         366    <none> (D) 
        SHF_left_unit                                     143        251         0         251    <none> (D) 
      SHF_RIGHT_MAN                                       138        241         0         241    <none> (D) 
      PSC_UNIT                                             88        163         0         163    <none> (D) 
      MAN_COMP_24BIT                                       78        144         0         144    <none> (D) 
        u_i_data_3                                         13         25         0          25    <none> (D) 
        u_i_data_4                                         13         25         0          25    <none> (D) 
        u_i_data_2                                         13         25         0          25    <none> (D) 
        u_i_data_1                                         13         25         0          25    <none> (D) 
        u_i_data_5                                         10         19         0          19    <none> (D) 
        u_i_data_0                                         10         13         0          13    <none> (D) 
      MAN_SWAP                                             50        114         0         114    <none> (D) 
      MAN_SWAP_PRE                                         46        110         0         110    <none> (D) 
      MAN_RND                                              26         91         0          91    <none> (D) 
      LOPD_24BIT                                           58         85         0          85    <none> (D) 
        LOPD_16bit_UNIT_MSB                                34         52         0          52    <none> (D) 
          LOPD_8bit_unit_1                                 14         20         0          20    <none> (D) 
          LOPD_8bit_unit_0                                 14         20         0          20    <none> (D) 
        LOPD_8bit_UNIT_LSB                                 14         20         0          20    <none> (D) 
      EXP_ADJUST                                           37         75         0          75    <none> (D) 
        CLA_8BIT_UNIT                                      30         66         0          66    <none> (D) 
          CLA_4BIT_UNIT_0                                  18         34         0          34    <none> (D) 
          CLA_4BIT_UNIT_1                                  11         29         0          29    <none> (D) 
      EXP_SUB                                              25         48         0          48    <none> (D) 
        CLA_8BIT_UNIT                                      20         44         0          44    <none> (D) 
          CLA_4BIT_UNIT_0                                  17         38         0          38    <none> (D) 
          CLA_4BIT_UNIT_1                                   2          5         0           5    <none> (D) 
      EXP_COM_8BIT                                         24         41         0          41    <none> (D) 
        COMP_LESS_UNIT                                     24         41         0          41    <none> (D) 
          u_high                                           13         25         0          25    <none> (D) 
          u_low                                            10         13         0          13    <none> (D) 
      EXP_SWAP                                             13         31         0          31    <none> (D) 
      EXP_RND                                              15         29         0          29    <none> (D) 
      MAN_ALU_PROC_RND                                      7         13         0          13    <none> (D) 
      SIGN_UNIT                                             2          3         0           3    <none> (D) 
    DATA_B_IM                                            1136       2167         0        2167    <none> (D) 
      MAN_ALU                                             217        426         0         426    <none> (D) 
        ALU_SUB_UNIT                                      120        233         0         233    <none> (D) 
          CLA_BLOCK_GEN[0].CLA_4BIT_UNIT                   18         41         0          41    <none> (D) 
          CLA_BLOCK_GEN[2].CLA_4BIT_UNIT                   18         34         0          34    <none> (D) 
          CLA_BLOCK_GEN[1].CLA_4BIT_UNIT                   18         34         0          34    <none> (D) 
          CLA_BLOCK_GEN[4].CLA_4BIT_UNIT                   15         34         0          34    <none> (D) 
          CLA_BLOCK_GEN[5].CLA_4BIT_UNIT                   18         33         0          33    <none> (D) 
          CLA_BLOCK_GEN[3].CLA_4BIT_UNIT                   18         33         0          33    <none> (D) 
      NOR_UNIT                                            208        366         0         366    <none> (D) 
        SHF_left_unit                                     143        251         0         251    <none> (D) 
      SHF_RIGHT_MAN                                       138        241         0         241    <none> (D) 
      PSC_UNIT                                             88        163         0         163    <none> (D) 
      MAN_COMP_24BIT                                       78        144         0         144    <none> (D) 
        u_i_data_3                                         13         25         0          25    <none> (D) 
        u_i_data_4                                         13         25         0          25    <none> (D) 
        u_i_data_2                                         13         25         0          25    <none> (D) 
        u_i_data_1                                         13         25         0          25    <none> (D) 
        u_i_data_5                                         10         19         0          19    <none> (D) 
        u_i_data_0                                         10         13         0          13    <none> (D) 
      MAN_SWAP                                             50        114         0         114    <none> (D) 
      MAN_SWAP_PRE                                         46        110         0         110    <none> (D) 
      MAN_RND                                              26         91         0          91    <none> (D) 
      LOPD_24BIT                                           58         85         0          85    <none> (D) 
        LOPD_16bit_UNIT_MSB                                34         52         0          52    <none> (D) 
          LOPD_8bit_unit_1                                 14         20         0          20    <none> (D) 
          LOPD_8bit_unit_0                                 14         20         0          20    <none> (D) 
        LOPD_8bit_UNIT_LSB                                 14         20         0          20    <none> (D) 
      EXP_ADJUST                                           37         75         0          75    <none> (D) 
        CLA_8BIT_UNIT                                      30         66         0          66    <none> (D) 
          CLA_4BIT_UNIT_0                                  18         34         0          34    <none> (D) 
          CLA_4BIT_UNIT_1                                  11         29         0          29    <none> (D) 
      EXP_SUB                                              25         48         0          48    <none> (D) 
        CLA_8BIT_UNIT                                      20         44         0          44    <none> (D) 
          CLA_4BIT_UNIT_0                                  17         38         0          38    <none> (D) 
          CLA_4BIT_UNIT_1                                   2          5         0           5    <none> (D) 
      EXP_COM_8BIT                                         24         41         0          41    <none> (D) 
        COMP_LESS_UNIT                                     24         41         0          41    <none> (D) 
          u_high                                           13         25         0          25    <none> (D) 
          u_low                                            10         13         0          13    <none> (D) 
      EXP_SWAP                                             13         31         0          31    <none> (D) 
      EXP_RND                                              15         29         0          29    <none> (D) 
      MAN_ALU_PROC_RND                                      7         13         0          13    <none> (D) 
      SIGN_UNIT                                             2          3         0           3    <none> (D) 
  BFU2_S1_04                                             4550       8674         0        8674    <none> (D) 
    DATA_A_RE                                            1139       2170         0        2170    <none> (D) 
      MAN_ALU                                             219        427         0         427    <none> (D) 
        ALU_SUB_UNIT                                      120        233         0         233    <none> (D) 
          CLA_BLOCK_GEN[0].CLA_4BIT_UNIT                   18         41         0          41    <none> (D) 
          CLA_BLOCK_GEN[2].CLA_4BIT_UNIT                   18         34         0          34    <none> (D) 
          CLA_BLOCK_GEN[1].CLA_4BIT_UNIT                   18         34         0          34    <none> (D) 
          CLA_BLOCK_GEN[4].CLA_4BIT_UNIT                   15         34         0          34    <none> (D) 
          CLA_BLOCK_GEN[5].CLA_4BIT_UNIT                   18         33         0          33    <none> (D) 
          CLA_BLOCK_GEN[3].CLA_4BIT_UNIT                   18         33         0          33    <none> (D) 
      NOR_UNIT                                            208        366         0         366    <none> (D) 
        SHF_left_unit                                     143        251         0         251    <none> (D) 
      SHF_RIGHT_MAN                                       137        241         0         241    <none> (D) 
      PSC_UNIT                                             89        165         0         165    <none> (D) 
      MAN_COMP_24BIT                                       78        144         0         144    <none> (D) 
        u_i_data_3                                         13         25         0          25    <none> (D) 
        u_i_data_4                                         13         25         0          25    <none> (D) 
        u_i_data_2                                         13         25         0          25    <none> (D) 
        u_i_data_1                                         13         25         0          25    <none> (D) 
        u_i_data_5                                         10         19         0          19    <none> (D) 
        u_i_data_0                                         10         13         0          13    <none> (D) 
      MAN_SWAP                                             52        116         0         116    <none> (D) 
      MAN_SWAP_PRE                                         46        110         0         110    <none> (D) 
      MAN_RND                                              26         91         0          91    <none> (D) 
      LOPD_24BIT                                           58         85         0          85    <none> (D) 
        LOPD_16bit_UNIT_MSB                                34         52         0          52    <none> (D) 
          LOPD_8bit_unit_1                                 14         20         0          20    <none> (D) 
          LOPD_8bit_unit_0                                 14         20         0          20    <none> (D) 
        LOPD_8bit_UNIT_LSB                                 14         20         0          20    <none> (D) 
      EXP_ADJUST                                           37         75         0          75    <none> (D) 
        CLA_8BIT_UNIT                                      30         66         0          66    <none> (D) 
          CLA_4BIT_UNIT_0                                  18         34         0          34    <none> (D) 
          CLA_4BIT_UNIT_1                                  11         29         0          29    <none> (D) 
      EXP_SUB                                              25         48         0          48    <none> (D) 
        CLA_8BIT_UNIT                                      20         44         0          44    <none> (D) 
          CLA_4BIT_UNIT_0                                  17         38         0          38    <none> (D) 
          CLA_4BIT_UNIT_1                                   2          5         0           5    <none> (D) 
      EXP_COM_8BIT                                         24         41         0          41    <none> (D) 
        COMP_LESS_UNIT                                     24         41         0          41    <none> (D) 
          u_high                                           13         25         0          25    <none> (D) 
          u_low                                            10         13         0          13    <none> (D) 
      EXP_SWAP                                             13         31         0          31    <none> (D) 
      EXP_RND                                              15         29         0          29    <none> (D) 
      MAN_ALU_PROC_RND                                      7         13         0          13    <none> (D) 
      SIGN_UNIT                                             1          2         0           2    <none> (D) 
    DATA_A_IM                                            1139       2170         0        2170    <none> (D) 
      MAN_ALU                                             219        427         0         427    <none> (D) 
        ALU_SUB_UNIT                                      120        233         0         233    <none> (D) 
          CLA_BLOCK_GEN[0].CLA_4BIT_UNIT                   18         41         0          41    <none> (D) 
          CLA_BLOCK_GEN[2].CLA_4BIT_UNIT                   18         34         0          34    <none> (D) 
          CLA_BLOCK_GEN[1].CLA_4BIT_UNIT                   18         34         0          34    <none> (D) 
          CLA_BLOCK_GEN[4].CLA_4BIT_UNIT                   15         34         0          34    <none> (D) 
          CLA_BLOCK_GEN[5].CLA_4BIT_UNIT                   18         33         0          33    <none> (D) 
          CLA_BLOCK_GEN[3].CLA_4BIT_UNIT                   18         33         0          33    <none> (D) 
      NOR_UNIT                                            208        366         0         366    <none> (D) 
        SHF_left_unit                                     143        251         0         251    <none> (D) 
      SHF_RIGHT_MAN                                       137        241         0         241    <none> (D) 
      PSC_UNIT                                             89        165         0         165    <none> (D) 
      MAN_COMP_24BIT                                       78        144         0         144    <none> (D) 
        u_i_data_3                                         13         25         0          25    <none> (D) 
        u_i_data_4                                         13         25         0          25    <none> (D) 
        u_i_data_2                                         13         25         0          25    <none> (D) 
        u_i_data_1                                         13         25         0          25    <none> (D) 
        u_i_data_5                                         10         19         0          19    <none> (D) 
        u_i_data_0                                         10         13         0          13    <none> (D) 
      MAN_SWAP                                             52        116         0         116    <none> (D) 
      MAN_SWAP_PRE                                         46        110         0         110    <none> (D) 
      MAN_RND                                              26         91         0          91    <none> (D) 
      LOPD_24BIT                                           58         85         0          85    <none> (D) 
        LOPD_16bit_UNIT_MSB                                34         52         0          52    <none> (D) 
          LOPD_8bit_unit_1                                 14         20         0          20    <none> (D) 
          LOPD_8bit_unit_0                                 14         20         0          20    <none> (D) 
        LOPD_8bit_UNIT_LSB                                 14         20         0          20    <none> (D) 
      EXP_ADJUST                                           37         75         0          75    <none> (D) 
        CLA_8BIT_UNIT                                      30         66         0          66    <none> (D) 
          CLA_4BIT_UNIT_0                                  18         34         0          34    <none> (D) 
          CLA_4BIT_UNIT_1                                  11         29         0          29    <none> (D) 
      EXP_SUB                                              25         48         0          48    <none> (D) 
        CLA_8BIT_UNIT                                      20         44         0          44    <none> (D) 
          CLA_4BIT_UNIT_0                                  17         38         0          38    <none> (D) 
          CLA_4BIT_UNIT_1                                   2          5         0           5    <none> (D) 
      EXP_COM_8BIT                                         24         41         0          41    <none> (D) 
        COMP_LESS_UNIT                                     24         41         0          41    <none> (D) 
          u_high                                           13         25         0          25    <none> (D) 
          u_low                                            10         13         0          13    <none> (D) 
      EXP_SWAP                                             13         31         0          31    <none> (D) 
      EXP_RND                                              15         29         0          29    <none> (D) 
      MAN_ALU_PROC_RND                                      7         13         0          13    <none> (D) 
      SIGN_UNIT                                             1          2         0           2    <none> (D) 
    DATA_B_RE                                            1136       2167         0        2167    <none> (D) 
      MAN_ALU                                             217        426         0         426    <none> (D) 
        ALU_SUB_UNIT                                      120        233         0         233    <none> (D) 
          CLA_BLOCK_GEN[0].CLA_4BIT_UNIT                   18         41         0          41    <none> (D) 
          CLA_BLOCK_GEN[2].CLA_4BIT_UNIT                   18         34         0          34    <none> (D) 
          CLA_BLOCK_GEN[1].CLA_4BIT_UNIT                   18         34         0          34    <none> (D) 
          CLA_BLOCK_GEN[4].CLA_4BIT_UNIT                   15         34         0          34    <none> (D) 
          CLA_BLOCK_GEN[5].CLA_4BIT_UNIT                   18         33         0          33    <none> (D) 
          CLA_BLOCK_GEN[3].CLA_4BIT_UNIT                   18         33         0          33    <none> (D) 
      NOR_UNIT                                            208        366         0         366    <none> (D) 
        SHF_left_unit                                     143        251         0         251    <none> (D) 
      SHF_RIGHT_MAN                                       138        241         0         241    <none> (D) 
      PSC_UNIT                                             88        163         0         163    <none> (D) 
      MAN_COMP_24BIT                                       78        144         0         144    <none> (D) 
        u_i_data_3                                         13         25         0          25    <none> (D) 
        u_i_data_4                                         13         25         0          25    <none> (D) 
        u_i_data_2                                         13         25         0          25    <none> (D) 
        u_i_data_1                                         13         25         0          25    <none> (D) 
        u_i_data_5                                         10         19         0          19    <none> (D) 
        u_i_data_0                                         10         13         0          13    <none> (D) 
      MAN_SWAP                                             50        114         0         114    <none> (D) 
      MAN_SWAP_PRE                                         46        110         0         110    <none> (D) 
      MAN_RND                                              26         91         0          91    <none> (D) 
      LOPD_24BIT                                           58         85         0          85    <none> (D) 
        LOPD_16bit_UNIT_MSB                                34         52         0          52    <none> (D) 
          LOPD_8bit_unit_1                                 14         20         0          20    <none> (D) 
          LOPD_8bit_unit_0                                 14         20         0          20    <none> (D) 
        LOPD_8bit_UNIT_LSB                                 14         20         0          20    <none> (D) 
      EXP_ADJUST                                           37         75         0          75    <none> (D) 
        CLA_8BIT_UNIT                                      30         66         0          66    <none> (D) 
          CLA_4BIT_UNIT_0                                  18         34         0          34    <none> (D) 
          CLA_4BIT_UNIT_1                                  11         29         0          29    <none> (D) 
      EXP_SUB                                              25         48         0          48    <none> (D) 
        CLA_8BIT_UNIT                                      20         44         0          44    <none> (D) 
          CLA_4BIT_UNIT_0                                  17         38         0          38    <none> (D) 
          CLA_4BIT_UNIT_1                                   2          5         0           5    <none> (D) 
      EXP_COM_8BIT                                         24         41         0          41    <none> (D) 
        COMP_LESS_UNIT                                     24         41         0          41    <none> (D) 
          u_high                                           13         25         0          25    <none> (D) 
          u_low                                            10         13         0          13    <none> (D) 
      EXP_SWAP                                             13         31         0          31    <none> (D) 
      EXP_RND                                              15         29         0          29    <none> (D) 
      MAN_ALU_PROC_RND                                      7         13         0          13    <none> (D) 
      SIGN_UNIT                                             2          3         0           3    <none> (D) 
    DATA_B_IM                                            1136       2167         0        2167    <none> (D) 
      MAN_ALU                                             217        426         0         426    <none> (D) 
        ALU_SUB_UNIT                                      120        233         0         233    <none> (D) 
          CLA_BLOCK_GEN[0].CLA_4BIT_UNIT                   18         41         0          41    <none> (D) 
          CLA_BLOCK_GEN[2].CLA_4BIT_UNIT                   18         34         0          34    <none> (D) 
          CLA_BLOCK_GEN[1].CLA_4BIT_UNIT                   18         34         0          34    <none> (D) 
          CLA_BLOCK_GEN[4].CLA_4BIT_UNIT                   15         34         0          34    <none> (D) 
          CLA_BLOCK_GEN[5].CLA_4BIT_UNIT                   18         33         0          33    <none> (D) 
          CLA_BLOCK_GEN[3].CLA_4BIT_UNIT                   18         33         0          33    <none> (D) 
      NOR_UNIT                                            208        366         0         366    <none> (D) 
        SHF_left_unit                                     143        251         0         251    <none> (D) 
      SHF_RIGHT_MAN                                       138        241         0         241    <none> (D) 
      PSC_UNIT                                             88        163         0         163    <none> (D) 
      MAN_COMP_24BIT                                       78        144         0         144    <none> (D) 
        u_i_data_3                                         13         25         0          25    <none> (D) 
        u_i_data_4                                         13         25         0          25    <none> (D) 
        u_i_data_2                                         13         25         0          25    <none> (D) 
        u_i_data_1                                         13         25         0          25    <none> (D) 
        u_i_data_5                                         10         19         0          19    <none> (D) 
        u_i_data_0                                         10         13         0          13    <none> (D) 
      MAN_SWAP                                             50        114         0         114    <none> (D) 
      MAN_SWAP_PRE                                         46        110         0         110    <none> (D) 
      MAN_RND                                              26         91         0          91    <none> (D) 
      LOPD_24BIT                                           58         85         0          85    <none> (D) 
        LOPD_16bit_UNIT_MSB                                34         52         0          52    <none> (D) 
          LOPD_8bit_unit_1                                 14         20         0          20    <none> (D) 
          LOPD_8bit_unit_0                                 14         20         0          20    <none> (D) 
        LOPD_8bit_UNIT_LSB                                 14         20         0          20    <none> (D) 
      EXP_ADJUST                                           37         75         0          75    <none> (D) 
        CLA_8BIT_UNIT                                      30         66         0          66    <none> (D) 
          CLA_4BIT_UNIT_0                                  18         34         0          34    <none> (D) 
          CLA_4BIT_UNIT_1                                  11         29         0          29    <none> (D) 
      EXP_SUB                                              25         48         0          48    <none> (D) 
        CLA_8BIT_UNIT                                      20         44         0          44    <none> (D) 
          CLA_4BIT_UNIT_0                                  17         38         0          38    <none> (D) 
          CLA_4BIT_UNIT_1                                   2          5         0           5    <none> (D) 
      EXP_COM_8BIT                                         24         41         0          41    <none> (D) 
        COMP_LESS_UNIT                                     24         41         0          41    <none> (D) 
          u_high                                           13         25         0          25    <none> (D) 
          u_low                                            10         13         0          13    <none> (D) 
      EXP_SWAP                                             13         31         0          31    <none> (D) 
      EXP_RND                                              15         29         0          29    <none> (D) 
      MAN_ALU_PROC_RND                                      7         13         0          13    <none> (D) 
      SIGN_UNIT                                             2          3         0           3    <none> (D) 
  DETECT_START_STAGE1                                       3         14         0          14    <none> (D) 

 (D) = wireload is default in technology library
